temperature,ph_level,turbidity,temp_delta,ph_delta,turb_delta,is_safe
27.44,6.96,5.0,-0.13,0.03,0.3,1
25.65,6.86,11.9,-0.38,-0.01,0.5,1
26.23,7.06,11.4,-0.21,-0.05,0.4,1
27.4,7.13,10.4,-0.27,-0.06,0.9,1
28.66,6.9,16.8,0.19,-0.01,-0.7,1
26.21,7.18,22.0,0.21,-0.02,0.2,1
30.24,6.68,17.4,0.49,0.0,0.3,0
26.43,6.5,20.1,-0.14,0.0,-0.2,0
31.06,7.38,6.6,-0.1,0.01,-1.3,1
28.43,7.33,5.4,0.08,0.01,-0.2,1
27.86,6.99,9.4,-0.29,-0.03,-0.3,1
25.73,6.71,16.0,-0.07,-0.02,-0.1,0
31.71,7.17,8.7,0.1,0.0,0.1,1
30.57,7.42,6.1,0.05,0.07,-0.7,1
29.61,6.86,15.0,0.06,-0.01,0.6,1
27.56,6.53,16.1,0.21,-0.03,0.2,0
29.87,6.71,27.1,-0.24,0.0,-2.2,0
29.35,7.11,10.9,-0.16,-0.05,-1.5,1
25.94,6.84,12.6,-0.02,0.04,0.3,1
25.9,6.73,11.7,-0.01,0.01,-0.5,1
28.71,7.31,7.7,-0.16,-0.01,0.6,1
28.29,6.91,15.7,-0.13,0.05,-2.6,1
26.48,6.92,7.1,0.24,0.0,-3.1,1
27.02,7.35,6.8,-0.09,0.02,0.5,1
26.44,6.75,14.1,-0.13,0.02,-0.8,1
28.78,7.4,8.8,-0.3,0.0,0.4,1
27.42,7.13,22.3,0.26,-0.04,-0.8,1
26.97,7.13,11.7,0.05,0.04,1.0,1
27.25,6.99,17.1,0.18,0.02,1.8,1
26.5,6.86,12.3,-0.03,-0.02,-1.4,1
29.8,7.34,5.3,0.14,-0.05,-0.2,1
29.53,7.09,10.2,0.1,0.0,0.7,1
28.55,7.34,6.6,-0.24,0.02,0.0,1
29.51,6.72,14.2,-0.37,0.0,0.0,1
26.7,7.01,8.8,0.04,-0.03,0.4,1
26.66,6.85,14.4,0.17,0.0,0.1,1
28.74,7.22,9.9,-0.32,-0.03,-0.8,1
27.08,6.8,16.1,-0.13,-0.04,0.5,1
29.91,6.7,17.8,0.04,-0.05,-0.1,0
29.8,7.13,13.0,0.45,0.02,2.1,1
28.1,7.05,11.2,-0.03,0.01,-0.9,1
28.15,7.09,13.0,-0.21,0.0,0.9,1
29.24,7.29,14.5,-0.15,-0.05,-0.2,1
29.62,7.12,20.7,0.16,0.0,10.2,1
26.13,6.68,26.7,-0.01,-0.04,0.0,0
26.73,6.73,15.1,-0.28,-0.01,0.4,1
26.86,7.18,7.4,-0.07,0.06,0.0,1
28.38,7.79,16.3,0.16,-0.3,0.5,1
26.47,6.66,15.1,-0.58,-0.01,0.3,1
30.88,6.7,20.9,-0.07,0.01,-0.5,1
26.01,7.34,6.6,-0.24,0.01,0.2,1
25.35,6.7,12.5,0.3,0.01,0.0,1
27.44,7.34,6.4,0.14,0.02,-0.5,1
26.75,7.12,5.5,0.08,-0.06,-1.7,1
27.86,7.02,11.1,0.12,0.0,0.4,1
26.53,7.25,3.5,0.21,0.0,-0.1,1
27.66,6.83,14.9,-0.25,-0.02,1.3,1
27.09,6.72,18.4,0.09,0.01,1.8,1
27.99,7.15,3.6,-0.17,0.0,0.1,1
29.77,7.01,10.3,0.28,0.02,0.0,1
28.17,6.98,11.8,0.09,-0.01,-1.1,1
26.54,6.69,16.1,0.11,0.0,0.0,1
26.83,7.0,16.4,-0.75,-0.03,0.3,1
29.75,6.87,14.3,-0.4,-0.14,-0.9,1
27.53,6.87,15.7,0.22,-0.07,-0.1,1
27.78,7.71,8.0,-0.17,0.52,0.8,0
26.51,7.15,6.2,0.17,0.03,-0.4,1
30.32,7.14,9.0,0.07,0.04,-0.4,1
29.3,6.89,17.9,-0.2,0.0,-0.8,1
28.64,7.05,9.2,0.37,0.03,0.7,1
30.61,7.56,4.3,-0.04,-0.02,-0.7,1
27.53,6.96,12.8,0.07,0.03,-3.3,1
28.27,6.82,17.0,-0.02,-0.02,0.4,1
29.88,7.3,14.3,0.04,0.03,-0.7,1
26.56,6.61,18.1,-0.08,0.05,-0.3,1
30.0,7.5,4.1,0.07,0.02,0.1,1
29.67,7.25,18.6,-0.35,-0.04,0.1,1
25.77,6.9,12.7,0.03,-0.01,0.2,1
29.27,6.54,19.6,0.16,-0.01,0.2,1
26.49,6.73,13.1,0.05,-0.02,-1.0,1
27.38,7.26,5.7,0.12,-0.02,0.9,1
26.83,7.15,5.2,0.03,0.01,-0.8,1
29.86,6.92,11.9,0.24,0.01,-0.5,1
28.77,6.65,21.5,-0.03,-0.01,6.6,0
26.16,6.76,14.8,-0.08,-0.03,0.2,1
28.26,6.76,14.8,-0.17,-0.03,0.2,1
27.35,7.25,7.7,1.21,0.04,2.8,1
28.55,6.87,15.2,-0.12,-0.01,0.6,1
27.13,7.15,6.5,-0.11,-0.01,-0.7,1
27.84,7.19,2.9,-0.21,0.01,0.0,1
26.86,6.9,13.9,-0.1,-0.02,3.2,1
26.79,6.55,14.3,0.08,-0.46,1.3,0
27.28,6.89,16.2,-0.54,-0.18,0.8,1
29.1,6.96,12.5,-0.05,-0.02,0.0,1
29.9,7.01,15.8,0.24,0.07,-0.4,1
26.05,6.87,12.0,0.21,-0.03,0.7,1
30.7,7.42,5.1,-0.03,0.02,0.0,1
26.56,6.61,16.0,0.1,0.0,0.9,0
26.22,6.5,20.5,0.06,0.03,0.0,1
27.72,6.86,10.2,0.38,0.01,-0.3,1
27.48,7.11,9.9,-0.22,0.0,0.3,1
26.45,6.95,5.4,0.25,-0.02,0.4,1
29.52,7.12,12.8,-0.02,-0.07,1.6,1
28.29,7.1,17.6,0.04,-0.01,1.5,1
30.13,6.83,16.7,-0.09,0.03,0.2,1
25.66,6.69,16.4,0.06,-0.02,2.0,0
25.72,7.18,4.2,0.02,0.02,0.3,1
28.91,7.28,7.5,-0.3,0.02,0.9,1
27.91,7.01,10.2,0.05,-0.01,0.1,1
26.63,6.84,15.0,1.1,0.01,1.9,1
32.67,7.23,7.0,0.19,-0.02,-1.1,0
27.49,6.88,19.9,-0.39,-0.02,1.0,1
27.76,6.72,19.6,-0.09,0.04,2.3,1
30.07,6.93,12.3,0.4,-0.02,-0.5,1
29.74,7.51,8.7,-0.14,0.02,0.6,1
29.52,6.59,20.4,-0.02,0.01,0.0,1
26.54,7.02,7.0,-0.02,0.01,0.0,1
27.1,7.04,16.4,0.19,0.0,-0.7,1
25.8,6.79,15.2,-0.24,-0.04,-0.5,1
27.32,7.16,3.4,-0.19,0.0,-0.1,1
27.85,6.86,12.4,0.41,0.0,0.3,1
30.82,6.93,13.8,-0.37,0.0,0.3,1
26.79,6.66,14.6,0.04,0.0,1.6,1
26.74,7.13,8.6,0.02,0.06,1.3,1
29.63,7.47,4.6,0.07,0.0,-0.3,1
26.86,7.17,6.3,0.03,0.04,0.1,1
30.74,7.33,7.0,0.24,-0.03,0.2,1
30.32,7.52,5.0,0.19,-0.02,-0.1,1
30.97,7.37,8.7,0.04,0.02,-0.8,1
26.75,6.62,15.8,0.0,0.03,0.0,0
30.22,7.26,7.1,0.07,0.02,0.7,1
27.96,7.76,16.3,-0.19,-0.3,0.5,1
27.89,7.25,3.4,-0.12,-0.01,0.5,1
29.52,7.46,5.3,0.27,0.03,-0.1,1
26.02,7.23,4.8,0.03,0.03,-0.3,1
27.61,7.0,14.2,0.08,-0.02,-0.1,1
29.0,7.09,13.7,0.31,0.03,-0.4,1
26.75,7.03,5.9,0.3,0.08,0.5,1
26.16,7.0,13.1,-0.16,-0.01,-0.4,1
27.22,7.03,9.6,0.26,0.03,1.1,1
30.44,7.51,5.7,0.05,0.01,0.2,1
27.17,6.98,10.6,0.54,-0.02,0.6,1
22.74,7.22,5.0,0.59,0.04,-0.1,0
30.53,7.31,8.1,0.02,-0.02,0.4,1
27.54,6.57,16.3,0.16,-0.06,-0.4,1
25.54,6.72,13.6,-0.12,-0.04,1.8,1
29.9,7.58,4.1,0.04,0.0,0.0,1
28.91,7.21,8.7,0.07,0.02,0.8,1
26.49,7.24,4.8,-0.03,0.02,0.1,1
27.53,6.92,23.0,0.18,0.07,-1.3,0
26.64,7.14,8.1,-0.03,-0.07,2.0,1
26.13,6.96,9.8,-0.08,-0.01,-0.4,1
29.49,6.99,10.3,0.09,-0.03,-0.9,1
27.32,6.7,14.6,0.27,0.02,-0.2,1
30.76,6.61,18.4,0.2,0.01,-0.5,1
26.62,6.82,12.3,-0.01,-0.07,0.7,1
28.44,7.01,11.3,-0.2,-0.05,-0.2,1
26.45,7.03,8.9,-0.11,0.02,0.8,1
28.02,7.48,9.8,-0.01,-0.01,2.7,1
30.09,6.87,16.9,-0.04,0.05,-1.2,1
29.03,7.3,5.7,0.01,0.0,0.7,1
25.86,6.85,9.4,0.04,-0.06,8.1,1
24.1,7.54,9.0,-5.32,0.04,0.1,0
28.82,6.81,18.2,-0.31,-0.03,0.4,1
28.04,7.39,2.3,0.31,0.01,0.1,1
30.01,7.23,8.4,0.12,0.01,-1.0,1
30.53,7.35,9.6,0.13,0.01,0.6,0
29.31,6.91,15.2,-0.15,0.01,-0.9,1
26.36,7.34,19.9,-0.08,0.04,2.6,1
26.0,6.8,19.4,0.04,-0.02,-0.8,1
26.68,7.11,6.6,-0.02,0.06,0.9,1
26.77,6.65,14.5,0.48,-0.01,0.1,1
26.44,6.64,14.9,0.21,0.02,-1.8,1
28.15,6.62,18.4,0.06,0.01,0.4,1
30.16,7.48,3.9,0.16,-0.02,-0.2,1
26.51,6.9,11.1,-0.02,0.0,2.3,1
27.03,7.16,4.8,0.03,-0.01,1.7,1
28.37,6.61,15.8,-0.1,0.05,1.3,1
27.26,7.12,10.1,-0.23,-0.02,0.1,1
32.03,7.29,8.9,0.11,0.03,1.1,1
26.46,7.21,3.9,-0.04,-0.01,-0.5,1
28.36,6.61,18.6,-0.04,0.06,0.7,1
27.0,6.99,12.5,-0.11,-0.01,0.0,1
28.88,6.92,15.7,-0.26,-0.05,-0.4,1
27.42,6.66,14.6,0.18,0.04,0.2,0
27.28,6.95,13.1,0.16,0.01,1.3,1
29.9,6.79,16.6,0.09,-0.03,-1.0,1
29.95,7.09,12.8,-0.23,-0.01,0.3,1
30.11,7.22,8.8,-0.08,-0.05,-0.6,1
26.02,6.73,12.0,-0.29,0.0,0.4,1
29.47,7.26,8.3,0.24,0.04,-0.2,1
29.47,7.46,8.5,-0.23,0.1,0.7,1
28.08,7.08,8.8,-0.13,0.03,1.1,1
27.9,7.37,6.8,0.0,0.0,-0.7,1
28.33,7.02,9.2,0.21,-0.01,-0.7,1
26.35,7.31,3.6,-0.25,-0.03,-2.5,1
31.6,7.24,12.3,-0.04,0.0,-0.4,1
27.37,6.96,17.5,0.0,0.0,-1.0,1
30.79,7.29,8.9,0.18,0.05,0.4,1
26.49,7.03,8.4,-0.03,0.01,-0.4,1
28.5,6.68,14.9,-0.24,0.15,-1.2,1
28.62,6.98,11.2,-0.05,0.03,3.3,1
27.77,7.49,5.3,0.08,-0.02,-2.1,1
30.99,7.2,11.0,0.2,-0.03,-0.5,0
26.36,6.81,17.6,0.1,-0.01,0.2,1
29.74,7.07,13.9,0.0,-0.04,0.5,1
30.18,7.32,7.5,-0.06,0.2,2.9,1
30.5,7.01,13.2,-0.39,0.06,0.1,1
25.51,7.25,3.7,0.2,0.0,0.0,1
26.21,7.31,3.2,0.1,0.0,-0.1,1
27.25,7.03,10.2,-0.02,-0.02,-0.1,1
31.74,7.19,8.6,0.03,0.02,-0.1,1
27.03,7.36,6.5,-0.09,-0.01,-0.5,1
27.23,7.18,9.2,-0.19,0.05,-0.1,1
25.96,7.24,3.4,0.07,-0.01,0.1,1
28.39,6.58,18.8,-0.01,0.01,0.1,1
28.0,7.34,3.0,0.06,0.08,0.2,1
30.65,7.2,8.4,-0.02,-0.03,-0.9,1
27.76,7.28,8.9,-0.07,-0.04,-0.1,1
27.14,7.14,3.9,0.01,-0.01,2.6,1
29.65,7.42,6.7,0.23,-0.01,-0.4,1
28.4,6.8,16.7,0.1,-0.09,1.6,1
26.66,6.81,11.7,0.15,-0.01,0.7,1
28.77,6.67,25.5,0.0,-0.05,2.1,0
26.06,6.98,11.5,0.07,-0.01,1.2,1
28.26,7.35,3.7,0.23,0.01,0.6,1
27.93,7.02,10.5,0.1,0.02,0.3,1
31.19,6.55,20.9,0.14,-0.03,-0.9,0
29.23,7.13,11.6,0.42,0.11,-0.3,1
28.46,6.63,16.8,-0.11,-0.02,-0.6,1
29.26,6.92,13.4,0.16,-0.04,0.9,1
27.05,6.95,11.4,-0.08,0.01,-0.8,1
26.94,7.02,6.6,-0.02,-0.02,0.0,1
32.18,7.0,13.0,0.12,-0.01,0.2,0
28.68,6.94,15.0,-0.24,-0.02,0.0,1
28.71,6.97,10.4,0.21,0.0,-1.5,1
26.57,7.21,8.7,-0.43,0.04,1.2,1
27.77,6.99,10.8,-0.36,-0.03,-0.6,1
26.12,7.28,6.7,-0.06,0.05,0.5,1
27.56,6.65,15.8,0.23,0.03,0.6,1
25.56,7.02,11.6,0.0,0.01,0.1,1
30.37,7.14,10.7,0.11,0.0,0.4,1
31.76,7.15,15.2,-0.12,-0.08,-0.3,0
30.12,7.45,6.5,-0.17,-0.01,-1.0,1
27.72,6.9,10.7,0.36,-0.09,-1.1,1
30.64,7.22,13.0,0.06,-0.31,0.6,1
26.24,6.92,10.2,-0.1,0.0,0.3,1
31.87,7.17,11.6,0.21,0.01,-0.3,1
27.9,6.84,16.8,0.21,0.01,0.3,1
27.97,7.21,16.2,0.2,0.01,1.5,1
28.51,7.38,5.3,-0.23,-0.06,0.2,1
27.33,6.88,22.3,0.12,0.04,-0.3,0
29.03,7.4,9.8,-0.22,-0.01,2.0,1
27.28,7.35,5.0,-0.11,0.0,0.3,1
27.71,7.37,8.1,0.03,-0.48,0.1,1
26.72,7.07,7.7,0.05,-0.03,-2.3,1
28.32,7.22,13.1,-0.13,-0.03,-0.6,1
30.43,7.09,12.3,-0.48,-0.01,0.7,1
28.09,7.29,6.4,-0.38,-0.02,-1.3,1
25.52,6.85,11.3,0.03,0.0,-1.3,1
28.64,6.89,14.6,0.05,-0.03,0.1,1
29.18,6.77,16.3,-0.28,0.02,0.6,1
26.78,6.65,14.2,0.06,0.0,0.1,1
31.97,6.96,12.4,0.31,-0.03,0.1,0
27.26,7.04,10.5,0.09,-0.03,0.0,1
29.33,7.17,10.9,0.08,-0.05,-1.1,1
26.79,6.52,17.4,-0.1,-0.01,0.0,1
29.51,6.54,21.3,-0.02,-0.01,0.2,1
25.55,6.75,15.0,-0.11,-0.02,-0.1,1
26.56,6.99,13.9,-0.18,0.0,-0.7,1
30.6,7.11,12.2,0.12,0.03,-0.5,1
26.95,6.87,11.3,-0.1,-0.01,-0.2,1
29.59,7.34,9.5,0.1,0.02,0.5,1
26.89,6.89,14.5,0.09,-0.04,0.2,1
31.28,6.68,17.1,0.13,0.0,-1.3,1
26.52,6.94,14.2,0.13,-0.04,-2.2,1
30.22,6.79,16.7,0.2,0.01,-3.7,1
30.28,7.37,6.5,-0.13,0.06,-0.8,1
27.46,7.24,10.9,-0.29,0.03,-0.6,1
28.65,7.13,8.6,-0.12,-0.04,0.1,1
27.56,7.13,8.0,0.01,0.0,0.8,1
29.9,6.86,24.5,-0.1,0.0,0.7,0
31.96,7.55,3.6,0.05,0.01,0.1,0
29.67,7.45,4.8,-0.23,-0.02,0.4,1
28.4,7.16,10.2,-0.24,-0.07,-0.7,1
29.67,7.34,10.3,-0.03,-0.03,0.3,1
26.48,6.94,7.0,0.09,0.01,0.0,1
29.54,7.51,5.4,-0.08,0.01,-0.1,1
26.9,7.15,5.5,-0.09,0.01,0.0,1
31.85,6.94,14.0,-0.22,-0.05,-0.7,0
27.5,7.02,9.1,-0.16,-0.01,0.8,0
28.67,6.95,7.9,0.2,0.0,-0.1,1
26.31,6.7,15.8,-0.23,0.01,-0.3,1
29.87,6.75,17.9,0.12,0.0,0.4,1
27.24,6.9,6.6,-0.75,0.19,-10.2,1
28.63,6.66,16.3,0.0,-0.01,-0.1,1
26.13,7.16,3.3,0.08,-0.01,-0.6,1
27.01,7.09,7.0,0.19,-0.04,-0.2,1
27.04,6.84,16.0,-0.24,0.0,-0.2,1
29.54,6.98,14.5,-0.03,0.04,0.6,1
29.7,7.13,12.4,-0.12,0.01,0.3,1
26.78,7.27,5.0,-0.36,0.03,-0.4,1
27.02,6.67,26.9,0.17,0.0,-1.9,0
30.21,6.94,12.9,-0.06,0.02,0.7,1
30.05,6.55,20.7,0.12,0.01,0.0,1
27.84,7.27,7.1,0.25,0.05,-1.2,1
30.42,7.45,6.6,0.15,-0.04,0.3,1
29.57,6.94,13.9,0.03,0.02,-1.6,1
28.69,7.28,6.5,-0.01,0.01,-0.5,1
30.32,7.2,12.4,0.07,0.05,-0.8,1
29.17,7.48,3.8,0.12,-0.03,0.1,1
27.23,6.99,11.2,0.06,0.02,0.2,1
30.39,6.39,20.4,0.05,0.0,-0.1,0
28.52,7.06,10.6,0.24,0.04,-0.6,1
26.68,6.72,12.5,0.08,-0.02,0.1,1
25.54,6.59,17.2,0.14,0.0,0.0,1
29.8,6.7,18.2,-0.07,-0.03,-0.6,1
27.04,7.15,7.1,-0.09,0.0,0.6,1
29.59,7.4,11.2,0.04,0.0,0.2,1
29.57,7.2,12.1,-0.25,0.02,0.5,1
29.9,7.1,10.1,-0.29,0.03,0.5,0
26.58,7.02,7.5,-0.02,0.02,-0.9,1
25.58,6.88,11.9,0.13,-0.01,-0.2,1
28.03,7.07,12.5,0.06,0.0,0.5,1
28.24,7.03,10.9,-0.01,0.0,0.4,1
30.1,7.44,5.6,0.05,-0.05,0.2,1
27.73,7.35,11.2,-0.14,0.0,0.1,1
27.86,7.3,3.1,0.01,0.01,-1.2,1
31.91,7.54,3.5,-0.2,-0.01,-0.5,1
25.22,7.14,7.7,-2.98,-0.04,-0.3,0
28.98,7.32,9.0,0.33,0.08,-0.2,1
27.2,6.76,15.4,-0.22,0.0,-0.3,1
27.15,7.3,24.1,0.01,0.01,1.4,0
25.87,6.76,15.2,-0.19,0.01,0.0,1
28.1,7.14,3.0,-0.58,0.19,-13.1,1
27.0,6.99,5.8,-0.26,0.05,-0.1,1
28.67,6.8,14.2,0.24,1.21,1.3,0
26.28,6.82,11.8,-0.14,0.0,2.1,1
27.24,6.91,12.4,0.08,-0.03,1.0,1
28.21,6.77,12.7,-0.1,0.03,-0.2,1
30.41,7.36,7.4,0.11,0.09,-0.5,1
29.22,7.38,8.0,0.19,-0.09,-0.2,1
27.3,7.13,15.5,0.05,0.04,-0.6,1
26.54,6.98,8.4,0.24,-0.02,0.2,1
26.23,7.05,8.3,-0.03,0.01,-2.5,1
27.02,7.0,14.3,0.4,0.03,1.1,1
25.48,6.7,12.5,-0.31,0.0,1.9,0
26.7,6.64,14.1,0.29,-0.01,-0.6,1
30.55,7.17,10.7,-0.03,0.02,-0.1,1
27.74,7.12,9.6,0.14,-0.06,-1.3,1
26.65,6.99,7.0,0.07,-0.01,0.0,1
31.18,7.08,14.1,-0.21,0.02,-1.4,1
29.89,7.29,10.1,0.19,0.04,-2.9,1
27.57,7.07,9.9,-0.22,-0.01,0.6,1
25.75,6.79,13.7,-0.23,-0.02,-0.1,1
26.73,6.98,8.6,-0.03,0.02,-0.4,1
29.53,7.33,6.1,-0.15,-0.03,0.6,1
25.43,6.92,17.9,-0.15,-0.01,-0.9,1
26.54,7.14,11.7,-0.14,0.04,-0.5,1
27.83,7.08,36.7,-0.24,0.03,18.8,0
28.49,6.66,17.5,0.11,0.02,0.4,0
28.03,6.91,19.9,-0.05,-0.01,1.1,1
30.76,7.53,5.1,-0.17,-0.01,0.4,1
27.37,6.92,16.8,0.72,0.1,1.7,1
27.8,6.88,10.0,0.07,0.01,-0.3,1
25.65,6.55,13.1,-0.17,-0.08,-1.7,0
27.34,6.85,10.5,-0.02,-0.02,-0.2,1
25.53,6.41,16.3,-0.06,0.03,-1.3,0
28.54,7.3,10.2,0.01,-0.01,-0.5,1
27.86,7.33,5.0,-0.17,0.1,0.1,1
26.29,7.24,3.7,0.11,0.01,0.1,1
27.12,7.05,11.4,0.19,0.03,1.8,1
26.19,6.72,12.6,-0.01,0.0,-1.2,1
26.97,7.14,4.6,0.07,-0.09,0.4,1
32.94,7.12,11.2,0.29,-0.01,-0.3,0
27.88,7.2,6.8,-0.12,0.04,-0.7,1
29.63,6.97,9.8,0.14,-0.01,-0.5,1
28.11,6.72,16.8,0.32,0.07,0.1,1
31.09,6.91,17.9,0.0,0.0,-0.2,1
28.59,7.39,4.9,-0.38,-0.01,0.6,1
25.78,6.81,12.9,-0.32,0.0,-0.2,1
30.59,7.08,13.6,-0.28,-0.03,-0.4,1
26.56,7.16,8.7,0.03,-0.01,0.9,1
27.05,7.14,7.1,-0.16,0.0,-1.0,1
28.1,6.72,16.4,0.33,0.04,-1.2,1
27.33,6.63,23.7,-0.06,-0.01,-2.1,0
26.49,6.78,15.0,-0.36,0.01,-0.5,1
28.44,7.26,7.0,0.09,0.01,0.1,1
27.15,6.74,18.2,-0.35,-0.04,1.4,1
27.87,6.79,18.8,-0.38,0.07,0.6,0
29.26,6.79,18.1,0.11,0.08,0.2,1
30.53,7.03,13.1,0.26,0.01,-0.6,1
28.28,7.18,11.8,-0.11,-0.03,-0.7,1
28.59,7.06,11.9,-0.14,0.02,-1.7,1
31.89,7.33,8.3,-0.42,-0.04,0.3,1
30.33,6.71,20.5,-0.33,0.0,0.8,0
26.44,7.11,11.0,0.08,-0.01,0.8,1
27.42,6.72,21.6,0.05,0.02,6.9,1
28.2,7.3,5.7,-0.31,0.05,0.4,1
29.51,7.08,12.1,0.08,0.05,-2.5,1
26.48,7.16,9.7,0.26,0.0,-0.9,1
30.09,7.12,8.3,-0.2,-0.05,-0.9,1
28.02,7.13,8.9,-0.12,-0.05,-0.7,1
28.54,7.0,12.1,0.18,0.09,-1.1,1
28.14,6.98,7.8,0.26,-0.05,0.9,1
27.38,7.08,9.6,0.04,-0.05,-1.7,1
28.77,6.8,19.1,0.0,0.04,-0.2,1
27.36,7.02,18.3,-0.16,0.01,1.2,1
27.95,7.25,4.3,-0.14,0.07,-0.3,1
31.02,6.65,20.9,-0.04,0.06,-0.6,1
27.82,6.69,17.8,-0.14,0.04,-0.1,0
31.18,7.14,11.3,0.19,0.01,-1.4,1
30.18,7.52,7.9,0.3,0.02,-1.6,1
27.18,6.56,12.8,-0.02,-0.01,-3.0,1
27.82,6.69,16.6,0.32,0.01,0.5,1
28.39,7.2,16.0,0.26,0.01,-1.2,1
29.27,7.31,6.5,-0.13,-0.02,-0.1,1
28.25,6.62,19.7,0.17,-0.03,-1.5,1
26.03,6.81,12.1,-0.17,-0.05,-0.4,1
25.92,7.13,7.3,-0.06,-0.04,0.7,1
26.54,7.09,4.3,0.19,-0.02,-0.3,1
26.62,6.65,14.1,0.06,0.04,0.4,1
27.94,7.27,5.4,-0.2,-0.05,-0.6,1
26.41,7.18,7.6,0.34,0.01,-0.5,1
25.26,7.11,14.6,0.02,0.01,-0.8,0
28.25,7.37,6.5,0.03,0.01,0.5,1
28.05,7.48,9.3,0.03,0.0,-0.5,1
31.3,7.13,8.1,0.25,-0.07,-0.5,0
26.83,7.3,15.1,0.33,0.0,0.0,1
28.38,7.2,11.2,-0.02,0.04,1.0,1
29.52,6.85,19.0,-0.03,0.0,0.5,1
26.8,6.69,16.2,-0.13,0.03,-0.9,1
27.9,7.44,6.1,0.0,0.05,0.0,1
26.48,6.69,12.3,0.04,-0.02,-0.4,0
28.08,7.13,9.8,0.09,0.0,0.2,1
31.28,7.01,11.2,-0.18,-0.01,-1.3,1
28.01,6.64,18.8,-0.01,-0.01,-0.6,1
29.68,6.91,12.7,0.28,0.01,-0.9,1
30.08,7.21,11.7,-0.02,0.0,-0.2,1
27.83,7.14,17.0,-0.16,0.0,-1.1,1
26.85,7.08,8.5,0.0,0.0,-0.4,1
29.93,7.48,4.0,0.02,-0.01,0.1,1
25.31,7.25,3.7,0.25,-0.02,-0.1,1
25.56,7.2,6.1,-0.15,-0.01,0.2,1
26.58,6.47,20.2,0.09,-0.02,-0.3,0
28.58,7.13,10.7,-0.15,-0.05,1.5,1
31.3,6.94,14.5,-0.32,0.0,0.3,1
29.26,7.42,4.4,0.07,0.0,-0.1,1
27.91,7.29,2.8,0.38,0.01,-0.8,1
26.16,6.47,20.5,0.19,0.24,-0.2,0
28.99,7.49,3.9,0.12,0.02,0.0,1
26.27,6.8,13.6,0.02,0.03,0.6,1
26.47,7.08,6.9,0.25,0.01,-0.2,1
30.1,7.12,10.9,-0.15,0.04,0.0,1
28.1,6.98,5.9,0.09,0.06,0.8,1
26.89,6.76,13.8,-0.09,0.0,-0.2,1
26.79,7.14,6.4,-0.06,-0.03,0.4,1
27.03,7.18,11.5,-0.5,-0.02,0.3,1
29.83,7.46,7.6,-0.22,-0.05,0.0,1
29.89,6.61,23.0,-0.15,-0.01,-0.8,1
26.69,7.06,4.7,-0.05,-0.02,0.8,1
29.13,6.97,13.0,0.41,0.03,-0.5,1
29.03,7.3,12.0,0.19,0.08,-0.4,1
27.75,6.79,16.1,0.2,-0.01,0.5,1
29.5,6.84,16.3,-0.22,0.0,0.7,1
26.35,7.13,6.7,0.02,0.03,-0.7,1
30.71,7.1,9.8,0.13,0.02,-0.1,1
29.69,7.32,4.8,-0.24,-0.03,0.5,1
26.86,7.02,8.9,-0.25,-0.07,-0.4,1
31.07,7.12,12.4,-0.1,-0.04,0.7,1
27.76,6.64,15.4,0.22,-0.04,-0.5,1
29.33,6.77,19.4,-0.13,-0.01,-0.8,1
28.32,7.24,8.3,-0.08,0.03,-1.4,1
28.36,7.03,10.4,-0.12,-0.03,-0.4,1
27.63,6.79,10.3,-0.01,0.01,0.0,1
29.6,7.53,10.3,0.08,0.01,0.5,1
29.59,7.14,21.4,-0.11,0.04,1.0,1
26.95,6.77,14.8,-0.17,-0.02,-0.3,1
31.57,7.26,8.3,0.22,-0.04,0.2,1
28.69,7.42,4.1,-0.04,-0.03,0.0,1
25.16,7.09,10.6,-0.1,-0.02,-4.0,1
27.69,7.28,19.8,-0.18,0.04,-0.8,1
28.49,7.37,8.3,-0.62,-0.05,2.0,1
27.52,7.25,5.7,-0.07,-0.01,-0.4,1
31.12,6.52,22.1,-0.07,-0.03,1.2,1
27.72,7.29,9.8,0.13,0.0,-1.1,1
20.55,7.11,5.9,-5.91,0.0,0.7,0
29.92,7.15,11.4,0.3,0.0,-0.1,1
27.57,6.93,4.7,0.24,0.05,-0.5,1
27.25,7.11,7.8,0.32,0.01,-0.7,1
28.29,6.79,16.6,-0.23,-0.01,-0.1,1
28.02,6.92,11.6,-0.07,-0.03,-0.1,1
28.76,7.32,6.3,-0.19,-0.01,-0.7,1
30.37,6.97,10.0,0.16,0.01,-1.0,1
27.34,6.94,10.3,-0.04,0.02,0.3,1
26.45,6.89,12.3,-0.01,0.02,-0.1,1
29.73,6.82,16.2,0.09,0.03,-0.7,1
28.37,7.09,8.0,0.37,0.03,-0.9,1
26.06,7.25,8.4,-0.23,-0.01,0.2,1
28.86,6.98,18.1,0.33,0.05,-0.9,1
30.41,7.18,10.4,-0.05,-0.04,0.9,1
28.6,6.92,19.4,-0.32,0.07,0.9,1
31.02,7.41,6.0,0.2,0.02,-0.3,1
25.75,7.24,3.8,0.24,-0.01,0.1,1
31.61,7.11,15.8,0.02,0.0,0.2,1
25.39,6.96,11.1,-0.34,0.0,-0.3,1
27.16,7.13,8.1,-0.13,-0.02,0.3,1
26.76,6.91,15.5,-0.45,-0.06,1.0,1
26.76,7.4,2.4,-0.45,0.03,-0.5,1
25.99,7.19,23.7,-0.28,-0.02,-2.7,0
27.8,6.79,15.0,-0.11,-0.09,0.8,1
28.42,7.04,10.7,-0.02,0.02,-0.3,1
30.03,7.49,9.2,0.11,0.0,2.2,1
28.77,6.72,25.0,0.0,0.05,-0.5,0
26.61,7.2,5.2,-0.01,-0.02,0.0,1
31.17,7.39,11.3,0.0,0.0,0.4,1
27.53,6.85,12.5,-0.17,-0.05,0.6,1
27.02,6.84,12.4,-0.24,-0.06,-1.0,1
25.46,7.11,10.9,0.3,0.02,0.3,1
26.17,6.83,12.3,0.06,0.0,0.0,1
27.27,7.01,9.1,-0.23,-0.01,0.0,1
26.93,7.3,12.4,0.1,0.0,-2.7,1
27.79,7.2,6.4,-0.18,-0.02,-0.1,1
30.0,7.19,16.9,0.01,-0.02,1.0,1
30.06,7.45,8.7,0.04,0.0,1.9,1
26.6,7.19,6.5,-0.17,0.02,-1.7,1
28.35,7.43,6.1,-0.14,-0.04,-0.7,1
30.17,7.1,11.0,0.11,0.02,0.0,1
26.9,6.98,6.8,0.33,-0.06,0.2,1
27.21,7.02,6.0,-0.04,-0.02,-0.2,1
26.92,6.97,7.7,0.3,0.01,0.3,1
30.07,6.94,13.0,-0.05,0.01,-0.4,1
26.81,6.74,18.3,0.11,0.0,-1.3,1
25.8,6.6,14.7,0.16,0.05,0.8,1
27.93,7.17,9.5,0.0,-0.03,0.5,1
30.36,7.27,7.1,0.01,0.02,-0.2,1
27.75,6.92,23.4,0.0,0.0,1.4,0
27.19,7.16,4.9,-0.15,-0.04,0.2,1
28.12,7.3,11.4,0.33,0.0,-0.7,1
26.93,6.93,10.0,-0.06,-0.08,-0.5,1
25.56,7.01,11.7,0.0,0.01,0.0,1
28.38,7.06,9.8,-0.11,-0.02,0.0,1
26.91,7.28,7.5,0.11,0.02,-1.2,1
28.4,6.88,16.2,0.11,-0.01,0.5,1
30.05,6.75,20.1,-0.06,0.02,-0.6,0
27.33,6.93,10.5,-0.2,-0.01,1.3,1
27.06,7.37,10.2,-1.04,-0.05,2.7,1
27.34,7.28,4.7,-0.38,-0.02,0.6,1
28.13,7.19,17.2,0.33,0.0,4.5,1
28.73,7.47,4.8,0.06,0.02,-0.3,1
28.36,7.08,7.5,-0.09,0.03,2.2,1
28.26,6.53,20.4,0.08,0.0,-0.3,0
26.18,7.21,8.0,-0.42,0.02,1.5,1
26.79,6.97,10.7,0.1,0.0,-0.2,1
27.05,7.17,5.4,0.02,0.0,1.1,1
30.26,7.2,11.6,0.09,0.0,-0.5,1
29.63,6.96,13.6,0.37,-0.01,-0.3,1
29.02,7.28,5.1,-0.68,0.01,-2.6,1
31.17,6.77,18.5,-0.3,-0.02,0.0,1
29.05,6.94,15.0,-0.03,-0.02,-0.4,1
26.99,7.27,5.6,0.06,0.02,-0.1,1
27.86,6.99,10.7,-0.07,-0.03,0.2,1
29.58,7.31,16.2,0.0,-0.02,0.2,0
27.04,6.64,15.4,-0.03,0.0,-1.3,1
29.39,6.71,18.1,0.21,-0.02,0.1,1
26.91,6.67,14.6,-0.25,-0.07,-0.2,1
26.25,6.91,10.6,-0.08,0.0,-0.1,1
28.19,7.19,8.1,-0.13,-0.05,0.4,1
27.7,7.23,5.1,-0.3,0.01,-0.3,1
29.84,7.37,5.3,0.04,0.03,0.0,1
30.47,7.43,6.4,0.11,0.04,1.0,1
27.31,6.88,8.9,-0.17,-0.02,1.3,1
28.5,6.86,15.7,0.17,-0.03,1.2,1
28.03,6.7,17.9,0.24,0.1,-3.3,1
29.68,7.45,7.1,0.13,0.02,0.2,1
26.93,6.69,14.9,0.05,0.03,0.2,1
28.01,7.03,14.7,-0.42,-0.02,-1.7,1
30.11,7.43,6.1,-0.05,-0.01,-0.9,1
26.49,6.46,20.4,0.04,-0.04,-0.3,0
30.17,6.73,16.1,-0.07,0.12,0.2,1
28.79,7.47,5.7,0.1,0.01,-0.7,1
25.94,6.8,13.3,-0.14,-0.07,0.6,0
29.92,6.78,17.7,-0.17,0.04,0.9,1
29.71,7.19,10.8,0.0,0.02,0.2,1
26.18,7.07,5.0,-0.1,-0.04,0.5,1
28.81,7.07,10.3,0.26,-0.03,-0.3,1
25.39,7.15,3.7,-0.09,0.01,0.0,1
27.34,6.84,14.6,0.73,0.11,-1.0,1
29.39,7.27,9.2,0.15,0.0,0.1,1
27.64,7.25,25.1,-0.24,0.05,-0.6,0
26.1,6.71,12.5,0.23,-0.12,-1.1,1
27.95,6.99,12.9,-0.11,-0.02,-0.1,1
27.07,6.7,18.3,0.27,0.0,1.6,1
26.13,6.87,4.2,-0.08,-0.01,-0.3,1
26.41,7.19,5.2,-0.05,-0.02,1.3,1
28.58,7.16,13.4,0.2,0.02,-0.7,1
27.48,6.74,15.9,0.06,-0.01,0.0,1
26.11,7.26,5.2,-0.16,0.02,-0.2,1
29.15,6.71,17.9,-0.11,0.06,-1.3,1
27.24,6.77,17.0,-0.03,0.02,0.6,1
25.96,7.25,2.4,0.29,0.04,0.5,1
30.22,7.18,13.8,0.03,-0.01,0.1,1
29.4,6.85,19.8,0.41,-0.03,-0.3,1
28.42,6.98,13.7,0.22,-0.04,0.2,1
27.81,7.3,3.5,0.15,0.03,0.7,1
28.89,7.3,10.8,0.0,-0.02,0.5,1
28.39,7.26,10.6,0.01,-0.01,-1.6,1
26.56,6.74,12.7,-0.08,0.0,-1.0,1
28.47,7.12,8.5,0.01,-0.04,-0.5,1
28.7,7.1,10.7,-0.44,0.02,-1.1,1
28.31,6.74,12.9,0.43,-0.03,-1.0,1
27.52,6.84,12.3,0.09,0.0,0.2,1
27.0,7.3,11.9,-0.04,0.0,-1.5,1
30.16,7.14,10.0,0.2,-0.02,-1.7,1
27.04,7.4,22.3,0.03,0.11,1.8,0
26.53,6.58,15.2,-0.22,-0.03,-1.8,1
26.58,7.11,24.1,-0.34,-0.03,1.0,0
31.96,7.25,9.1,-0.43,0.03,-0.3,1
30.16,6.74,17.9,0.12,0.0,0.8,1
26.47,7.11,8.9,-0.24,0.01,0.0,1
30.06,7.13,12.7,-0.2,-0.05,0.6,1
30.33,6.7,17.2,0.03,0.02,-0.4,1
27.9,7.44,5.7,0.0,0.08,-1.2,1
28.69,7.25,8.0,0.16,0.11,-1.3,1
27.77,7.26,3.7,0.02,0.01,-0.3,1
30.87,6.71,20.6,-0.26,0.02,-1.0,1
28.62,6.77,19.1,0.06,-0.02,-1.7,1
26.52,6.68,17.3,0.12,0.0,0.3,1
27.53,6.86,27.4,0.01,0.01,-1.2,0
27.31,6.97,9.8,-0.12,0.0,0.8,1
26.67,6.67,16.1,-0.1,0.05,0.6,1
30.11,7.15,11.9,0.07,0.05,0.0,1
26.0,6.85,14.6,-0.29,-0.03,0.7,1
27.35,6.82,10.3,0.15,-0.02,0.5,1
30.2,7.21,9.7,-0.1,0.0,0.3,1
26.23,6.97,20.1,-0.12,0.01,-0.8,1
29.26,7.29,8.0,0.0,-0.01,0.7,1
27.06,6.79,17.0,-0.04,-0.02,-0.3,1
28.1,7.11,9.1,-0.13,-0.02,0.1,1
25.63,7.19,5.3,0.08,-0.03,0.8,1
29.62,7.11,8.1,-0.25,0.01,-0.7,1
29.19,7.42,4.5,0.05,-0.01,0.0,1
26.4,7.23,5.4,-0.06,-0.02,1.2,1
29.58,7.3,8.2,-0.09,0.01,-0.5,1
25.63,6.61,13.1,-0.03,-0.03,-0.5,1
28.77,6.83,20.3,0.36,0.08,0.2,1
28.85,6.88,14.8,-0.19,0.0,-0.6,1
30.44,7.26,10.8,0.2,-0.02,0.2,1
28.91,6.64,20.5,0.1,0.06,-1.2,1
29.42,7.43,7.1,-0.11,0.04,-0.4,1
27.45,7.33,27.5,0.14,-0.01,1.3,0
26.86,6.98,6.1,-0.04,-0.04,-0.4,1
29.4,7.33,4.9,0.16,0.05,-0.6,1
27.16,7.17,23.1,0.11,0.05,-2.1,0
27.82,7.15,28.6,-0.15,-0.01,2.4,0
28.32,7.03,9.5,-0.12,-0.01,0.3,1
28.67,7.13,24.0,-0.16,0.02,0.8,0
26.72,6.66,15.8,-0.04,-0.05,-0.7,1
25.65,6.84,14.3,-0.14,0.02,-0.2,0
31.6,7.16,13.0,-0.12,0.03,-1.0,1
26.93,7.28,7.7,-0.07,0.07,-1.3,1
30.22,7.06,12.8,0.35,-0.05,-1.8,1
26.54,6.96,10.5,-0.39,0.03,0.5,1
28.18,7.49,7.2,0.1,0.0,1.1,1
28.77,6.71,18.6,0.0,0.01,-0.1,1
29.14,7.18,10.8,-0.03,-0.04,-0.3,1
27.58,7.17,10.9,-0.14,-0.02,0.3,1
26.03,6.76,13.6,0.11,0.01,0.5,1
26.7,6.82,11.4,-0.52,0.08,1.3,1
27.89,6.91,4.2,-0.31,0.02,0.2,1
25.8,6.64,19.6,-0.32,0.02,0.2,1
26.75,7.36,7.3,0.15,0.02,1.5,1
26.8,7.18,6.3,-0.13,0.01,0.7,1
28.74,7.17,10.8,0.03,0.01,-0.5,1
29.42,6.9,16.2,0.14,0.01,-2.2,1
29.04,6.86,14.6,0.54,0.05,0.5,1
27.01,6.95,6.8,-0.2,-0.01,0.0,1
27.98,7.06,12.5,-0.03,-0.04,0.0,1
27.66,6.61,16.7,0.12,0.04,0.4,1
30.22,7.49,7.1,0.32,0.08,-0.5,1
27.56,6.65,17.4,0.09,-0.05,0.7,1
25.72,6.92,15.9,0.19,0.0,-1.1,1
28.02,6.65,18.1,0.04,-0.09,-0.2,0
27.76,6.84,11.4,0.06,-0.02,-1.9,1
26.45,6.6,14.1,-0.13,0.03,-0.7,1
27.77,6.87,13.1,0.01,0.03,1.7,1
27.71,7.29,5.9,-0.42,0.03,1.1,1
29.46,6.94,9.0,-0.17,-0.03,-0.8,1
26.91,7.17,6.1,0.06,0.01,-0.2,1
27.43,6.57,14.9,0.25,0.01,2.1,0
30.46,7.51,5.6,-0.16,0.04,0.3,1
27.34,7.12,9.1,0.04,0.01,-1.4,1
25.67,7.21,1.9,-0.09,0.02,0.2,1
26.5,6.97,10.7,0.01,-0.01,-0.1,1
28.92,6.83,16.5,-0.11,-0.02,-0.1,1
28.61,7.07,11.7,0.36,0.01,-0.1,1
31.0,7.19,14.7,0.15,0.06,0.8,1
27.98,7.13,10.6,-0.15,-0.03,0.5,1
30.08,7.19,11.4,0.38,0.06,-1.0,1
28.17,6.9,16.9,-0.18,-0.01,-1.4,1
30.1,6.58,18.9,-0.28,-0.11,-2.6,1
26.19,7.08,8.1,-0.19,0.0,0.3,1
30.31,7.12,11.7,-0.24,-0.05,1.0,1
29.55,7.4,11.0,-0.21,0.0,-2.7,1
30.5,7.07,11.3,0.4,-0.05,0.4,1
26.99,6.9,11.3,-0.01,0.06,-1.0,1
26.85,7.0,10.8,-0.09,0.0,0.2,1
27.92,7.06,6.0,0.0,-0.04,0.0,1
25.77,6.76,14.1,0.2,0.03,-0.5,1
26.84,6.64,17.1,0.07,-0.07,1.0,1
27.47,6.93,13.6,0.1,0.04,-0.6,1
27.43,7.15,8.4,-0.04,-0.03,1.5,1
31.05,7.21,12.0,0.07,0.02,0.4,1
28.17,7.18,23.6,0.19,-0.03,-1.9,0
26.62,6.65,16.3,0.16,0.12,0.0,1
28.28,6.89,15.1,-0.1,0.05,0.0,1
26.44,7.3,17.3,0.04,-0.04,0.3,1
26.57,7.08,17.4,-0.09,-0.03,-0.9,1
27.16,6.81,15.6,-0.07,0.0,0.4,1
30.03,7.42,5.0,-0.25,0.0,-0.2,1
29.24,7.28,5.5,0.29,0.19,0.1,1
32.0,7.26,11.9,-0.53,0.02,0.0,0
27.65,7.19,4.4,0.45,0.02,1.1,1
29.89,6.89,17.8,-0.23,0.01,-0.4,1
32.05,7.48,6.8,0.1,0.04,-0.3,0
26.34,6.8,15.3,-0.04,0.02,1.8,1
29.95,7.34,5.5,0.23,0.07,-1.3,1
25.62,7.0,10.0,-0.16,-0.02,0.6,1
26.56,6.86,13.1,0.0,-0.12,0.5,1
25.95,7.3,13.0,-4.76,0.02,2.7,0
28.61,6.75,16.8,0.18,0.0,-0.5,1
29.51,7.36,4.1,0.01,0.01,-0.6,1
30.0,7.25,10.2,0.07,0.04,1.6,1
28.92,6.89,14.6,0.01,-0.02,0.2,1
30.25,7.35,7.6,-0.1,0.01,0.0,1
27.05,7.13,4.5,0.21,-0.02,0.6,1
30.19,7.17,10.3,-0.17,0.02,0.2,1
25.87,7.09,6.6,-0.13,-0.03,0.1,1
29.05,6.98,13.9,-0.23,-0.03,0.0,1
27.5,7.02,6.2,0.11,0.02,-0.1,1
26.4,6.61,19.0,-0.11,-0.06,0.1,0
30.37,7.08,15.2,-0.09,0.01,-0.4,1
26.68,5.56,23.4,-0.14,-0.01,0.4,0
30.16,7.5,5.9,0.05,-0.03,0.6,1
27.52,7.3,7.0,-0.39,-0.01,-1.7,1
30.04,7.27,5.0,-0.21,-0.03,0.0,1
30.67,6.93,11.8,0.04,-0.04,0.4,1
27.66,6.65,21.6,0.18,0.02,-1.1,0
29.0,6.77,16.7,-0.07,0.05,0.2,1
29.37,6.81,20.6,-0.16,0.09,-0.5,1
25.84,6.82,8.7,-0.03,-0.1,-0.6,1
28.53,7.31,10.7,0.02,0.01,2.9,1
29.05,7.05,12.5,-0.45,-0.03,-0.4,1
28.67,6.93,11.7,-0.05,-0.03,-0.5,1
28.9,6.93,13.3,1.34,0.07,-0.1,1
30.73,7.4,5.1,-0.09,-0.02,-0.4,1
29.94,7.11,17.7,0.19,0.03,-1.2,1
27.26,6.92,15.2,0.09,-0.09,0.1,1
27.1,7.26,3.4,-0.4,0.0,0.3,1
28.49,7.1,14.2,0.2,-0.03,2.6,1
27.55,7.02,16.6,0.13,-0.01,-0.2,1
29.85,6.72,17.3,0.05,0.02,-0.9,1
28.52,7.43,5.7,0.01,0.02,-0.1,1
26.21,7.35,8.5,0.05,0.04,1.0,1
29.02,6.94,9.2,-0.09,-0.01,-0.4,1
29.97,7.26,11.8,-0.14,-0.03,0.3,1
29.31,7.37,14.8,-0.04,0.02,5.7,1
25.98,7.24,3.4,-0.19,0.0,-0.7,1
26.36,7.03,8.3,0.09,-0.04,0.2,1
30.23,7.19,10.5,-0.14,0.05,-0.2,1
26.07,6.72,13.6,-0.09,0.03,0.9,1
27.64,6.93,14.0,0.16,-0.03,-0.7,1
27.41,6.98,10.6,0.04,0.02,1.3,1
26.25,6.8,14.1,0.01,0.0,0.0,1
29.11,6.82,16.7,-0.24,0.02,-0.6,1
25.87,7.26,3.0,0.18,-0.01,0.3,1
28.66,7.26,6.8,0.16,-0.05,-0.3,1
32.31,7.37,8.0,0.04,0.06,-0.5,0
28.75,7.23,8.5,-0.12,-0.08,0.0,1
28.48,7.31,7.2,0.05,0.04,0.3,1
30.19,6.98,12.3,-0.27,0.03,0.3,1
28.03,6.74,19.2,0.27,-0.04,3.7,1
27.85,7.04,9.4,-0.18,0.02,0.2,1
27.89,7.09,5.1,-0.12,-0.03,0.4,1
29.18,7.62,7.8,-0.19,0.15,0.7,1
29.95,6.87,17.0,0.23,0.0,1.5,1
31.05,7.14,12.3,-0.13,0.0,1.0,1
28.54,7.33,7.9,0.4,0.03,1.4,1
27.04,6.93,8.8,0.01,-0.04,0.6,1
30.27,6.85,12.3,0.37,0.03,-0.4,1
29.5,7.33,6.3,-0.02,-0.02,0.1,1
24.99,7.21,7.0,0.11,-0.04,0.2,1
30.56,6.64,21.5,-0.05,0.01,3.0,1
29.65,7.31,5.6,-0.11,0.0,-0.5,1
26.3,7.0,8.2,0.02,-0.02,-0.1,1
27.76,6.82,14.5,-0.07,0.03,-1.3,1
28.79,6.62,22.0,-0.17,-0.05,-0.6,0
26.92,6.92,12.3,0.07,-0.03,-0.3,1
26.22,7.34,4.4,-0.02,0.03,-0.1,1
31.16,6.95,12.6,0.13,-0.08,-0.3,0
30.26,7.44,3.5,-0.06,-0.06,-0.7,1
30.15,6.9,17.0,-0.01,0.02,0.8,1
28.35,6.95,13.3,-0.16,0.0,-1.8,1
28.18,6.89,16.2,-0.46,-0.04,2.1,1
28.13,7.1,9.9,-0.01,-0.01,-0.2,1
28.16,7.15,3.5,0.29,0.05,0.7,1
30.46,6.75,16.3,0.03,-0.1,-0.1,1
28.41,7.18,8.4,0.13,0.0,0.4,1
27.19,7.37,35.0,-0.14,0.02,17.1,0
25.44,6.54,18.5,-0.21,-0.03,-0.4,1
26.12,7.08,7.8,0.01,0.03,0.4,1
26.36,7.12,7.8,-0.09,-0.04,-0.8,1
30.32,7.19,8.4,0.0,0.03,-1.0,1
26.57,6.54,19.4,0.28,-0.1,0.7,1
27.35,6.6,14.5,0.36,0.01,-0.6,0
26.68,7.06,8.0,0.32,-0.01,-0.6,1
30.53,7.51,5.1,-0.32,-0.03,-0.3,1
26.64,7.23,4.7,-0.06,0.04,-1.0,1
27.06,7.27,6.6,0.15,-0.01,-0.9,1
26.95,6.93,11.2,-0.02,0.02,-0.4,1
29.66,6.57,20.0,0.14,-0.02,-0.4,1
28.45,7.08,9.8,-0.04,-0.05,0.7,1
26.26,6.72,14.3,0.02,0.01,-1.4,1
29.74,7.24,8.5,-0.08,-0.06,0.0,1
26.89,6.81,10.9,-0.01,0.02,-0.8,1
32.75,7.27,12.6,-0.01,0.02,0.4,0
29.04,7.22,12.6,0.34,0.01,-2.5,1
29.33,7.54,6.1,-0.13,0.01,0.1,1
29.44,7.39,4.7,-0.07,0.03,0.6,1
26.43,6.9,15.2,-0.18,0.02,-0.7,1
25.76,7.13,7.9,0.37,-0.1,0.5,1
27.23,6.81,15.2,0.11,0.0,-0.7,1
29.71,6.83,9.2,-0.05,0.0,0.3,1
27.75,7.64,18.1,-0.41,-0.26,0.5,0
28.86,7.37,5.3,-0.31,-0.01,0.2,1
32.03,7.26,8.5,0.07,0.01,-0.6,0
25.6,6.71,14.4,0.09,-0.01,0.9,1
29.39,7.44,18.4,0.02,0.02,-1.2,1
30.09,6.74,16.8,-0.03,-0.03,0.3,1
27.53,7.0,9.9,-0.07,-0.02,-0.5,1
27.38,7.12,7.8,0.18,-0.03,-0.1,1
28.49,7.08,9.8,1.22,0.06,0.3,0
26.27,6.99,9.9,0.22,-0.08,-1.2,1
28.1,6.74,17.7,0.12,0.07,-0.5,1
28.39,6.33,22.2,0.07,0.04,1.3,1
29.12,7.03,11.1,-0.14,0.0,-0.4,1
28.36,6.95,6.4,0.56,0.12,0.3,1
27.87,6.73,17.7,-0.01,-0.02,-0.4,1
26.09,7.2,5.0,-0.18,0.01,-0.2,1
29.89,6.85,15.7,-0.14,-0.07,-0.3,1
27.39,6.83,15.9,0.23,0.02,0.3,1
26.42,6.97,9.2,0.09,0.0,1.2,1
26.97,6.71,16.1,-0.06,0.01,0.9,1
27.34,6.79,15.3,0.02,0.0,-2.3,1
28.3,6.96,17.2,-0.2,-0.01,0.7,1
26.23,7.33,6.1,0.08,0.0,-0.2,1
27.73,7.27,4.8,0.04,0.05,-0.1,1
28.26,7.1,10.6,-0.08,0.04,-0.2,1
30.13,6.93,19.0,0.05,-0.03,1.1,1
29.67,7.04,13.3,0.36,0.04,0.4,1
25.68,6.63,13.5,0.05,0.02,0.4,1
25.89,6.76,15.2,0.02,0.0,0.0,1
26.14,6.71,14.0,-0.18,0.04,0.4,1
26.63,6.6,16.5,-0.31,-0.02,0.2,1
28.25,7.11,10.9,0.17,-0.01,3.4,1
27.92,6.91,17.2,0.34,0.04,-0.3,1
26.71,6.67,14.4,0.04,0.01,-0.9,1
29.26,7.21,11.1,-0.23,-0.01,-1.0,1
25.9,6.73,24.0,-0.03,0.01,1.2,0
29.08,6.81,18.5,-0.31,-0.01,0.9,1
27.15,6.74,15.7,0.02,-0.01,0.6,1
27.59,7.23,12.5,-0.03,-0.02,0.3,1
29.97,7.04,15.3,-0.11,-0.04,0.4,1
28.72,7.44,4.2,0.18,-0.01,-0.2,1
26.5,6.83,14.1,0.14,0.0,0.1,1
27.88,7.28,6.3,0.08,0.09,-0.8,1
31.76,7.2,13.5,-0.12,-0.05,0.2,1
27.9,7.19,11.0,-0.01,-0.04,-0.4,1
28.65,7.24,9.2,0.13,-0.04,-1.1,1
29.17,6.92,10.4,0.24,0.01,-0.2,1
29.87,6.89,13.9,0.03,-0.01,0.0,1
27.58,6.96,15.1,-0.11,0.0,-0.5,1
28.41,7.11,9.1,-0.08,0.0,0.3,1
26.34,7.12,6.6,-0.26,-0.02,0.5,1
30.58,7.34,6.4,0.3,-0.03,-0.1,1
26.32,6.87,12.0,-0.3,0.01,-0.1,1
27.33,7.27,5.0,-0.34,0.01,0.7,1
28.59,6.71,24.6,0.15,0.01,-1.4,0
26.56,6.98,12.6,-0.17,0.0,-0.4,1
27.03,6.86,9.6,0.16,0.01,-0.1,1
26.74,6.65,13.5,0.04,0.0,-0.1,1
28.75,7.23,7.5,-0.06,0.01,0.2,1
29.53,6.91,20.0,-0.33,-0.01,-11.0,0
26.29,7.13,4.1,0.13,-0.02,0.0,1
31.65,7.41,7.0,0.19,0.02,0.0,0
28.36,6.91,13.2,-0.12,-0.08,1.4,1
28.11,6.78,17.0,-0.09,0.0,0.4,1
29.81,7.04,17.4,0.02,-0.08,-1.4,1
26.42,6.86,18.4,0.03,-0.05,0.8,1
30.0,6.99,17.2,0.13,0.03,0.0,1
28.65,7.16,8.6,-0.17,-0.05,-0.5,1
26.55,7.04,23.7,-0.05,0.02,0.2,0
29.54,7.26,20.8,-0.47,-0.02,0.7,1
26.36,7.12,10.2,-0.18,0.02,-0.2,1
26.29,7.36,7.0,-0.21,0.01,0.1,1
30.09,7.21,10.9,0.02,0.0,0.0,1
27.84,6.71,21.7,0.08,0.03,-0.1,1
30.28,7.17,10.2,-0.49,-0.05,-1.1,1
26.55,7.17,6.7,-0.56,0.0,-1.1,1
27.82,7.1,7.2,0.26,-0.03,-0.8,1
28.4,6.55,17.9,0.2,0.0,0.2,1
27.96,6.72,18.6,0.43,-0.04,-1.3,1
26.84,6.88,11.6,-0.15,-0.01,1.0,1
26.7,7.04,4.2,0.16,0.02,-2.3,1
25.72,7.2,7.0,0.09,0.0,0.1,1
28.76,6.61,17.8,0.28,-0.03,-0.4,1
31.67,6.46,21.8,-0.2,-0.01,0.1,0
25.62,7.39,7.7,0.24,0.26,-0.5,1
30.19,7.48,4.2,-0.01,-0.02,0.8,1
28.73,6.77,15.8,-0.12,0.0,0.4,1
25.13,6.8,12.3,0.29,-0.01,-0.1,0
28.4,6.69,17.1,0.09,0.03,0.0,1
30.04,7.14,10.5,-0.13,-0.01,0.0,1
27.75,6.91,13.3,-0.04,-0.03,0.5,1
25.77,6.71,14.7,-0.02,0.05,-0.7,1
26.25,7.33,6.4,-0.17,-0.02,-0.3,1
26.1,6.68,14.6,-0.23,-0.01,0.1,1
28.62,7.14,9.7,0.13,-0.02,-0.6,1
28.68,6.82,15.5,-0.13,-0.01,-0.4,1
27.7,6.98,15.7,-0.05,0.04,5.3,1
29.39,6.61,16.9,-0.13,-0.02,-1.3,1
26.0,7.14,9.2,-0.01,0.03,0.2,1
26.27,6.72,14.7,-0.26,0.02,1.3,1
26.07,7.26,5.5,-0.05,0.04,-0.4,1
29.93,7.35,4.3,0.47,0.01,-1.0,1
28.99,6.97,10.6,0.32,0.04,-0.9,1
25.97,6.68,13.5,-0.07,-0.01,-0.2,1
27.31,6.84,16.0,0.03,0.01,1.9,1
26.82,7.19,8.7,0.25,-0.02,0.0,1
29.01,6.93,10.2,0.27,0.0,-0.3,1
28.06,6.92,16.9,-0.12,0.03,0.7,1
30.14,7.31,9.3,-0.49,-0.06,0.1,1
27.25,6.96,7.0,0.23,0.01,0.0,1
26.31,7.25,9.1,-0.04,0.0,1.1,1
27.52,6.85,28.6,0.34,0.09,-2.3,0
27.04,7.07,12.5,0.27,-0.01,0.0,1
26.62,6.85,14.7,0.08,-0.03,0.1,1
29.85,7.09,13.6,-0.1,0.0,0.8,1
25.7,6.81,14.0,-0.05,0.02,0.3,1
27.79,6.65,16.7,-0.03,-0.04,0.1,1
28.12,6.71,15.2,0.11,0.03,-0.8,1
30.75,7.17,12.0,0.15,0.06,-0.2,1
28.97,6.92,13.9,-0.29,0.0,0.5,1
28.35,7.28,6.8,-0.17,0.02,0.0,1
27.42,6.93,11.9,-0.12,-0.01,-0.2,1
26.8,7.08,8.8,0.37,0.01,-0.1,1
28.7,7.11,8.8,0.32,0.05,-1.0,1
28.12,6.87,14.9,-0.02,0.03,0.1,1
27.87,7.25,6.3,-0.08,0.0,0.5,1
35.44,6.76,23.3,-0.19,-0.06,1.2,0
28.37,7.3,7.4,0.07,-0.02,0.4,1
29.53,6.51,18.5,0.35,0.02,-0.1,1
27.85,7.07,13.0,-0.28,-0.02,-1.0,1
28.97,7.09,10.2,0.07,-0.02,0.0,1
29.87,6.95,32.9,-0.24,-0.04,17.0,0
29.53,7.48,5.7,-0.15,0.02,-0.7,1
28.55,7.27,7.0,-0.09,-0.01,0.4,1
27.22,7.19,7.1,-0.04,-0.02,-1.6,1
30.37,6.76,26.6,0.19,0.0,-1.5,0
27.52,7.01,17.1,-0.17,-0.04,1.7,1
27.62,6.47,16.7,0.06,-0.04,0.3,0
25.72,6.79,12.5,-0.24,-0.02,-0.9,0
27.44,7.15,9.6,-0.08,-0.01,-0.6,1
25.0,7.54,9.2,0.9,0.0,0.2,0
29.64,6.95,12.1,0.01,0.0,0.8,1
29.72,7.02,11.7,0.23,0.03,-0.1,1
27.58,6.93,14.6,0.0,-0.03,-0.5,1
26.91,7.1,5.7,0.06,0.0,0.2,1
28.4,6.65,16.8,0.01,0.0,0.6,1
31.28,6.69,21.1,-0.03,0.02,-0.2,0
27.88,6.73,15.8,-0.1,-0.04,0.7,1
28.47,6.69,16.8,-0.07,0.01,-0.2,1
29.41,6.59,20.4,0.27,0.09,0.5,1
27.78,6.99,5.9,-0.08,-0.04,-0.6,1
27.48,6.69,16.8,0.13,0.06,-0.3,1
26.63,6.63,14.2,0.1,0.04,-0.1,1
27.45,7.23,8.8,0.12,0.02,-0.2,1
28.96,6.91,17.2,0.32,0.02,0.3,1
31.05,6.65,18.3,0.1,0.0,0.6,1
25.76,7.32,2.7,-0.09,-0.01,0.1,1
25.95,7.06,9.5,0.05,0.07,0.0,1
28.46,7.2,2.4,-0.02,0.01,-0.7,1
26.46,7.2,17.4,0.04,0.01,-1.2,1
27.65,7.11,10.3,0.03,-0.01,0.5,1
28.9,6.61,17.7,-0.01,-0.03,-2.8,1
31.39,6.52,22.1,0.02,0.03,0.3,0
26.13,6.63,18.0,-0.09,-0.02,1.2,1
26.83,7.25,6.1,0.18,-0.11,0.9,1
28.05,6.55,18.1,-0.06,-0.04,1.9,1
28.71,7.17,7.7,-0.05,-0.02,0.1,1
26.85,7.11,5.1,-0.12,-0.03,0.5,1
30.24,7.06,14.8,-0.13,-0.02,-0.4,1
29.35,6.8,17.3,0.14,-0.02,-0.7,0
27.97,7.03,15.5,0.05,0.02,-0.4,1
27.33,6.82,9.0,0.09,-0.03,-0.3,1
29.72,7.27,6.8,0.03,-0.03,1.2,1
26.27,7.21,26.4,-0.26,0.01,-1.4,0
30.42,7.17,10.6,0.14,0.0,0.4,1
27.5,6.82,10.3,-0.12,-0.04,0.8,1
28.25,7.3,5.3,-0.12,0.01,-0.1,1
27.17,7.28,11.7,-0.22,0.03,6.6,1
29.29,6.99,18.3,-0.05,0.0,2.2,1
31.47,6.79,18.5,0.2,-0.06,-0.2,1
29.35,6.87,16.8,0.19,-0.02,-0.1,1
31.92,6.99,12.9,-0.05,0.03,0.5,0
28.57,6.96,14.1,0.25,-0.01,1.0,1
29.36,6.89,19.4,0.06,-0.04,1.0,1
28.3,6.73,18.8,0.35,-0.03,0.7,1
25.77,7.15,17.8,0.03,-0.01,-1.1,0
26.75,6.61,16.1,0.0,-0.01,0.3,1
27.56,6.92,16.7,-0.21,0.03,0.2,1
28.53,7.1,9.4,-0.12,-0.03,0.8,1
27.39,6.94,10.6,0.06,-0.01,-0.5,1
31.75,7.22,13.7,0.09,0.03,-0.3,0
30.11,7.06,11.5,0.02,-0.01,0.2,1
29.79,6.64,16.8,2.36,-0.01,0.5,0
26.11,7.32,6.2,0.08,0.02,1.5,1
25.93,6.92,13.5,-0.52,-0.04,0.4,1
28.78,7.46,5.7,0.06,0.01,0.8,1
27.43,7.04,6.1,-0.04,-0.01,-1.5,1
30.0,7.53,6.3,0.02,-0.03,-1.2,1
26.78,6.72,14.3,0.07,0.03,0.6,1
27.69,6.86,17.8,-0.41,-0.05,-0.6,1
26.54,7.11,6.2,-0.16,0.03,-0.3,1
27.01,7.33,14.6,-0.06,-0.05,5.5,1
26.71,6.59,16.3,-0.36,0.04,0.0,1
28.44,7.01,11.0,0.14,-0.01,0.0,1
29.82,7.18,11.6,-0.16,0.05,-0.6,1
26.39,7.06,5.4,-0.17,-0.01,-0.2,1
28.12,7.18,10.3,-0.05,-0.02,1.0,1
28.26,7.19,18.6,-0.18,0.0,-1.1,1
26.99,6.85,31.1,0.02,0.0,-0.1,0
27.64,7.12,6.6,0.19,0.01,-0.6,1
26.45,6.91,13.1,0.37,0.05,0.2,1
30.93,7.54,4.7,-0.2,0.01,-0.7,1
28.38,7.26,5.1,0.07,0.05,0.7,1
26.55,6.9,14.1,-0.01,0.04,1.0,1
26.27,6.81,11.6,0.04,-0.02,-0.8,1
28.87,6.88,17.0,-0.2,0.01,-0.2,1
30.01,7.33,15.5,0.25,0.0,-0.4,1
26.6,6.59,16.2,0.13,0.0,-0.5,1
27.16,6.68,16.7,0.08,0.01,-0.8,1
27.05,6.97,15.1,-0.09,0.05,-0.5,1
26.1,7.03,8.1,0.13,-0.04,-0.7,1
28.46,7.58,15.9,-0.33,0.71,0.7,0
25.42,6.75,13.9,-0.22,0.01,0.6,1
26.42,7.18,5.5,-0.05,0.0,-0.2,1
30.45,7.24,9.3,-0.08,0.04,-0.3,1
29.12,7.31,13.8,-0.31,-0.01,-2.7,1
26.85,6.95,17.3,0.11,0.1,-0.8,1
26.37,7.3,3.2,-0.19,-0.03,1.2,1
31.51,6.83,18.2,2.29,-0.02,-0.9,0
30.84,7.07,13.2,0.1,0.0,0.9,1
28.34,7.06,10.8,-0.19,-0.02,0.3,1
28.12,7.48,8.1,-0.07,0.0,-0.7,1
27.7,6.87,15.2,-0.03,-0.03,-0.6,1
28.36,7.32,8.0,0.17,0.13,0.5,1
28.02,7.32,8.9,-0.36,0.02,-1.3,1
29.68,7.41,6.2,-0.03,-0.01,0.2,1
26.64,7.1,7.5,0.06,0.03,-1.8,1
25.71,7.08,8.7,0.02,0.01,-0.2,1
27.76,6.67,15.9,-0.23,-0.07,0.3,1
27.4,6.91,10.2,-0.03,0.0,-0.1,1
26.57,7.01,14.4,0.03,0.05,0.7,1
27.18,6.95,5.9,-0.1,-0.06,-1.4,1
29.39,6.84,17.4,0.06,0.05,0.9,1
32.82,7.07,12.7,-0.03,-0.01,0.7,0
30.24,6.86,11.5,-0.08,0.02,-0.5,1
26.49,7.07,5.4,-0.06,0.0,-0.7,1
27.26,7.1,5.4,0.02,-0.04,-0.6,1
26.27,7.07,8.1,-0.1,-0.02,-0.4,1
24.82,7.23,15.7,0.06,-0.11,-1.5,0
26.63,6.94,12.2,-0.21,0.0,0.5,1
28.63,7.22,11.6,0.25,0.02,0.4,1
27.23,7.06,7.0,0.18,-0.08,-0.1,1
29.72,7.35,5.5,-0.02,-0.07,-0.3,1
27.72,7.28,10.1,-0.24,0.04,6.1,1
28.48,6.85,12.6,-0.21,-0.02,-1.4,1
27.44,6.78,19.1,0.03,0.02,-2.2,1
29.57,7.23,11.9,0.04,0.0,0.1,1
26.72,6.75,13.0,0.07,-0.02,-0.9,0
30.01,7.49,8.4,-0.02,0.0,-0.8,1
28.1,7.26,9.7,-0.16,-0.07,1.7,1
29.5,7.35,4.7,-0.19,-0.04,0.0,1
26.05,7.16,12.9,0.11,0.03,-1.8,1
26.72,6.5,16.2,-0.05,-0.03,-0.1,1
31.46,7.02,12.5,-0.02,-0.02,-0.2,0
25.92,7.2,23.0,-0.07,0.01,-0.7,0
30.14,7.5,7.0,-0.04,-0.02,-0.9,1
29.32,7.31,12.7,0.2,0.0,-1.1,1
26.71,6.73,22.2,0.14,0.05,0.4,1
26.58,6.7,14.7,-0.39,-0.01,0.0,1
26.76,6.6,23.4,-0.1,0.05,1.1,0
29.43,7.08,12.8,-0.17,0.0,-0.3,1
25.83,6.83,14.7,0.02,-0.02,-0.5,0
27.88,7.39,2.3,-0.02,0.02,-0.5,1
26.35,7.27,4.6,-0.02,-0.02,0.3,1
28.36,6.97,11.6,0.15,-0.01,0.4,1
27.73,6.79,24.3,0.58,0.09,6.0,0
26.74,7.11,10.0,-0.01,0.01,-0.4,1
30.41,7.31,7.3,0.01,0.05,0.0,1
28.83,6.64,24.6,0.06,-0.01,3.1,0
27.83,7.0,10.2,-0.05,0.0,0.2,1
27.53,6.92,10.8,-0.19,0.06,0.6,1
28.17,7.0,15.8,0.47,0.02,0.1,1
27.79,7.29,7.6,-0.3,0.0,1.2,1
31.34,7.2,12.8,-0.03,-0.01,1.6,1
26.77,6.85,14.0,0.06,-0.06,0.4,1
26.35,7.25,8.0,-0.19,0.05,-1.7,1
32.08,7.06,15.3,0.0,-0.03,0.1,0
30.49,7.55,4.0,-0.24,-0.07,-0.3,1
28.2,6.89,4.0,-0.27,-0.02,-0.8,1
26.12,7.17,4.9,0.02,0.27,0.5,1
26.36,7.14,4.8,-0.01,-0.01,0.5,1
30.64,7.05,12.6,0.11,0.02,-0.5,0
27.01,7.34,4.9,-0.14,0.06,-1.1,1
29.53,7.42,6.6,-0.06,0.02,2.0,1
29.64,7.39,4.2,0.28,-0.07,-0.4,1
31.46,7.39,7.0,0.01,0.08,-0.4,1
30.67,7.23,9.3,0.0,0.02,-0.3,1
26.95,6.84,13.3,0.09,-0.01,0.2,1
30.27,7.34,9.0,-0.17,-0.02,0.2,1
28.66,7.05,9.7,-0.06,-0.05,0.8,1
26.42,6.9,3.3,-0.11,0.0,-0.9,1
26.56,7.16,12.5,0.19,0.01,-0.8,1
26.54,6.81,18.6,-0.15,0.02,0.9,1
28.94,7.45,12.3,-0.07,0.01,0.4,1
28.14,7.02,9.3,-0.23,0.02,-0.3,1
27.98,6.67,20.1,0.51,0.0,-0.7,1
25.85,7.34,3.1,0.06,0.01,0.2,1
27.99,7.07,18.1,-0.08,0.08,1.4,1
28.75,7.03,8.8,0.16,-0.01,-0.2,1
30.69,6.71,21.7,-0.18,0.0,1.1,0
26.54,7.2,9.7,0.11,0.0,0.6,1
29.58,6.76,15.9,-0.1,-0.13,-0.2,1
28.09,7.21,7.5,0.15,0.01,-0.2,1
25.89,6.91,10.7,-0.06,-0.01,-0.8,1
29.34,7.23,12.8,-0.19,-0.02,-0.4,1
27.64,6.62,17.3,-0.11,0.01,-0.1,0
27.97,7.19,3.2,-0.11,0.01,0.0,1
28.63,7.04,9.1,0.3,0.02,-0.1,1
25.93,6.64,11.5,-0.03,0.09,-4.1,1
28.13,7.16,10.1,-0.11,0.04,-0.8,1
28.46,6.83,12.0,0.4,-0.02,0.0,1
27.92,7.2,11.7,0.1,0.11,0.9,1
31.67,6.71,16.6,-0.08,0.01,-0.6,1
30.65,7.04,11.4,-0.12,-0.02,-0.2,1
26.39,7.06,10.5,-0.01,0.01,0.0,1
27.82,7.33,3.4,0.08,0.04,0.1,1
28.24,8.17,16.6,0.15,-0.12,-0.6,1
27.08,6.94,26.3,-0.25,0.02,1.4,0
30.3,7.11,14.3,0.08,0.05,1.5,1
26.45,7.08,7.9,-0.01,-0.01,1.5,1
25.6,7.16,6.8,0.16,-0.04,-0.9,0
26.0,7.01,9.4,-0.16,-0.05,-0.4,1
26.53,6.9,4.2,-0.14,0.0,2.2,1
32.88,7.23,9.3,0.33,-0.04,0.7,0
30.82,6.96,11.9,0.03,-0.01,1.1,1
26.56,7.17,3.7,-0.04,-0.04,-0.3,1
25.93,6.63,15.0,0.02,0.09,2.4,1
27.84,7.1,9.1,-0.26,-0.01,0.0,1
29.97,6.89,13.4,0.24,0.01,-0.1,1
29.42,7.38,5.0,-0.13,-0.01,-0.2,1
30.52,6.85,16.0,0.15,-0.06,0.2,1
26.65,6.53,27.8,-0.05,-0.01,-0.1,0
29.4,7.43,5.0,-0.12,-0.03,-0.3,1
27.43,6.83,10.0,0.09,-0.01,-0.1,1
27.45,6.93,12.8,-0.16,-0.01,0.6,1
27.48,6.96,14.7,0.27,-0.05,-0.4,1
29.01,6.96,16.5,-0.06,-0.03,2.9,1
30.9,7.2,12.2,-0.19,0.02,0.7,1
30.26,7.37,6.2,-0.32,-0.02,0.0,1
27.53,6.78,18.8,0.09,0.0,-0.3,1
27.57,6.83,9.8,0.14,0.01,-0.4,1
26.01,7.12,4.7,-0.19,-0.03,0.0,1
27.21,7.27,26.4,-0.31,-0.01,1.7,0
29.65,7.27,10.5,-0.28,0.01,1.1,1
28.09,6.53,50.8,0.04,0.0,4.6,0
30.16,6.97,18.4,0.44,-0.01,1.8,1
27.25,7.37,14.0,-0.18,0.03,0.2,1
28.2,6.53,19.7,0.27,0.0,-0.3,1
30.87,7.33,6.3,0.46,-0.09,-0.3,1
29.12,6.92,13.0,0.01,-0.04,-0.4,1
27.39,6.01,4.0,-0.01,0.01,0.0,0
27.0,6.97,11.8,0.0,-0.01,-2.9,1
28.91,7.43,6.2,-0.17,-0.01,0.4,1
30.02,7.49,8.6,-0.16,-0.01,4.0,1
28.86,6.85,16.4,-0.06,-0.03,0.7,1
29.53,7.44,4.2,0.13,0.0,-0.7,1
28.44,7.08,11.1,0.02,0.04,0.4,1
28.91,7.32,5.4,-0.16,0.0,0.2,1
26.75,6.57,15.4,0.03,-0.1,-0.2,0
29.09,7.21,9.9,-0.38,-0.05,1.6,1
27.96,7.06,7.7,0.11,0.02,-1.7,1
25.93,7.27,3.1,0.07,0.04,-0.2,1
27.09,6.62,16.7,-2.03,-0.01,0.2,0
28.05,6.68,20.4,0.25,0.02,-0.6,1
28.42,7.15,11.9,0.26,-0.02,1.5,1
26.25,6.77,13.0,-0.15,0.0,-0.2,1
26.91,7.28,7.2,-0.04,-0.05,-0.3,1
26.07,7.05,11.0,0.1,0.03,1.7,1
26.94,6.62,16.3,-0.08,0.0,-0.7,1
26.43,7.15,4.5,2.94,-0.05,0.3,0
27.45,7.03,17.8,-0.1,0.01,1.2,1
32.36,7.23,9.1,-0.35,0.01,0.3,1
28.77,7.36,3.9,0.1,-0.01,0.0,1
26.47,6.88,9.3,0.26,0.02,0.0,1
27.89,7.19,7.2,-0.21,-0.11,0.3,1
26.23,6.94,11.7,-0.08,0.01,-2.2,0
26.32,6.67,13.6,0.03,-0.03,0.1,1
28.69,7.23,7.0,-0.06,0.0,-1.5,1
25.96,6.62,18.9,0.05,0.03,-0.6,0
30.32,7.32,8.7,0.0,0.04,0.9,1
26.47,7.06,8.1,0.09,0.04,-0.4,1
28.77,7.36,8.7,-0.12,0.02,2.4,1
25.97,6.71,12.9,-0.02,0.01,0.0,1
27.6,7.1,7.7,0.1,0.02,-0.9,1
27.7,7.04,13.4,-0.03,0.01,-1.0,1
28.98,7.24,7.5,0.25,0.04,-0.9,1
27.33,6.83,26.5,-0.27,0.05,1.5,0
27.08,6.95,19.9,0.08,-0.02,-1.4,0
25.49,6.85,12.6,-0.41,-0.03,0.1,1
30.16,7.51,3.4,-0.07,0.03,-0.4,1
28.16,6.72,18.3,0.09,0.01,-0.5,1
25.41,6.54,18.4,-0.16,0.04,-0.5,1
26.22,7.17,6.4,-0.59,-0.09,-0.2,1
29.16,6.89,16.9,-0.23,-0.01,2.2,1
30.15,7.06,11.8,0.03,0.0,0.5,1
25.5,7.13,5.2,0.11,-0.02,1.5,1
28.44,6.91,10.1,0.23,0.0,-0.3,1
28.57,6.93,12.7,0.13,0.03,-1.3,1
27.6,6.78,17.8,-0.29,0.04,0.8,1
27.79,7.1,11.2,-0.05,0.02,-0.4,1
28.49,7.28,7.2,0.02,0.02,-0.3,1
28.27,7.02,8.5,0.26,0.01,0.3,1
26.32,6.96,11.4,-0.1,0.1,-0.2,1
29.94,7.2,19.6,-0.1,0.0,7.4,1
32.18,7.45,8.0,0.13,-0.03,1.2,0
27.16,7.16,5.9,-0.12,0.01,-0.1,1
27.47,6.94,12.9,0.34,-0.02,3.1,1
26.77,6.79,13.2,0.18,0.05,-0.5,1
26.54,6.7,16.5,0.01,-0.01,-0.2,1
26.16,7.06,9.8,0.28,0.01,1.1,1
25.72,7.06,10.9,-0.38,0.04,-0.1,0
31.55,7.27,11.1,-0.03,0.0,-0.4,1
28.03,7.12,7.3,0.0,-0.05,-2.5,1
28.6,7.12,9.5,0.08,-0.02,-0.8,1
25.97,7.08,5.8,0.3,-0.02,-0.3,1
27.79,7.31,10.1,0.07,0.03,-0.3,1
25.64,6.55,13.9,-0.01,0.0,0.8,1
28.96,6.94,10.3,0.12,0.01,-0.1,1
29.47,7.3,8.8,0.01,0.01,-0.5,1
28.4,7.21,9.7,0.2,0.03,-0.1,1
28.51,6.93,13.1,-0.33,0.01,0.2,1
30.62,7.0,13.9,-0.2,0.0,0.2,1
28.99,7.2,8.8,0.16,-0.01,0.4,1
28.98,7.31,12.6,-0.01,-0.03,-0.6,1
27.63,7.14,10.4,-0.12,-0.01,1.1,1
26.42,7.02,13.3,-0.17,0.0,-0.7,1
29.76,6.98,14.5,0.13,0.02,0.9,1
30.37,6.6,19.8,0.32,0.05,-0.9,1
26.85,7.08,9.3,-0.04,0.02,-0.4,1
26.46,6.6,15.6,-0.2,-0.01,0.2,1
30.5,7.0,24.7,-0.02,-0.01,5.5,0
28.39,7.35,8.4,0.11,-0.01,-0.4,1
27.73,6.85,15.1,0.01,0.05,0.0,1
26.59,6.97,20.2,-0.08,-0.01,-1.4,0
26.52,7.07,9.2,0.04,0.01,1.0,1
26.22,6.97,11.2,0.2,-0.02,0.1,1
27.45,7.02,8.8,0.24,0.03,0.0,1
28.73,7.16,16.4,0.1,0.06,-1.0,1
26.1,7.12,6.6,-0.02,-0.01,-0.2,1
27.17,7.27,7.8,-0.02,0.01,1.9,1
28.91,7.38,13.7,0.24,-0.03,0.4,1
29.78,7.54,5.8,0.19,0.09,-0.7,1
27.19,6.88,11.2,0.19,-0.03,0.3,1
30.36,7.47,6.6,-0.16,-0.03,-0.1,1
27.67,6.9,9.1,0.15,-0.04,-0.3,1
29.04,7.11,8.3,-0.09,0.0,-0.3,1
27.99,7.14,6.8,0.17,0.04,-0.4,1
25.74,7.2,6.8,-0.12,-0.04,0.2,1
29.5,6.7,20.8,0.17,0.01,-0.9,1
26.41,7.06,3.4,-0.11,-0.02,-0.1,1
28.34,6.85,15.1,0.01,-0.02,0.0,1
28.31,7.17,2.8,-0.25,0.03,-0.3,1
26.95,7.36,3.9,-0.31,-0.01,-0.5,1
27.55,6.95,20.3,-0.21,0.0,-1.8,1
27.5,6.95,7.0,0.1,0.0,0.3,1
26.59,7.06,9.8,-0.3,0.01,-0.4,1
27.71,6.98,12.2,-0.24,-0.01,-0.7,1
25.92,7.21,3.9,-0.06,0.01,0.8,1
29.27,7.42,17.4,-0.25,0.03,1.9,1
30.14,7.33,6.0,0.44,0.02,-2.2,1
26.64,6.77,15.1,0.16,0.0,-0.8,1
29.08,6.82,17.1,-0.22,-0.01,-0.5,1
28.97,6.82,18.3,0.08,0.02,0.5,1
29.71,7.19,10.5,0.29,-0.05,1.4,1
28.38,7.3,10.2,-0.03,-0.05,0.6,1
31.02,7.12,10.8,-0.09,0.05,0.1,1
27.66,6.67,18.5,-0.08,0.19,1.0,1
29.65,6.9,17.7,0.29,0.01,-1.7,1
30.11,7.24,8.1,-0.01,0.0,-2.2,1
26.47,6.85,10.7,-0.04,-0.01,-0.4,1
30.18,7.4,7.7,0.0,0.08,0.2,1
28.53,6.89,12.2,-0.02,0.01,0.2,1
26.14,7.11,4.5,-0.27,0.05,1.1,1
30.17,7.29,9.7,-0.03,0.01,-0.2,1
28.69,6.87,15.1,-0.01,-0.03,0.0,1
28.91,7.23,10.7,0.34,-0.02,1.0,1
28.22,7.39,5.1,-0.05,-0.02,0.0,1
26.21,7.16,6.0,0.16,0.02,0.6,1
27.21,7.37,2.9,-0.1,-0.03,-0.3,1
25.87,7.14,5.5,-0.01,0.0,1.2,1
26.31,6.7,15.9,0.2,0.02,-0.6,1
27.91,6.82,17.6,0.0,0.0,1.5,1
30.17,7.25,9.4,0.05,0.05,1.1,1
29.13,7.47,4.2,-0.06,0.01,-1.0,1
31.67,7.29,11.9,0.2,-0.02,-0.4,0
29.65,7.4,16.2,-0.46,0.0,5.7,1
26.54,6.76,16.5,-0.2,-0.07,-0.1,0
28.02,6.84,19.4,-0.04,-0.02,-0.5,1
29.28,7.01,13.9,-0.19,-0.02,0.0,1
28.45,7.16,5.0,0.15,-0.03,-0.2,1
26.56,7.05,8.3,0.04,0.01,0.1,1
30.85,7.16,11.7,-0.22,0.04,-0.7,1
26.8,6.93,14.3,-0.46,0.01,-0.9,1
29.14,7.27,7.9,-0.08,0.0,-1.0,1
29.65,7.3,7.2,0.17,0.0,-0.5,1
31.05,6.58,21.8,-0.2,-0.01,-0.7,1
27.69,6.96,15.6,-0.04,0.0,-0.2,1
30.23,7.11,11.8,-0.1,0.03,0.5,1
26.71,6.53,29.3,0.06,0.0,1.5,0
26.8,7.04,8.0,0.38,-0.05,0.1,1
28.05,7.19,7.6,-0.14,0.0,-0.5,1
28.77,6.68,28.8,0.0,0.04,2.6,0
26.01,6.85,15.1,-0.19,0.03,0.9,0
26.88,6.61,16.2,0.02,0.03,1.0,1
27.69,7.38,11.1,0.46,0.02,1.2,1
28.3,6.61,17.0,-0.1,-0.02,0.6,0
27.11,7.3,2.0,-0.08,-0.01,-0.4,1
26.62,6.64,15.6,-0.01,0.01,-0.1,1
28.31,7.12,20.6,-0.1,0.02,-1.2,0
30.39,7.48,7.7,-0.02,0.0,0.4,1
30.09,6.55,17.3,0.35,-0.01,-1.2,1
28.14,7.25,7.0,0.5,-0.01,-0.4,1
30.32,7.09,10.7,0.35,-0.01,-0.4,1
29.91,7.52,7.7,-0.26,0.04,-0.7,1
27.59,7.0,6.1,0.25,-0.08,-0.4,1
26.15,7.19,3.0,0.13,0.03,-0.4,1
32.47,7.37,6.7,0.17,0.01,-0.5,1
26.88,7.03,5.6,0.16,0.06,0.8,1
28.44,7.48,5.4,-0.09,0.06,0.0,1
26.73,6.69,16.0,0.01,0.03,0.2,1
26.62,6.97,13.2,-0.32,0.05,3.8,1
27.78,6.96,13.8,0.04,0.04,-0.6,1
27.26,7.15,16.3,-0.05,-0.02,7.2,1
27.27,6.75,16.4,0.08,-0.06,1.3,1
30.05,7.15,15.5,0.17,-0.01,-1.4,1
30.63,7.03,12.9,0.16,-0.01,0.4,1
28.41,6.75,20.1,-0.33,0.01,0.4,1
27.63,6.8,21.1,0.25,-0.02,1.7,1
29.15,7.27,11.0,-0.29,-0.05,-3.2,1
27.69,7.05,15.4,0.07,-0.04,0.1,1
26.64,7.09,22.8,-0.33,0.0,-2.3,1
27.26,7.28,11.8,0.12,0.0,3.3,1
27.49,6.89,19.9,0.0,0.01,0.0,1
27.75,6.94,10.4,0.18,-0.01,3.0,1
26.3,6.86,16.9,0.17,0.0,3.5,1
30.03,7.27,10.8,0.15,-0.02,-0.4,0
27.46,7.18,22.0,0.01,-0.07,1.2,0
27.59,7.05,10.5,0.31,0.01,-0.9,1
27.67,7.47,7.2,-0.18,0.0,0.0,1
30.85,7.01,15.8,0.07,0.0,1.0,1
31.09,7.02,17.0,0.0,0.08,-1.4,1
27.9,7.51,8.6,0.0,-0.05,0.2,1
26.25,7.12,6.4,-0.04,-0.02,-6.5,0
26.18,7.37,20.2,-0.09,0.03,-0.4,1
29.3,7.26,17.2,0.1,0.11,-4.1,1
30.97,7.1,9.6,0.04,-0.04,-0.3,1
28.99,7.23,7.7,0.01,-0.01,0.2,1
26.55,6.86,12.3,0.12,-0.02,1.0,1
27.21,6.67,14.5,-0.16,0.05,0.3,1
26.77,6.8,14.4,0.11,-0.04,0.4,1
28.9,6.89,14.4,0.0,0.01,-0.5,1
28.38,6.64,17.1,0.16,0.04,-1.3,1
27.69,7.12,8.2,0.06,-0.02,0.6,1
25.82,7.3,6.4,-0.28,-0.01,0.2,1
27.05,6.93,13.7,0.27,-0.03,0.5,1
28.85,7.05,11.1,0.03,-0.05,0.0,1
30.43,6.66,17.6,-0.06,-0.1,-0.2,1
28.29,7.17,3.7,0.11,-0.01,0.0,1
27.84,6.6,14.0,-0.12,-0.02,0.1,1
26.5,7.13,11.6,0.04,0.03,-0.1,1
26.88,7.01,9.5,0.18,0.02,0.3,1
27.1,7.09,11.9,0.16,0.02,0.6,1
25.66,6.84,12.7,-0.02,-0.04,0.0,1
27.38,7.4,1.8,0.08,0.0,-0.6,1
26.5,7.22,4.4,0.1,-0.01,-1.0,1
29.29,7.29,9.4,0.01,0.01,-0.1,1
30.95,7.42,5.8,0.19,-0.02,1.1,1
27.08,7.04,3.9,-0.66,0.36,-11.9,1
27.03,7.27,22.1,-0.2,-0.04,1.7,0
26.95,7.08,7.1,0.23,-0.05,0.2,1
27.09,7.27,3.5,-0.01,0.01,0.1,1
27.54,7.1,9.0,0.41,0.04,-0.7,1
27.45,7.39,3.0,0.07,0.0,0.2,1
26.9,6.79,11.7,0.2,-0.01,-0.7,1
29.23,7.25,6.5,0.11,0.01,-0.9,1
29.04,6.92,15.1,-0.17,0.04,-1.4,0
31.44,7.23,11.0,0.0,0.01,0.1,1
26.98,6.95,9.1,0.13,-0.02,0.2,1
28.21,6.78,17.2,-0.05,0.02,2.4,0
26.96,7.27,11.1,0.05,0.01,2.2,1
28.52,7.28,10.3,-0.02,-0.02,0.7,1
26.51,7.07,6.0,-0.24,-0.03,-0.1,1
28.54,7.3,9.6,0.0,0.02,-0.6,1
26.11,6.63,15.1,-0.08,-0.01,-0.3,0
27.28,6.88,16.4,0.06,-0.02,-0.5,1
25.72,6.71,11.6,-0.18,-0.02,-0.1,1
26.14,7.16,3.2,0.11,0.0,-0.1,1
28.31,6.8,18.6,-0.14,0.0,-0.5,0
27.54,7.18,21.2,-0.1,0.01,-1.8,0
27.67,6.73,20.4,-0.09,-0.03,0.1,1
28.97,7.47,6.6,-0.49,0.0,1.2,1
26.01,6.73,15.5,-0.06,0.0,0.0,1
28.59,7.0,16.9,0.07,0.0,0.5,1
26.01,7.1,8.9,0.16,0.03,-1.1,1
26.84,6.92,12.7,-0.15,-0.04,1.0,1
27.11,6.85,9.3,0.08,-0.01,-0.3,1
28.77,6.55,16.6,0.31,-0.01,-1.3,1
29.53,7.23,11.8,-0.44,-0.01,-1.9,1
30.41,7.05,10.8,0.14,0.02,-0.9,1
25.67,7.12,8.5,-0.09,0.05,0.1,1
27.28,7.41,5.7,-0.1,-0.03,-1.0,1
26.36,7.24,4.5,0.01,-0.03,-0.1,1
31.51,7.38,10.5,0.14,0.0,0.8,1
26.86,7.28,3.0,0.04,0.02,0.1,1
28.22,7.27,8.7,0.35,0.03,0.3,1
26.44,6.9,11.4,-0.41,0.03,-0.9,1
26.47,6.98,8.5,0.16,0.0,-0.7,1
25.86,7.24,6.6,-0.22,-0.02,0.6,1
32.94,7.24,8.8,0.26,-0.06,0.4,0
29.65,7.46,8.1,0.18,0.25,-2.8,1
31.02,6.69,19.7,0.17,0.01,1.1,0
27.52,7.03,6.0,0.02,0.01,-0.2,1
27.8,7.03,8.8,0.08,-0.01,-0.6,1
26.65,6.98,9.1,-0.07,0.0,-0.2,1
26.8,7.26,8.7,0.06,-0.02,-0.6,1
26.94,6.92,9.4,0.09,0.0,1.2,1
27.73,6.9,15.8,0.24,0.04,-0.6,1
27.07,6.71,14.7,0.11,0.03,0.0,1
29.95,7.19,13.9,0.14,-0.02,-1.0,1
27.72,7.04,9.4,-0.11,-0.02,0.2,1
26.64,7.14,5.6,0.24,0.0,0.2,1
25.53,7.19,6.6,0.05,-0.03,1.6,1
29.5,7.02,12.3,0.17,0.0,1.2,1
28.25,6.72,18.2,-0.05,-0.02,-0.2,1
28.21,7.05,7.7,2.63,-0.01,-0.4,0
29.15,7.1,9.0,-0.07,-0.05,0.7,1
28.58,6.97,16.2,-0.1,0.01,-0.9,1
27.58,6.99,5.8,0.06,-0.04,-0.2,1
30.22,7.65,20.4,-0.02,0.7,-2.8,0
28.53,6.98,9.1,2.81,-0.03,0.8,0
29.55,6.96,14.2,0.4,0.06,-0.5,1
28.16,6.94,14.5,0.0,-0.03,-0.6,1
29.74,7.11,13.4,0.05,0.03,-7.6,1
26.56,6.65,17.8,-0.03,0.07,-0.5,1
28.99,7.34,13.2,-0.07,0.03,-0.1,1
29.26,6.9,11.6,-0.04,-0.01,0.6,1
29.91,7.49,3.9,-0.11,-0.02,-0.1,1
27.98,7.12,11.5,0.07,-0.02,0.7,1
26.54,7.07,10.1,-0.24,-0.05,1.4,1
29.3,7.19,9.2,-0.08,-0.03,-1.7,0
25.71,6.89,14.7,0.02,-0.03,-0.1,1
25.33,7.17,7.4,0.48,0.05,-1.7,0
26.24,6.98,13.3,0.13,-0.01,-1.7,1
26.4,7.28,4.0,0.36,-0.01,-0.1,1
30.09,7.31,5.4,0.03,0.04,-1.7,1
27.14,7.13,8.6,-0.13,-0.02,0.0,1
27.88,6.9,18.9,0.01,0.02,1.3,1
26.15,7.23,5.2,0.15,0.03,0.7,1
29.85,7.12,9.7,0.29,0.02,-1.3,1
29.15,6.53,42.9,-0.09,0.0,20.4,0
27.74,7.34,2.6,-0.07,-0.02,-0.4,1
29.04,7.12,17.5,-0.03,-0.01,-1.5,1
25.97,6.67,14.2,-0.05,-0.06,0.5,1
26.4,6.68,17.0,0.07,-0.03,-0.2,0
28.1,6.85,16.4,0.43,0.07,2.2,1
27.73,6.84,14.4,0.01,0.0,0.6,1
29.78,7.2,4.8,-0.03,0.03,0.4,1
27.32,7.14,7.2,0.11,-0.02,2.0,1
29.07,7.22,8.1,-0.24,-0.05,-1.0,1
28.23,7.27,7.0,0.14,-0.02,0.5,1
28.95,7.16,8.1,-0.26,-0.01,-0.7,1
29.12,7.11,15.3,-0.13,0.01,-0.5,1
30.88,7.31,7.1,-0.09,-0.02,-2.0,0
27.13,7.16,8.3,-0.2,-0.03,0.4,1
27.19,6.91,13.4,-0.15,-0.03,0.3,1
28.56,6.58,16.8,-0.14,-0.04,-0.4,1
26.16,7.06,4.9,-0.14,-0.05,0.2,1
28.3,6.8,24.0,0.17,0.09,5.0,0
29.04,7.34,4.8,0.22,-0.03,-4.7,1
29.69,6.9,11.8,0.27,-0.03,0.4,1
26.81,6.64,14.0,0.03,-0.01,0.3,1
26.96,6.92,7.5,0.02,0.0,-0.3,1
26.25,6.95,11.4,-0.2,-0.01,0.4,1
28.25,7.37,6.2,0.4,0.0,-0.3,1
29.39,6.9,14.7,0.08,-0.01,-0.5,1
26.49,6.97,8.1,-0.05,-0.2,-0.4,1
29.22,7.02,11.0,0.07,0.04,0.6,1
28.78,7.19,9.7,-0.31,-0.02,-0.2,1
26.3,7.11,4.7,0.16,0.0,0.2,1
26.69,6.83,15.2,0.32,0.02,0.4,0
26.33,6.97,8.0,0.14,-0.03,-1.8,1
27.77,7.25,5.4,-0.08,-0.04,-1.4,1
25.83,7.22,5.3,-0.29,-0.06,-1.4,1
27.45,7.28,7.5,0.01,-0.01,-0.5,1
29.91,7.12,17.2,-0.09,0.01,-1.3,1
25.91,6.54,12.6,-0.09,-0.19,-1.4,1
27.61,7.08,10.1,0.11,0.0,-0.1,1
28.21,6.93,29.4,-0.15,0.02,-2.5,0
26.41,7.09,8.0,-0.15,-0.07,0.2,1
26.36,6.74,15.3,-0.16,-0.04,-0.5,0
26.44,6.92,9.2,0.01,0.0,0.0,1
26.43,6.67,15.3,-0.05,-0.07,-0.4,1
30.06,7.36,4.4,0.29,0.04,0.7,1
27.66,7.13,10.1,-0.01,0.03,-0.5,1
25.76,7.24,6.3,-0.33,0.0,-0.3,0
27.46,7.07,19.9,0.01,0.04,2.1,1
32.39,7.06,13.2,-0.45,0.01,-0.5,0
27.37,7.08,6.2,0.1,-0.01,-0.6,1
26.51,6.69,14.6,-0.2,-0.02,0.5,1
29.65,6.84,22.1,0.15,0.04,-1.8,1
28.92,7.21,9.0,0.01,0.0,0.3,1
27.67,6.9,9.7,0.32,-0.05,0.0,1
29.38,7.4,9.9,-0.06,0.0,-1.0,1
27.75,7.14,9.8,0.07,0.01,0.2,1
30.35,7.12,11.2,0.28,0.02,0.6,1
30.91,7.32,7.2,0.4,-0.04,0.4,1
30.13,6.6,18.7,0.32,0.02,0.1,0
27.95,7.21,26.9,-0.21,0.01,-1.6,0
25.98,7.32,2.6,-0.03,0.0,-0.1,1
31.0,7.34,8.4,0.29,0.03,-0.9,1
32.39,7.22,9.4,0.03,-0.01,0.3,0
25.53,6.92,17.0,-0.13,0.01,-1.1,1
27.1,6.54,16.4,0.18,-0.03,-1.0,1
28.97,6.77,13.1,0.12,0.02,0.8,1
28.91,7.08,9.7,0.14,0.03,0.8,1
26.31,7.15,7.3,0.06,0.03,0.9,1
28.93,6.65,22.3,-0.02,-0.01,-0.5,0
27.88,7.0,10.0,-0.07,0.01,0.2,1
27.09,6.7,23.1,-0.26,0.01,0.1,0
26.43,7.27,22.0,-0.02,0.06,1.2,1
28.21,7.19,9.2,0.09,0.01,-1.1,1
27.72,7.19,10.6,-0.18,0.0,-0.4,1
29.09,7.0,9.7,-0.17,0.03,-0.8,1
25.44,6.83,12.8,-0.56,0.0,0.0,1
30.17,7.48,8.4,0.15,-0.01,-0.2,1
27.15,7.37,6.9,0.0,0.04,0.6,1
26.71,6.69,13.7,0.0,0.02,-0.7,1
26.1,6.83,10.9,-0.4,0.01,0.0,1
28.74,6.49,52.3,0.07,-0.01,34.4,0
27.76,6.54,17.7,0.33,-0.03,-0.1,0
29.17,7.06,9.9,0.03,0.0,0.3,1
31.09,6.63,18.6,0.02,-0.02,-0.2,0
27.66,7.05,11.8,-0.11,-0.02,-0.4,1
27.54,6.94,12.1,-0.1,-0.01,-0.2,1
27.8,6.66,21.0,0.27,0.02,-1.4,1
29.54,6.79,16.1,-0.13,-0.09,1.0,1
30.72,7.16,11.1,-0.19,-0.01,-0.1,0
26.22,6.76,13.4,-0.05,-0.04,-0.2,1
27.97,7.22,6.5,-0.06,-0.02,-0.1,1
26.24,7.18,4.4,0.1,-0.05,-0.4,1
28.41,7.2,8.9,-0.21,0.0,-0.9,1
26.3,7.2,5.6,0.3,0.02,-1.3,1
26.87,6.57,15.3,-0.05,-0.05,-0.3,1
32.64,7.05,14.4,0.01,0.04,0.2,0
30.1,6.89,17.7,0.05,0.01,0.4,1
27.51,6.91,9.2,0.06,0.02,0.8,1
29.05,6.88,16.3,-0.05,-0.02,-0.1,1
27.37,6.91,14.8,-0.08,0.08,-0.9,1
26.93,7.15,6.4,-0.08,0.01,0.0,1
30.29,7.36,10.0,-0.52,-0.01,-0.2,1
26.49,6.81,12.4,-0.13,0.01,0.3,1
29.05,7.29,6.0,0.03,-0.02,0.2,1
26.72,6.64,13.8,0.12,0.0,1.0,1
26.52,6.83,12.0,-0.1,0.05,0.7,1
30.17,7.36,4.8,0.11,0.0,0.4,1
31.88,7.31,8.5,-0.15,0.02,-0.4,0
28.07,6.8,9.9,0.4,0.01,0.3,1
27.13,7.16,11.0,-0.22,-0.05,0.6,1
27.89,7.2,4.3,0.31,-0.01,0.3,1
27.6,7.15,9.5,0.07,0.06,-0.7,1
27.72,7.3,4.1,-0.08,0.01,0.3,1
25.82,6.63,14.8,0.16,0.01,0.8,1
27.88,7.16,6.2,0.24,0.04,-0.4,1
29.34,7.15,19.8,-0.21,-0.09,-0.5,1
28.16,6.87,17.4,-0.14,0.07,0.3,1
26.4,6.72,14.4,-0.09,-0.01,1.3,1
28.22,7.05,10.6,0.14,-0.02,0.6,1
26.65,6.82,15.1,-0.2,0.0,-1.3,1
27.72,7.03,10.6,0.08,0.04,-0.4,1
28.16,7.12,11.7,0.01,0.03,-1.3,1
26.24,7.04,11.2,-0.03,0.05,1.3,1
29.3,7.32,3.7,0.04,0.04,-0.8,1
27.17,6.73,15.1,-0.03,-0.03,-0.3,1
31.88,7.25,13.3,-0.08,0.03,-0.2,0
26.49,7.0,13.6,-0.09,0.03,0.7,1
28.88,7.07,11.0,0.03,0.02,-0.1,1
27.21,7.01,15.1,0.27,0.09,-0.4,1
27.47,7.24,5.5,-0.36,-0.01,-1.2,1
27.4,6.95,11.1,-0.08,-0.01,-0.1,1
28.07,6.88,16.3,0.03,0.02,-0.8,1
26.95,7.3,9.1,-0.09,0.02,-0.6,1
27.24,7.26,7.8,0.3,0.02,-1.2,1
30.33,6.85,15.4,-0.25,0.01,-0.2,1
28.22,6.6,18.4,0.08,-0.04,0.8,1
29.35,6.85,18.8,-0.17,0.0,-0.2,1
27.5,6.77,12.8,0.01,-0.05,-0.4,1
27.26,7.38,6.4,-0.03,-0.04,0.8,1
30.08,7.43,5.8,-0.04,-0.02,-0.7,1
28.14,7.27,8.2,-0.06,-0.03,2.5,1
26.99,6.96,11.7,-0.08,0.0,0.2,1
30.71,7.31,9.3,0.18,-0.04,-0.3,0
26.67,6.93,10.6,-0.1,0.01,0.3,1
26.1,6.77,15.3,-0.1,-0.05,0.8,1
26.14,6.84,13.3,-0.23,0.02,-0.1,1
27.98,7.32,7.0,0.05,0.0,-0.6,1
27.24,7.15,5.5,0.02,-0.04,-1.6,1
31.03,6.68,21.0,0.12,0.04,-0.2,1
26.46,6.75,15.2,-0.17,-0.05,-0.9,1
30.52,6.66,18.0,0.05,0.0,-1.4,1
29.02,7.18,22.9,-0.08,0.02,0.8,1
25.05,6.69,12.5,-0.88,-0.03,0.3,0
26.69,6.67,15.5,-0.16,-0.03,1.6,1
30.75,7.43,7.8,0.19,0.08,0.7,1
30.09,7.07,11.3,-0.14,-0.04,-0.5,1
28.52,7.32,3.9,0.03,0.04,-0.7,1
25.99,6.95,11.0,-0.31,0.0,-0.2,1
26.82,7.21,4.5,0.1,0.05,0.2,1
28.77,6.63,30.3,0.0,-0.03,2.2,0
26.51,6.8,29.2,-0.07,0.0,0.4,0
26.62,7.13,7.6,0.12,-0.01,0.5,1
30.75,7.15,9.8,0.17,-0.09,-0.8,1
28.13,7.24,6.2,0.16,0.0,-0.4,1
26.44,6.78,13.5,0.1,-0.04,0.3,1
26.77,6.96,14.0,0.01,0.02,0.9,1
27.53,7.26,20.8,-0.17,0.02,-0.4,1
27.22,7.26,7.9,-0.31,0.03,0.9,1
31.76,7.26,10.4,-0.24,0.0,-1.5,0
26.43,6.84,8.2,-0.01,-0.05,-0.6,1
26.53,7.1,6.9,0.02,-0.05,0.7,1
27.02,6.83,12.8,-0.05,-0.01,1.0,1
27.78,6.83,17.2,0.2,0.03,0.8,1
28.34,7.13,24.3,-0.23,0.03,0.5,0
29.28,6.62,18.3,0.03,0.02,-1.3,1
25.64,6.86,13.7,0.1,-0.02,0.9,1
26.44,7.06,5.2,-0.21,-0.02,-1.3,1
27.5,7.14,9.2,0.32,0.0,-0.8,1
29.54,6.58,20.4,0.03,0.01,0.8,0
28.05,7.0,6.1,0.31,0.02,0.0,1
28.01,6.92,5.1,0.77,0.02,-1.5,1
29.46,7.34,5.3,-0.02,0.01,-0.8,1
26.9,7.23,4.2,-0.37,0.0,0.5,1
27.57,7.2,7.2,-0.14,-0.01,0.9,1
30.53,7.03,12.8,0.14,0.03,1.8,1
27.96,7.3,7.3,-0.45,0.02,-2.6,1
28.56,7.14,3.1,-0.11,0.0,0.5,1
31.69,6.97,14.9,-0.12,-0.07,0.3,0
26.46,7.19,20.9,0.25,0.01,-1.1,1
26.44,6.52,31.0,-0.23,-0.01,0.4,0
29.76,7.33,15.9,0.34,-0.02,0.1,1
26.44,6.56,16.3,-0.27,0.03,0.0,1
26.64,7.02,8.1,0.03,0.0,-0.8,1
28.1,7.18,8.9,-0.13,-0.02,-0.2,1
29.97,7.51,5.4,-0.06,-0.01,-0.8,1
26.6,7.05,6.0,0.11,-0.02,0.6,1
28.34,7.33,8.0,0.09,0.01,-1.0,1
27.33,6.52,23.1,-0.12,-0.03,1.4,0
26.84,6.78,15.9,-0.18,0.0,-0.6,1
26.85,6.92,8.8,-0.05,0.0,-0.6,1
28.09,6.8,14.4,-0.04,0.03,-0.2,1
29.91,7.07,10.7,0.21,0.01,-0.3,1
27.25,7.09,16.1,0.05,-0.01,0.7,1
27.79,7.11,9.8,0.02,0.02,-0.2,1
27.25,6.9,10.8,-0.08,-0.03,0.3,1
28.16,6.61,15.2,0.02,-0.01,0.3,1
31.09,6.85,18.3,0.0,-0.05,0.5,1
26.28,7.12,6.8,-0.07,-0.01,0.1,1
25.39,7.09,8.9,0.11,0.02,0.5,1
28.84,6.74,15.0,-0.07,-0.01,0.2,1
28.56,6.79,20.8,0.06,0.02,-1.1,1
26.97,7.29,10.0,0.1,-0.01,-1.4,1
30.02,7.29,18.5,0.07,0.12,0.1,0
30.82,7.42,5.5,-0.14,0.03,-0.3,1
28.5,7.12,10.2,-0.09,-0.03,-0.4,1
26.6,6.64,12.8,0.28,0.0,0.0,1
27.0,7.24,5.3,0.14,0.03,0.1,1
29.78,6.58,21.6,-0.22,0.0,-0.2,1
27.83,7.14,19.0,-0.36,0.01,2.2,1
29.13,6.84,17.8,-0.11,-0.09,-0.3,1
31.48,7.16,13.5,0.2,0.04,0.0,1
29.72,7.54,5.0,0.18,0.03,-0.4,1
29.7,7.46,6.0,-0.36,-0.02,0.3,1
27.12,7.14,5.5,-0.02,0.02,-0.3,1
28.32,7.24,7.7,-0.19,0.0,-0.6,1
26.1,6.96,11.9,0.13,-0.01,0.0,1
25.74,7.03,9.5,0.12,0.03,-0.5,0
27.0,7.17,3.1,-0.19,0.01,-1.8,1
26.64,7.04,9.8,0.14,0.02,0.9,1
26.17,7.19,5.5,0.06,-0.07,0.3,1
28.08,6.92,18.8,-0.15,-0.01,-0.9,1
30.02,6.96,16.1,0.14,0.01,-0.9,1
29.1,7.13,16.8,-0.05,0.0,-0.2,1
27.91,6.82,16.1,0.25,0.02,-0.1,1
25.23,6.49,19.5,0.05,0.0,-0.2,0
28.11,6.73,18.0,0.12,0.01,0.0,1
26.69,6.71,12.5,0.18,-0.01,-0.8,1
26.7,6.74,19.6,0.18,-0.04,-0.6,1
28.34,7.49,4.7,-0.19,-0.04,-1.0,1
30.26,7.18,12.1,0.12,-0.01,2.1,1
27.65,6.81,15.8,0.04,0.01,-0.5,1
25.88,6.72,18.0,-0.12,-0.08,-1.4,1
26.4,7.12,8.8,0.21,0.04,0.7,1
26.23,7.17,3.6,-0.01,-0.03,-0.4,1
26.81,7.04,10.0,0.01,-0.04,-1.3,1
28.02,7.09,8.6,-0.4,-0.09,-1.3,1
29.6,7.33,4.9,-0.35,-0.01,-0.6,1
26.61,7.07,12.5,0.01,0.02,1.5,1
30.1,7.21,11.9,-0.16,0.01,0.3,1
26.6,7.0,8.4,-0.09,-0.03,0.7,1
29.73,7.42,9.1,-0.31,0.0,-0.2,1
27.85,6.84,13.1,-0.07,-0.06,0.1,1
28.64,6.99,15.6,0.08,0.04,0.1,1
28.64,7.3,9.6,0.06,0.02,-0.4,1
26.48,6.68,14.2,0.08,-0.04,-0.2,1
25.83,7.31,7.3,-0.05,0.02,1.0,1
30.11,7.18,11.3,-0.02,0.0,1.4,1
30.32,7.42,5.8,-0.38,0.0,0.7,1
26.72,6.71,11.8,0.1,-0.01,0.4,1
28.43,6.75,17.3,0.04,0.0,-0.6,1
29.41,7.37,16.7,-0.16,0.03,3.8,1
28.18,6.75,18.0,0.02,0.03,-0.3,1
25.93,7.29,5.3,-0.04,0.0,0.1,1
26.25,7.33,3.5,0.04,0.02,0.3,1
29.45,7.0,15.1,-0.13,0.01,0.3,1
26.44,6.68,15.0,-0.08,-0.02,-0.1,1
27.47,7.18,6.9,-0.08,0.0,-0.9,1
26.13,6.78,13.3,-0.02,0.04,0.8,1
27.93,7.06,9.7,0.0,-0.02,0.0,1
27.48,6.69,16.5,0.0,0.0,-0.3,1
27.52,7.18,6.9,-0.12,0.0,-0.5,1
27.66,6.87,17.6,-0.07,0.0,-0.7,1
28.43,8.32,16.2,-0.49,-0.06,0.6,1
29.13,7.06,11.3,-0.03,-0.01,-0.1,1
29.75,7.08,18.9,0.13,-0.04,-1.8,1
29.13,6.88,17.4,-0.17,-0.01,-0.5,1
27.3,6.59,17.6,0.29,0.04,-0.9,1
27.66,7.02,5.9,-0.1,0.01,0.3,1
29.03,7.19,8.8,-0.09,-0.01,-0.8,1
29.69,6.96,14.3,-0.09,0.09,-1.2,1
31.37,7.38,9.7,0.0,0.03,-1.2,1
26.25,6.76,17.2,-0.08,-0.01,2.4,1
29.35,7.07,9.5,0.18,0.01,-0.4,1
27.59,6.86,16.4,0.47,-0.04,-0.2,1
26.97,6.85,12.8,-0.19,0.03,0.0,1
28.23,6.89,14.2,-0.3,-0.02,0.3,1
30.31,6.69,15.4,0.23,0.02,-1.5,1
28.29,6.73,18.2,-0.18,0.03,0.7,1
27.14,6.78,11.2,-0.25,-0.03,0.2,1
28.0,7.29,6.7,0.18,0.0,-1.3,1
25.81,7.2,4.7,-0.15,-0.02,0.5,1
27.12,6.76,15.2,0.14,-0.03,-1.3,1
30.81,6.94,16.5,-0.27,0.03,0.9,1
29.46,6.95,19.3,-0.31,-0.09,-1.6,1
27.87,7.24,20.6,-0.02,-0.03,0.7,0
28.81,6.94,14.5,0.31,-0.05,-0.7,1
28.08,7.01,5.0,0.22,-0.02,-0.9,1
30.91,7.17,11.2,-0.01,-0.04,1.2,1
26.61,6.64,24.7,-0.22,-0.01,-0.4,0
27.03,6.7,15.2,-0.11,0.01,0.4,1
28.55,6.92,8.6,-0.19,-0.11,-1.7,1
27.56,6.77,16.8,-0.1,0.0,-0.2,1
30.24,6.77,17.6,-0.22,0.02,1.3,1
31.16,7.37,7.9,-0.27,0.01,1.1,1
32.11,7.55,4.0,-0.14,0.01,1.4,0
30.22,7.45,5.0,0.19,0.03,0.0,1
25.85,7.09,4.0,0.37,0.05,-0.2,0
31.83,6.95,14.9,0.27,-0.01,0.2,1
26.15,7.12,7.8,0.13,0.03,-8.5,1
30.14,7.1,10.6,0.01,0.02,0.7,1
29.48,7.06,17.3,-0.11,-0.02,0.2,1
30.84,6.59,19.2,0.05,0.0,0.3,1
30.39,7.0,11.0,0.29,-0.01,0.5,1
28.89,7.19,8.3,0.2,0.03,0.7,1
27.94,7.24,10.8,0.02,0.01,-0.1,1
30.27,6.92,12.2,0.06,-0.01,-0.3,1
29.3,7.33,6.7,0.56,0.02,-0.7,1
27.92,6.82,14.3,-0.29,-0.06,0.2,1
27.16,7.17,8.4,0.1,0.03,0.2,1
29.11,6.96,16.8,-0.02,0.09,-0.1,1
30.05,7.08,11.2,0.22,0.04,0.7,1
29.84,7.43,7.0,0.01,0.02,-0.4,1
27.0,7.25,8.7,-0.11,-0.06,-1.5,1
31.66,7.19,14.0,0.18,0.03,0.5,0
29.63,7.09,16.8,-0.31,0.03,-1.0,1
28.01,7.39,6.3,-0.06,0.02,0.6,1
27.83,7.43,7.5,-0.27,0.07,-0.3,1
26.73,7.22,8.3,0.25,0.02,0.1,1
26.94,7.07,11.3,-0.21,-0.02,2.3,1
28.01,7.01,8.2,0.23,0.02,-0.7,1
27.18,6.8,13.4,0.48,-0.02,2.0,1
25.55,7.0,10.5,-0.12,0.0,0.2,1
26.47,7.22,7.4,-0.09,0.03,-0.8,1
26.43,7.2,9.1,0.29,-0.03,2.2,1
26.16,6.81,14.3,0.02,-0.03,1.0,1
25.74,6.93,11.6,0.02,0.02,0.1,1
26.65,6.89,10.8,-0.16,0.03,0.3,1
28.76,7.19,7.6,0.06,-0.02,0.9,1
26.63,6.66,15.5,0.19,-0.02,0.5,1
29.16,7.46,5.8,-0.25,0.05,0.5,1
31.0,7.35,9.8,1.33,0.01,-0.5,1
27.29,7.25,14.0,-0.23,0.0,0.1,1
28.82,7.12,12.3,0.01,-0.01,-0.2,1
32.13,7.51,2.9,0.11,0.01,-0.3,0
26.51,7.33,5.0,-0.31,0.01,0.9,1
31.82,7.37,6.6,-0.09,-0.01,0.1,1
26.25,7.1,8.0,-0.09,0.01,-0.2,1
29.06,7.27,4.9,0.08,-0.04,-1.6,1
29.29,7.36,7.8,0.15,0.0,-0.2,1
28.06,6.98,31.3,0.2,-0.01,21.9,0
27.53,7.26,5.8,-0.04,0.0,-0.5,1
30.27,6.89,18.5,0.14,0.0,0.2,1
30.34,7.47,4.5,-0.1,-0.04,-1.2,1
28.69,7.46,6.4,0.35,0.07,-0.9,1
26.91,7.3,16.7,0.32,0.02,1.9,1
29.75,7.36,15.5,-0.07,-0.02,-1.1,1
27.44,6.59,18.2,0.01,-0.07,0.5,1
29.7,7.31,8.2,-0.04,-0.07,0.0,1
26.84,7.05,6.3,0.08,0.02,-0.9,1
28.9,6.71,17.1,-0.08,-0.04,-0.7,1
25.95,6.92,11.5,-0.12,-0.03,0.8,1
26.26,6.9,9.7,-0.03,-0.08,0.6,1
30.49,6.6,25.5,-0.22,-0.03,-0.6,0
29.93,7.37,7.0,-0.02,0.0,0.3,1
28.74,6.72,17.2,-0.2,-0.01,-0.1,1
30.1,7.13,14.4,-0.01,-0.05,3.1,1
32.03,7.04,12.0,0.11,0.08,0.5,0
27.31,7.34,26.2,-0.02,-0.01,-0.1,0
27.85,7.27,6.3,-0.09,0.01,0.7,1
27.78,6.99,8.9,-0.09,0.0,-1.2,1
29.67,6.97,12.3,0.09,-0.09,-1.6,1
27.44,7.06,18.1,-0.08,0.01,0.3,1
29.72,7.14,12.6,0.15,-0.06,0.5,1
29.87,6.84,17.6,-0.07,-0.03,1.2,1
28.05,6.9,15.4,-0.21,0.01,0.4,1
28.17,7.22,10.3,-0.06,-0.01,1.1,1
27.26,7.21,8.7,0.22,0.02,0.8,1
29.18,7.24,6.0,-0.11,0.01,-0.4,1
29.08,6.97,13.7,0.11,0.05,-0.2,1
26.02,6.67,14.0,0.2,-0.01,0.4,1
28.08,7.07,10.0,0.2,0.05,-1.3,1
28.15,7.31,10.2,-0.15,0.05,1.8,1
29.2,6.7,15.2,-0.09,0.0,0.1,1
30.79,7.0,10.1,0.28,0.07,1.3,1
26.23,6.62,16.7,0.03,0.04,-0.6,1
31.28,6.98,12.7,0.16,0.02,-0.4,0
29.82,7.44,5.2,-0.2,-0.02,-0.8,1
27.28,7.04,11.4,0.34,0.03,6.7,1
32.64,7.08,12.1,-0.21,0.01,-0.4,0
27.86,7.18,21.4,-0.17,0.02,0.3,1
26.39,6.53,31.1,-0.15,0.04,-0.2,0
26.41,6.88,11.4,0.0,0.06,1.4,1
29.07,7.25,7.2,-1.21,-0.06,-0.1,1
30.71,6.63,26.1,-0.11,0.0,1.9,0
30.94,6.98,12.5,0.12,0.02,0.6,1
26.56,7.01,7.0,-0.13,-0.03,0.0,1
30.62,6.73,17.7,0.3,-0.01,0.5,1
27.83,6.73,19.6,-0.03,0.04,1.4,1
27.68,7.85,8.0,-0.1,0.14,0.0,1
29.73,7.27,14.4,-0.04,0.0,-0.4,1
28.35,7.25,6.9,0.01,-0.02,0.0,1
28.33,7.2,10.9,0.05,-0.04,-0.2,1
26.11,7.31,3.3,0.11,0.0,0.8,1
28.69,7.18,9.2,0.09,0.06,-0.3,1
27.49,7.16,17.9,-0.12,-0.03,-0.3,1
26.94,7.01,4.7,0.06,-0.02,-0.9,1
26.81,7.31,18.3,-0.1,0.01,1.6,0
30.4,7.26,7.3,0.1,0.0,-0.4,1
28.83,7.11,23.2,0.01,0.02,0.2,0
26.3,6.98,9.4,-0.14,0.0,0.5,1
25.67,6.71,14.2,0.17,-0.02,0.2,1
28.04,7.22,24.9,-0.03,0.07,0.7,0
29.31,6.74,15.9,0.11,0.04,0.7,1
26.27,7.34,20.6,-0.13,-0.01,1.4,1
28.55,7.02,13.7,-0.32,-0.03,-0.8,1
27.77,6.85,14.4,-0.15,-0.06,-2.8,1
27.8,6.8,7.7,-0.09,0.0,-2.5,1
27.24,7.11,10.0,-0.03,-0.06,-0.1,1
25.76,7.19,1.7,0.08,-0.04,-0.3,1
26.94,7.03,14.3,-0.09,-0.04,-0.9,1
26.62,6.74,19.2,-0.15,0.06,0.0,0
26.97,6.88,10.4,-0.28,-0.02,-0.4,1
27.12,6.64,17.2,0.04,0.01,1.2,1
27.29,7.31,7.7,-0.07,-0.06,0.4,1
26.74,7.08,3.9,-0.17,-0.02,0.4,1
28.73,6.85,20.2,0.13,-0.07,0.8,1
32.08,7.08,14.8,0.0,-0.07,-0.3,0
26.62,7.19,20.0,-0.18,-0.01,0.7,1
26.84,7.08,3.0,0.04,-0.03,0.2,1
28.5,7.12,9.0,0.25,-0.01,0.2,1
26.51,7.2,5.0,-0.1,0.0,-0.2,1
28.04,6.86,17.1,0.45,0.0,0.7,1
30.61,7.08,10.8,0.26,-0.04,-0.2,1
26.81,6.69,15.7,-0.06,-0.08,0.5,1
29.66,7.49,4.2,-0.31,-0.02,-1.2,1
29.34,7.32,7.9,0.12,-0.02,0.7,1
29.78,7.08,8.5,0.02,0.04,-1.9,1
27.79,6.6,21.2,-0.18,0.02,3.7,1
27.37,6.46,17.6,0.01,-0.03,0.9,1
28.7,7.25,11.9,-0.17,-0.03,0.0,1
27.46,7.06,10.0,-0.24,-0.03,0.3,1
26.93,6.27,21.2,-0.18,-0.01,0.6,0
26.0,7.29,4.1,-0.27,0.0,0.2,1
26.01,7.23,7.3,0.05,0.0,-0.1,1
31.13,7.53,5.4,-0.19,-0.02,-0.7,1
27.56,7.1,14.6,-0.2,0.02,1.3,1
26.76,7.2,9.2,0.05,0.05,-0.6,1
25.47,7.01,12.1,-0.1,0.01,-0.3,1
30.12,7.12,11.3,-0.23,0.0,0.1,1
26.36,6.77,12.8,-0.12,0.01,0.1,1
27.7,6.9,15.8,-0.17,0.0,1.9,0
29.88,7.22,7.8,-0.13,-0.01,-0.6,1
25.82,7.35,2.9,-0.03,0.01,-0.2,1
30.31,6.73,21.9,0.1,0.0,0.4,0
26.93,7.1,8.5,-0.21,-0.03,-0.1,1
27.07,7.25,6.6,0.01,-0.02,0.0,1
27.89,7.34,5.4,-0.4,0.0,-1.1,1
30.32,7.31,8.7,0.0,0.05,0.0,1
31.45,7.22,12.7,-0.06,0.01,-0.4,1
32.58,7.29,7.9,-0.22,0.01,-1.9,0
27.83,7.21,10.5,0.24,-0.01,1.1,1
29.77,7.55,6.1,0.01,0.02,-0.8,1
25.57,7.0,12.4,0.07,-0.01,-1.1,1
29.26,6.89,12.3,0.4,0.03,0.3,1
26.34,6.52,16.3,-0.28,-0.13,0.0,0
26.82,7.32,4.1,0.02,-0.04,-0.7,1
26.38,7.15,10.7,-0.07,-0.09,2.7,1
25.97,6.49,19.7,0.21,-0.02,0.9,0
29.07,7.0,12.5,-0.02,0.0,-0.4,1
30.6,7.38,5.3,0.12,0.02,-0.2,1
28.44,7.04,10.2,-0.16,-0.01,-0.6,1
26.62,6.96,7.4,0.31,-0.08,-2.0,1
29.64,7.22,13.2,-0.15,0.0,-0.4,1
27.64,7.17,23.0,-0.53,-0.01,-0.6,0
25.84,7.02,9.5,0.16,0.06,0.0,1
27.13,7.08,16.2,0.06,-0.05,-0.9,1
31.88,7.34,10.5,0.1,0.03,-0.6,1
29.23,7.12,9.9,0.29,-0.05,-0.1,1
27.46,6.45,24.3,0.35,-0.03,-1.1,0
32.08,7.1,16.8,0.04,-0.03,1.6,0
25.79,6.84,14.5,0.28,-0.05,0.2,1
31.74,7.24,11.8,-0.13,-0.02,1.2,0
25.58,7.06,8.1,0.36,-0.08,0.4,1
27.05,6.76,15.1,0.53,0.02,0.0,1
26.02,7.16,3.4,0.0,0.01,-0.2,1
32.85,7.08,12.0,-0.09,-0.04,0.8,0
25.94,6.96,11.9,-0.15,0.02,0.5,1
29.36,6.91,12.2,-0.04,-0.09,0.6,1
28.62,7.07,11.4,0.07,0.02,-0.5,1
30.01,6.84,17.6,0.11,-0.03,1.0,1
27.27,6.83,26.2,-0.09,0.02,-1.0,0
27.31,6.96,9.4,0.0,-0.03,-2.2,1
26.99,7.15,8.5,-0.09,-0.01,1.0,1
25.67,7.03,11.8,-0.14,0.0,0.2,0
25.89,7.11,8.2,-0.39,0.06,0.1,1
27.3,7.25,5.2,0.13,0.0,0.0,1
26.94,6.92,7.8,-0.01,0.0,-0.9,1
26.06,6.75,15.2,0.08,0.02,0.0,1
26.51,6.86,11.1,-0.02,-0.02,0.0,1
28.56,7.19,8.6,-0.04,0.06,-0.3,1
29.72,6.7,17.3,0.01,0.06,-2.5,1
29.14,7.36,8.0,0.15,0.03,0.4,1
25.75,6.59,27.2,0.45,-0.03,-0.9,0
27.0,6.91,15.8,0.0,-0.03,0.3,1
26.77,6.92,9.2,-0.2,0.0,1.1,1
30.72,7.37,5.8,0.19,-0.01,0.1,1
28.88,7.03,12.5,-0.1,-0.04,-0.4,1
30.62,7.09,12.8,0.02,0.0,-0.1,1
29.51,6.57,19.6,-0.01,0.04,-0.6,1
29.7,6.95,16.1,-0.05,0.04,0.7,1
24.9,7.17,18.9,-1.27,-0.04,-2.0,1
26.75,7.11,6.5,-0.2,0.03,-0.6,0
26.15,6.74,12.5,0.07,0.0,-0.3,1
25.4,6.69,15.9,-0.17,0.06,0.0,0
29.33,7.32,10.0,-0.11,-0.02,-1.3,1
27.75,7.29,9.3,-0.12,-0.01,0.8,1
28.13,7.0,6.3,0.08,0.0,0.2,1
27.14,7.25,3.9,0.04,-0.01,0.3,1
27.31,7.17,9.1,0.2,0.03,1.5,1
29.69,6.71,18.0,0.14,0.0,0.2,1
30.87,7.28,8.0,0.1,-0.01,-0.5,1
30.0,7.11,12.0,-0.16,-0.03,2.0,1
27.5,7.24,7.9,0.16,-0.03,0.0,1
27.16,7.25,3.3,0.34,0.04,-1.2,1
26.59,7.18,4.8,0.07,0.0,0.8,1
26.28,7.11,4.5,0.11,0.01,-0.8,1
27.51,6.57,16.2,-0.05,-0.05,0.2,0
26.72,7.13,6.9,-0.11,-0.05,-1.1,1
26.96,6.74,13.4,0.24,-0.01,0.4,1
27.4,7.02,9.9,-0.14,0.0,-0.3,1
29.9,7.22,10.3,-0.15,0.07,0.3,1
31.26,6.6,21.6,0.15,-0.02,0.7,1
28.05,6.58,19.6,0.33,0.01,-0.7,0
29.4,7.35,10.8,-0.34,0.08,-0.3,1
29.94,7.52,15.3,-0.08,0.03,2.4,0
26.97,6.91,11.6,0.06,-0.04,-0.5,1
30.1,7.01,11.5,0.03,-0.01,0.0,1
28.33,6.62,18.5,-0.06,0.04,-0.3,1
25.87,6.92,9.3,0.02,0.01,-0.6,1
26.84,7.26,9.3,-0.23,-0.05,0.1,1
31.25,6.59,22.5,-0.21,0.04,0.8,0
27.47,7.2,7.7,0.03,0.01,1.0,1
25.45,6.72,15.2,-0.01,-0.03,0.0,0
26.9,7.02,6.5,0.04,-0.04,0.5,1
26.33,6.77,14.8,-0.05,-0.02,-1.3,1
27.35,7.21,5.6,0.13,0.0,-0.9,1
30.38,7.22,11.7,-1.87,-0.09,4.3,0
27.0,7.05,13.3,0.0,0.01,-0.7,1
29.48,7.51,3.7,0.14,0.04,-0.4,1
28.44,7.02,12.4,-0.11,-0.01,0.0,1
28.24,7.12,10.9,0.0,-0.01,0.3,1
29.77,7.46,6.3,-0.22,-0.02,0.4,1
29.49,7.14,11.2,-0.21,-0.08,-0.5,1
27.67,7.17,7.2,0.29,-0.04,-0.3,1
27.14,7.06,10.9,0.07,-0.04,-0.6,1
28.86,6.97,15.1,-0.22,-0.01,-1.1,1
26.72,6.82,16.3,0.17,0.0,2.8,1
29.33,6.71,18.5,0.26,0.03,0.9,1
29.41,6.79,18.4,-0.09,0.08,-1.3,1
32.46,7.33,4.5,0.18,0.03,0.6,1
25.55,7.22,4.5,-0.43,-0.02,1.1,1
28.47,7.31,7.7,-0.02,-0.06,-0.6,1
27.23,7.36,9.9,0.17,-0.01,-0.3,1
27.48,6.94,8.0,-0.03,-0.02,0.1,1
29.17,6.84,13.0,0.15,0.03,-0.3,1
26.16,7.05,11.8,0.13,0.0,-0.6,1
27.94,7.25,5.1,0.19,0.0,1.1,1
32.4,7.21,9.2,0.0,0.0,0.7,0
27.14,7.12,5.8,0.02,-0.01,-0.3,1
29.35,6.86,16.2,-0.36,-0.07,-2.4,1
26.65,6.6,16.6,-0.21,0.0,0.4,1
27.71,6.92,10.6,0.18,0.0,-0.2,1
27.87,7.13,9.8,-0.09,-0.01,-1.2,1
28.77,7.25,9.8,0.12,0.02,-0.3,1
27.61,6.94,12.2,-0.15,-0.05,0.3,1
25.6,7.03,7.9,-0.12,-0.01,0.2,1
26.4,7.03,13.3,0.09,-0.02,-1.1,1
27.79,7.08,9.3,-0.22,-0.02,0.5,1
28.54,7.15,9.3,0.12,0.0,0.9,1
25.93,7.15,7.4,0.23,0.0,-0.2,0
27.1,7.28,7.5,0.16,0.01,-0.9,1
26.76,6.86,11.3,0.11,-0.03,0.5,0
26.36,7.27,2.7,0.39,0.01,0.0,1
26.67,6.97,7.0,0.2,-0.01,-0.1,1
27.32,6.62,16.0,0.22,-0.04,0.7,1
29.46,7.03,10.4,0.2,-0.01,-0.2,1
32.52,7.54,3.6,-0.04,0.03,0.2,0
25.9,6.98,10.9,0.35,-0.02,0.4,0
30.06,7.04,11.0,-0.21,-0.01,-0.2,1
29.65,7.37,14.8,-0.15,0.03,-0.3,1
29.17,6.7,16.8,0.35,0.0,0.5,1
29.76,7.22,8.6,-0.27,-0.01,-0.2,1
28.49,7.43,7.8,-0.05,0.0,-1.1,1
26.57,6.79,11.1,-0.34,0.0,-0.7,1
28.6,7.46,5.3,-0.25,0.0,-0.8,1
29.94,7.09,9.9,-0.12,0.05,-1.1,1
27.53,7.2,4.2,-0.15,-0.01,1.6,1
27.14,6.44,25.2,-0.34,-0.02,-1.4,0
28.39,7.08,17.7,0.26,0.04,-2.1,1
29.0,7.44,6.5,-0.1,-0.02,-0.1,1
29.95,7.45,4.6,-0.1,-0.02,0.7,1
31.75,6.7,17.2,0.16,0.02,0.1,1
27.22,7.26,16.1,0.02,-0.03,2.2,1
26.19,7.07,5.7,0.05,0.01,-0.2,1
27.62,7.26,7.9,0.48,0.04,-0.1,1
27.5,7.26,10.1,0.04,0.0,-0.6,1
26.59,6.78,14.7,0.33,-0.03,1.5,1
27.21,7.14,6.2,0.16,-0.09,-0.7,1
29.52,7.3,8.7,0.03,0.0,0.5,1
26.92,6.7,14.7,-0.29,-0.01,0.0,1
26.43,6.88,16.8,-0.2,0.04,1.8,1
27.55,7.09,11.5,0.17,-0.07,0.0,1
26.46,7.1,11.7,-0.08,-0.04,0.0,1
26.8,7.11,2.8,-0.44,0.06,0.2,1
26.75,7.18,14.9,0.05,0.04,-2.0,1
30.01,6.79,14.4,0.03,-0.05,-0.6,1
27.42,7.03,16.8,0.09,0.02,1.2,1
27.92,7.23,10.9,-0.08,-0.02,-0.8,1
27.75,6.92,22.0,0.05,0.02,0.8,0
29.19,7.35,13.9,-0.06,-0.02,0.0,1
28.96,6.67,22.6,0.2,0.06,4.8,1
27.59,7.26,6.1,-0.15,0.02,0.1,1
30.34,7.46,11.0,-0.01,-0.04,-1.6,1
28.77,7.21,9.3,0.03,-0.01,-0.6,1
28.12,6.94,14.9,-0.22,-0.27,0.4,0
28.21,6.81,13.7,0.0,0.04,1.0,1
27.56,7.09,5.4,0.23,0.0,-1.4,1
25.51,6.89,14.3,-0.46,0.03,1.9,1
28.69,7.52,8.0,0.07,-0.11,-0.9,1
27.81,7.36,3.0,-0.16,-0.01,0.5,1
28.99,7.35,8.1,0.01,0.03,-0.9,1
26.91,7.33,5.4,-0.1,-0.01,0.5,1
26.36,6.62,15.8,0.03,0.01,0.7,1
29.59,7.23,9.2,0.19,0.06,0.0,1
25.5,6.73,14.0,-0.04,0.06,-0.8,1
30.09,7.29,10.9,-0.05,-0.05,0.9,1
28.71,7.16,11.3,-0.03,0.03,-0.9,1
26.27,6.66,13.4,0.13,-0.05,-0.6,1
28.64,7.28,4.0,0.05,0.05,-1.5,1
28.04,6.97,27.4,-0.02,-0.01,-3.9,0
30.32,6.84,12.0,0.1,-0.05,0.3,1
25.11,7.23,4.5,0.03,-0.01,0.3,1
27.75,7.11,9.2,0.02,0.03,1.4,1
25.95,6.75,13.0,-0.14,-0.04,0.1,1
26.39,7.35,4.5,-0.27,0.0,-0.5,1
29.17,6.5,20.7,0.02,-0.03,-22.2,0
31.51,7.21,13.1,0.1,0.02,-0.4,1
26.86,7.13,8.6,-0.3,0.0,0.5,1
26.08,6.74,12.8,0.16,-0.05,1.2,1
26.0,6.97,10.9,0.1,-0.01,0.0,1
27.88,7.01,11.3,-0.05,-0.02,-1.4,1
26.2,7.34,17.6,-0.13,-0.04,-1.1,1
26.39,6.93,7.0,-0.17,-0.05,0.0,1
29.98,7.36,5.4,0.15,-0.03,0.9,1
27.23,7.31,20.4,0.01,-0.03,0.4,1
27.4,6.75,19.2,-0.2,-0.03,1.4,1
26.75,7.19,6.3,0.29,0.0,1.5,1
25.91,7.17,4.3,0.17,0.06,0.1,0
28.68,7.03,11.9,0.01,0.04,1.1,1
31.54,7.3,9.0,0.31,0.02,0.3,1
26.23,7.07,9.6,-0.47,-0.04,-0.1,1
28.81,6.83,15.9,0.27,-0.03,1.0,1
31.11,7.09,13.8,0.09,-0.01,0.0,0
28.09,7.07,8.7,0.39,0.03,-0.2,1
28.55,6.55,21.0,0.42,0.05,-0.5,1
30.52,7.35,14.0,0.0,0.03,-0.4,1
26.84,7.27,2.2,-0.35,0.01,0.7,1
28.37,6.97,12.1,-0.07,-0.05,-0.3,1
30.11,6.75,17.3,0.02,0.0,-0.3,1
31.09,6.91,18.1,0.0,-0.03,0.3,1
28.83,6.92,15.8,0.15,-0.02,0.8,1
28.34,6.92,15.1,0.22,0.02,0.0,1
26.46,7.19,4.8,-0.13,0.01,0.0,1
30.0,6.9,17.1,-0.05,0.05,-0.1,1
30.56,7.22,12.1,0.44,-0.03,-1.1,1
27.66,7.13,19.8,0.54,-0.04,-0.7,1
30.76,7.06,11.5,0.26,-0.01,-0.7,1
28.19,7.48,8.8,-0.03,0.02,0.6,1
27.48,6.96,11.2,0.03,0.01,-0.5,1
28.68,6.96,17.1,0.09,-0.04,0.2,1
27.37,7.3,11.6,0.01,0.0,-1.5,1
28.92,8.38,15.6,-0.09,0.41,-4.2,1
28.57,7.25,9.7,0.03,0.01,0.7,1
28.36,6.92,13.9,0.01,-0.03,0.6,1
25.91,6.69,13.7,-0.16,-0.06,-3.6,1
27.36,7.17,7.2,-0.16,-0.01,0.3,1
28.05,7.07,18.7,-0.01,0.05,-2.4,1
26.18,6.78,15.2,0.02,0.02,0.4,1
26.66,6.61,15.4,-0.09,0.04,0.0,1
26.67,7.18,7.2,0.12,0.01,0.5,1
26.21,7.15,8.3,-0.13,-0.06,0.2,1
29.99,6.81,16.2,0.07,0.07,-0.3,1
26.61,7.18,5.9,-0.21,0.01,-0.6,1
31.13,7.26,9.2,-0.11,-0.04,-0.1,1
31.09,6.87,16.7,0.0,-0.13,-1.9,1
29.51,7.05,13.4,2.51,0.0,0.1,0
29.9,6.84,15.8,0.23,0.03,-2.3,1
26.46,7.36,3.1,0.01,0.0,1.1,1
25.85,6.89,12.9,-0.15,0.0,2.4,1
28.88,6.59,20.6,-0.07,0.0,1.3,1
27.01,6.55,18.5,0.44,0.01,-0.9,1
29.97,7.11,11.8,-0.02,0.02,0.5,1
27.15,7.31,21.9,0.12,0.04,-0.2,0
28.12,7.48,8.4,0.07,0.0,-0.9,1
27.82,7.0,9.5,0.06,-0.01,-0.2,1
27.0,6.93,15.7,0.0,0.02,-0.1,1
28.77,7.17,8.5,-0.12,0.06,-0.2,1
26.43,6.92,9.2,0.07,0.0,2.6,1
26.47,7.01,10.0,0.43,0.0,-0.7,1
30.5,7.36,6.8,-0.06,-0.02,0.1,1
30.03,7.22,10.2,0.04,0.01,0.6,1
29.12,6.76,17.7,-0.24,0.11,1.6,1
28.46,6.81,15.1,0.23,-0.03,0.0,1
28.54,7.2,4.3,0.33,0.02,0.0,1
26.43,7.07,8.2,-0.12,0.0,0.0,1
28.27,7.17,14.5,-0.3,-0.03,-0.7,1
26.06,7.27,3.3,-0.06,0.01,0.2,1
27.93,7.03,12.7,-0.36,0.0,-0.1,1
27.96,6.81,14.6,-0.13,0.01,0.2,1
27.4,6.72,26.8,-0.32,-0.04,1.1,0
31.59,7.25,11.0,0.04,-0.02,-0.1,1
30.47,7.04,12.5,0.21,-0.01,0.3,1
26.44,6.89,11.3,0.12,-0.07,-0.1,1
30.66,6.77,20.8,0.55,0.1,0.5,1
28.84,6.71,15.9,-0.34,0.0,2.3,1
30.17,7.07,11.7,-0.25,0.0,-0.2,1
31.22,7.34,9.7,0.14,0.01,0.9,1
28.66,7.08,14.1,0.16,-0.06,3.0,1
26.13,6.58,14.9,0.17,-0.07,-0.4,1
30.1,7.01,10.0,0.33,-0.06,-0.9,1
28.53,7.14,9.3,0.29,0.0,0.2,1
26.33,7.17,4.6,0.01,0.0,0.4,1
30.65,7.06,13.1,0.04,0.0,-0.2,1
26.57,6.84,22.2,0.17,0.0,2.8,0
30.12,6.88,17.1,-0.44,-0.08,0.7,1
26.16,6.68,15.2,0.2,-0.07,0.2,1
29.96,7.12,10.0,0.21,0.0,0.5,1
30.63,7.22,9.6,0.26,0.02,-1.6,1
26.24,6.71,16.2,-0.09,-0.06,0.4,0
27.36,6.8,17.7,0.12,0.0,0.4,1
28.18,7.35,5.4,0.36,0.02,-0.2,1
27.42,7.05,4.0,0.1,0.02,-0.8,1
27.64,6.99,11.0,0.06,0.03,0.5,1
27.69,7.37,2.2,-0.19,-0.02,-0.1,1
26.0,6.85,12.0,0.14,0.0,2.6,1
27.17,6.89,9.9,0.04,0.0,-1.4,1
30.12,7.06,13.4,0.61,0.01,0.0,1
29.81,7.35,10.0,0.23,0.02,0.9,1
26.29,7.1,8.4,-0.14,0.03,0.2,1
26.16,7.36,6.2,0.03,0.01,-0.7,1
27.12,7.35,6.4,-0.13,-0.02,0.3,1
26.21,6.88,4.5,0.85,0.07,-0.7,1
26.46,7.11,5.2,-0.06,0.01,-0.2,1
26.58,6.99,13.8,0.13,-0.01,-2.3,1
31.88,7.23,15.5,0.21,0.1,1.8,0
28.3,7.26,5.6,-0.12,-0.01,-0.2,1
27.69,6.88,19.0,-0.31,0.06,-0.1,1
29.56,6.59,21.3,0.0,0.18,1.6,0
27.75,7.21,11.5,-0.19,-0.03,0.7,1
25.62,7.03,4.1,0.95,0.02,-0.5,1
28.68,7.41,5.8,0.15,0.0,-0.1,1
27.62,6.86,9.5,-0.05,-0.04,0.4,1
27.79,7.13,3.6,-0.19,-0.02,0.0,1
28.37,7.05,13.6,0.19,-0.05,-1.0,1
32.26,7.2,11.1,-0.07,0.01,-0.4,0
27.45,7.14,9.0,0.15,0.03,0.9,1
27.6,6.78,25.0,-0.13,-0.01,0.7,0
25.95,6.77,12.9,-0.02,-0.08,1.1,1
30.16,7.01,11.0,-0.1,0.01,-0.1,1
27.4,7.2,11.3,0.11,0.04,4.0,1
26.88,7.16,6.5,-0.03,-0.01,0.4,1
26.14,7.21,4.9,-0.02,-0.06,-1.3,1
29.17,7.37,9.7,-0.12,0.08,0.3,1
28.18,8.03,16.5,-0.06,0.1,0.3,0
29.39,7.37,7.9,-0.08,-0.09,-0.6,1
30.87,7.11,14.0,-0.24,0.02,0.2,1
28.35,6.81,13.4,0.14,0.0,-0.3,1
26.42,7.19,18.6,-0.04,0.01,-2.1,1
28.13,7.25,5.2,-0.17,-0.01,-0.4,1
25.82,6.68,13.6,-0.09,0.0,0.2,1
27.17,6.55,18.7,-0.43,-0.06,1.3,1
28.67,6.75,17.7,0.06,0.0,0.9,1
26.77,6.97,8.0,0.09,0.0,0.1,1
26.51,7.3,21.3,-0.01,0.05,1.1,1
27.21,6.69,14.5,-0.17,-0.03,1.1,1
27.34,7.03,12.6,-0.21,0.08,0.6,1
29.26,7.13,8.8,-0.13,-0.03,0.1,1
28.51,7.24,8.3,-0.2,0.07,0.6,1
30.62,7.47,5.3,-0.23,-0.01,-0.1,1
28.72,7.26,10.6,-0.09,0.05,2.5,1
28.19,7.2,3.7,-0.12,0.03,0.9,1
30.3,7.36,8.9,0.03,0.02,-0.1,1
26.6,7.02,23.5,0.04,0.02,-0.9,0
27.85,7.47,7.2,-0.18,0.0,-0.3,1
30.42,7.54,4.4,-0.29,-0.01,-0.6,1
26.89,7.21,5.8,-0.11,-0.03,0.5,1
26.85,7.18,7.6,0.05,-0.09,-1.3,1
31.91,7.38,6.5,-0.24,0.01,0.2,0
26.66,7.11,18.3,-0.07,0.02,-2.3,1
26.56,7.33,2.0,-0.12,-0.03,-1.1,1
32.74,7.31,8.1,0.04,0.01,-0.5,0
28.27,7.03,9.7,0.14,0.03,3.4,1
27.22,7.35,20.1,0.01,0.02,-2.2,1
27.5,7.08,9.7,0.1,0.05,-1.0,1
29.02,7.3,5.0,-0.13,0.0,-0.9,1
26.6,7.21,4.0,0.0,0.04,-0.2,1
32.49,7.12,11.5,0.34,0.04,0.0,0
32.41,7.2,11.9,0.42,0.03,-0.4,0
27.55,7.02,9.5,0.1,0.0,0.7,1
30.15,7.5,4.2,-0.04,0.02,0.0,1
31.28,7.29,8.5,-0.03,-0.02,0.3,1
27.45,7.22,22.6,-0.01,0.04,0.6,0
26.32,7.32,2.9,-0.05,0.02,-0.3,1
27.31,7.4,3.2,-0.2,0.01,0.8,1
28.37,7.01,17.2,0.65,-0.02,-0.5,1
28.32,7.25,6.9,0.19,0.01,0.7,1
27.09,7.19,15.0,-0.2,-0.06,1.0,1
29.34,7.01,12.5,0.11,0.07,0.4,1
29.04,6.88,15.4,0.11,-0.08,-0.6,1
28.13,7.04,12.1,-0.21,0.0,-0.3,1
28.59,7.09,9.0,-0.06,-0.07,0.4,1
27.32,6.77,16.0,0.08,0.0,-1.0,1
27.77,7.07,12.2,-0.1,0.01,-0.1,1
29.08,6.96,15.4,0.07,0.0,-1.1,1
27.45,6.85,18.6,-0.13,-0.07,3.2,1
29.63,7.39,8.1,-0.04,0.01,-0.7,1
30.26,7.36,3.3,0.09,0.0,-1.5,1
25.69,7.27,2.7,-0.28,-0.02,0.4,1
28.2,7.07,8.9,0.32,0.08,0.1,1
27.5,6.51,16.0,-0.06,-0.02,-0.1,1
29.0,7.31,12.0,0.02,0.0,-0.6,1
27.59,7.0,10.1,-0.16,-0.02,-0.3,1
28.5,7.38,4.0,-0.19,-0.01,0.3,1
28.54,7.28,10.3,-0.27,0.05,-1.1,1
28.67,6.5,17.9,0.03,0.0,0.6,1
27.8,7.0,15.7,0.01,0.01,0.6,1
26.18,7.22,5.4,-0.04,0.05,-1.0,1
29.57,7.01,16.9,-0.3,0.0,-1.0,1
31.81,7.04,14.6,0.15,0.09,-0.3,1
27.48,6.77,14.8,0.17,-0.06,-1.3,1
30.24,7.28,10.6,0.11,-0.03,0.3,1
28.15,7.33,5.9,-0.15,-0.01,0.5,1
28.85,7.17,10.7,0.11,0.0,-0.1,1
30.52,7.35,6.8,-0.21,-0.01,0.2,1
26.96,7.0,8.5,0.04,0.01,-0.6,1
30.22,7.32,10.3,0.17,-0.02,0.2,1
27.52,6.67,15.7,0.2,-0.1,-0.3,1
30.28,6.87,16.3,-0.24,0.02,0.3,1
27.41,7.2,7.2,0.09,0.03,0.4,1
28.29,6.56,15.8,0.46,-0.06,0.2,1
28.57,6.68,17.9,0.28,0.06,-0.8,1
25.83,7.28,9.0,0.0,-0.03,1.7,1
26.26,6.88,12.9,0.18,0.0,-1.4,1
26.84,7.12,10.6,-0.24,0.05,0.4,1
28.52,7.34,8.7,0.05,0.0,0.5,1
26.38,7.12,12.1,-0.3,0.04,1.0,1
27.74,6.61,17.6,0.03,-0.02,-0.2,1
26.71,6.98,7.0,0.06,-0.01,0.0,1
28.41,7.42,4.7,0.03,0.02,-0.6,1
30.16,7.15,11.4,-0.04,0.04,-1.3,1
30.16,7.23,7.4,0.07,-0.08,2.0,1
27.67,7.15,5.5,0.16,-0.03,-0.7,1
27.61,6.87,16.2,-0.21,0.05,-0.8,1
26.19,6.99,9.4,-0.22,0.01,0.2,1
27.68,6.82,34.5,0.18,0.03,-0.4,0
29.83,6.88,10.7,0.24,0.0,-0.7,1
28.3,7.27,9.5,-0.06,0.03,-1.8,1
26.72,7.11,4.1,-0.23,-0.06,0.2,1
27.5,6.83,10.5,0.11,0.01,-0.5,1
25.74,7.19,6.4,0.02,-0.01,-0.6,1
27.72,6.84,12.9,-0.44,-0.04,0.1,1
27.49,7.38,4.7,-0.08,-0.06,1.3,1
27.15,7.26,3.5,0.01,0.01,-0.4,1
28.24,7.09,12.8,0.42,0.02,-0.8,1
27.89,6.97,12.6,-0.27,0.01,0.4,1
31.11,7.07,10.7,0.32,0.07,0.6,1
31.03,7.32,8.9,-0.22,0.0,-0.1,1
30.72,7.3,7.1,-0.06,-0.01,-0.3,1
29.01,6.82,17.8,0.04,0.0,-0.5,1
26.87,7.06,24.6,-0.28,-0.04,1.7,0
29.81,7.37,14.4,0.16,0.0,-0.4,1
29.23,6.62,20.1,0.21,0.02,-0.1,1
30.8,7.23,9.9,0.47,0.03,0.8,1
27.78,6.91,9.4,0.06,-0.01,-0.1,1
26.92,6.47,20.9,0.03,0.0,0.3,0
26.78,7.37,5.3,0.16,-0.02,0.6,1
27.22,7.04,22.1,0.04,-0.02,2.0,1
26.61,7.17,5.2,0.18,0.02,0.7,1
29.4,6.9,13.6,0.14,0.01,0.6,1
26.18,6.6,15.8,0.11,0.01,0.4,1
30.22,7.31,8.5,0.05,0.06,-0.9,1
26.19,6.72,14.3,-0.02,0.0,-0.4,1
30.0,7.42,6.3,0.3,-0.03,1.0,1
29.95,6.88,14.4,-0.18,0.01,-1.1,1
26.19,7.0,9.8,-0.11,0.03,-0.7,1
28.83,6.61,17.1,0.2,-0.05,0.8,1
28.21,7.11,19.6,-0.1,-0.01,-1.0,1
29.58,7.51,17.3,-0.29,0.02,-0.7,1
27.23,7.22,3.6,0.06,0.0,-0.4,1
27.17,6.87,8.2,-0.16,0.05,-0.8,1
26.33,6.99,13.4,0.02,-0.04,1.1,1
28.12,7.17,10.8,-0.02,0.01,-0.5,1
27.78,7.0,17.6,-0.26,0.05,0.1,1
29.63,7.44,5.5,-0.02,0.13,-0.1,1
29.47,7.21,10.9,-0.02,0.01,-0.7,1
26.34,7.21,8.1,0.0,0.04,-1.2,1
26.32,7.12,7.2,-0.04,-0.03,0.3,1
26.67,7.1,10.0,0.12,-0.03,-1.6,1
30.66,6.98,12.8,-0.17,-0.06,0.3,1
25.64,6.74,13.3,0.09,-0.08,-1.6,0
30.98,6.65,18.5,-0.07,0.0,0.2,1
26.84,6.78,12.4,0.05,0.0,0.2,1
30.73,7.36,6.6,0.15,0.02,0.2,1
29.75,6.68,17.1,0.02,0.01,0.6,1
29.45,6.95,13.6,-0.28,-0.1,0.2,1
28.0,7.24,6.0,0.08,-0.01,0.6,1
26.85,6.95,29.4,0.02,-0.01,0.7,0
28.41,6.92,9.8,-0.05,0.02,-0.6,1
29.01,6.71,18.2,-0.25,-0.01,0.4,1
30.08,6.85,45.3,0.21,-0.05,27.7,0
27.14,6.97,13.0,0.12,-0.03,-1.3,1
35.46,6.76,20.1,5.14,0.05,-0.1,0
26.76,6.79,17.3,-0.22,0.03,2.4,1
31.68,7.35,7.7,-0.14,0.07,0.8,1
30.7,6.92,10.8,0.46,0.06,-0.7,1
26.82,7.17,6.5,-0.01,0.03,-0.3,1
28.5,6.69,19.7,0.24,0.01,-0.2,1
25.84,7.24,7.8,0.17,-0.03,0.4,1
28.48,7.4,6.4,-0.04,-0.03,0.7,1
26.73,6.66,16.3,0.02,0.07,0.0,0
31.88,7.0,12.7,0.01,-0.01,-0.4,1
26.62,7.1,5.5,-0.28,-0.05,0.0,1
27.75,7.29,6.1,-0.06,0.01,-0.5,1
27.37,7.17,20.4,0.61,0.01,-0.4,1
30.13,7.18,9.9,0.27,0.09,-1.2,1
27.64,6.78,10.3,0.0,0.03,-0.4,1
30.18,6.69,18.3,-0.03,0.01,-0.7,1
25.97,7.07,8.8,-0.08,0.05,-0.4,1
27.45,6.97,11.2,-0.11,-0.01,0.5,1
31.91,7.17,11.7,-0.12,0.01,-0.6,1
26.45,6.85,10.9,0.27,-0.01,0.2,1
29.69,6.82,16.6,-0.09,0.08,-0.1,1
30.31,6.89,18.7,-0.01,-0.01,0.4,1
28.23,7.14,10.3,-0.08,-0.01,0.5,1
31.98,7.26,5.7,0.2,-0.01,-1.0,0
30.02,7.46,6.0,0.14,-0.02,0.1,1
26.0,6.97,11.2,0.06,-0.01,-0.5,1
31.01,6.65,18.8,0.23,0.04,0.3,1
28.45,7.05,5.3,0.29,-0.01,-0.4,1
28.29,7.34,6.5,0.19,0.0,3.6,1
27.05,6.94,8.1,0.01,0.01,-0.7,1
28.57,6.71,17.2,0.04,-0.05,-0.2,1
30.27,7.37,9.4,-0.42,0.03,3.6,1
26.68,6.73,12.1,-0.13,-0.05,-0.5,1
29.7,7.24,7.2,0.19,-0.03,0.7,1
28.47,6.84,17.0,-0.61,0.03,-1.5,1
30.56,6.67,18.1,0.0,0.0,0.6,1
29.07,7.05,12.6,0.26,0.03,-1.4,1
27.01,6.89,10.0,0.07,0.01,0.5,1
28.32,7.05,9.2,0.04,-0.03,0.6,1
27.14,6.63,15.5,-0.18,0.01,-0.5,1
27.58,6.74,15.2,0.24,-0.02,0.0,1
30.86,6.65,18.8,-0.12,0.0,0.3,1
25.68,7.08,10.6,-0.14,0.02,-0.2,1
30.3,6.98,11.4,-0.11,0.0,0.6,1
28.47,6.67,16.6,0.14,-0.02,0.2,1
25.42,7.09,11.0,-0.04,-0.02,0.1,0
27.34,6.49,3.4,0.11,0.15,0.0,1
31.09,6.94,17.5,0.0,-0.04,1.1,1
30.05,7.31,10.7,0.03,0.03,0.2,1
27.55,6.9,11.4,0.18,0.0,0.0,1
28.59,7.09,8.4,0.12,-0.03,-0.1,1
26.13,7.35,6.9,0.03,0.0,-1.7,1
26.91,6.64,15.5,0.44,-0.02,0.4,1
26.91,6.95,12.1,-0.25,-0.02,0.5,1
27.86,6.69,18.2,-0.18,0.0,-0.5,1
27.94,7.49,5.6,-0.16,-0.05,-0.5,1
29.18,6.88,16.7,0.05,0.0,-0.7,1
31.08,7.3,12.2,-0.2,0.01,3.7,1
29.97,7.48,4.4,-0.18,0.02,0.1,1
28.34,6.95,13.9,-0.12,0.03,0.0,1
26.56,6.61,13.7,-0.07,-0.02,-0.5,1
27.72,6.56,14.1,0.0,0.02,-0.4,1
26.48,7.25,6.2,-0.09,0.0,0.2,1
25.83,7.29,6.1,-0.28,-0.03,-0.1,1
26.24,6.83,14.2,-0.46,0.01,0.0,1
27.08,6.92,14.5,-0.23,0.08,-1.5,1
29.95,7.23,9.5,0.26,0.02,-0.5,1
27.38,7.19,13.3,0.39,-0.02,2.3,1
29.27,6.94,8.5,-0.73,0.01,-0.1,1
27.48,6.95,9.1,-0.07,0.0,-11.2,1
29.95,7.1,13.5,0.19,0.02,-0.2,1
26.5,7.3,15.1,0.14,0.0,-0.7,1
29.88,7.26,16.0,-0.16,-0.02,2.1,0
27.93,6.82,16.8,-0.12,-0.03,0.1,1
29.66,7.41,6.3,0.27,-0.01,-0.2,1
28.0,6.82,19.1,0.23,0.0,-0.4,1
32.15,7.08,11.5,0.12,0.04,-0.5,0
28.09,6.95,11.7,-0.25,0.0,-2.2,1
28.79,6.53,20.4,0.26,-0.02,1.5,1
26.7,6.7,14.5,0.19,-0.03,0.9,1
28.14,7.21,23.5,-0.69,0.02,-0.2,0
25.77,6.36,16.8,-0.15,-0.06,-0.6,1
27.17,6.97,11.0,-0.22,-0.05,-0.4,1
28.44,7.25,6.7,-0.04,0.05,-0.7,1
28.17,7.42,6.0,-0.18,-0.02,-0.4,1
26.13,7.07,11.2,-0.31,-0.02,-0.5,1
28.29,6.79,16.4,-0.09,0.04,-1.0,1
29.49,6.61,25.6,-0.31,-0.07,-0.4,0
26.75,7.11,5.9,-0.15,0.1,1.2,1
28.09,7.05,12.9,0.02,0.02,0.2,1
26.13,6.67,13.3,0.02,-0.02,-0.5,1
28.16,7.9,17.6,-0.02,-0.13,1.1,1
31.63,7.37,6.5,-0.21,0.01,1.2,0
30.78,7.38,5.6,-0.05,0.01,-2.4,1
29.32,6.72,16.1,0.32,-0.01,-0.4,1
30.1,7.04,11.2,-0.05,-0.03,0.0,1
28.95,6.93,14.5,0.05,0.01,-0.9,1
28.4,7.11,12.4,-0.28,0.01,0.9,1
28.3,7.22,29.6,-0.13,0.04,-1.2,0
27.46,7.22,13.6,0.41,0.03,-0.4,1
28.79,7.23,8.2,-0.27,-0.01,-0.5,1
26.35,7.05,12.7,0.17,0.02,0.4,1
29.53,7.06,11.2,-0.19,0.01,-0.1,1
29.04,7.1,11.6,-0.15,0.03,1.1,1
26.44,7.01,6.9,0.27,-0.02,-0.4,1
27.69,7.3,3.3,-0.11,0.0,0.2,1
27.35,7.27,3.3,0.2,0.01,-0.2,1
28.76,7.18,9.1,0.06,-0.01,-1.2,1
27.67,7.79,7.0,-0.17,0.56,-2.0,0
26.02,7.05,17.2,0.19,0.01,-2.9,0
26.29,7.12,14.5,0.09,0.0,-1.4,1
29.91,7.59,3.4,-0.15,0.02,0.5,1
27.85,7.21,9.7,-0.13,0.01,-0.3,1
30.05,7.49,5.0,0.25,0.03,-0.6,1
28.16,6.94,16.5,0.48,0.01,2.5,1
27.02,6.73,20.2,-0.17,-0.04,-0.1,1
27.91,6.58,16.8,0.21,0.0,-0.2,0
29.71,7.04,16.9,-0.23,-0.03,2.8,1
28.3,6.91,14.3,-0.13,0.0,-0.2,1
26.17,7.14,7.9,0.12,-0.03,0.6,1
27.85,7.02,15.7,-0.04,-0.03,-1.2,1
26.01,7.19,4.5,-0.2,-0.02,0.3,1
30.02,6.75,23.5,-0.08,0.0,2.5,0
27.09,7.01,13.9,-0.08,0.0,1.5,1
28.81,7.66,16.7,-0.12,0.3,1.4,1
25.85,7.13,4.6,-0.18,-0.04,-0.3,1
28.92,7.29,12.0,0.15,0.02,-0.3,1
29.74,7.43,3.2,0.1,-0.05,-2.6,1
27.29,7.04,13.0,0.21,0.02,1.1,1
31.39,7.06,15.5,-0.07,0.01,0.0,1
30.21,6.68,19.0,-0.12,0.01,-0.3,1
27.61,6.58,20.4,0.17,0.01,-0.5,1
28.96,6.67,16.3,0.27,0.04,-0.4,1
30.39,6.98,18.8,-0.09,0.03,1.1,1
30.97,7.33,9.1,-0.14,0.04,1.1,1
30.25,6.93,8.8,3.24,-0.02,0.5,0
28.4,7.23,6.5,-0.15,-0.04,-0.5,1
26.6,7.04,6.9,0.06,0.04,-0.9,1
29.51,7.43,7.1,-0.23,0.03,0.0,1
26.57,6.7,16.2,0.01,0.01,-1.2,1
30.37,5.61,6.9,-0.33,-1.87,-0.3,0
31.71,6.86,18.3,0.23,0.1,-0.6,1
29.83,7.2,11.7,0.12,0.01,0.9,1
26.9,7.15,4.3,0.14,-0.03,0.2,1
27.5,7.06,4.0,0.42,0.02,0.1,1
28.77,6.65,34.1,0.0,0.04,3.1,0
30.65,7.33,6.5,0.11,-0.03,-0.6,1
29.65,6.97,16.1,-0.37,0.01,0.0,1
31.4,6.95,11.1,-0.16,-0.02,-0.5,1
29.94,7.15,10.8,-0.25,0.0,-0.3,1
28.81,7.22,7.3,0.11,-0.02,-0.3,1
26.8,7.25,5.9,0.34,0.06,-1.9,1
27.56,6.84,14.3,-0.25,0.05,-0.3,1
32.62,7.36,4.2,-0.09,0.03,0.1,0
29.21,7.26,6.6,-0.01,-0.08,0.4,1
28.02,7.01,11.0,-0.09,0.03,-0.2,1
29.62,7.01,11.8,0.22,-0.01,-1.1,1
26.78,6.65,13.7,0.0,0.0,-0.5,1
27.86,7.14,10.6,0.13,-0.01,0.8,1
29.11,7.32,10.0,0.19,0.11,1.0,1
28.95,6.77,17.7,-0.06,0.02,-2.6,1
25.02,7.27,3.7,-0.18,-0.03,0.2,1
26.0,6.94,6.9,-0.18,-0.01,-1.5,1
29.62,7.18,9.8,-0.07,0.0,-0.2,1
26.5,6.96,13.9,2.27,0.01,2.0,0
28.61,7.22,27.3,-0.31,0.02,-0.1,0
27.34,5.66,16.0,0.11,-0.11,0.8,0
25.6,7.17,3.9,0.13,0.03,0.5,1
31.37,6.49,21.8,-0.05,0.0,0.3,0
28.3,7.34,5.4,-0.01,0.01,0.0,1
26.93,6.64,20.6,0.28,0.02,-0.2,1
27.2,6.84,12.2,0.14,-0.05,1.0,1
26.74,7.16,8.1,-0.08,-0.03,-0.6,1
30.23,7.09,13.6,-0.2,0.01,-0.3,1
26.88,6.99,22.4,-0.08,0.01,2.5,0
28.1,7.02,11.8,0.24,-0.01,-0.2,1
32.03,6.99,12.7,-0.09,0.01,-0.9,1
27.88,6.99,8.8,-0.17,-0.04,-0.2,1
26.56,7.07,5.6,0.14,-0.02,-1.5,1
29.97,6.95,16.9,-0.05,0.07,-0.1,1
32.3,7.36,7.2,-0.05,-0.02,1.5,0
25.94,7.13,14.7,0.03,-0.02,-1.4,1
28.81,7.25,10.3,0.05,0.07,1.2,1
29.02,7.28,6.4,-0.11,0.02,-0.9,1
29.68,6.89,16.1,0.06,0.02,0.5,1
27.71,7.24,6.0,-0.14,-0.03,-0.3,1
26.06,6.79,12.2,-0.07,0.01,-1.1,0
29.73,7.13,19.0,-0.3,-0.02,1.0,1
30.14,7.07,12.9,0.19,-0.03,-0.6,1
26.26,6.82,17.4,-0.05,-0.02,-0.5,1
26.89,6.95,12.6,-0.16,0.03,0.5,1
27.14,7.09,9.2,0.1,0.06,0.2,1
27.73,6.75,20.3,-0.14,0.02,2.6,1
30.06,7.11,11.3,0.45,0.02,1.7,1
29.76,7.03,15.0,0.07,-0.04,1.5,1
27.62,7.09,15.3,-0.38,0.01,3.0,1
29.69,7.08,21.0,-0.14,0.0,-3.0,1
28.76,7.33,5.1,0.11,0.0,-1.2,1
27.12,6.94,11.9,-0.04,-0.05,1.0,1
27.02,6.84,14.8,0.11,-0.06,3.8,1
25.94,6.59,15.5,0.14,-0.01,0.8,1
29.71,7.0,14.9,-0.13,-0.01,-0.1,1
28.28,6.98,14.5,0.17,-0.02,-1.6,1
29.3,6.99,14.2,0.14,0.05,0.5,1
29.39,6.76,14.0,-0.02,-0.04,0.2,1
26.54,7.17,8.5,-0.02,0.01,-0.2,1
29.99,7.58,3.1,0.04,0.01,-0.7,1
30.2,7.34,5.6,0.28,0.01,0.6,1
27.9,7.47,3.9,0.0,0.02,-1.0,1
27.17,7.0,11.6,0.03,-0.06,0.7,1
29.78,7.39,5.3,0.05,-0.02,0.1,1
32.1,7.04,12.9,-0.07,0.0,-0.8,1
27.85,6.98,23.4,0.14,0.02,1.6,0
27.19,6.9,3.6,0.21,0.0,0.2,1
27.36,6.75,15.5,-0.2,0.03,-0.3,1
30.11,6.71,29.3,-0.26,-0.05,2.7,0
27.06,7.14,8.2,0.07,-0.01,-2.1,1
27.36,7.37,7.3,-0.09,0.0,0.3,1
28.19,6.81,14.8,0.5,-0.01,-1.0,1
28.64,6.93,14.1,-0.13,-0.01,1.8,1
27.33,6.94,9.7,-0.03,0.0,-1.9,1
26.02,7.16,7.1,0.14,0.01,0.0,1
26.48,6.76,12.7,-0.26,-0.03,-0.5,1
29.95,7.12,17.7,0.03,-0.09,-0.8,1
25.98,7.2,3.1,-0.19,0.02,-0.8,1
27.25,7.33,15.6,-0.12,-0.02,-0.2,1
27.62,6.84,15.8,0.14,0.07,1.0,1
26.48,7.08,8.1,0.04,0.07,1.2,1
28.6,6.93,15.3,0.2,0.05,-0.9,1
30.13,7.4,10.6,-0.13,-0.02,1.0,1
28.87,7.35,5.5,-0.54,0.03,-0.2,1
30.34,7.19,13.8,0.11,0.02,-1.3,1
28.65,7.33,6.3,-0.22,-0.02,0.8,1
28.63,7.1,11.4,-0.17,-0.03,0.8,1
26.04,6.77,13.5,-0.22,0.0,0.5,1
29.01,6.75,20.3,0.39,-0.02,1.2,1
26.94,6.52,18.9,0.24,0.01,-0.8,1
28.31,7.24,4.2,0.28,-0.03,1.0,1
27.31,7.04,10.7,0.1,-0.02,-1.5,1
30.15,7.04,11.8,0.16,0.01,0.2,1
28.87,7.32,7.1,-0.03,0.0,0.2,1
29.91,7.25,13.2,0.04,0.04,0.1,1
26.52,7.25,20.2,0.02,0.01,3.1,1
26.98,6.79,16.5,0.21,-0.04,-0.7,1
26.74,7.02,3.9,-0.5,-0.03,-0.1,1
28.46,6.56,17.9,-0.33,0.0,-1.3,1
27.1,6.48,20.6,0.18,0.01,-0.3,0
28.77,6.62,30.7,0.0,-0.01,0.4,0
29.24,6.53,22.5,-0.08,0.03,0.8,0
29.63,6.95,11.3,-0.14,0.03,0.8,1
26.11,6.63,12.5,0.33,0.03,-2.0,1
26.64,7.05,5.6,0.17,-0.07,-0.1,1
26.51,7.29,16.8,-0.23,0.06,0.5,1
27.51,6.59,20.6,0.34,0.01,-0.8,1
27.57,6.76,15.2,-0.24,0.07,0.3,1
27.45,7.25,20.8,-0.08,-0.01,0.0,0
27.28,6.79,17.9,0.1,0.01,1.9,1
28.66,6.92,14.2,0.06,-0.01,-1.1,1
28.92,7.33,6.8,0.13,0.05,0.0,1
26.6,7.14,6.1,-0.15,0.0,-0.5,1
26.22,6.68,29.1,0.07,-0.01,0.7,0
31.09,7.02,18.9,0.0,0.0,1.9,1
28.11,6.74,14.7,0.06,-0.05,-0.2,1
28.57,7.36,4.7,0.07,0.01,-0.1,1
28.8,7.06,11.0,0.25,0.01,-1.0,1
28.17,6.79,19.5,0.08,0.08,-0.2,1
26.56,6.96,12.3,0.04,-0.01,2.0,1
32.0,6.77,17.1,0.17,-0.02,-0.1,1
25.72,6.82,11.2,-0.26,0.02,0.5,1
26.11,7.13,5.3,-0.05,-0.02,-0.8,0
25.72,6.82,12.2,-0.08,0.0,0.7,0
25.96,6.65,15.3,-0.12,-0.01,0.3,1
29.72,6.84,15.6,-0.35,0.03,-1.2,1
25.92,6.81,17.0,0.15,0.06,-0.6,1
30.08,7.21,10.0,-0.13,-0.02,-0.6,1
28.76,7.25,6.8,0.24,0.0,0.0,1
27.07,6.7,14.7,0.15,0.0,0.0,1
26.51,6.77,20.8,-0.1,0.01,0.1,1
27.48,6.64,17.9,-0.15,-0.03,-0.2,1
26.95,7.21,5.9,0.15,-0.04,0.0,1
27.86,6.85,15.1,-0.06,0.01,-7.2,1
29.11,7.06,9.4,-0.09,-0.03,0.1,1
30.76,7.44,4.7,0.23,-0.01,-0.3,1
26.93,6.98,9.2,-0.39,0.0,-0.8,1
26.84,7.06,15.0,0.23,0.01,-0.9,1
27.58,6.83,20.5,-0.05,0.03,-0.6,1
25.85,6.73,12.8,-0.25,-0.01,0.2,0
30.99,7.16,11.1,0.04,0.05,0.0,1
29.41,6.78,21.6,-0.13,-0.05,6.3,0
26.62,6.83,22.0,-0.5,-0.02,1.2,0
27.98,7.03,6.9,-0.05,0.06,1.8,1
31.01,6.87,14.3,-0.07,-0.05,-1.5,0
28.49,6.83,15.1,0.04,0.01,0.0,1
27.76,6.76,20.3,0.07,0.05,0.0,1
29.03,7.3,10.2,0.47,0.0,-1.4,1
30.87,7.13,9.6,0.16,0.0,-0.4,1
25.4,7.05,8.8,0.04,0.01,1.4,1
26.9,6.51,17.4,-0.16,-0.1,-0.4,0
30.5,7.35,10.2,0.03,0.0,-0.2,0
29.22,7.53,7.4,0.04,-0.09,-0.4,1
25.79,6.7,10.6,0.26,0.05,-3.1,1
28.34,7.34,5.2,-0.09,0.01,-0.2,1
28.12,7.05,10.2,-0.03,-0.02,0.0,1
25.93,7.18,6.8,0.19,-0.01,0.4,1
26.96,7.15,11.3,-0.17,-0.01,0.3,1
27.89,7.3,5.0,-0.09,0.0,-0.2,1
28.63,6.7,16.6,0.16,0.01,-0.2,1
27.03,6.97,8.2,0.36,0.0,1.2,1
25.49,6.99,11.3,0.1,-0.01,-1.0,0
30.05,6.88,17.3,0.18,0.04,-0.3,1
27.42,6.63,16.3,-0.02,0.04,-1.9,1
27.86,7.25,7.5,-0.02,0.02,1.0,1
27.86,7.22,8.9,0.12,0.02,-0.4,1
27.04,6.87,29.5,-0.09,0.0,0.6,0
28.06,7.23,9.9,-0.2,0.06,-0.5,1
25.91,6.72,12.2,0.11,-0.07,-0.5,1
28.7,7.24,7.6,0.02,-0.02,1.0,1
32.63,7.26,7.3,0.05,-0.03,-0.6,0
30.23,7.17,15.1,0.19,-0.03,-0.2,1
25.97,7.29,3.2,0.07,0.02,0.5,1
27.55,7.18,7.8,-0.06,0.01,1.2,1
30.92,6.62,20.3,0.41,0.01,0.5,1
26.54,6.68,16.7,0.0,-0.02,0.2,1
28.2,7.14,15.0,0.28,-0.05,-1.3,1
30.4,7.25,8.2,0.35,0.0,-1.1,1
25.41,7.18,3.9,-0.14,0.02,-0.4,1
30.19,7.07,9.6,-0.46,-0.04,-0.1,1
28.04,7.3,9.1,-0.06,0.04,-0.6,1
28.23,7.05,21.3,0.08,-0.01,0.8,1
31.99,7.01,12.7,-0.11,-0.03,-0.2,1
27.35,6.82,10.4,0.12,0.0,0.4,1
26.26,6.76,18.9,-0.07,-0.01,0.4,0
32.32,7.41,5.6,0.26,0.03,-0.6,0
28.9,6.88,14.9,-0.02,-0.01,0.3,1
27.2,7.1,15.4,0.04,0.03,1.3,1
31.09,6.94,19.1,0.0,0.04,0.0,1
30.58,7.51,4.8,0.11,0.02,0.0,1
24.93,7.18,14.8,0.11,-0.05,-0.9,1
26.07,6.75,17.3,-0.1,0.06,-0.4,1
26.61,6.73,15.6,0.12,-0.01,-0.1,1
27.05,7.2,17.3,-0.05,0.0,1.6,1
32.66,7.25,8.4,-0.22,0.02,-0.9,0
28.7,7.3,9.9,-0.06,-0.04,-0.7,1
26.37,6.82,13.4,-0.21,-0.07,0.8,1
28.06,7.09,6.5,0.07,0.0,0.9,1
28.38,6.66,16.6,-0.21,-0.05,-8.0,1
26.98,6.84,15.0,-0.1,-0.08,0.5,1
26.42,6.55,16.3,0.05,0.04,0.0,1
27.72,6.54,14.5,0.12,0.03,0.4,1
26.59,6.58,18.3,-0.13,0.04,0.7,1
27.61,6.8,16.3,-0.3,-0.02,-1.3,1
30.07,7.02,11.5,-0.09,0.01,0.5,1
30.18,6.99,13.4,0.06,0.07,0.4,1
28.85,7.33,3.7,0.28,0.01,-2.5,1
27.0,6.94,13.6,0.0,0.02,0.7,1
29.55,7.05,14.2,0.23,0.03,-1.7,1
29.64,7.21,8.7,0.05,0.03,0.1,1
30.79,7.49,7.7,0.02,-0.02,0.0,1
26.4,7.33,7.3,0.11,-0.03,0.3,1
24.29,6.91,11.9,-1.78,0.05,0.4,0
28.91,7.31,6.6,-1.19,-0.03,0.2,1
30.56,7.35,7.1,0.0,0.05,-1.5,1
27.0,7.32,3.2,-0.11,0.02,1.2,1
27.28,7.12,8.0,-0.25,-0.05,0.0,1
27.49,7.14,10.0,0.05,-0.01,0.4,1
26.69,6.79,17.7,-0.08,-0.02,3.0,1
25.86,6.76,15.2,-0.16,0.05,0.0,1
27.45,7.08,10.0,0.1,0.01,0.1,1
29.31,7.17,13.8,0.25,0.0,-0.3,1
27.82,7.27,7.0,0.27,0.02,0.2,1
28.33,7.07,10.8,0.11,0.02,0.2,1
31.71,7.12,15.3,0.11,-0.04,2.3,0
30.37,7.47,6.5,0.02,-0.01,1.5,1
26.45,6.71,13.5,0.01,0.0,0.3,0
30.49,7.32,6.6,-0.24,-0.01,1.2,1
25.69,6.87,9.0,-0.35,-0.08,0.1,1
29.76,7.34,9.2,0.22,0.0,-0.3,1
28.77,6.79,20.2,0.0,0.03,1.8,0
28.73,6.62,23.2,-0.1,-0.01,-0.1,1
26.81,7.26,6.6,-0.1,-0.02,-0.6,1
29.78,7.51,6.9,-0.31,0.09,0.7,1
26.92,7.09,10.7,0.07,0.01,1.4,1
27.21,7.33,22.3,0.17,-0.07,0.0,0
29.9,7.06,11.7,-0.16,-0.04,0.9,1
30.5,6.89,18.1,0.37,0.01,0.3,1
30.46,7.41,3.6,0.2,0.05,0.3,1
26.74,6.83,12.6,-0.1,0.09,0.2,1
26.22,7.16,10.6,-0.09,-0.01,-1.1,1
27.72,6.8,15.1,0.17,0.0,0.0,1
26.11,7.05,7.4,0.01,0.02,-0.7,1
30.22,7.28,8.2,0.0,-0.03,-0.3,1
26.8,6.76,14.2,0.15,0.05,-0.3,1
28.44,6.7,26.0,0.11,0.01,-2.1,0
27.91,6.63,15.0,0.16,-0.15,-1.1,1
27.5,7.12,5.8,-0.13,-0.05,0.0,1
28.69,7.35,3.9,0.17,0.03,0.0,1
31.6,7.16,9.9,0.31,0.05,-0.6,0
26.29,6.75,12.5,0.26,-0.06,0.4,1
29.32,7.12,10.0,0.01,0.03,0.1,1
29.76,7.13,14.8,-0.01,-0.02,1.3,1
25.8,6.67,15.2,-0.08,0.0,0.0,1
28.78,7.32,2.8,-0.07,-0.01,-0.9,1
27.61,7.05,15.1,-0.21,-0.19,-0.8,1
30.31,7.36,6.6,-0.23,0.0,0.2,1
29.19,7.07,10.5,0.34,0.0,0.8,1
28.39,7.29,4.8,0.02,0.01,0.7,1
27.35,6.69,23.0,0.0,0.01,-2.4,0
28.86,7.04,10.5,-0.27,0.02,0.1,1
28.9,6.92,15.4,-0.32,0.04,0.8,1
28.94,7.4,12.0,0.12,0.02,-0.8,1
28.32,7.21,11.5,-0.12,0.06,0.4,1
28.12,6.8,16.4,-0.28,0.0,0.0,1
30.03,7.26,5.6,0.09,-0.07,-0.6,1
29.8,7.09,11.4,-0.12,-0.11,-0.4,1
26.72,6.54,17.6,0.04,-0.06,-0.1,1
27.27,7.02,9.5,-0.28,0.0,0.0,1
27.88,7.72,15.7,0.02,-0.07,1.3,1
28.55,6.88,12.0,0.33,-0.01,-0.3,1
29.73,6.67,16.5,0.05,0.05,-1.7,1
26.04,7.18,8.3,0.47,0.01,0.3,1
26.5,7.14,7.1,0.04,-0.01,0.3,0
32.08,7.15,15.1,0.0,0.04,-0.6,1
32.49,7.54,2.4,-0.19,-0.02,0.6,0
28.15,6.69,16.9,-0.21,0.01,0.0,1
26.62,7.03,15.0,-0.2,0.02,0.0,1
26.54,6.87,11.5,-0.25,-0.05,1.0,1
30.32,7.5,4.2,0.23,0.04,2.3,1
28.79,7.16,7.7,0.1,-0.36,-0.3,1
27.92,7.01,15.9,0.12,0.01,0.2,1
29.3,7.18,12.1,-0.18,0.0,0.1,1
26.96,7.21,11.9,-0.16,0.03,3.4,1
27.81,7.17,7.7,-0.09,0.02,-0.3,1
26.32,7.08,7.9,0.03,-0.01,0.3,1
27.23,6.82,10.0,-0.05,0.04,-0.1,1
29.98,6.92,15.9,-0.14,0.06,1.9,1
27.92,6.9,13.0,0.09,0.07,0.7,1
29.01,7.07,12.4,0.11,0.0,4.3,1
28.22,6.95,11.6,-0.14,-0.02,0.0,1
27.22,6.9,16.9,0.12,0.01,6.4,1
30.1,7.34,6.4,0.16,-0.09,0.1,1
27.88,6.69,20.0,-0.15,0.0,0.8,1
30.82,6.72,48.2,0.12,0.03,29.3,0
27.17,6.82,11.0,-0.33,-0.01,0.5,1
26.08,7.12,4.5,-0.07,0.02,1.1,1
29.05,7.37,5.3,-0.09,-0.04,0.4,1
29.24,7.28,14.6,0.04,-0.01,1.4,1
25.43,7.16,4.1,0.02,-0.02,0.2,1
29.72,7.1,12.9,-0.04,-0.01,-0.3,0
29.83,7.3,7.9,0.2,0.03,-2.8,1
28.31,7.11,8.9,-0.14,0.03,-0.9,1
27.67,6.95,4.3,0.17,0.09,-1.6,1
26.8,7.15,4.2,-0.04,-0.06,-1.5,1
27.87,7.05,22.5,-0.36,0.0,1.2,1
26.11,6.83,17.4,-0.25,0.02,-0.2,1
26.43,6.69,16.1,0.15,-0.04,-1.2,1
29.2,7.05,12.2,-0.25,-0.03,0.0,1
31.54,6.48,22.1,-0.13,0.02,0.3,0
29.8,7.34,15.1,-0.21,0.01,-0.4,1
28.78,6.83,12.8,0.16,0.0,0.4,1
25.95,6.72,18.4,-0.03,-0.02,1.3,1
27.62,7.25,12.2,0.39,0.04,-2.3,1
30.2,7.0,10.7,-0.17,0.03,0.7,1
27.45,6.91,8.4,-0.33,0.0,-1.0,1
27.31,6.95,8.4,0.26,0.01,0.3,1
29.67,7.29,8.7,0.13,0.02,-1.0,1
31.09,7.0,18.6,0.0,-0.02,-0.3,1
26.01,6.98,8.8,0.29,-0.03,0.4,1
26.08,6.87,12.7,-0.07,0.01,-0.3,1
26.22,6.46,29.9,-0.07,-0.05,-1.1,0
26.71,7.22,5.7,0.1,0.05,0.5,1
28.48,6.75,18.6,0.01,-0.04,-0.8,0
26.52,6.79,13.6,-0.15,-0.11,0.3,1
29.87,6.88,16.6,-0.12,0.07,0.4,1
28.64,7.23,10.9,-0.04,0.01,-0.2,1
27.82,7.29,8.0,0.1,0.0,-0.3,1
26.57,6.93,14.3,-0.13,0.0,-0.6,1
27.9,7.37,6.6,0.0,0.03,-1.8,1
26.13,7.22,3.5,-0.09,-0.01,-0.2,1
29.52,7.29,7.6,0.13,0.02,0.0,1
26.44,6.71,13.2,-0.12,-0.03,0.5,1
27.88,6.55,8.0,0.16,-0.63,-0.2,0
29.5,6.89,18.7,-0.15,-0.01,-0.3,1
27.21,6.99,8.8,-0.18,-0.03,0.2,1
29.93,7.54,6.4,-0.02,0.03,0.2,1
30.13,7.18,10.3,-0.07,0.0,-0.1,1
28.49,7.47,6.8,-0.04,-0.04,-0.1,1
29.2,6.93,13.7,0.25,0.0,-0.8,1
28.54,6.77,12.4,0.07,-0.06,-1.1,1
28.26,6.58,18.6,-0.1,-0.03,0.0,1
28.77,7.32,5.9,0.03,-0.02,0.1,1
26.85,6.87,12.3,0.0,-0.08,0.8,1
27.04,7.23,3.7,-0.19,0.01,0.1,1
27.67,7.28,6.4,-0.04,-0.01,0.5,1
26.33,7.15,8.6,-0.13,0.04,0.6,1
28.63,7.16,2.5,0.28,0.13,-0.8,1
28.26,7.33,8.0,-0.13,-0.02,-0.4,1
26.54,7.06,7.5,-0.06,0.02,0.6,1
28.77,6.65,19.6,0.0,-0.08,1.4,1
28.81,6.99,12.2,-0.39,-0.02,0.3,1
26.2,7.15,9.9,-0.13,0.0,1.3,1
26.65,6.77,13.9,0.06,-0.01,-0.8,1
26.11,6.99,15.0,-0.14,0.06,1.4,1
29.14,7.04,15.0,-0.31,0.0,0.3,1
27.95,7.34,8.9,0.1,0.03,-0.6,1
27.25,6.68,16.1,0.09,-0.11,-0.1,1
26.8,6.85,12.6,0.11,-0.02,0.2,1
27.72,6.96,10.7,0.02,0.0,-1.1,1
25.71,6.79,11.9,-0.01,0.01,1.2,1
29.24,6.93,18.1,0.29,-0.87,1.3,0
29.44,6.9,13.8,0.22,0.06,-1.2,1
31.25,7.19,7.5,0.18,0.02,-1.4,1
27.75,7.02,10.4,0.03,-0.01,-0.2,1
28.97,7.4,4.3,-6.4,-0.02,0.7,0
27.97,7.4,8.9,-0.04,0.0,0.9,1
27.02,6.3,20.8,-0.08,0.01,-1.4,0
27.58,6.96,15.6,0.15,-0.07,2.7,1
27.16,7.17,6.8,-0.24,-0.02,0.4,1
30.86,7.02,12.6,0.22,0.08,-0.2,1
26.1,7.02,11.0,-0.17,-0.01,-0.4,1
32.59,7.24,12.3,-0.07,-0.04,0.5,0
26.97,7.1,9.1,0.23,-0.03,0.5,1
26.8,6.62,16.7,-0.15,0.01,0.2,1
25.47,7.16,1.4,-0.13,-0.01,-2.5,0
29.92,7.2,11.8,-0.08,-0.01,0.8,1
28.63,6.62,20.0,0.33,0.01,-1.3,1
29.14,7.43,4.5,0.07,0.03,1.0,1
26.74,6.53,26.1,-0.29,-0.02,1.5,0
26.9,6.81,14.4,-0.08,-0.03,-0.6,1
25.4,6.59,17.2,0.07,0.01,-0.3,0
25.72,6.43,16.4,-0.2,0.02,0.2,0
27.93,7.15,9.5,-0.03,-0.01,-0.9,1
28.14,7.31,4.2,0.05,0.07,1.3,1
26.46,7.14,3.5,-0.08,0.0,1.0,1
26.2,6.82,14.2,0.08,0.02,-0.8,1
28.1,7.32,4.1,0.03,0.03,0.2,1
28.39,6.95,9.9,0.07,0.0,-0.3,1
25.92,7.02,11.6,0.2,0.0,1.8,1
29.11,6.9,11.9,-0.17,0.05,0.1,1
26.57,6.62,13.0,-0.15,-0.02,-0.8,1
25.88,7.24,2.3,-0.08,-0.01,-0.1,1
28.55,6.58,14.5,-0.1,-0.02,-1.8,1
32.08,7.06,15.8,0.0,0.0,1.4,1
25.9,6.4,17.7,-0.16,0.01,0.4,0
28.17,7.23,8.7,-0.22,-0.01,0.6,1
27.24,7.14,6.0,0.11,0.06,0.5,1
29.72,7.05,11.3,-0.13,-0.06,-0.3,1
29.26,6.97,10.5,0.15,-0.01,-1.1,1
32.57,7.4,4.4,-0.28,0.03,0.2,0
26.13,7.1,13.1,-0.02,-0.02,-3.1,1
30.28,7.14,12.9,-0.21,0.02,1.4,1
27.81,7.04,14.1,-0.04,0.02,-1.6,1
26.7,6.93,14.9,0.18,-0.01,0.2,1
26.33,7.22,4.6,0.16,0.03,-0.9,1
26.71,6.91,13.6,0.13,-0.03,-1.0,1
29.65,7.12,13.8,-0.33,0.0,-1.5,1
26.36,6.83,14.0,0.16,-0.01,-0.6,1
27.93,6.94,5.1,0.26,0.1,0.5,1
30.68,7.07,13.2,0.03,0.01,-0.4,1
27.79,7.14,18.6,0.01,-0.01,0.3,1
29.58,7.38,9.7,-0.06,0.04,-0.2,1
25.82,7.06,10.8,-0.37,0.01,1.1,1
30.59,7.51,4.9,-0.17,-0.02,-0.2,1
27.16,6.99,10.9,-0.17,0.02,0.0,1
25.95,7.08,12.4,-0.34,0.0,0.7,1
29.11,7.3,6.8,-0.15,0.01,-1.2,1
26.86,7.19,6.5,0.02,0.01,0.4,1
30.62,7.33,5.9,-0.12,0.0,-1.1,1
27.99,7.13,9.6,-0.08,0.03,-0.4,1
27.37,6.84,22.8,0.02,0.0,0.0,0
27.25,7.27,3.6,0.16,0.0,0.1,1
26.34,7.17,9.3,-0.42,-0.03,0.7,1
26.51,7.16,10.6,0.13,0.01,-0.1,1
27.31,7.23,7.0,-0.38,0.06,0.5,1
26.97,6.65,21.0,0.09,0.04,0.7,1
26.56,6.98,7.0,-0.15,0.0,0.0,1
28.13,7.11,10.3,0.26,0.0,-0.1,1
26.82,5.57,23.0,0.21,-0.88,0.5,0
29.37,7.42,19.6,0.38,-0.03,-1.5,1
29.46,7.48,5.6,0.06,0.01,0.3,1
28.71,6.86,13.2,-0.18,-0.03,0.3,1
30.2,7.28,9.9,-0.11,0.13,0.2,1
26.64,7.05,2.7,-0.05,-0.01,-2.0,1
28.64,6.5,17.3,0.21,0.06,-2.0,0
29.34,6.99,16.1,-0.09,-0.03,-0.8,1
26.14,6.9,11.0,0.25,0.01,-0.2,1
26.14,7.2,5.1,-0.06,-0.01,0.1,1
30.62,7.24,9.1,-0.04,-0.02,-1.6,1
28.53,6.76,17.4,-0.07,-0.04,-0.7,1
27.05,6.68,14.8,-0.04,0.0,0.1,1
29.97,7.16,16.6,0.05,-0.03,0.9,1
27.65,7.25,12.6,-0.18,-0.02,0.2,1
29.02,6.97,9.9,-0.09,0.02,-0.8,1
28.63,7.19,8.9,-0.32,-0.02,0.3,1
31.13,6.7,18.5,0.32,-0.03,-0.3,1
26.34,7.16,6.6,-0.29,-0.02,0.6,0
28.76,7.32,6.0,0.27,0.04,-1.5,1
28.15,7.27,6.9,0.33,0.0,-0.1,1
28.25,7.4,11.5,-0.35,0.0,1.5,1
29.79,6.78,18.2,-0.04,0.02,-0.3,1
29.4,7.33,6.6,-0.28,-0.01,0.4,1
28.61,7.18,10.0,0.49,0.03,0.1,1
27.23,7.14,8.4,0.18,0.01,3.9,1
29.73,6.9,16.8,-0.14,0.0,0.4,1
28.29,6.89,15.7,0.27,0.06,-0.3,1
29.13,7.03,8.8,0.08,-0.02,-0.3,1
25.69,7.08,9.2,-0.02,0.0,0.5,1
28.57,6.71,16.3,0.32,0.01,-1.3,0
29.95,7.17,18.4,-0.27,-0.05,2.0,1
26.79,7.15,25.0,0.0,0.0,18.6,0
27.47,6.47,19.2,0.22,-0.02,-1.1,0
26.17,7.28,4.6,-0.01,-0.03,0.2,1
26.54,7.36,6.5,0.01,0.0,0.5,1
31.08,7.08,13.0,0.43,0.01,-1.3,1
30.27,6.83,17.1,0.0,0.02,0.1,1
27.12,6.66,13.9,0.33,0.02,-1.4,1
27.77,6.82,17.3,0.22,0.02,1.4,1
28.33,6.72,17.3,-0.07,-0.03,-1.0,1
27.94,6.65,18.0,0.07,0.02,-1.5,1
27.02,6.78,16.5,0.03,-0.02,0.7,1
26.43,6.88,10.0,0.08,-0.02,-0.1,1
30.0,6.88,18.2,-0.04,-0.03,0.7,1
30.8,7.33,6.8,0.12,0.01,-0.3,1
27.2,7.15,6.6,0.09,0.03,0.9,1
29.96,6.88,18.2,0.07,-0.01,0.4,1
28.13,6.71,19.0,0.25,-0.04,0.8,1
27.76,7.36,3.9,-0.19,0.0,1.6,1
28.84,7.19,7.9,0.17,-0.02,1.6,1
26.0,7.24,8.6,-0.04,0.01,0.4,1
30.57,7.07,11.4,-0.1,0.03,0.3,1
26.52,6.97,10.3,-0.1,-0.01,1.1,1
30.41,7.4,6.1,0.24,-0.01,0.2,1
30.51,7.44,10.3,-0.28,-0.05,2.6,1
26.54,6.96,13.7,-0.33,-0.01,0.3,1
28.74,7.13,12.2,0.21,-0.11,1.8,1
25.6,6.9,11.2,0.0,-0.03,1.0,1
28.07,7.04,11.9,0.24,-0.02,0.1,1
28.53,6.93,19.0,0.25,-0.05,4.5,1
28.08,6.4,13.6,0.3,-0.56,-0.2,0
29.78,7.05,12.1,-0.11,0.02,-0.7,1
27.42,7.28,5.3,-0.01,0.01,1.8,1
28.13,6.83,13.8,-0.54,0.03,-0.4,1
30.51,7.22,10.1,0.38,0.04,-0.2,1
28.44,7.17,8.9,-0.19,-0.02,0.0,1
24.89,7.08,16.4,0.11,-0.08,-0.5,0
25.53,6.95,11.3,0.09,-0.01,0.2,1
26.32,6.7,12.8,0.33,-0.04,0.6,1
26.24,7.31,4.5,0.16,0.0,1.2,1
30.85,6.68,18.6,-0.28,-0.02,0.1,0
29.51,7.16,12.4,0.0,0.0,-0.8,1
26.98,6.76,14.9,-0.18,-0.08,-1.6,1
26.79,6.32,21.4,0.1,0.07,-0.3,0
27.1,7.25,6.1,-0.17,0.02,0.2,1
27.56,7.25,6.0,-0.07,0.01,0.5,1
28.26,6.8,16.0,0.13,0.0,-0.2,1
25.78,7.22,5.5,-0.04,-0.08,-0.9,0
30.31,7.43,7.3,0.49,0.03,0.6,1
28.14,7.3,6.5,-0.1,0.02,-0.1,1
26.99,7.02,10.5,0.28,-0.06,0.6,1
27.32,6.99,14.8,0.49,-0.01,-1.6,1
25.86,7.35,5.5,-0.05,0.07,0.3,1
31.5,7.29,9.4,-0.04,-0.01,0.4,1
30.13,7.08,9.9,0.04,-0.02,-1.0,1
29.71,7.29,5.3,-0.34,-0.01,-0.4,1
28.36,6.91,31.9,0.24,-0.06,22.3,0
29.69,7.5,5.2,0.16,0.0,0.1,1
28.06,7.15,8.8,0.13,0.0,-0.7,1
28.13,6.5,21.5,0.17,-0.02,-0.6,1
27.13,7.28,11.1,-0.04,0.0,-0.6,1
25.93,7.01,11.6,-0.23,0.03,0.6,1
25.57,7.13,6.0,-0.3,-0.01,0.5,1
27.06,6.6,16.3,-0.11,0.01,0.0,1
29.07,6.72,15.1,-0.11,-0.01,0.6,1
27.13,7.15,1.3,0.29,0.0,-2.0,1
26.69,6.96,11.2,-0.14,0.03,-0.2,1
26.81,8.78,5.3,-0.16,1.47,-0.3,0
27.55,6.92,7.2,0.05,-0.03,0.2,1
27.37,7.04,4.3,-0.13,-0.02,0.3,1
25.39,6.9,17.6,0.05,-0.02,1.6,1
26.16,6.74,13.2,0.09,-0.02,0.7,1
26.14,6.93,9.9,0.0,-0.01,0.9,1
30.05,7.47,13.8,0.11,-0.05,-1.5,1
27.33,6.88,5.2,-0.26,-0.06,-0.5,1
27.01,6.66,15.9,-0.1,0.29,1.1,1
25.27,6.73,14.6,-0.41,0.0,-0.7,0
25.7,6.92,9.5,-0.26,-0.02,-0.4,1
28.95,6.92,15.3,-0.07,0.0,-0.6,1
28.04,6.71,19.6,0.01,0.03,0.5,1
29.46,7.29,11.2,-0.31,-0.02,-0.3,1
26.53,7.11,11.4,-0.21,-0.03,0.2,1
28.12,6.65,14.2,-0.08,-0.03,0.2,1
30.58,7.24,10.6,0.03,0.0,-1.4,1
26.92,6.61,15.8,0.05,0.04,0.5,1
29.26,7.41,5.1,-0.08,0.03,0.7,1
28.93,7.78,9.0,0.22,-0.04,0.5,1
28.12,6.81,18.1,0.08,-0.03,-0.4,1
31.46,7.0,7.7,0.3,0.02,-0.6,0
27.26,7.37,4.4,-0.23,-0.01,-0.3,1
26.7,6.59,14.4,0.08,-0.06,0.3,1
26.16,6.59,14.8,0.19,-0.02,0.0,1
27.65,6.51,17.5,0.06,0.03,0.0,0
28.22,6.76,10.1,0.15,-0.04,0.2,1
32.12,7.08,11.6,-0.14,-0.12,0.5,0
28.26,7.34,6.2,-0.39,0.01,-0.6,1
29.98,6.84,15.0,-0.35,-0.01,-0.4,1
31.79,7.54,6.7,-0.17,-0.01,3.1,0
24.78,7.16,16.9,0.05,0.03,-2.7,0
29.51,7.17,14.8,-0.03,-0.01,3.5,1
28.71,6.7,19.2,0.21,0.01,-0.5,1
28.19,7.2,16.6,-0.26,-0.63,-0.7,0
26.86,6.58,15.2,0.33,0.0,0.0,1
27.09,6.98,10.2,0.16,0.0,1.0,1
30.71,7.28,10.3,0.05,0.02,-0.5,1
28.03,7.32,5.0,0.16,0.01,1.8,1
30.82,7.26,9.7,0.14,0.08,-0.9,1
29.22,6.81,14.5,-0.09,0.09,0.0,1
29.37,6.91,12.2,-0.17,-0.07,-2.3,1
27.64,6.95,12.3,0.02,0.0,0.1,1
26.41,7.11,6.9,-0.02,-0.03,0.5,1
27.71,6.63,17.8,0.1,0.05,-2.6,1
28.03,7.47,7.5,-0.09,-0.01,-0.6,1
26.51,7.17,3.4,-0.04,0.02,-0.3,1
28.93,7.36,15.3,-0.29,0.7,-0.3,0
28.59,6.9,14.0,-0.05,0.01,-0.6,1
26.43,6.71,16.2,0.15,0.03,0.9,1
29.88,7.5,9.5,-0.03,0.01,2.2,1
30.14,7.19,10.0,-0.08,0.01,-3.8,1
27.61,7.27,7.3,0.1,0.02,-0.6,1
28.3,6.74,18.4,0.0,0.01,-0.4,1
25.85,6.91,9.9,-0.01,-0.01,0.7,1
28.62,7.45,5.0,0.07,-0.01,0.8,1
27.27,6.85,27.3,-0.11,0.0,0.7,0
27.7,6.86,13.3,0.15,0.0,-0.1,1
26.79,7.12,3.9,-0.03,-0.02,-0.1,1
28.24,7.28,6.0,0.03,0.03,1.2,1
27.06,6.75,15.3,0.31,0.0,1.9,1
25.94,7.15,11.1,-0.22,0.12,1.0,1
29.99,7.09,11.3,0.08,0.02,0.6,1
27.4,6.51,20.2,0.1,-0.03,0.2,0
28.04,7.18,7.3,0.2,-0.09,0.2,1
30.4,7.01,11.7,0.01,-0.04,-0.8,1
26.42,6.85,23.1,-0.15,0.01,0.9,0
28.37,7.16,8.0,0.13,0.01,0.1,1
30.4,7.34,9.0,0.2,0.02,-0.1,1
30.4,7.06,11.3,0.08,-0.02,0.1,1
29.55,6.81,16.6,0.15,-0.04,0.6,1
29.44,7.39,9.7,-0.14,0.01,0.0,1
30.45,7.12,10.0,-0.27,-0.04,-1.1,1
29.54,7.18,11.3,0.05,0.04,0.1,1
26.65,6.92,10.9,-0.16,0.03,-1.8,1
30.08,6.87,18.8,0.02,-0.06,2.2,1
28.28,7.12,5.8,0.14,0.02,-1.0,1
26.93,6.59,17.7,-0.08,-0.01,2.1,1
27.95,7.09,10.4,0.38,0.01,-0.7,1
30.63,7.2,11.9,-0.09,0.03,0.4,1
26.09,7.02,5.7,0.14,-0.01,-0.1,1
29.76,7.11,13.2,0.17,0.01,-0.4,1
25.17,7.2,12.2,0.21,0.0,-1.3,1
26.21,6.76,13.5,0.22,0.02,0.8,1
26.77,7.08,12.5,-0.05,-0.02,5.6,1
27.5,7.08,8.6,0.06,0.01,-1.3,1
31.74,6.71,18.6,2.0,-0.05,0.2,0
25.64,7.09,6.8,-0.02,-0.01,0.6,1
26.33,7.04,12.1,-0.02,-0.01,-0.6,1
26.64,6.89,13.6,-0.02,0.01,0.2,1
28.23,6.84,15.1,0.36,-0.03,0.0,1
27.28,6.83,14.1,-0.39,-0.02,-1.3,1
32.33,7.19,11.5,-0.06,0.0,0.1,0
25.96,6.76,15.1,-0.14,-0.01,-0.2,0
28.35,6.7,17.7,-0.29,0.01,0.7,1
27.44,7.08,11.6,0.19,0.0,0.3,1
26.13,7.29,2.8,0.19,0.01,-0.7,1
28.61,6.68,16.8,0.16,0.02,-0.4,1
30.66,6.71,19.7,3.67,0.02,0.4,0
29.07,6.87,17.2,0.2,-0.01,2.9,1
30.1,7.52,4.3,-0.24,0.05,-0.2,1
29.74,7.42,5.8,0.08,0.01,-0.5,1
27.8,7.19,7.1,-0.02,-0.05,2.5,1
25.8,6.87,14.9,0.01,0.03,0.4,1
27.07,7.1,11.5,0.39,0.01,-1.2,1
27.51,6.53,15.9,-0.04,-0.03,-0.5,0
28.54,6.73,18.1,-0.03,0.02,0.9,1
27.44,6.69,16.4,0.04,-0.01,0.2,1
26.76,7.2,8.6,-0.08,-0.06,-0.7,1
26.41,6.5,20.8,0.19,0.0,0.3,1
26.38,6.68,14.3,0.17,0.0,0.3,1
28.23,7.23,9.2,-0.06,-0.03,0.0,1
27.25,7.07,8.5,-0.19,0.01,-1.2,1
29.81,6.82,17.6,-0.05,0.0,1.2,1
27.54,7.34,8.0,0.06,0.01,-0.5,1
28.37,6.85,16.6,0.21,-0.02,-0.8,1
29.69,7.3,5.6,-0.32,-0.02,-2.3,1
32.07,7.01,13.6,0.07,-0.03,0.3,1
26.85,6.77,15.5,0.01,-0.01,-0.4,1
27.54,7.92,7.5,-0.13,0.13,0.5,1
27.37,6.96,9.3,-0.07,0.0,0.7,1
27.63,7.24,5.5,0.28,0.03,-0.1,1
28.01,7.4,8.0,-0.27,0.0,0.4,1
26.29,6.93,12.0,0.02,-0.07,-1.5,1
27.73,7.21,10.7,-0.12,0.0,1.0,1
27.91,7.23,11.4,-0.48,-0.01,0.4,1
28.33,6.89,14.8,-0.26,-0.01,0.8,1
26.04,7.29,4.1,-0.18,-0.05,-0.3,1
27.59,6.7,21.5,0.17,-0.02,-0.1,1
27.31,7.3,6.0,-0.06,0.03,0.3,1
29.5,7.4,16.3,-0.23,-0.1,2.2,1
26.3,6.68,16.2,-0.3,0.0,0.4,1
28.83,6.75,17.5,-0.06,0.0,-0.2,1
32.25,7.31,7.4,-0.1,-0.01,-0.5,0
30.03,7.23,8.8,-0.04,-0.01,0.1,1
28.11,6.59,16.2,-0.02,0.01,-1.2,1
31.65,6.43,20.0,0.51,0.05,0.2,1
28.64,7.19,6.2,-0.18,-0.03,0.3,1
29.03,7.12,12.1,-0.27,0.0,1.0,1
29.82,6.93,10.9,0.14,0.0,-0.2,1
30.37,7.35,7.9,-0.02,-0.03,0.7,1
29.47,6.98,15.3,0.26,0.08,0.9,1
29.74,6.65,18.5,0.12,-0.07,-1.7,1
27.07,6.96,9.5,0.26,-0.02,-0.3,1
26.44,7.2,21.5,-0.03,0.0,0.3,1
28.23,6.66,17.1,0.23,-0.01,-0.2,1
28.06,6.85,12.0,0.21,-0.01,-0.4,1
27.12,6.94,11.8,-0.07,0.01,1.2,1
28.32,6.78,17.5,0.29,0.03,1.3,1
26.7,7.0,7.6,-0.07,-0.01,0.2,1
30.56,7.38,6.7,-0.25,0.03,-0.4,1
26.73,7.12,11.4,0.35,0.0,-0.7,1
27.39,7.02,11.4,-0.04,0.01,0.3,1
26.84,6.94,11.7,0.25,-0.01,-0.1,1
25.91,7.28,5.2,-0.14,-0.01,0.5,1
27.19,7.06,10.7,0.04,-0.02,0.1,1
28.66,6.68,15.1,-0.18,-0.03,-0.8,1
26.79,7.05,9.7,0.09,-0.04,-0.2,1
29.11,7.03,12.0,0.23,0.0,-0.5,1
26.66,6.84,14.0,-0.1,0.05,-1.9,1
27.57,7.26,6.3,-0.42,-0.01,-0.7,1
26.45,6.82,10.9,0.03,-0.02,-1.0,1
27.01,6.95,8.3,-0.11,0.0,-0.8,1
31.79,7.27,7.7,-0.08,0.0,-0.2,0
26.09,6.94,11.4,-0.1,-0.01,0.0,1
29.41,7.15,11.5,0.23,0.0,0.1,1
29.92,7.33,5.0,-0.01,-0.03,-0.7,1
26.83,7.14,6.8,0.15,-0.01,1.5,1
25.87,6.97,11.0,0.1,-0.03,0.3,1
27.57,7.04,8.7,-0.27,-0.06,-0.4,1
26.66,7.1,8.6,0.35,0.01,-0.1,1
27.83,7.31,4.1,0.05,-0.01,-0.4,1
31.47,7.15,15.0,0.14,0.13,0.7,1
27.4,7.2,5.5,-0.18,0.0,0.2,1
28.15,6.55,19.9,-0.1,0.01,0.6,1
30.38,7.32,5.8,-0.11,0.0,-0.8,1
26.32,6.78,13.0,0.26,-0.01,0.8,1
29.18,6.73,18.0,0.25,0.02,-1.1,1
29.83,7.24,12.0,-0.13,0.01,-0.3,1
26.68,7.08,11.1,0.18,-0.05,-0.5,1
28.78,7.17,11.8,-0.04,0.05,-0.5,1
27.61,6.97,16.5,-0.17,-0.03,-1.1,1
28.19,6.33,20.6,0.16,-0.01,0.4,0
28.53,7.23,18.7,0.27,0.04,0.1,1
28.08,6.65,21.2,0.09,0.03,-0.8,0
26.7,7.23,29.2,-0.18,0.06,1.8,0
27.53,6.94,9.2,-0.12,-0.04,-1.6,1
30.29,6.74,16.3,0.12,0.01,0.2,1
28.36,7.19,10.7,0.2,0.03,-0.3,1
27.99,7.09,5.6,-0.29,-0.03,-0.2,1
27.72,7.18,8.2,0.16,0.01,-0.4,1
27.08,6.96,16.4,0.01,0.0,6.9,1
30.78,7.37,6.5,-0.02,0.0,0.1,1
30.48,6.99,12.8,-0.1,0.01,-2.0,1
26.95,6.56,14.5,-0.26,0.06,-0.7,1
29.1,7.46,6.6,0.32,0.0,0.9,1
28.85,6.75,12.3,-0.22,0.03,-2.8,1
29.25,7.3,9.3,0.21,0.0,-0.5,1
29.87,6.8,15.7,0.45,0.06,0.1,1
30.26,7.43,6.1,0.26,0.01,-0.2,1
26.54,7.14,2.5,-0.02,-0.02,-0.7,1
27.25,6.73,15.3,0.24,0.07,-0.6,1
29.84,6.92,16.7,-0.11,0.05,-0.3,1
30.11,6.99,15.9,0.14,0.04,-1.0,1
27.07,6.55,16.3,-0.01,-0.07,0.0,1
26.33,7.13,7.5,0.02,-0.02,0.2,1
31.19,6.68,21.4,0.06,0.01,0.3,1
28.29,6.62,18.7,-0.02,-0.01,-0.1,1
25.72,6.77,14.6,0.17,0.02,-0.4,1
25.68,6.96,9.5,0.2,0.01,0.4,1
30.41,7.08,8.9,0.23,-0.04,0.5,1
26.96,6.98,19.9,-0.11,-0.02,0.3,1
27.68,6.82,10.6,0.19,-0.01,0.3,1
28.48,7.3,11.2,0.26,0.0,0.7,1
27.68,7.07,6.3,-0.24,0.01,0.3,1
26.62,7.39,4.7,-0.29,0.04,0.7,1
28.88,6.75,17.4,0.21,0.0,-0.3,1
28.27,6.96,10.9,0.05,0.01,-0.7,1
28.17,7.08,13.5,0.52,-0.03,0.0,1
27.9,7.15,8.0,-0.07,-0.02,0.3,1
28.2,7.18,9.8,-0.17,0.0,-0.2,1
26.12,7.26,3.1,0.12,-0.03,-1.0,1
26.74,6.85,18.1,0.3,-0.02,-0.9,1
29.57,6.82,17.6,0.02,0.01,1.0,1
29.49,7.34,7.3,0.1,-0.03,-0.6,1
27.61,7.17,10.0,-0.13,0.05,0.4,1
29.52,6.63,18.2,0.53,0.0,-1.3,1
29.26,6.88,17.3,-0.09,0.02,1.1,1
26.46,7.11,8.0,-0.15,0.01,-0.3,1
28.54,7.07,8.4,-0.04,-0.03,-0.8,1
26.1,6.78,16.3,-0.12,0.02,-0.2,1
26.67,7.36,4.7,-0.24,0.03,-0.7,1
27.47,6.7,16.7,0.07,-0.01,0.0,1
30.19,7.27,4.7,-0.12,0.02,-0.2,1
30.41,6.73,18.1,-0.2,0.0,0.6,1
29.16,7.49,5.9,-0.54,0.03,-0.1,1
28.94,6.54,23.6,0.01,-0.11,1.3,0
29.5,7.44,17.8,0.11,0.0,-0.6,1
27.9,7.36,14.4,0.04,0.0,-0.7,1
27.9,7.39,7.3,0.0,0.02,0.9,1
30.79,7.44,5.4,-0.08,0.0,-0.3,1
30.72,7.02,4.5,-0.16,0.42,-14.2,1
27.27,7.24,21.3,-0.42,-0.04,1.5,0
30.39,7.04,12.1,2.22,-0.04,-1.4,0
30.0,7.42,3.0,0.09,0.01,-1.3,1
29.52,7.16,9.8,0.08,-0.03,0.3,1
28.77,7.27,12.3,-0.47,-0.01,-2.3,1
25.91,7.15,16.1,0.03,0.0,-0.4,1
26.91,7.02,9.8,-0.15,0.01,0.3,1
26.6,7.41,3.2,0.14,0.02,0.5,1
28.77,6.65,18.5,0.0,-0.09,-0.5,1
33.02,7.34,3.7,0.41,-0.02,-1.2,0
30.05,7.25,9.3,0.05,0.0,-0.9,1
25.74,7.29,4.8,-0.04,0.07,-0.7,1
28.44,7.02,11.0,0.09,-0.03,0.6,1
31.98,7.19,9.5,0.02,0.05,-0.4,0
26.49,6.75,15.2,0.0,-0.03,0.2,1
27.35,7.08,10.6,-0.1,0.0,0.6,1
30.19,7.15,11.1,-0.1,0.0,-0.1,1
28.27,7.25,3.1,-0.11,0.0,0.8,1
27.97,6.99,11.3,-0.05,-0.02,0.3,1
27.62,6.9,15.8,-0.02,0.0,0.0,1
26.09,6.67,16.9,-0.12,-0.02,0.3,1
26.73,6.75,14.0,0.0,0.02,-1.1,1
26.59,6.88,12.0,-0.14,-0.01,0.4,1
29.06,7.17,14.1,0.1,0.05,3.2,1
28.81,8.0,16.7,-0.11,1.11,1.5,0
28.57,7.11,11.6,0.15,-0.04,-0.3,1
29.5,7.08,12.9,-0.16,0.02,-0.8,1
26.06,6.39,17.3,0.29,0.03,0.5,0
27.29,7.42,5.6,0.01,0.01,-0.1,1
30.92,7.37,2.4,0.08,0.05,-0.4,1
26.19,6.95,11.4,-0.06,0.0,0.0,1
29.77,7.15,13.5,-0.08,0.0,0.0,1
28.16,7.2,28.5,-0.14,-0.02,-1.1,0
27.88,7.3,6.4,-0.14,-0.04,-1.9,1
28.59,7.04,9.0,-0.05,-0.01,-0.2,1
30.05,7.51,7.6,-0.13,0.01,1.6,1
27.81,6.87,24.3,-0.21,0.04,2.0,0
26.86,6.85,13.1,0.1,0.03,-0.5,1
29.25,6.84,18.8,-0.17,-0.06,2.6,1
26.68,6.6,17.7,0.07,-0.09,-1.6,1
26.24,6.8,14.1,-0.11,0.02,-0.1,1
29.18,6.64,18.0,-0.06,-0.01,0.1,1
27.1,7.07,8.6,-0.06,-0.06,0.0,1
27.39,6.73,12.7,-0.07,-0.01,-0.8,1
26.4,7.18,6.4,0.19,-0.01,0.6,1
26.71,7.43,2.5,-0.05,0.03,0.1,1
26.75,7.36,14.5,-0.29,-0.01,1.7,1
29.22,7.15,8.3,0.23,0.11,-1.3,1
25.62,7.08,7.9,-0.2,-0.02,0.1,1
26.51,6.69,14.4,-0.06,0.03,0.2,1
27.36,6.81,27.2,-0.01,0.02,-1.7,0
26.22,6.95,9.2,-0.08,0.03,-0.5,1
30.67,7.21,9.6,-0.14,-0.01,1.0,1
27.55,7.17,15.1,0.29,0.02,-1.2,1
29.03,7.3,6.1,0.11,0.01,-0.9,1
26.2,6.68,16.8,0.01,-0.01,1.1,1
30.51,6.72,22.2,-0.17,0.01,0.6,1
28.14,7.16,11.3,0.04,-0.01,-0.1,1
28.36,7.32,6.0,0.15,-0.05,-0.5,1
26.44,6.89,8.8,0.03,-0.05,-0.2,1
26.94,5.35,32.4,0.07,-0.11,1.8,0
28.59,7.2,10.0,-0.08,0.0,-0.1,1
29.83,7.09,11.2,0.7,0.09,-1.1,1
27.46,7.11,8.4,0.22,-0.15,0.6,1
30.21,6.93,12.6,0.35,0.01,0.7,1
26.16,7.21,4.7,0.02,0.01,-0.4,0
27.07,7.3,18.8,0.12,-0.02,-0.5,1
29.66,7.35,12.4,-0.21,0.0,-3.2,1
30.36,7.47,5.9,0.21,0.0,-0.1,1
26.57,7.25,5.2,-0.52,0.0,-0.6,1
26.1,6.83,14.4,0.05,0.03,-1.1,1
27.11,7.14,7.6,0.27,-0.01,0.2,1
25.88,6.83,11.0,0.01,-0.01,-1.8,1
30.37,6.91,15.8,-0.34,0.02,-1.2,1
27.4,6.7,16.2,-0.16,-0.03,-1.3,1
27.1,7.2,15.7,0.03,0.0,2.7,1
26.82,6.7,19.8,0.03,0.01,0.8,1
27.44,7.02,12.5,-0.04,0.01,-0.2,1
31.09,7.0,17.9,0.0,0.05,0.4,1
29.39,7.27,7.6,-0.13,0.01,0.4,1
29.09,7.21,22.4,0.24,0.04,11.7,1
25.56,7.03,11.9,0.0,0.02,0.1,1
28.22,7.25,6.9,-0.18,0.02,0.4,1
25.54,7.24,5.0,-0.19,-0.11,0.4,1
26.51,6.72,13.3,0.08,0.0,-1.1,1
26.53,6.75,14.0,0.13,0.04,0.0,1
26.37,7.12,7.5,0.08,0.02,-0.9,1
29.71,7.44,5.8,-0.01,0.0,0.2,1
26.01,6.89,11.5,0.16,0.0,-1.4,1
29.94,7.28,13.0,0.09,-0.06,3.0,1
27.65,7.11,13.5,0.25,0.02,0.2,1
25.48,6.92,9.0,-0.21,0.05,0.0,1
28.69,6.87,14.0,-0.12,-0.1,-0.1,1
30.63,6.75,17.0,0.0,0.0,0.2,1
26.12,7.22,5.9,0.15,-0.05,0.0,1
27.95,7.24,8.9,-0.2,0.02,-1.2,1
28.08,7.14,10.3,0.13,0.0,0.1,1
29.31,7.27,9.1,0.12,-0.01,0.0,1
30.02,7.28,10.5,-0.07,-0.01,-0.4,1
27.96,6.81,17.5,0.05,0.0,-0.8,1
24.88,7.25,6.8,-1.13,-0.09,0.2,0
27.64,7.02,28.0,0.07,-0.09,1.6,0
28.77,6.95,16.4,0.11,-0.03,1.0,1
27.74,7.25,3.9,0.26,0.04,0.0,1
29.87,6.92,12.2,0.23,-0.03,0.1,1
28.37,7.16,10.4,-0.11,0.01,0.5,1
30.27,7.03,11.7,0.17,0.02,0.2,1
26.97,6.95,21.5,0.03,0.02,-1.2,1
27.91,6.85,13.6,-0.24,-0.06,-1.3,1
27.12,6.94,12.1,-0.07,-0.05,0.2,1
28.06,6.76,15.5,-0.02,-0.02,0.3,1
26.82,7.31,4.8,-0.2,-0.05,-0.4,1
28.95,6.87,13.1,-0.87,-0.05,-1.6,1
28.09,7.24,2.9,0.11,-0.01,-1.6,1
26.33,6.56,19.5,0.03,0.0,-0.6,1
27.44,7.29,8.0,0.43,0.05,-1.3,1
27.1,6.6,16.3,-0.32,-0.03,0.0,0
30.46,6.95,12.0,0.04,-0.01,0.9,1
26.75,6.69,17.8,0.13,-0.04,3.0,1
25.89,6.79,15.4,0.01,0.02,0.7,0
29.56,7.13,10.5,-0.3,-0.01,0.1,1
30.12,7.2,8.3,-0.1,-0.06,1.2,1
29.73,6.91,14.3,0.18,-0.05,0.1,1
26.42,7.06,9.0,0.19,0.01,0.7,1
26.61,6.69,19.3,-0.14,0.04,-2.8,1
27.27,6.87,17.8,0.07,0.03,5.6,1
28.18,7.14,5.9,-0.2,0.0,-0.8,1
30.46,6.75,32.4,-0.02,0.0,16.5,0
27.95,7.49,6.3,-0.23,0.0,-0.9,1
27.39,6.48,17.0,0.02,0.02,-0.6,1
29.19,7.28,9.1,-4.57,0.0,0.3,0
28.43,7.27,6.9,0.28,0.0,0.0,1
27.83,6.8,15.6,0.16,0.06,-1.1,1
27.38,6.77,10.6,-0.08,0.0,-0.2,1
29.98,6.72,19.4,0.1,-0.03,1.1,1
26.11,6.96,11.0,-0.11,-0.04,0.3,1
28.7,6.93,15.2,-0.56,-0.03,0.8,1
26.51,7.1,7.1,0.14,-0.05,0.3,1
27.37,7.24,9.0,-0.19,-0.01,1.6,1
26.88,7.27,8.8,-0.28,0.03,2.9,1
26.46,6.87,12.4,0.16,-0.01,-1.1,1
30.13,6.88,17.8,0.05,0.03,-27.5,0
27.7,6.95,7.7,0.15,0.03,0.5,1
28.17,6.87,19.8,-0.1,-0.02,-0.1,1
25.48,7.19,5.7,-0.08,-0.01,-0.4,1
27.66,7.27,2.8,-0.07,-0.03,-0.4,1
29.72,7.5,6.9,-0.19,-0.02,-0.8,1
27.53,7.17,8.0,-0.4,-0.01,-0.7,1
28.68,7.22,11.1,0.12,-0.03,-0.8,1
26.53,6.95,15.2,-0.13,0.1,0.8,0
30.66,7.26,10.7,0.04,0.03,-0.3,1
30.8,7.26,11.8,0.17,-0.04,-1.4,1
26.61,7.12,6.5,0.14,0.04,-0.4,1
30.09,7.51,5.6,0.08,0.08,0.2,1
27.42,7.54,6.2,-0.12,-0.38,-1.3,1
26.16,7.28,3.7,0.06,-0.01,0.3,1
26.74,6.83,16.6,-0.02,0.04,-0.7,1
29.02,6.98,13.9,-0.03,0.0,0.0,1
25.72,6.83,12.0,-0.07,0.04,0.6,1
27.39,7.04,16.0,0.05,0.01,3.4,1
30.07,7.34,5.2,0.04,0.08,-0.4,1
30.54,7.36,6.4,0.02,-0.05,-0.5,1
27.15,7.21,9.8,-0.18,-0.07,0.2,1
27.09,6.64,15.7,0.08,0.03,-0.1,1
31.66,7.34,6.9,-0.16,-0.03,0.3,1
26.46,6.97,9.0,-0.31,-0.07,-0.1,1
28.71,7.27,5.6,-0.11,0.02,1.6,1
29.25,7.41,6.9,0.13,0.0,-0.1,1
26.21,6.72,14.7,0.06,0.0,-0.3,1
26.42,7.36,2.6,-0.06,-0.02,0.2,1
27.27,7.27,24.5,0.06,0.04,2.0,0
26.38,6.69,16.2,-0.05,0.01,0.0,1
32.26,7.43,9.2,0.04,-0.02,1.6,0
27.3,7.03,11.6,-0.14,0.01,-0.9,1
29.51,7.27,6.5,0.37,0.0,-1.4,1
27.79,6.99,15.1,0.2,0.02,-1.0,1
27.0,7.17,7.5,0.0,-0.08,-1.2,1
28.83,6.8,13.9,0.21,0.03,-0.1,1
29.86,7.23,7.1,0.07,-0.04,-0.7,1
27.59,7.15,7.8,-0.09,0.0,0.4,1
27.07,6.87,12.2,0.15,-0.05,-0.4,1
26.56,7.0,24.4,-0.49,-0.05,-1.9,0
29.4,7.17,9.2,0.42,0.03,0.2,1
27.46,7.17,13.1,0.03,0.03,-0.5,1
29.57,7.3,9.2,-0.07,0.0,-1.3,1
26.2,6.7,15.6,0.29,0.01,1.9,1
27.19,6.99,11.9,0.09,0.03,-1.3,1
29.82,7.4,6.7,0.1,0.05,1.2,1
26.58,6.72,11.1,0.31,0.07,1.0,1
29.26,6.72,17.8,0.01,-0.02,-0.6,0
26.04,7.13,5.6,0.03,0.01,0.9,1
29.13,7.24,10.6,0.02,-0.08,0.6,1
27.39,7.35,4.7,-0.43,0.0,0.2,1
26.85,6.82,16.4,0.13,0.0,0.1,1
25.93,6.72,22.8,-0.14,-0.01,-1.3,0
27.02,6.62,17.0,-0.07,0.0,0.3,1
27.75,6.77,22.6,0.02,0.02,2.3,0
26.64,6.94,14.4,0.09,0.04,0.3,1
25.97,6.23,20.7,-0.25,0.16,0.2,0
29.58,7.0,13.4,0.06,0.02,0.0,1
28.69,7.06,14.1,-0.05,0.0,3.8,1
28.98,7.14,9.0,-0.25,0.02,-0.9,1
26.98,6.9,3.4,-0.64,0.0,-12.4,1
28.27,6.89,19.9,0.06,-0.04,-0.6,1
27.83,7.14,22.2,-0.03,-0.04,0.8,0
31.03,7.03,12.9,-0.16,0.08,-0.3,1
28.56,7.3,11.6,0.02,0.0,1.7,1
26.56,7.19,8.2,0.0,0.03,0.5,1
28.2,6.78,16.6,0.36,0.02,-0.5,1
26.06,7.26,5.2,-0.02,0.05,1.6,1
28.1,7.3,6.9,-0.06,0.02,-0.6,1
31.46,7.15,13.8,-0.03,-0.02,0.2,1
27.94,7.26,5.6,-0.3,-0.02,-1.2,1
29.56,7.41,3.7,0.17,0.03,0.4,1
26.83,6.39,24.5,-0.21,-0.01,0.3,0
29.62,7.22,11.1,-0.21,0.02,-0.6,1
26.49,7.21,4.9,-0.09,0.03,-0.8,1
25.56,6.93,8.9,0.0,0.01,-0.1,1
27.35,7.31,10.7,-0.03,0.23,1.1,1
30.09,7.42,6.2,-0.08,-0.09,-0.1,1
26.89,7.34,6.1,0.13,0.06,-0.1,1
27.9,7.35,6.7,-0.05,-0.01,-0.3,1
32.03,7.29,3.9,0.05,0.03,-1.8,0
30.21,6.75,18.4,0.25,0.0,0.7,1
32.22,7.4,7.7,-0.19,-0.01,3.1,0
30.04,6.91,17.5,0.17,-0.01,-1.0,1
28.28,7.02,7.7,0.0,0.04,-0.3,1
27.74,6.35,19.1,0.22,0.02,-2.7,0
26.73,7.17,6.4,-0.44,-0.04,-1.5,1
28.53,7.06,12.9,-0.19,-0.01,-2.5,1
28.34,6.89,16.9,-0.13,0.03,-0.3,0
28.77,6.76,19.3,0.0,-0.03,-0.7,1
29.47,7.1,10.6,-0.2,-0.05,0.5,1
26.51,6.88,11.2,0.08,0.0,1.2,1
25.34,6.92,16.0,-0.08,-0.06,-0.3,1
28.01,7.23,4.8,0.1,-0.03,0.9,1
26.44,6.72,13.9,-0.23,0.0,-0.5,1
26.29,7.26,8.2,0.29,0.02,-0.4,1
29.49,7.02,14.8,0.14,0.03,1.4,1
25.53,6.83,13.1,-0.74,0.02,1.5,1
25.73,6.96,11.4,0.02,0.04,0.1,1
26.25,7.0,6.4,-0.31,-0.07,-0.2,1
28.44,6.85,23.9,-0.13,0.0,1.9,0
28.18,6.59,14.5,0.15,0.01,-0.4,1
28.95,7.33,7.0,-0.32,0.02,0.5,1
26.5,6.82,10.9,0.05,-0.03,0.0,1
27.69,7.0,10.4,0.06,0.04,-0.9,1
26.67,6.91,13.9,0.13,-0.02,-0.4,1
27.29,7.15,7.8,0.01,0.03,-0.2,1
26.48,6.8,10.9,0.18,-0.03,-0.4,1
28.23,7.24,7.3,0.02,0.0,-1.0,1
26.82,6.88,11.0,-0.37,-0.01,-0.2,1
30.35,7.34,7.6,-0.08,-0.07,-1.5,1
26.33,7.25,4.1,-0.03,0.01,-0.4,1
26.18,6.95,8.4,0.1,-0.04,-0.9,1
27.58,7.09,8.4,0.03,-0.03,0.5,1
26.52,7.1,5.4,0.0,-0.01,0.0,1
29.99,7.09,12.1,-0.01,-0.02,0.1,1
29.93,6.88,16.0,-0.06,0.0,-0.3,1
27.28,7.0,10.9,0.05,0.01,-0.3,1
26.2,6.97,5.0,0.01,0.02,0.5,1
28.86,7.27,10.5,-0.05,-0.04,-0.3,1
29.32,7.47,9.5,0.05,-0.04,0.0,1
28.26,7.23,2.0,0.64,0.11,-0.9,0
29.57,7.34,12.9,0.09,0.02,0.1,1
28.31,7.3,3.5,-0.12,0.08,-1.2,1
29.02,6.6,20.2,0.14,0.01,-0.4,1
27.07,7.2,13.0,-0.24,-0.01,0.5,1
27.99,6.59,18.1,0.24,-0.1,-1.3,1
28.33,6.69,28.1,0.1,0.03,-3.1,0
26.5,6.82,11.7,-0.35,0.01,-0.1,1
32.38,7.09,11.7,-0.24,0.01,-0.4,1
26.78,6.65,14.4,0.06,0.09,-0.6,1
26.59,6.96,8.2,-0.09,-0.03,-0.9,1
28.31,6.73,19.6,-0.03,0.0,4.8,1
26.1,6.81,13.1,-0.06,-0.03,0.5,1
29.02,7.42,7.0,-0.39,0.05,-0.5,1
26.37,7.07,11.5,0.73,-0.04,0.1,1
26.59,6.74,14.7,0.04,0.01,0.0,1
27.6,6.73,15.2,-0.06,0.01,0.0,1
26.77,7.33,3.4,-0.23,0.01,0.2,1
27.01,7.07,6.0,0.11,0.04,-1.2,0
30.28,7.09,14.4,-0.04,0.0,3.7,1
32.0,7.04,13.3,-0.06,0.0,0.1,0
28.21,7.2,10.0,-0.29,0.01,0.9,1
28.49,7.07,9.5,0.17,0.02,0.3,1
27.78,7.32,4.5,-0.06,-0.04,0.0,1
27.15,7.28,6.0,-0.08,-0.04,0.8,1
28.7,7.26,4.7,0.16,0.06,0.4,1
28.67,6.88,14.6,-0.27,0.05,0.3,1
27.95,6.95,16.6,-0.35,-0.01,-0.6,1
27.98,7.27,2.3,-0.21,-0.01,-0.2,1
30.27,7.49,6.3,-0.04,0.0,0.1,1
28.73,7.45,4.1,-0.2,0.0,-0.5,1
26.12,6.79,12.4,-0.05,0.0,-0.2,1
26.49,6.49,20.5,-0.02,0.02,-0.2,0
27.39,7.15,6.8,-0.26,-0.03,0.1,1
28.24,7.12,10.0,0.11,0.02,0.1,1
26.01,6.85,13.7,0.15,0.01,1.1,1
29.58,7.5,5.1,-0.13,0.03,0.5,1
28.54,7.17,6.3,-0.23,0.01,0.2,1
27.91,7.12,10.8,0.16,-0.02,1.0,1
29.31,7.14,10.5,-0.17,0.04,0.7,1
31.38,7.37,8.6,0.0,0.03,-0.1,1
26.76,5.7,22.3,0.07,0.1,0.0,0
29.55,7.13,10.9,0.32,0.0,-0.7,1
28.86,7.28,5.6,-0.05,-0.03,-1.0,1
30.02,7.12,16.8,0.08,0.01,-0.9,1
27.73,6.68,17.2,0.02,0.0,-0.8,0
30.08,7.08,14.9,-0.26,0.04,1.0,1
26.55,7.07,6.1,-0.11,0.02,1.4,1
26.38,7.08,7.8,-0.22,0.0,-0.6,1
28.22,7.42,3.0,-0.01,0.0,0.4,1
28.92,7.22,5.6,-0.37,-0.01,-0.1,1
31.21,6.68,18.3,0.43,0.02,0.0,1
28.33,6.59,21.0,0.61,0.05,-28.8,0
27.35,6.95,9.7,0.01,0.01,-0.6,1
29.68,7.18,10.5,-0.22,-0.04,0.2,1
28.68,6.72,15.3,-0.1,0.0,-0.8,1
29.82,7.14,10.0,0.27,-0.09,-0.4,1
29.62,7.15,11.5,0.18,-0.03,0.7,1
26.26,6.81,13.2,-0.09,-0.1,-0.7,1
28.8,6.66,14.9,0.21,0.0,-0.2,0
29.31,7.13,11.2,-0.01,0.02,-0.2,1
26.21,7.21,4.2,-0.12,-0.04,0.1,1
31.62,7.26,11.7,0.13,-0.07,-1.7,0
31.11,7.29,8.0,0.06,-0.01,1.1,1
28.11,7.1,9.2,-0.15,0.0,-1.4,1
26.29,7.0,10.9,-0.02,-0.05,0.1,1
25.47,6.68,15.1,0.05,-0.07,1.2,1
32.71,7.22,8.8,0.42,-0.02,-0.4,0
27.55,7.04,10.6,0.39,0.04,0.4,1
31.06,6.59,21.5,-0.2,-0.01,-0.1,1
29.86,7.5,3.2,0.03,-0.02,0.1,1
31.49,7.36,7.4,-0.14,-0.01,0.9,1
26.28,6.7,15.5,-0.07,0.01,-0.7,1
26.02,6.82,12.9,-0.36,0.0,0.4,1
27.72,7.05,17.0,-0.27,-0.02,-1.1,1
26.78,6.66,23.3,-0.41,0.01,1.5,0
27.19,6.64,16.3,0.05,0.02,0.6,1
29.59,7.1,13.6,-0.02,-0.03,-0.5,1
27.53,6.57,20.7,0.02,-0.02,0.1,1
30.13,7.31,10.3,-0.04,0.02,0.6,1
29.11,6.95,9.6,-0.16,0.01,1.1,1
28.72,7.45,4.9,0.24,0.05,-1.5,1
31.66,6.95,14.9,-0.14,0.02,-0.3,1
24.76,7.34,17.2,0.07,0.02,0.2,0
28.16,6.52,19.4,-0.04,-0.01,-0.3,1
28.03,6.89,18.6,0.04,-0.01,0.9,1
28.1,6.9,13.7,0.15,0.04,-0.3,1
31.92,7.25,10.3,0.18,0.01,-1.5,0
29.43,7.49,8.1,-0.27,0.01,-0.7,1
27.72,6.54,49.8,-0.37,0.01,-1.0,0
28.18,7.19,11.5,-0.1,0.01,-0.3,1
29.74,7.38,8.2,-0.55,0.0,0.7,1
30.32,7.25,8.1,0.0,0.01,-0.3,1
28.73,6.95,13.9,-0.1,-0.02,0.0,1
26.0,6.83,12.8,0.06,0.03,-0.5,1
27.84,7.18,12.0,-0.25,-0.05,-0.8,1
28.59,8.37,16.8,-0.22,0.37,0.1,1
28.79,6.87,15.2,-0.05,0.08,1.9,1
28.04,6.76,18.9,0.01,0.02,-0.3,1
30.11,7.53,5.3,0.1,-0.04,0.3,1
28.43,7.11,5.8,-0.03,-0.02,0.3,1
27.37,6.83,13.7,-0.04,-0.01,0.0,1
28.34,7.32,5.1,-0.05,0.03,0.3,1
26.81,7.17,7.7,-0.13,-0.02,0.1,1
26.2,6.82,14.5,0.02,0.0,0.0,1
30.06,6.75,17.3,-0.18,0.0,0.1,1
26.79,7.28,3.0,-1.09,0.01,0.4,1
27.28,7.35,16.2,0.2,0.01,0.0,1
28.43,7.18,30.8,-0.18,-0.04,3.5,0
28.91,6.6,17.9,-0.12,0.0,-0.3,1
26.82,7.01,15.0,-0.17,0.07,0.0,1
28.94,6.83,14.3,0.14,-0.01,-0.1,1
29.76,7.27,6.1,-0.28,0.0,1.1,1
31.61,7.33,9.1,0.11,0.03,-1.4,1
30.89,7.32,10.1,-0.19,0.02,-2.1,0
26.42,6.62,16.5,-0.02,-0.02,1.6,1
25.92,7.06,10.8,-0.11,0.01,-0.5,1
26.79,7.19,23.2,0.13,0.13,-0.1,0
25.89,6.74,12.8,-0.03,-0.02,0.6,1
30.23,7.36,7.5,-0.19,-0.03,0.4,1
27.83,6.93,8.9,0.05,-0.03,0.0,1
29.49,6.98,10.3,0.38,0.01,-0.3,1
27.14,7.22,8.0,0.43,0.01,-0.1,1
28.69,6.62,18.0,0.2,-0.04,0.5,1
26.4,6.88,11.4,-0.07,0.03,0.7,1
26.24,7.11,8.9,0.12,0.03,1.1,1
26.85,6.95,11.5,-0.35,-0.07,0.1,1
32.42,7.34,7.1,0.41,0.01,0.1,0
29.89,6.67,16.1,0.46,0.0,-0.2,1
26.6,6.94,13.9,0.3,-0.02,0.2,1
29.82,7.38,16.6,0.03,-0.03,5.1,1
25.56,7.01,11.8,0.0,0.03,-0.4,1
32.31,7.41,4.5,-0.26,0.01,0.1,1
28.23,7.16,11.7,-0.09,-0.05,0.2,1
26.32,7.1,8.3,0.07,0.0,0.3,1
26.07,6.73,24.1,0.15,0.01,2.0,0
28.49,7.28,7.5,0.26,0.01,0.5,1
28.9,7.2,5.7,-0.11,-0.04,0.4,1
25.63,6.7,16.0,-0.03,0.01,-0.4,1
26.31,7.03,10.1,-0.34,0.03,0.6,1
27.14,6.62,15.7,0.0,-0.01,0.2,1
21.56,7.08,5.7,0.02,-0.02,-0.3,0
25.65,6.96,9.3,-0.77,0.0,0.3,1
28.48,7.19,3.1,0.19,0.02,-0.6,1
25.84,6.65,18.5,-0.12,0.03,-0.4,1
28.47,7.23,7.2,-0.02,-0.05,0.0,1
26.06,6.77,14.5,0.19,0.03,-1.0,1
27.8,7.14,9.6,-0.19,-0.01,0.7,1
30.79,6.59,18.9,0.03,-0.02,0.5,1
30.4,7.12,9.9,-0.02,-0.02,-1.5,1
29.57,6.51,18.2,0.04,0.0,-0.3,1
27.55,6.8,15.9,0.21,0.01,0.6,1
27.18,6.9,11.3,0.49,0.01,-0.1,1
28.11,7.14,4.5,0.22,0.02,0.6,1
27.74,7.08,10.1,-0.19,0.02,0.4,1
27.67,6.84,4.6,0.02,-0.16,0.1,1
29.56,7.47,4.9,0.16,0.04,-0.1,1
26.74,6.99,14.6,-0.04,-0.01,0.1,0
26.55,6.8,15.2,0.21,0.0,-0.1,1
30.58,7.15,10.8,0.15,0.02,-0.2,1
25.54,6.88,12.8,-0.2,-0.02,-0.3,1
28.86,7.16,12.0,0.16,0.06,1.3,1
27.67,7.1,10.6,0.24,-0.05,0.5,1
27.89,7.12,3.9,0.17,0.11,-0.2,1
26.24,6.71,15.7,0.23,0.01,3.3,1
26.0,7.2,4.5,0.03,0.03,-0.3,1
27.24,6.82,11.1,0.07,0.0,0.1,1
27.24,7.13,6.4,0.28,0.0,0.2,1
31.1,7.12,11.7,0.11,-0.04,0.6,1
27.25,6.82,15.3,0.61,0.01,2.3,1
30.36,7.39,11.4,-1.89,-0.08,3.7,0
30.42,7.56,4.4,-0.07,0.01,0.4,1
30.89,7.26,7.6,-0.05,-0.01,-0.3,1
28.63,6.94,15.1,0.29,0.02,0.0,1
31.82,7.28,6.9,0.25,0.02,-1.4,1
25.93,6.35,18.6,-0.06,-0.04,-0.5,0
27.18,6.8,18.7,0.06,-0.02,5.6,1
27.0,7.04,13.5,0.0,0.04,-0.5,1
28.55,6.56,16.6,0.26,0.0,0.8,0
29.83,7.39,4.5,0.18,-0.03,-2.2,1
25.62,6.99,10.4,0.04,-0.01,-0.2,1
29.13,7.46,4.6,-0.15,-0.03,0.6,1
28.32,7.22,6.5,0.23,0.01,-1.0,1
27.16,7.07,14.1,0.11,0.0,0.2,1
31.17,7.25,7.8,0.3,-0.03,-0.2,1
27.71,6.87,17.7,0.03,-0.02,0.0,1
28.79,7.15,13.6,-0.32,0.1,-0.3,1
25.79,6.94,18.7,-0.44,-0.03,-1.4,1
26.84,7.18,6.1,-0.16,0.01,0.4,1
26.41,6.77,14.9,-0.05,0.02,-0.3,1
30.6,6.74,19.6,0.15,-0.03,-2.0,1
26.12,7.15,12.3,-0.14,0.01,-1.0,1
27.03,7.07,15.2,-0.02,0.1,1.4,1
26.21,6.68,14.0,-0.06,-0.04,-0.7,1
26.16,6.84,12.6,-0.01,0.01,0.3,1
29.42,6.74,15.6,0.17,0.0,0.4,1
29.82,7.0,18.4,-0.04,0.01,1.4,0
25.99,6.78,14.0,0.21,0.01,-0.3,1
25.97,6.83,12.3,-0.28,0.01,-0.2,1
28.95,7.26,6.6,-0.05,-0.1,0.2,1
26.54,7.06,8.4,0.05,-0.02,0.1,1
26.6,7.05,11.0,-0.13,-0.07,-0.4,1
27.84,7.04,11.9,0.0,0.0,0.3,1
27.13,6.3,23.2,-0.16,-0.01,1.1,0
26.85,7.17,6.0,-0.03,0.01,-0.5,1
30.36,7.32,9.0,0.96,-0.03,-1.8,1
27.43,6.65,16.3,-0.1,-0.02,-0.5,0
29.39,7.42,6.5,0.15,0.02,0.1,1
29.33,6.69,21.7,0.2,-0.01,-0.5,1
27.2,6.84,9.8,0.03,-0.02,0.2,1
26.2,7.12,15.9,0.04,0.0,1.3,1
25.44,6.96,11.1,-0.15,-0.02,-0.5,1
26.99,7.31,7.4,-0.11,-0.01,-0.1,1
27.93,7.32,7.6,0.25,0.02,0.0,1
27.74,6.48,17.5,0.1,-0.21,-1.5,0
29.01,6.7,15.9,-0.16,0.0,-0.9,1
28.01,7.1,12.5,-0.15,0.0,-1.0,1
26.41,6.98,10.1,-0.05,0.0,0.0,1
26.38,6.98,8.7,-0.15,0.03,0.3,1
26.62,6.78,11.3,0.0,-0.04,-1.0,1
28.59,6.7,17.1,0.05,0.05,0.4,1
26.65,6.98,5.6,-0.1,-0.05,-0.3,1
29.51,7.16,28.0,-0.13,-0.02,-0.5,0
30.16,6.64,20.7,0.16,-0.02,0.0,1
26.75,7.17,7.6,-0.06,0.01,0.3,1
29.14,7.41,4.9,-0.3,0.02,0.2,1
28.99,7.07,13.5,-0.52,-0.02,1.0,1
30.11,6.68,17.5,-0.13,0.0,0.1,1
30.51,7.33,7.7,0.35,0.01,1.0,1
26.77,6.81,14.7,0.96,0.05,2.0,1
28.21,7.32,5.8,-0.1,0.02,2.3,1
27.17,7.25,5.2,-0.07,0.06,1.1,1
31.88,7.0,13.0,-0.09,0.02,0.6,1
27.31,6.99,11.6,0.17,0.02,-1.4,1
26.23,6.83,12.4,-0.27,-0.03,0.1,1
32.67,7.24,12.3,0.21,0.05,-0.3,0
25.72,6.79,11.6,-0.22,-0.05,-1.0,1
28.2,6.82,12.9,-0.21,-0.04,-0.8,1
25.92,6.76,12.2,-0.1,0.03,0.2,1
28.38,6.8,15.5,-0.13,0.05,0.0,1
29.88,7.01,12.8,0.37,0.01,-0.4,1
27.61,7.19,18.2,0.27,0.07,-0.4,0
29.62,6.72,20.2,0.12,0.02,-0.6,1
27.44,7.16,10.1,-0.19,0.02,-0.3,1
28.55,7.05,11.9,-0.04,-0.07,-0.5,1
29.2,7.47,16.3,-0.38,-0.04,-1.0,1
27.61,7.19,25.9,-0.05,-0.04,2.5,0
30.03,7.49,4.6,0.07,0.0,-0.1,1
30.67,7.04,11.1,0.02,-0.03,-0.9,1
25.99,6.7,16.3,-0.32,0.0,0.5,1
30.54,7.36,7.1,-0.2,-0.01,0.4,1
24.67,7.01,4.6,-0.8,0.45,-14.4,0
27.57,7.08,11.1,0.13,0.0,-0.5,1
27.36,6.83,28.6,0.03,0.0,0.3,0
27.51,6.82,22.6,-0.07,-0.01,2.1,1
27.79,7.34,13.0,0.06,-0.01,1.8,1
27.21,6.84,13.0,0.26,0.0,-0.3,1
26.37,7.23,20.7,-0.02,-0.01,-0.4,1
29.36,6.37,19.7,0.14,0.0,0.0,0
29.52,7.39,15.5,0.02,-0.01,-0.8,1
30.15,7.21,14.3,0.03,-0.08,1.6,1
26.65,7.0,9.5,-0.01,0.0,-0.1,1
28.23,6.66,31.2,0.15,0.0,-1.9,0
27.31,6.91,19.9,-0.11,-0.02,2.3,1
28.3,6.81,16.1,0.1,0.03,-0.8,1
27.7,6.58,17.0,-0.02,-0.01,0.5,0
30.21,7.23,10.6,0.16,-0.06,-1.0,1
26.46,7.29,7.1,0.13,0.04,0.8,1
26.92,6.99,9.1,0.04,-0.02,-0.4,1
27.17,7.07,10.5,-0.02,0.01,-0.2,1
28.28,6.98,8.0,0.14,0.0,0.2,1
27.96,6.52,22.1,0.33,0.07,-0.1,1
29.66,7.37,7.1,-0.05,0.0,-0.1,1
26.34,6.92,9.9,-0.25,-0.04,1.7,1
29.55,7.18,7.1,0.55,0.04,0.3,1
29.07,7.4,3.5,0.09,0.02,-0.4,1
29.42,7.48,4.4,-0.22,-0.01,0.0,1
27.06,7.31,6.5,-0.06,-0.04,0.1,1
30.54,6.93,12.7,0.33,0.0,0.1,1
26.64,7.06,5.9,0.05,0.02,1.1,1
27.65,7.36,11.7,-0.1,0.01,-1.6,1
26.87,5.46,30.6,-0.12,-1.39,-0.5,0
27.77,7.09,10.0,0.16,0.01,-0.1,1
26.82,6.85,27.6,-0.15,0.0,0.6,0
31.0,6.98,11.8,0.03,0.09,-0.9,1
26.08,6.66,15.0,-0.12,-0.01,0.2,1
27.78,6.77,15.5,0.41,0.09,0.7,1
29.53,7.33,7.5,0.19,0.01,-0.4,1
28.45,7.83,17.3,0.18,-0.21,0.7,1
29.86,7.58,4.1,0.04,0.03,0.5,1
31.57,6.9,15.2,-0.03,-0.04,1.6,0
28.07,7.05,17.9,0.02,-0.02,-0.8,1
27.18,6.76,30.9,0.18,0.24,-1.5,0
27.5,6.81,16.0,0.04,0.02,-1.0,1
26.72,7.12,10.3,-0.24,-0.03,-1.0,1
25.89,6.99,10.8,-0.52,0.03,1.2,1
26.8,7.08,11.3,-0.45,0.01,2.8,1
28.02,7.34,8.3,-0.4,0.01,1.8,1
29.04,7.06,10.4,-0.05,-0.01,-0.3,1
32.94,7.38,5.1,-0.14,-0.02,0.5,1
30.73,7.4,5.4,0.16,-0.02,-0.7,1
26.7,6.82,14.2,0.01,-0.01,-1.0,1
29.9,7.47,4.4,-0.2,-0.05,0.1,1
26.36,6.92,6.6,-0.12,0.0,-0.5,1
27.06,6.81,15.8,-0.26,-0.02,-0.5,0
30.29,7.45,6.4,-0.2,0.02,0.3,1
27.52,7.31,11.1,-0.08,0.0,-1.6,1
26.58,6.82,12.0,-0.22,-0.03,-0.6,1
26.49,7.29,3.1,-0.05,0.01,-0.2,1
28.74,7.34,7.3,-0.02,0.02,1.3,1
26.39,6.7,13.2,0.09,0.04,0.4,1
32.06,7.04,13.2,0.18,0.04,0.5,0
26.93,7.02,9.6,0.08,-0.06,0.3,1
29.98,7.17,10.8,0.15,0.0,-1.3,1
28.72,7.21,10.9,-0.14,-0.07,-0.8,1
27.01,7.02,6.9,0.17,-0.03,0.6,1
31.41,7.08,15.3,-0.67,0.02,-0.5,1
27.43,6.78,18.0,-0.02,-0.07,-0.6,1
27.18,6.94,8.8,0.11,-0.03,-0.3,1
29.33,7.22,20.6,-0.34,-0.03,2.0,0
28.95,7.8,16.8,0.27,-0.24,-0.5,1
28.23,6.85,18.7,0.16,0.07,-0.2,1
27.46,6.74,13.5,-0.17,-0.02,-0.1,1
26.34,6.71,14.4,0.01,-0.01,-0.2,1
29.96,6.97,13.5,-0.22,-0.02,0.1,1
30.19,7.42,7.3,0.08,-0.01,1.2,1
25.83,6.76,11.4,-0.14,-0.04,0.0,1
30.52,7.36,8.8,-0.19,-0.01,-0.2,1
27.65,7.22,6.5,0.27,-0.04,0.8,1
29.89,7.35,14.6,0.08,-0.02,0.2,1
29.25,7.23,10.9,-0.08,0.06,0.0,1
26.4,6.81,13.0,0.08,0.03,0.0,1
28.37,7.18,10.0,0.16,-0.01,0.8,1
30.22,7.22,10.3,-0.43,-0.01,-2.4,1
26.76,6.79,15.9,0.27,-0.02,3.5,0
26.95,6.74,15.1,0.24,0.05,0.0,1
31.0,7.42,4.0,-0.06,-0.02,-1.0,1
28.6,7.22,7.0,0.28,0.0,0.5,1
29.6,6.91,13.9,0.54,-0.05,0.4,1
26.67,6.9,13.3,-0.13,0.0,0.7,1
27.59,7.29,10.9,0.07,-0.02,-0.2,1
26.09,7.24,6.6,0.25,0.0,1.0,1
30.25,7.3,5.0,0.0,0.06,-0.5,1
26.17,6.8,14.6,-0.04,0.04,1.1,1
27.38,7.06,4.3,-0.49,0.27,-14.5,1
27.88,7.19,17.8,0.21,0.03,1.6,1
30.44,7.36,8.8,-0.08,0.0,0.0,1
30.28,7.22,8.2,0.3,0.05,-1.8,1
26.64,6.56,18.4,-0.19,0.01,0.7,1
26.27,7.24,5.4,-0.22,0.03,0.5,1
26.21,7.07,7.5,0.06,-0.05,-0.4,1
32.51,7.03,13.7,0.12,-0.03,0.5,0
27.82,7.33,6.1,0.38,-0.01,-0.3,1
28.91,7.1,10.3,0.19,-0.02,-0.6,1
26.5,7.27,5.2,0.09,0.08,0.0,1
27.44,7.07,10.6,0.13,0.03,0.3,1
29.63,6.67,18.0,-0.16,-0.11,-0.2,1
25.84,6.49,20.3,-0.13,0.0,0.6,1
27.45,6.78,21.7,0.39,-0.01,4.7,0
26.96,7.21,10.6,-0.07,0.03,-0.9,1
28.72,7.12,10.9,-0.03,0.03,-0.2,1
26.08,6.8,12.9,0.3,-0.01,0.0,1
26.25,7.11,8.5,-0.49,0.02,0.1,1
28.62,6.65,24.3,0.06,0.05,2.1,0
26.28,6.68,15.3,0.0,-0.02,-0.2,1
26.93,6.55,16.5,0.0,-0.04,-1.2,1
28.47,6.91,17.5,-0.11,0.01,-0.4,1
28.07,7.1,10.0,0.06,-0.03,1.1,1
30.9,7.22,12.4,-0.17,0.0,0.2,1
26.38,6.8,13.1,0.0,-0.01,-0.1,1
26.66,7.35,5.0,-0.12,-0.02,-0.3,1
27.53,7.2,11.2,0.07,-0.04,0.3,1
27.38,7.1,7.9,-0.2,0.01,-0.5,1
25.39,7.23,7.4,-0.23,-0.16,-0.3,1
29.06,7.31,13.3,-0.18,0.02,-1.2,1
26.56,7.25,4.6,0.2,-0.02,1.9,1
27.0,6.98,4.0,-0.39,-0.04,-1.3,1
27.57,7.44,3.4,0.01,0.02,-1.7,1
26.41,7.08,7.7,0.07,-0.02,0.5,1
26.33,7.02,9.8,-0.18,0.04,-1.6,1
28.71,6.86,10.9,0.02,-0.07,-0.7,1
29.93,7.72,11.2,0.03,0.12,1.2,1
28.76,6.32,20.9,-0.06,-0.01,0.1,1
28.53,7.08,10.5,0.03,0.01,-0.3,1
26.6,7.08,8.4,0.02,0.01,0.0,1
28.2,7.18,8.0,-0.25,0.09,-0.1,1
26.88,6.8,18.0,0.11,0.0,3.6,1
26.74,5.91,22.9,-0.09,0.06,-3.1,0
27.34,7.13,11.3,-0.32,0.0,1.2,1
28.78,7.33,3.6,-0.21,0.02,0.3,1
27.46,7.14,8.3,-0.02,0.02,-0.3,1
25.96,6.99,10.7,-0.1,0.01,-0.8,1
29.58,7.17,16.1,0.48,0.04,-0.7,1
27.32,7.17,6.8,0.05,-0.02,-0.3,1
27.89,7.02,12.9,-0.01,0.05,-0.9,1
29.7,7.25,7.5,0.24,0.02,0.9,1
25.97,7.26,2.7,-0.13,0.0,-0.4,1
29.87,7.35,15.6,0.06,0.0,5.6,1
28.1,7.34,2.9,-0.33,-0.01,-0.2,1
26.44,6.77,27.4,-0.07,-0.05,-0.3,0
30.05,7.16,8.8,0.23,0.02,-1.2,1
28.45,7.29,6.9,0.16,0.02,0.3,1
25.92,6.72,22.1,-0.09,0.02,1.1,0
27.87,7.15,9.8,-0.31,-0.04,-1.7,1
26.58,6.98,12.9,0.0,-0.01,-0.9,1
29.43,7.3,7.7,0.18,0.0,-1.6,1
29.49,7.2,11.6,0.11,0.01,-1.9,1
28.95,7.08,4.7,0.61,0.16,-0.2,1
27.33,7.34,16.4,0.13,0.0,1.3,1
30.2,7.03,12.4,-0.19,-0.01,0.3,1
25.57,7.17,8.0,-0.72,0.04,-1.5,1
27.33,7.09,6.8,0.32,0.0,-0.2,1
28.34,6.73,14.8,-0.19,0.02,0.2,1
26.25,7.01,13.2,-0.31,-0.01,-1.8,1
30.85,6.91,14.6,-0.16,0.04,0.3,1
27.9,7.3,10.1,-0.23,0.02,1.4,1
28.84,7.3,4.4,0.06,-0.02,1.6,1
29.67,7.27,7.8,0.14,-0.04,0.1,1
28.35,6.91,18.3,-0.08,0.03,1.3,1
29.34,6.87,11.0,-0.08,-0.01,-0.2,1
28.07,7.0,9.6,-0.16,-0.02,-0.4,1
29.0,7.14,6.8,-0.16,-0.06,-0.4,1
30.12,7.25,13.2,-0.02,0.0,-1.4,1
27.95,7.19,7.2,0.26,0.01,0.2,1
28.0,7.06,8.9,-0.08,-0.02,0.1,1
27.09,7.25,5.8,-0.13,0.06,-0.3,1
23.03,7.08,5.5,1.47,0.0,-0.2,0
26.45,7.24,6.9,0.05,-0.09,-0.4,1
29.52,6.98,13.4,0.02,0.04,0.5,1
28.95,6.66,22.8,-0.05,-0.03,-2.0,0
29.62,7.44,6.0,-0.09,0.0,0.2,1
30.46,7.22,9.5,0.2,0.02,0.2,1
28.81,6.97,14.1,-0.12,0.03,1.1,1
27.99,6.71,16.8,-0.3,-0.02,-1.4,1
30.24,7.34,9.4,-0.05,-0.02,-0.6,0
27.85,7.37,6.5,0.03,0.04,0.4,1
27.31,7.24,8.1,0.43,0.0,1.5,1
26.32,6.64,12.8,0.05,-0.02,-0.6,1
29.74,7.4,7.1,0.22,0.01,-0.4,1
28.06,7.23,12.2,-0.48,-0.02,0.8,1
30.85,7.48,5.4,-0.25,0.0,-0.1,1
26.38,7.0,10.8,-0.12,0.01,-0.7,1
29.51,7.01,14.9,-0.25,-0.02,-0.1,1
27.8,7.29,3.8,-0.09,-0.05,-1.6,1
30.13,6.96,17.0,0.0,0.0,0.5,1
29.9,7.54,3.0,0.05,0.0,-0.3,1
26.0,7.28,7.5,0.11,0.01,-0.2,1
26.3,7.16,5.4,-0.32,0.02,0.2,1
27.57,7.28,6.3,0.26,0.04,-1.8,1
29.49,7.3,8.2,0.03,0.0,-0.9,1
27.16,7.0,10.5,-0.24,-0.02,0.6,1
31.4,7.24,12.3,-0.2,0.0,0.0,1
30.41,7.42,6.6,-0.06,-0.01,0.2,1
27.2,7.0,14.2,-0.23,-0.05,0.4,1
29.92,7.01,10.5,0.09,-0.05,-0.3,1
28.54,7.3,8.6,0.18,-0.02,0.6,1
29.61,7.17,25.4,0.1,0.01,-2.6,0
26.34,7.14,5.8,0.0,-0.02,-0.8,1
26.48,6.79,15.6,0.43,0.05,0.7,1
28.37,7.29,5.4,-0.22,-0.01,-0.2,1
31.5,6.98,11.0,0.11,-0.02,1.0,1
29.1,6.99,11.3,-0.2,-0.1,0.3,1
25.69,6.88,15.8,0.46,-0.01,0.4,1
28.22,7.09,10.6,-0.12,-0.04,-0.2,1
28.84,7.22,12.4,-0.2,-0.08,0.2,1
27.15,6.97,17.4,0.07,0.01,1.0,1
27.58,6.96,10.5,0.13,-0.01,0.3,1
28.67,7.23,7.7,-0.04,0.01,-0.1,1
27.99,6.72,18.0,-0.03,0.07,-0.1,1
27.9,7.34,8.4,0.0,-0.03,1.6,1
27.83,7.0,5.6,-0.15,-0.03,-1.3,1
26.61,7.02,7.2,-0.16,0.01,-0.5,1
26.03,7.16,3.3,-0.06,0.01,0.5,1
25.97,7.08,9.4,0.07,-0.03,1.0,1
29.43,7.09,9.5,0.08,0.02,0.0,1
27.49,7.3,11.2,0.23,0.0,-0.1,1
28.36,7.2,9.5,-0.28,-0.05,0.7,1
30.32,7.2,7.8,0.0,-0.02,-0.3,1
27.12,7.25,6.7,-0.13,0.01,0.4,1
25.85,7.31,20.2,-0.15,-0.04,0.9,1
29.59,7.08,17.1,-0.22,-0.01,2.7,1
26.26,6.72,15.5,-0.07,0.04,0.6,1
28.7,6.62,17.2,-0.06,0.01,0.4,1
28.5,7.28,10.7,-0.02,0.01,0.8,1
27.71,6.95,16.8,-0.1,-0.02,-0.7,1
29.99,7.07,12.6,-0.19,0.01,-0.3,1
28.18,7.22,7.7,-0.12,0.0,-0.8,1
30.24,7.12,4.6,-0.3,0.51,-17.6,1
25.94,7.2,6.1,0.06,-0.02,0.3,1
30.03,7.16,11.1,0.23,0.07,-0.3,1
29.08,6.98,16.2,-0.06,-0.06,1.2,1
31.96,7.04,12.3,-0.18,-0.03,-0.4,0
27.99,6.57,16.9,0.08,-0.01,0.1,1
26.57,7.01,7.6,-0.03,-0.01,0.1,1
26.97,7.09,25.1,-0.09,0.0,17.1,0
26.19,6.87,13.3,-0.08,0.02,-0.6,1
29.43,7.02,16.9,-0.19,-0.05,0.7,1
28.19,7.13,16.8,0.47,-0.06,0.3,1
26.39,7.24,21.1,-0.02,-0.02,0.6,0
26.29,7.08,11.7,0.13,0.03,-0.1,1
28.81,6.99,16.1,-0.04,-0.01,0.2,1
30.04,7.2,15.3,0.07,0.04,-1.3,1
25.84,7.22,3.3,-1.0,-0.03,-0.8,1
30.95,6.69,21.4,0.0,-0.01,-0.2,1
28.03,7.49,7.1,0.26,0.0,1.8,1
25.88,6.8,13.3,-0.01,-0.04,0.2,0
31.09,6.98,16.4,0.0,0.04,-2.7,1
27.9,7.12,11.3,-0.04,-0.01,0.0,1
26.39,6.91,17.6,-0.04,0.03,0.8,1
27.66,7.28,4.5,-0.09,0.07,0.4,1
27.12,7.13,6.1,0.13,0.0,0.4,1
27.38,6.82,19.4,0.1,0.03,1.5,1
29.59,7.29,7.2,0.0,0.06,0.8,1
27.89,7.27,19.9,-0.06,0.08,-1.3,1
30.09,7.03,11.7,0.12,0.0,0.7,1
29.72,7.88,20.2,-0.05,0.75,-2.3,0
28.82,7.21,9.1,-0.07,0.0,-0.2,1
30.34,7.41,6.2,0.02,-0.01,0.4,1
29.04,6.92,14.4,-0.22,-0.02,-0.3,1
31.59,6.52,22.0,0.03,0.06,0.0,1
25.77,6.83,11.9,-0.16,-0.01,3.7,1
28.28,7.21,7.0,0.17,0.01,0.0,1
29.02,7.31,5.8,0.0,0.03,-0.6,1
26.36,7.1,8.1,0.04,0.02,0.2,1
27.36,7.18,10.9,-0.03,0.01,0.0,1
30.7,7.48,7.2,2.8,-0.03,-1.4,0
27.05,7.14,6.7,0.05,-0.04,0.2,1
30.01,7.51,3.4,-0.15,0.0,0.0,1
28.74,7.03,10.3,-0.39,0.0,1.5,1
26.2,7.13,7.3,0.02,0.01,0.0,1
27.38,7.39,2.8,-0.07,0.02,0.1,1
31.84,7.36,5.3,0.05,0.03,-3.1,0
27.28,6.56,19.2,0.2,-0.01,1.9,1
28.98,6.88,15.4,0.11,0.0,-1.6,1
26.43,6.68,16.2,-0.11,-0.04,0.1,1
26.08,6.7,14.6,0.11,0.03,0.4,1
26.46,7.18,20.7,-0.33,0.03,-4.3,1
28.68,6.86,15.1,0.13,-0.01,-0.1,1
30.13,7.23,18.4,-0.27,-0.1,-0.5,1
26.2,7.15,4.7,0.12,0.03,0.2,1
30.14,7.22,9.7,-0.06,0.01,0.0,1
30.78,7.32,7.6,-0.1,0.01,0.5,1
26.76,7.2,19.8,-0.12,0.0,0.9,0
27.95,6.86,14.0,0.33,0.02,-1.8,1
27.11,6.71,17.7,0.02,-0.01,-0.7,1
28.85,7.3,11.2,-0.18,0.0,-0.8,1
30.27,7.34,7.6,-0.1,-0.01,-0.3,1
29.7,7.27,7.7,0.15,0.0,0.2,1
27.46,6.89,4.6,-0.21,-0.06,0.3,1
25.98,7.02,8.7,0.2,-0.03,0.3,1
29.72,6.96,15.3,0.25,-0.02,0.0,1
29.62,6.97,15.9,-0.1,-0.11,-1.2,1
26.24,6.85,13.2,-0.06,0.02,1.1,1
26.47,7.21,5.6,0.21,0.04,0.7,1
29.96,7.44,6.2,-0.01,0.03,0.2,1
29.88,7.48,5.9,-0.06,0.02,-0.9,1
30.64,6.94,12.8,-0.01,-0.02,-1.2,1
26.8,7.42,2.5,0.09,-0.01,0.0,1
31.68,7.01,13.6,-0.35,0.02,0.9,1
26.71,7.0,10.7,-0.08,0.03,0.0,1
28.09,6.71,19.7,0.16,0.0,-0.5,1
26.6,6.93,12.3,-0.08,0.01,-0.6,1
29.05,7.3,10.7,-0.16,-0.01,0.9,0
26.57,6.52,16.3,-0.15,0.02,0.1,1
28.86,7.34,5.8,-0.19,-0.03,0.5,1
27.15,6.9,10.9,-0.04,0.0,-0.6,1
26.29,6.7,11.6,-0.06,0.0,-1.8,1
28.5,7.31,7.1,-0.06,0.01,-0.1,1
27.61,7.17,6.6,-0.24,-0.04,0.3,1
26.14,7.29,6.2,0.31,0.0,0.1,1
28.86,7.28,11.7,0.01,0.05,-0.8,1
25.72,7.01,8.3,-0.02,0.08,-0.2,1
28.9,6.94,15.9,-0.14,0.02,1.5,1
28.29,6.84,16.6,0.21,0.02,-0.9,1
31.92,7.26,7.8,0.13,-0.01,0.1,0
30.14,7.34,10.0,-0.04,-0.03,0.1,1
25.81,7.14,9.4,-0.19,0.0,0.2,1
27.12,6.67,15.2,-0.3,0.01,0.6,1
27.58,7.03,16.1,-0.14,-0.02,-0.9,1
29.08,6.97,12.8,0.24,-0.03,-0.1,1
31.5,7.3,10.5,-0.25,0.02,0.6,0
30.3,6.76,22.4,-0.15,0.0,0.5,1
28.81,7.17,10.1,-0.23,0.01,0.0,1
27.0,7.08,6.2,-0.01,0.01,0.2,1
27.74,7.4,13.7,0.07,0.06,0.5,1
28.44,7.04,9.2,0.11,-0.03,0.1,1
25.82,7.23,5.7,-0.36,0.01,0.3,1
26.9,7.03,7.2,0.1,-0.01,1.2,1
28.41,6.86,13.7,-0.3,0.0,0.5,1
31.26,7.16,12.6,-0.32,-0.11,0.2,1
29.18,6.93,14.2,0.28,0.0,0.9,1
25.9,6.99,9.5,0.13,-0.03,-0.3,1
28.58,6.77,16.0,0.12,0.01,0.5,1
26.53,7.2,27.8,-0.1,-0.03,0.8,0
25.79,7.33,2.9,-0.06,0.0,0.4,1
29.82,7.55,3.6,0.01,0.0,0.6,1
29.36,7.46,4.6,0.1,0.05,-0.5,1
28.42,7.27,5.1,-0.19,-0.05,-1.5,1
28.79,7.06,12.5,-0.26,0.01,0.0,1
30.28,7.31,7.3,0.13,0.0,0.1,1
30.63,6.75,16.8,-0.19,0.0,1.0,1
30.03,7.52,6.2,-0.24,0.0,0.2,1
26.16,7.15,4.1,0.42,0.02,-0.4,1
26.82,6.92,10.8,-0.24,0.0,-0.1,1
27.11,7.17,7.8,0.06,0.02,1.1,1
27.73,6.93,8.6,-0.1,0.0,-0.3,1
27.39,7.21,7.1,-0.02,0.01,-0.1,1
29.87,7.21,13.1,2.73,-0.02,-0.5,0
29.78,6.74,16.7,-0.09,-0.06,1.0,0
27.93,6.71,17.2,-0.01,-0.01,0.2,1
26.18,6.87,11.1,-0.23,-0.01,-0.3,1
27.52,6.58,14.9,-0.02,0.0,-0.5,1
30.67,7.35,9.3,0.14,0.04,1.2,1
27.44,6.87,9.1,0.14,-0.02,1.2,1
27.72,7.15,10.9,0.0,0.02,-0.7,1
25.61,6.8,13.9,-0.04,-0.04,-0.4,1
29.74,7.27,11.1,-0.01,-0.06,-0.2,1
26.51,6.94,13.5,0.02,-0.06,-0.1,1
29.99,7.21,9.6,-0.05,0.07,-0.9,1
29.1,7.01,14.0,0.22,0.03,0.4,1
28.7,7.07,12.5,-0.13,-0.08,-2.0,1
26.35,6.9,4.3,-0.07,0.0,1.0,1
28.36,6.93,10.3,-0.18,-0.03,0.0,1
27.34,7.15,10.4,-0.28,-0.04,0.7,1
27.39,7.02,8.6,-0.08,0.01,0.3,1
31.06,6.82,13.4,0.17,0.0,0.7,1
29.36,7.03,17.7,-0.52,0.01,2.1,1
28.2,6.96,18.4,-0.09,-0.14,0.8,1
25.81,6.76,12.7,-0.78,-0.02,-0.3,0
27.11,6.28,20.6,0.09,-0.02,-0.2,0
27.16,6.97,11.6,0.25,-0.02,0.9,1
28.7,7.27,7.0,0.04,0.01,0.2,1
28.7,7.21,6.7,0.04,-0.04,-0.1,1
25.97,6.86,15.1,-0.49,0.02,-0.2,1
26.84,7.15,3.9,0.31,-0.04,0.2,1
29.13,7.0,12.3,0.08,-0.08,-0.6,1
26.53,6.61,16.8,-0.07,0.0,0.2,1
29.88,6.82,16.4,0.62,0.03,-1.7,1
28.69,7.35,5.0,-0.17,-0.02,-0.3,1
25.44,7.07,9.0,0.05,-0.02,0.1,1
30.97,7.08,14.1,-0.11,0.0,1.1,1
26.89,7.05,10.2,-0.18,-0.04,0.6,1
26.2,7.05,7.5,-0.25,-0.03,-0.4,1
27.82,6.82,17.0,0.04,-0.01,-0.2,0
29.95,7.39,5.0,-0.16,-0.07,-0.3,1
28.32,6.95,10.2,-0.13,-0.07,-0.8,1
25.78,7.04,9.7,-0.08,-0.01,0.2,1
26.77,6.92,10.3,-0.5,-0.01,-0.1,1
32.02,7.5,3.2,0.0,0.0,0.7,0
27.12,6.98,14.5,0.18,-0.05,0.2,1
28.77,7.25,5.4,-0.08,-0.03,0.0,1
28.5,7.15,12.6,-0.08,0.03,-2.2,1
27.92,7.1,6.0,-0.14,0.01,-0.5,1
26.36,6.76,15.7,-0.23,0.01,0.1,1
28.6,7.19,11.9,0.24,0.0,1.2,1
30.11,7.29,11.5,-0.02,0.0,3.6,1
25.9,6.78,16.4,0.08,-0.01,1.3,1
26.14,6.73,13.8,0.11,-0.03,0.2,1
28.86,7.24,9.3,-0.44,0.06,-2.8,1
26.31,7.05,10.8,-0.28,-0.01,1.0,1
27.58,6.98,7.0,0.27,0.02,-2.4,1
26.33,7.1,7.4,-0.15,-0.05,0.5,1
31.09,6.91,14.4,0.24,0.0,-0.2,1
31.56,6.97,11.6,0.46,0.05,0.7,0
27.76,7.08,13.3,-0.09,0.01,0.3,1
28.74,7.44,5.1,-0.13,-0.07,0.4,1
29.37,6.95,17.1,-0.08,-0.03,-1.9,1
30.09,7.46,1.9,0.09,0.04,-1.1,1
27.74,6.61,16.0,-0.27,-0.02,0.4,1
27.71,7.21,6.3,-0.08,0.01,0.8,1
30.46,7.23,10.8,0.25,0.05,0.0,1
30.13,7.61,12.3,0.14,-0.08,-0.5,1
27.89,6.62,14.4,-0.02,0.03,0.3,1
26.6,6.46,20.4,0.19,-0.04,-0.4,0
26.41,7.25,5.7,-0.05,-0.04,-1.4,1
29.22,7.34,7.2,-0.15,0.0,-1.2,1
26.01,7.13,8.0,0.07,-0.04,1.2,1
25.77,7.17,4.6,-0.35,0.0,-0.3,0
28.4,6.75,18.3,0.09,-0.05,-0.3,1
28.3,7.19,5.2,-0.35,0.07,-0.4,1
26.56,6.98,7.0,0.02,0.0,0.0,1
25.93,6.79,11.3,-0.4,0.05,0.2,1
27.67,7.05,13.1,0.07,-0.01,-0.6,1
27.87,7.08,10.7,0.37,0.0,1.0,1
28.65,7.23,10.1,0.49,0.0,-0.7,1
27.69,7.09,9.8,-0.1,-0.02,0.0,1
30.48,7.57,5.1,-0.13,0.01,0.8,1
27.89,6.83,17.8,0.24,-0.06,-0.6,1
27.65,6.98,10.8,-0.32,-0.01,-0.5,1
26.05,6.44,18.6,-0.12,-0.04,1.3,0
29.45,7.08,12.2,-0.08,0.02,1.0,1
27.23,7.06,12.2,0.06,0.04,-0.9,1
30.18,6.9,16.3,0.3,0.03,-0.1,1
29.65,7.22,9.2,0.07,-0.08,1.0,1
26.27,7.29,3.9,-0.05,-0.03,1.0,1
26.97,6.92,7.4,-0.21,0.0,0.3,1
26.04,6.88,14.6,0.04,0.03,0.0,1
28.14,7.11,9.5,-0.01,0.02,0.4,1
28.44,7.1,10.6,-0.19,0.0,-0.8,1
26.42,7.37,19.3,0.06,0.03,-0.6,1
28.55,6.85,15.8,0.05,-0.03,-0.2,1
26.96,7.14,7.2,0.04,-0.02,-0.4,1
27.53,6.67,16.8,0.01,0.0,-0.7,1
30.25,6.91,18.1,-0.02,0.02,-0.4,1
28.0,6.87,18.2,-0.03,-0.02,-0.4,1
26.26,7.06,8.6,-0.12,0.01,0.0,1
27.12,6.95,9.1,-0.06,0.01,0.3,1
28.16,7.17,10.4,0.12,0.06,0.1,1
29.67,6.84,16.3,-0.26,-0.02,0.1,1
29.5,7.46,6.2,-0.06,0.03,1.3,1
29.29,6.72,17.2,-0.13,0.03,-1.4,1
27.7,7.18,13.7,0.15,0.01,-1.4,1
27.72,7.28,10.4,0.24,-0.01,-1.0,1
30.03,7.28,9.0,0.2,-0.02,1.1,1
26.1,6.9,4.4,-0.13,0.0,0.1,1
27.31,6.95,12.9,-0.36,-0.01,1.2,1
28.24,7.2,6.7,-0.04,-0.01,-0.5,1
29.24,7.27,9.1,0.07,-0.1,-0.6,1
27.61,7.08,10.1,0.0,0.0,0.0,1
26.28,7.34,5.0,-0.23,0.01,0.0,1
25.92,7.14,20.5,-0.07,-0.03,-1.5,0
30.77,7.51,7.7,0.38,0.03,0.0,1
28.24,6.78,16.1,-0.09,-0.02,0.1,1
30.25,7.08,10.9,0.08,-0.02,-0.1,1
26.8,7.2,19.3,0.04,0.0,-0.5,1
29.74,7.09,10.4,-0.25,0.0,-1.7,1
26.87,6.77,15.2,0.09,0.05,0.9,1
27.71,7.4,12.7,0.02,0.02,1.6,1
27.55,6.56,16.4,-0.16,0.04,-0.5,0
27.41,7.12,10.3,0.01,-0.01,-0.1,0
27.56,7.17,8.6,-0.07,0.0,2.1,1
27.19,6.65,21.8,-0.2,-0.01,-0.7,0
29.94,7.54,5.9,0.07,0.06,0.3,1
30.52,7.45,7.1,0.15,-0.02,0.6,1
26.6,6.49,18.1,-0.19,-0.03,0.7,1
29.12,6.63,16.5,0.05,-0.02,0.3,1
26.89,6.88,10.8,-0.03,0.02,0.0,1
26.14,7.32,5.2,0.12,0.01,0.0,1
25.79,7.21,7.0,-0.04,-0.01,1.7,1
31.25,7.32,9.0,0.0,-0.03,-0.8,1
27.37,7.19,9.4,0.03,0.07,0.3,1
27.37,6.7,14.7,0.3,0.0,0.0,1
26.13,6.73,13.2,0.03,-0.02,0.6,1
27.1,7.32,7.5,0.12,0.03,-1.0,1
31.11,6.91,14.6,-0.01,0.01,0.1,1
27.33,7.35,26.3,0.18,0.05,2.2,0
28.18,7.14,4.3,-0.11,-0.01,-1.2,1
26.38,6.47,32.7,0.16,0.01,2.8,0
29.72,7.45,3.6,0.19,0.01,-0.6,1
28.39,6.99,14.4,-0.16,-0.03,0.7,1
30.54,6.61,22.2,0.03,-0.11,0.0,0
27.91,7.24,8.9,-0.04,0.0,0.0,1
29.62,6.96,13.9,-0.11,0.05,-0.4,1
25.55,7.02,7.9,0.21,-0.03,0.2,0
26.68,6.99,9.1,0.23,-0.04,0.2,1
28.28,7.21,7.2,-0.36,-0.05,1.3,1
29.11,6.55,19.4,0.11,-0.04,-0.5,1
26.97,7.13,6.8,0.14,-0.02,1.6,1
29.98,7.13,12.2,0.08,0.07,0.5,1
29.21,7.24,7.0,0.33,0.0,0.1,1
29.86,6.85,16.2,-0.17,-0.07,-0.6,1
26.73,6.67,13.7,-0.04,0.02,-0.8,1
32.32,7.42,4.7,0.01,0.01,0.2,0
26.41,7.32,2.6,0.16,-0.01,-0.9,1
21.54,7.1,6.0,0.99,-0.01,0.1,0
28.48,6.64,18.2,0.03,0.04,-1.2,1
29.73,6.54,18.2,0.16,0.03,0.0,1
27.05,7.22,6.5,-0.05,0.0,-0.1,1
30.51,7.36,6.8,-0.28,0.09,-0.1,1
26.54,6.98,7.0,0.01,0.02,0.0,1
30.07,7.09,14.9,0.41,-0.01,3.5,1
29.09,7.0,12.9,0.0,0.02,-0.1,1
28.05,6.56,15.3,-0.18,0.02,-0.5,0
27.22,6.85,28.8,-0.05,0.0,1.5,0
28.89,7.21,9.3,-0.09,0.0,0.7,1
26.04,6.83,15.7,-0.26,-0.03,-1.2,0
30.34,6.84,21.2,-1.37,-0.02,2.9,0
31.96,7.14,9.9,0.05,0.31,0.8,0
26.77,7.01,7.7,0.0,0.04,-0.3,1
28.92,6.96,15.0,-0.7,-0.01,-0.9,1
27.39,6.96,14.1,0.14,0.0,-0.2,1
27.7,6.96,11.8,0.02,0.07,-0.5,1
29.11,7.22,4.9,0.19,0.0,-0.7,1
25.39,6.93,17.3,-0.1,0.0,-0.9,1
26.84,7.15,3.3,0.05,0.0,-1.5,1
27.82,7.08,17.9,-0.21,0.0,-0.9,1
26.54,6.9,13.8,0.17,0.01,-0.1,1
30.71,6.94,5.1,-0.18,0.4,-16.4,1
27.44,7.14,7.3,0.08,-0.03,0.1,1
26.62,6.73,14.8,-0.19,0.04,-0.9,1
26.24,6.73,12.0,0.08,-0.01,-1.2,1
27.86,7.22,6.4,-0.08,-0.05,1.0,1
26.07,6.78,12.3,-0.04,0.0,-0.4,1
30.8,6.61,25.3,-0.06,-0.01,4.5,0
25.8,6.98,10.2,-0.1,0.06,-0.3,1
29.79,6.9,15.1,0.16,-0.01,1.0,1
26.26,6.69,14.3,-0.08,-0.02,-0.1,1
27.97,7.11,7.0,0.04,-0.01,0.2,1
26.44,6.71,12.7,0.12,0.01,-0.1,0
29.57,7.16,8.3,0.07,-0.03,-0.6,1
27.71,6.68,18.0,0.1,0.01,-0.6,1
25.96,7.23,7.4,0.05,-0.06,-1.1,1
26.04,7.0,9.9,-0.27,-0.03,-0.2,0
29.41,7.27,6.7,-0.35,0.0,0.6,1
29.22,6.68,16.8,-0.17,0.0,-0.4,1
28.83,7.21,8.4,0.33,0.02,-0.4,1
27.21,6.84,22.6,0.0,-0.06,-0.9,0
26.01,6.7,21.0,0.06,-0.02,2.6,1
31.13,6.69,21.6,0.25,-0.01,0.7,1
26.3,7.07,7.6,-0.06,-0.05,-0.3,1
26.99,6.89,10.6,0.02,0.01,0.2,1
28.74,7.06,10.3,-0.06,0.0,-0.7,1
27.96,7.1,23.7,-0.1,-0.01,1.1,1
29.26,7.23,8.2,0.03,0.01,0.0,1
30.5,7.07,12.2,0.11,-0.06,1.1,1
26.61,7.27,4.3,0.02,0.07,-0.4,1
26.16,7.25,6.8,-0.29,0.01,-0.1,1
27.83,6.66,21.2,-0.06,-0.02,-1.2,0
28.98,7.38,3.9,0.21,0.02,0.0,1
26.58,7.18,5.7,0.01,-0.07,0.5,1
26.59,6.78,13.0,-0.1,0.03,0.9,1
25.66,7.1,6.2,0.04,0.02,-1.7,1
30.21,6.93,12.5,0.11,-0.02,0.0,1
26.42,6.65,13.2,-0.3,-0.01,-1.0,0
27.42,6.72,17.8,0.15,0.01,2.4,1
27.95,7.36,7.0,0.25,0.03,-0.7,1
31.1,7.48,5.5,1.21,-0.03,-0.2,1
27.19,6.93,20.8,-0.12,0.02,0.9,0
29.3,6.92,11.8,0.19,0.02,-0.1,1
28.72,6.7,18.7,0.11,-0.02,0.6,0
28.49,7.11,8.8,0.18,0.0,-0.1,1
26.34,6.82,13.2,-0.06,0.01,0.2,1
28.66,7.25,6.8,-0.12,0.01,-0.1,1
26.96,6.64,18.3,-0.01,-0.01,-2.7,1
25.92,6.81,12.8,-0.09,0.0,-0.2,1
28.68,7.14,11.5,0.1,-0.02,-1.9,1
26.43,6.72,14.4,0.17,0.03,0.1,1
27.56,6.72,15.8,0.06,-0.08,0.7,1
29.24,6.87,11.0,-0.09,0.0,-0.5,1
28.91,6.87,15.3,-0.58,-0.15,0.5,1
28.54,6.96,10.3,0.01,-0.02,1.2,1
28.28,7.36,8.8,-0.02,0.07,-0.2,1
28.18,6.93,11.7,0.17,0.0,1.2,1
29.94,7.43,6.3,0.05,0.07,-0.8,1
26.89,6.69,20.7,0.17,0.05,-0.7,1
26.29,6.96,11.5,0.4,-0.03,0.7,1
29.26,6.89,13.0,0.28,0.01,-2.4,1
27.3,6.8,15.8,0.15,0.06,-2.4,1
26.18,6.82,14.5,-0.2,-0.01,0.0,1
27.34,7.12,7.2,-0.1,-0.02,-0.1,1
26.13,7.31,4.9,-0.04,0.03,0.3,1
25.89,7.1,5.0,0.07,-0.02,0.8,1
28.8,7.36,5.9,0.04,0.03,0.8,1
28.34,7.27,6.9,-0.13,0.04,-0.3,1
29.33,6.97,13.1,-0.03,0.06,0.9,1
26.33,6.77,18.5,0.07,-0.04,-1.9,1
25.99,6.82,9.1,0.15,0.0,0.4,1
27.85,6.78,16.1,-0.21,-0.03,-1.1,1
28.82,6.71,17.5,0.44,0.02,0.3,0
27.08,6.63,16.0,-0.05,0.04,-0.7,0
28.53,7.28,11.4,-0.17,0.03,-0.5,1
26.57,6.75,15.0,-0.16,0.0,1.0,1
26.4,7.39,3.0,-0.41,0.0,0.3,1
30.61,7.26,5.6,-0.13,-0.02,-0.6,1
26.84,7.21,5.7,0.23,-0.06,1.4,1
25.75,6.8,13.0,0.11,0.01,0.6,1
29.74,6.64,22.4,0.29,0.04,-1.0,0
26.18,6.8,12.2,0.08,0.12,-2.4,1
26.66,7.07,8.0,0.05,0.0,-0.7,1
26.39,7.17,16.7,-0.07,-0.03,-0.7,1
26.05,7.17,7.3,0.12,0.0,0.9,1
26.55,7.06,8.5,-0.09,-0.04,1.0,1
28.42,7.27,5.8,-0.35,0.02,0.4,1
25.68,7.09,8.5,0.01,-0.03,0.0,1
27.76,7.11,18.2,-0.03,-0.03,-0.4,1
29.13,7.23,6.5,0.06,-0.02,-0.7,1
26.81,7.21,5.6,0.1,-0.01,-0.1,1
28.92,7.2,27.4,-0.11,-0.04,1.9,0
29.88,6.75,18.3,-0.03,0.0,-1.9,1
26.1,7.35,8.6,-0.11,0.0,0.1,0
26.21,7.19,5.8,-0.19,0.02,-0.7,0
28.08,6.66,33.1,0.18,-0.01,-3.2,0
30.1,7.22,9.8,0.15,-0.01,0.3,1
28.34,6.92,4.9,-0.8,0.24,-12.6,1
28.57,7.1,23.8,-0.1,-0.03,-0.2,0
26.96,7.03,11.2,-3.14,0.02,1.2,0
27.57,7.15,5.9,-0.22,0.02,0.2,1
26.85,7.14,9.3,-0.19,-0.03,1.5,1
26.37,6.89,13.9,0.1,-0.01,0.8,1
27.97,6.52,16.2,-0.02,0.01,-0.1,1
28.24,7.13,10.6,0.01,0.0,0.2,1
27.14,7.28,8.5,0.17,-0.01,-1.5,1
28.17,7.07,22.1,0.01,-0.02,2.6,1
32.7,7.3,8.6,0.07,0.04,1.3,0
27.9,7.46,6.9,0.0,0.0,-0.5,1
28.4,7.49,4.1,-0.12,0.04,-0.5,1
29.48,7.32,12.8,-0.18,-0.03,0.4,1
29.43,7.24,12.4,0.23,0.03,-0.3,1
29.68,6.93,11.1,-0.01,0.03,-0.7,1
26.89,6.53,17.4,0.03,0.0,0.4,1
26.81,6.96,11.9,-0.06,0.03,-0.8,1
28.89,7.26,8.5,0.0,0.04,-1.2,1
27.74,7.14,8.4,0.18,-0.02,-1.2,1
30.81,7.35,7.1,0.21,0.1,0.2,1
32.45,7.06,16.3,-0.07,-0.01,2.9,0
29.28,7.4,9.7,0.0,0.0,-0.4,1
30.53,6.99,15.3,-0.28,0.06,0.4,1
29.17,6.49,18.5,0.11,0.01,-23.3,0
26.55,7.06,8.2,0.09,0.01,0.0,1
26.12,5.88,22.1,0.01,0.08,-0.5,0
29.3,6.86,14.4,0.05,0.01,-0.7,1
31.09,6.86,17.5,0.0,-0.05,-0.4,1
26.16,6.69,12.7,0.02,0.0,-0.8,1
29.55,7.24,6.7,0.0,0.06,-0.4,1
27.51,6.77,10.9,0.18,0.01,-0.6,1
25.97,6.85,11.8,0.09,0.02,0.8,1
26.44,7.39,2.6,0.04,0.0,-0.4,1
26.14,7.23,4.8,0.05,0.07,0.6,1
26.71,6.53,16.3,0.2,-0.01,0.0,0
29.77,7.22,8.8,-0.07,-0.01,-0.7,1
28.89,6.75,17.7,0.01,0.0,0.5,1
30.12,6.86,14.0,-0.16,-0.01,-2.3,1
27.84,7.08,5.7,0.28,-0.01,0.3,1
28.26,6.68,19.9,0.21,0.0,-0.5,1
27.48,6.8,30.2,0.13,0.0,-0.3,0
26.89,6.27,21.2,-0.04,0.0,0.0,0
30.35,7.12,11.0,0.08,0.04,-1.7,1
26.51,6.54,16.3,-0.29,-0.01,0.0,1
30.14,6.89,17.7,0.01,-0.04,-1.3,0
25.86,7.0,10.8,-0.06,-0.02,-0.8,1
30.0,6.93,8.6,-0.25,0.0,-0.2,1
27.88,6.76,17.0,-0.08,-0.04,2.4,1
28.24,7.14,9.1,0.1,0.03,-0.4,1
26.86,6.53,17.0,-0.04,0.02,-0.4,1
26.2,6.82,22.0,-1.13,-0.06,-0.3,0
26.44,6.61,15.6,0.27,0.01,0.0,0
26.45,7.0,16.1,0.51,0.0,0.4,1
27.33,7.28,9.6,0.17,-0.04,0.6,1
26.18,7.0,12.8,-0.14,0.0,3.2,1
26.53,6.88,11.1,0.01,0.05,-0.9,1
26.41,6.96,9.6,-0.09,-0.01,-1.1,1
29.35,7.35,9.1,-0.09,-0.02,0.4,1
31.12,6.79,18.7,0.37,-0.03,0.5,1
25.5,7.01,13.5,-0.17,-0.02,1.7,1
26.88,6.66,14.7,0.18,-0.04,0.2,1
29.92,6.86,13.9,-0.21,-0.01,-0.4,1
29.46,6.78,20.2,0.09,-0.03,-0.4,1
26.14,6.77,11.4,-0.14,-0.05,-0.4,1
28.98,6.75,17.8,-0.02,0.01,1.8,1
31.44,7.22,10.9,0.11,-0.01,0.2,1
29.41,7.37,7.5,0.01,0.02,-0.7,1
28.12,7.09,9.8,0.57,0.0,-1.7,1
28.59,6.92,14.5,-0.07,0.01,-0.5,1
29.13,7.02,10.4,-0.01,-0.04,-0.4,1
30.95,7.32,7.2,0.04,0.0,0.0,1
29.86,7.09,11.1,-0.17,0.0,0.9,1
27.72,6.57,20.3,-2.93,0.0,-0.2,0
28.05,6.89,23.3,-0.16,-0.04,-6.1,1
29.18,7.35,3.7,-0.01,0.06,-0.7,1
30.32,7.08,11.2,0.23,0.05,-0.5,1
32.48,7.25,8.1,-0.15,0.0,-0.2,0
29.79,7.41,11.5,-0.19,0.04,-1.2,1
27.62,6.65,18.3,-0.13,-0.02,-0.4,1
28.14,7.21,8.9,-0.03,-0.02,0.2,1
28.45,7.25,13.7,0.18,0.11,-0.5,1
26.74,7.28,9.3,-0.06,0.02,5.3,1
28.16,6.96,12.2,-0.1,-0.03,-0.2,1
26.14,7.23,6.9,0.35,0.02,-0.1,1
31.22,7.17,13.5,-0.24,0.02,-0.3,1
26.67,7.23,10.2,0.26,-0.02,4.5,1
26.12,6.8,15.0,-0.1,-0.06,0.4,1
25.5,7.21,6.3,-0.1,0.0,-0.2,1
31.73,6.79,9.4,0.16,-0.37,0.1,0
30.25,7.18,11.0,-0.36,0.01,0.3,1
28.6,7.4,10.0,-0.18,0.0,1.2,1
29.73,6.73,18.4,0.13,-0.05,-0.9,1
26.14,7.06,5.9,0.15,0.05,0.4,1
27.08,6.98,5.2,-0.46,-0.11,0.8,1
28.5,7.19,8.8,0.09,0.01,0.4,1
26.45,7.24,8.0,-0.28,0.07,1.6,1
26.53,7.36,6.0,-0.22,0.0,0.0,1
27.41,6.8,15.2,-0.17,-0.03,0.3,1
29.64,7.3,5.4,-0.07,0.01,0.1,1
27.73,6.87,10.3,0.1,-0.04,-2.3,1
28.29,7.3,5.2,-0.09,-0.01,1.1,1
25.59,6.38,17.6,-0.12,-0.02,0.7,0
26.24,6.86,13.3,-0.12,0.06,-0.3,1
27.81,7.15,11.9,-0.15,0.05,-0.8,1
30.06,7.1,10.8,-0.05,0.04,-0.7,1
29.07,7.32,5.2,0.38,-0.03,0.2,1
29.98,7.3,12.2,0.3,-0.01,-0.4,1
29.43,7.32,16.5,0.03,0.01,0.9,1
28.32,6.97,13.1,0.19,0.03,0.1,1
28.32,6.57,21.2,-0.23,-0.01,6.7,0
31.8,6.93,15.2,-0.15,-0.04,0.7,0
27.07,7.15,4.1,-0.06,0.0,1.0,1
27.47,6.98,19.2,0.03,-0.08,1.1,0
31.42,7.34,10.7,0.03,-0.06,-1.0,1
28.32,6.66,17.9,-0.03,-0.04,0.2,1
29.6,7.08,13.1,-0.07,-0.02,-1.5,1
30.86,7.07,11.9,0.17,-0.01,-0.3,1
30.27,6.79,23.9,0.38,0.05,1.1,0
26.73,6.58,15.8,0.08,-0.02,-0.8,1
25.71,7.02,7.0,-0.18,0.0,1.4,1
32.14,7.07,12.7,-0.07,-0.01,-0.2,0
27.11,7.33,6.3,-0.18,0.02,-1.4,1
26.76,6.82,13.6,0.21,0.02,-0.3,1
26.27,7.03,11.4,-0.06,0.01,1.6,1
27.34,7.05,7.1,0.34,-0.03,0.9,1
30.45,6.99,17.4,0.24,-0.01,-1.6,1
29.93,7.14,15.0,-0.12,-0.01,-0.5,1
31.09,6.94,18.4,0.28,-0.07,-0.3,1
26.1,6.84,13.7,0.22,0.02,0.1,1
30.42,7.51,5.5,0.18,0.01,0.1,1
29.54,7.0,11.1,-0.09,0.01,-0.6,1
27.11,6.84,15.7,-0.22,-0.02,-0.1,1
29.31,6.72,14.5,0.29,-0.02,-0.4,1
27.29,6.9,3.8,0.1,0.0,0.2,1
27.25,7.18,9.9,-0.15,-0.02,-1.4,1
30.04,6.75,24.9,-0.23,-0.04,1.0,0
27.18,7.19,7.2,-0.03,-0.02,-0.3,1
26.17,7.35,4.7,-0.11,0.01,-0.3,1
28.27,6.99,13.1,-0.17,0.01,-0.6,1
28.86,6.86,12.0,0.18,0.01,-0.6,1
26.31,7.04,9.4,-0.3,0.02,2.2,1
26.38,6.83,14.5,-0.03,-0.01,-0.2,0
27.68,6.89,17.7,-0.25,0.04,-0.2,1
26.77,6.9,2.3,0.02,0.0,-1.4,1
29.91,7.4,8.9,-0.15,0.0,0.4,1
32.24,7.42,11.7,0.0,-0.02,0.5,0
28.01,7.31,5.0,0.03,0.01,1.1,1
27.05,7.16,7.1,-0.09,-0.03,-0.2,1
29.11,7.21,10.2,0.02,0.0,-0.5,1
28.77,6.72,23.4,0.0,0.05,2.3,1
25.69,6.8,12.5,-0.06,0.0,-0.5,1
28.81,7.02,14.0,0.42,-0.04,0.8,1
30.79,6.97,10.8,-0.07,-0.05,-1.8,1
27.48,6.63,22.7,0.15,0.0,-1.0,0
29.91,6.38,20.6,0.11,0.05,0.6,0
27.7,7.11,9.6,-0.1,-0.03,0.0,1
26.5,7.02,8.9,-0.04,-0.05,-1.2,1
27.85,7.21,6.3,-0.14,-0.01,-0.4,1
27.05,6.65,17.7,0.3,-0.04,-0.1,1
28.35,6.6,14.6,-0.21,0.02,-2.2,1
30.43,7.54,6.0,0.07,0.07,0.1,1
28.77,6.66,28.1,0.0,-0.02,-0.7,0
27.71,6.85,25.0,-0.18,0.0,-0.9,0
27.97,6.58,17.5,-0.02,-0.01,-0.6,1
27.77,6.94,15.2,0.16,-0.03,-1.3,1
26.89,6.62,15.0,0.16,0.04,-0.8,1
28.21,7.22,13.7,-0.18,-0.02,3.6,1
28.13,7.22,9.3,0.13,-0.01,0.1,1
31.32,6.96,12.9,-0.18,0.02,-0.5,0
27.24,6.78,15.1,0.19,0.02,0.0,1
28.28,7.08,8.6,0.32,0.02,0.9,1
28.58,7.44,6.8,0.14,-0.04,1.4,1
26.99,6.98,11.8,-0.01,-0.01,-0.7,1
26.69,7.03,7.7,0.01,-0.03,-0.3,1
29.67,7.45,4.7,-0.13,0.02,0.2,1
26.51,6.73,13.6,0.0,0.04,-0.8,1
28.07,7.03,12.7,0.18,0.01,-0.2,1
27.46,6.9,16.9,-0.01,-0.04,4.0,1
30.51,6.61,19.8,0.14,0.01,0.0,1
28.52,6.74,16.8,-0.03,-0.01,-0.4,1
29.67,7.15,10.1,-0.23,0.05,0.0,1
27.16,6.79,16.2,0.05,-0.05,0.5,1
27.51,7.18,6.2,0.27,0.05,-0.2,1
26.54,6.49,31.3,0.09,-0.02,0.0,0
30.72,7.08,11.4,0.0,-0.06,2.7,1
26.68,7.15,5.3,-0.11,0.01,-1.1,1
32.39,7.19,11.4,-0.11,-0.02,-1.8,1
28.35,6.93,5.2,0.46,0.02,1.0,1
26.4,7.05,10.5,0.08,0.02,-0.4,1
29.77,7.13,22.5,-0.07,0.0,-1.9,0
28.21,6.62,19.0,-0.08,0.01,0.5,0
26.44,7.05,8.8,-0.2,0.01,-1.0,1
26.3,6.66,12.8,-0.12,-0.04,-0.2,1
31.74,6.46,22.5,-0.14,0.03,2.0,0
27.82,7.24,4.6,-0.07,0.04,0.3,1
28.4,7.17,8.7,-0.16,-0.02,0.1,1
26.03,6.76,13.9,-0.03,-0.01,-0.6,1
28.33,7.07,8.4,-0.07,-0.1,-0.3,1
29.15,7.0,15.3,0.51,0.01,-0.3,1
29.06,6.96,13.5,-0.14,0.03,-0.2,1
26.35,7.06,5.4,0.05,0.02,-1.1,1
27.38,6.85,26.6,-0.33,0.0,1.6,0
30.0,7.26,7.3,0.19,-0.02,-0.7,1
25.59,6.91,12.7,-0.26,-0.03,0.5,1
26.97,6.6,19.8,-0.31,0.04,0.6,1
27.45,7.37,2.7,-0.2,0.0,1.4,1
27.29,6.82,25.4,0.02,-0.01,-0.8,0
28.59,7.3,5.6,-0.32,-0.02,0.2,1
26.83,7.18,8.0,0.02,-0.03,-0.3,1
28.74,7.31,7.4,-0.32,0.04,2.5,1
30.58,6.75,17.5,1.52,0.0,0.0,0
27.02,7.04,7.3,0.0,-0.01,0.3,1
27.31,7.07,6.9,-0.06,-0.01,0.7,1
29.85,6.91,17.6,0.01,-0.01,0.9,1
29.8,7.43,4.5,-0.28,0.0,-1.3,1
29.34,7.47,4.1,0.17,-0.01,0.3,1
26.59,7.09,10.0,0.01,0.04,-0.1,1
29.06,6.48,41.8,0.22,0.0,-4.7,0
28.07,6.71,34.2,-0.01,0.06,15.6,0
28.55,6.83,15.8,0.15,0.03,-0.9,1
27.4,6.0,4.0,0.14,0.16,0.5,0
26.07,6.86,11.5,-0.15,0.0,-0.1,1
28.42,7.24,10.9,0.36,0.01,1.0,1
30.73,7.33,5.4,-0.01,-0.01,0.0,1
27.79,7.13,5.7,-0.28,-0.01,-0.6,1
27.3,6.89,7.9,-0.1,-0.02,-2.3,1
27.73,6.87,18.3,0.02,0.0,0.6,0
27.05,6.92,12.1,-0.5,-0.02,0.1,1
30.53,7.37,7.0,-0.03,0.04,0.3,1
30.7,7.17,12.3,0.36,-0.02,-1.5,1
26.3,7.3,20.2,-0.05,-0.02,-1.5,1
29.14,7.06,9.6,0.26,-0.01,-0.2,1
28.43,7.24,11.5,-0.45,-0.02,-0.3,1
29.35,6.81,14.9,0.56,-0.02,0.7,1
28.54,6.86,14.9,-0.41,-0.01,1.8,1
28.91,7.31,10.8,-0.14,0.01,0.1,1
27.28,7.21,5.4,0.21,0.0,-0.1,1
29.11,6.99,11.5,0.0,-0.01,0.0,1
25.86,7.23,3.3,0.11,-0.01,-0.5,1
29.12,7.45,6.9,-0.1,-0.08,-0.5,1
28.74,6.89,14.6,-0.11,0.01,-0.2,1
27.88,7.27,2.6,-0.1,0.0,0.3,1
27.39,6.64,25.8,0.08,-0.02,2.3,0
28.15,7.22,10.1,-0.06,0.02,0.1,1
29.85,7.34,10.0,-0.29,0.03,0.7,1
31.95,7.34,8.4,0.27,-0.01,0.7,0
29.31,7.0,12.9,0.23,0.03,0.1,1
30.46,7.07,15.6,-0.12,-0.07,0.6,1
26.13,7.04,10.7,-0.11,0.0,-0.5,1
27.54,6.89,12.0,-0.23,-0.01,-1.5,1
29.59,7.44,5.3,-0.08,-0.01,0.6,1
26.83,6.89,11.7,0.17,-0.01,0.8,1
28.8,7.13,10.6,-0.23,-0.06,1.8,1
28.24,6.78,23.2,-0.06,-0.02,-0.8,0
27.61,6.9,23.9,-0.14,-0.02,0.5,0
26.66,6.69,16.2,0.28,0.0,0.0,1
27.55,7.06,5.3,-0.06,0.02,-1.2,1
26.04,6.72,14.9,-0.1,0.0,0.7,1
31.27,6.85,18.7,0.18,0.03,-0.4,1
28.3,6.7,18.9,-0.24,-0.03,0.8,1
27.8,7.23,8.3,-0.16,-0.01,0.0,1
29.32,7.33,10.4,-0.07,0.06,1.2,1
27.8,7.11,4.1,-0.09,0.02,-1.0,1
26.1,6.97,13.5,-0.18,-0.04,0.4,1
30.15,6.36,20.5,0.1,-0.05,-0.2,0
27.23,5.77,15.2,0.06,-0.96,0.1,0
27.48,7.01,12.7,-0.18,-0.04,0.9,1
26.88,6.81,14.3,0.21,0.09,0.8,1
31.25,7.35,9.8,-0.26,-0.03,-0.7,1
31.5,6.94,13.4,-0.1,-0.04,-0.3,1
28.92,7.2,9.0,0.14,0.07,-0.1,1
27.21,6.71,14.7,0.14,0.0,0.0,1
26.27,6.9,8.5,0.14,0.03,-1.3,1
29.94,7.46,6.8,0.17,0.0,0.5,1
26.76,6.59,15.4,-0.04,-0.03,-1.3,1
25.94,7.17,6.8,-0.27,0.06,-1.6,1
26.4,6.71,14.0,0.14,-0.01,-0.3,1
28.75,7.17,12.1,0.06,-0.08,4.1,1
25.27,7.21,7.2,0.28,0.0,0.2,0
27.15,7.08,10.6,1.59,0.02,0.1,0
29.2,6.58,19.8,0.07,0.04,-0.6,1
25.41,7.22,7.3,0.14,0.01,0.1,1
25.82,6.82,13.4,-0.13,0.07,0.4,1
26.39,6.84,13.3,0.29,0.0,-0.4,1
27.11,7.31,10.2,-0.07,-0.05,2.3,1
32.2,7.11,14.3,0.44,-0.04,-0.9,0
27.68,7.01,11.3,-0.22,-0.02,-0.1,1
26.41,7.18,4.8,-0.12,0.0,0.5,1
29.97,7.24,13.7,0.14,-0.04,-0.4,0
28.62,6.39,18.2,0.29,-0.23,-0.3,0
29.17,7.21,23.7,0.01,0.0,0.9,0
35.37,7.42,3.6,6.24,-0.04,-1.0,0
27.81,6.62,7.4,0.03,-0.06,-0.5,1
28.21,7.46,5.6,-0.29,0.02,-0.6,1
28.46,6.76,15.5,0.27,-0.01,1.0,1
27.5,7.08,10.2,0.15,0.0,-0.4,1
32.5,7.03,13.0,0.08,0.01,-0.5,0
27.6,6.91,8.5,0.09,0.0,-0.7,1
27.47,7.17,13.5,0.05,-0.34,-3.2,1
30.13,7.29,7.9,0.13,0.01,-0.4,1
30.26,7.33,6.0,0.19,-0.01,0.8,1
27.87,7.23,27.1,-0.08,0.02,0.2,0
29.06,6.72,17.3,-0.04,-0.05,-0.6,1
26.44,6.87,19.0,0.05,0.03,5.7,1
28.13,7.02,9.7,-0.03,0.0,1.6,1
24.96,7.2,13.5,-0.16,0.02,-0.4,0
27.73,7.3,3.2,0.14,0.0,0.0,1
27.53,7.09,10.2,0.0,0.04,-0.6,1
28.46,7.26,9.1,0.14,0.03,1.1,1
26.61,6.91,9.4,0.1,0.01,-1.7,1
29.56,6.82,14.2,0.28,-0.01,1.1,1
27.76,6.92,18.4,0.39,0.0,0.5,1
27.0,7.21,9.0,-0.25,0.02,0.4,1
28.54,6.76,16.1,-0.64,-0.01,-0.2,1
29.09,6.61,16.0,0.07,-0.06,-0.3,1
29.32,7.32,5.3,-0.28,-0.01,0.4,1
26.48,7.01,8.5,-0.08,-0.04,0.2,1
25.43,7.32,3.9,0.07,0.01,0.1,1
28.59,6.72,15.1,-0.23,0.02,-0.9,1
28.06,7.33,6.9,0.08,0.01,-0.1,1
29.99,7.48,5.9,0.03,0.04,-0.3,1
26.16,7.31,7.5,0.0,0.06,0.7,1
26.83,6.55,17.7,0.05,-0.12,0.1,1
27.94,7.13,11.3,-0.05,0.0,-0.2,1
29.19,7.47,4.4,-0.13,0.01,-0.9,1
29.6,6.83,14.1,-0.1,0.0,0.0,1
26.37,6.85,13.4,-0.27,-0.04,-0.2,1
26.02,6.71,15.2,0.22,0.04,0.0,1
27.9,7.2,4.5,0.07,0.05,-0.6,1
27.44,7.15,5.7,-0.06,0.03,-0.1,1
27.31,6.94,15.8,-0.06,0.03,1.0,1
27.91,6.9,16.4,-0.14,0.0,1.0,1
27.1,7.26,3.6,0.06,-0.03,0.8,1
27.72,6.59,16.5,-0.14,-0.02,-0.1,1
28.53,6.71,14.6,-0.03,0.05,-0.9,1
29.63,7.17,8.7,-0.13,-0.05,0.1,1
26.37,7.29,4.3,-0.28,-0.08,-0.4,1
28.78,6.84,19.0,0.05,-0.01,-1.2,1
27.09,6.68,14.7,-0.03,0.01,-0.5,1
29.61,7.37,8.4,-0.19,-0.02,-2.5,1
32.08,7.06,14.4,0.0,-0.02,-0.4,0
28.7,7.19,10.3,-0.21,-0.04,-0.4,1
29.05,6.58,14.4,0.17,0.0,-0.4,1
26.08,6.76,14.7,0.07,0.03,-0.8,1
28.66,7.59,16.9,-0.15,-0.07,0.2,1
28.38,7.13,8.6,-0.06,-0.04,-0.3,1
28.58,7.1,9.2,0.09,0.03,-0.3,1
25.87,6.84,12.8,0.0,-0.01,-0.4,0
30.35,7.48,5.0,-0.05,0.01,-1.7,1
27.0,6.91,13.3,0.0,-0.02,-0.2,1
28.29,6.85,17.2,0.0,-0.06,1.5,1
27.18,7.25,14.0,0.22,0.08,0.2,1
26.32,7.03,10.9,0.19,-0.01,0.2,1
28.64,7.26,5.9,-0.08,-0.06,0.5,1
27.62,7.14,5.9,-0.12,0.02,1.0,1
26.54,7.1,10.4,-0.18,-0.02,0.1,1
27.07,7.13,17.1,-0.06,0.05,0.6,1
25.79,6.78,12.7,0.07,-0.01,0.2,1
28.98,7.21,8.6,-0.09,0.03,-0.7,1
26.77,7.28,3.9,0.39,0.01,-0.2,1
28.24,7.18,8.1,0.03,-0.03,-1.2,1
28.76,6.96,13.2,0.43,0.02,0.9,1
27.47,7.32,7.6,0.25,0.03,-0.2,1
27.53,6.76,17.0,-0.03,-0.01,0.2,1
28.58,7.28,10.0,0.04,-0.02,-0.2,1
27.06,7.09,8.0,-0.18,-0.02,0.1,1
28.77,7.05,8.9,0.02,0.02,0.1,1
25.89,6.84,13.1,-0.27,0.03,-1.2,1
25.99,7.12,7.0,0.19,-0.07,-0.4,1
27.7,7.09,9.7,0.13,0.02,-0.2,1
27.36,6.85,23.7,0.07,0.03,-1.7,0
27.7,7.33,7.7,0.13,0.0,0.3,1
25.99,7.01,5.5,-0.45,-0.05,0.3,1
26.2,7.16,9.7,0.16,-0.02,1.4,1
28.28,6.86,17.6,0.05,0.01,-1.1,1
25.92,6.42,17.4,0.2,-0.01,1.0,0
25.06,7.27,3.8,-0.05,0.04,-0.7,0
27.42,7.3,10.0,0.05,0.04,-0.4,1
28.62,7.63,8.9,-0.31,-0.15,-0.1,1
28.56,6.51,15.3,-0.19,-0.05,-0.9,1
28.89,7.32,10.3,0.0,0.0,-1.6,1
29.92,7.33,10.0,-0.03,0.0,0.7,1
29.28,7.12,22.4,-0.31,-0.02,1.0,1
29.65,7.09,10.0,-0.27,-0.05,2.3,1
27.48,6.32,20.5,0.25,-0.03,1.2,0
26.96,6.96,8.7,-0.11,-0.01,-0.4,1
26.47,6.66,16.0,0.22,0.02,-0.9,1
28.93,6.94,13.0,-0.04,0.06,-0.7,1
29.31,7.47,5.8,0.11,-0.01,-1.0,1
27.35,7.07,9.9,0.1,-0.01,-0.4,1
27.09,6.54,19.3,-0.12,-0.04,-0.6,1
30.42,6.72,22.8,0.04,0.04,0.6,0
30.82,6.75,15.8,0.23,0.0,-1.3,1
27.42,7.22,22.6,0.13,0.0,-0.8,0
25.48,7.08,7.5,0.09,0.0,0.2,0
27.43,7.01,11.1,-0.02,-0.01,0.1,1
28.02,7.3,3.0,-0.01,0.01,0.2,1
26.19,6.81,16.4,0.08,-0.02,-1.0,1
32.23,7.48,7.5,0.04,0.01,-0.3,0
28.57,6.85,22.0,-0.78,0.0,3.2,0
31.05,7.2,8.6,0.18,0.07,-1.0,1
26.45,6.94,14.6,-0.11,-0.05,0.7,1
27.42,7.22,4.1,0.06,0.02,0.9,1
30.42,7.39,6.0,0.16,0.06,0.0,1
28.39,6.75,17.9,0.34,0.03,1.9,1
28.25,7.13,8.8,-0.22,0.0,0.2,1
27.14,6.81,16.6,-0.13,-0.06,-1.2,1
25.89,6.89,11.2,0.29,-0.01,0.0,1
26.92,6.86,10.8,0.08,0.02,-0.6,1
28.16,6.58,14.9,-0.02,-0.01,0.4,1
30.65,7.29,10.3,-0.17,0.03,0.6,1
27.33,6.62,15.2,0.37,-0.02,-0.2,1
28.13,7.09,14.0,-0.34,0.02,-0.4,0
30.91,7.1,11.6,-0.3,-0.05,-0.8,0
27.11,7.05,14.9,0.01,0.01,-1.5,1
26.97,6.87,10.0,-0.18,-0.03,-0.9,1
28.52,6.6,16.7,-0.25,0.05,0.1,1
28.23,7.18,6.0,-0.2,0.07,0.2,1
26.94,6.76,15.3,-0.11,0.01,0.3,1
29.24,6.65,17.9,0.02,-0.03,1.1,1
30.11,6.73,20.7,-0.2,0.0,-1.2,0
27.95,6.78,9.3,0.15,-0.02,1.6,1
27.38,7.16,11.5,0.11,0.04,0.4,1
28.94,6.96,10.8,0.23,-0.01,0.4,1
26.02,6.73,13.7,-0.46,0.02,-0.7,1
30.09,7.1,10.9,0.37,-0.04,0.9,1
29.36,6.65,16.1,0.05,-0.09,0.2,1
27.93,6.53,20.0,0.16,0.02,0.5,0
27.35,7.05,11.6,0.09,-0.07,1.5,1
31.0,7.28,6.9,0.05,-0.04,-0.3,1
27.96,6.62,13.9,0.05,0.01,-1.2,1
27.85,7.43,5.8,-0.15,0.02,0.8,1
28.99,7.04,9.6,0.05,-0.02,-0.3,1
29.91,7.52,6.4,-0.37,0.04,1.6,1
27.8,7.27,3.6,-0.17,-0.05,-0.5,1
28.5,6.81,14.1,0.26,0.01,-0.9,1
27.83,7.33,14.1,-0.01,-0.08,-0.3,1
29.75,6.98,16.1,0.52,0.06,-2.8,1
27.15,6.74,17.6,0.04,0.0,0.7,1
28.56,7.8,14.0,-0.21,-0.21,0.3,1
28.26,7.12,14.2,-0.18,-0.04,1.6,1
27.66,6.77,17.0,0.18,0.03,1.1,1
26.23,5.67,22.7,-0.07,-0.1,-0.4,0
29.4,7.39,9.5,0.07,0.07,-0.5,1
26.8,7.14,4.1,0.04,0.02,-0.1,1
28.89,7.32,8.4,0.0,-0.01,-1.2,1
28.02,7.22,8.1,0.16,0.0,-0.8,1
29.85,7.54,3.3,-0.01,0.04,0.1,1
28.72,6.73,15.7,0.13,0.01,0.6,1
26.87,7.14,7.1,0.01,-0.03,0.8,1
27.94,7.2,7.7,-0.08,-0.02,-0.4,1
27.05,6.75,15.0,0.21,-0.05,-1.7,1
26.23,7.08,8.0,-0.43,-0.02,-0.6,1
27.37,6.42,15.0,0.03,0.76,-1.0,0
28.85,6.87,15.8,0.19,-0.03,-1.0,1
27.64,6.69,19.0,0.1,0.0,0.6,1
28.5,6.94,16.5,0.34,0.0,0.0,1
25.98,6.74,17.1,0.08,0.0,2.3,1
27.77,6.9,13.5,0.02,-0.01,0.2,1
29.26,7.52,5.7,-0.07,-0.02,-0.4,1
26.79,6.78,12.2,-0.14,-0.03,0.0,1
26.05,7.02,9.2,0.18,0.0,0.3,1
27.37,6.92,17.9,0.0,-0.04,0.4,1
31.09,6.9,17.8,0.0,0.04,0.3,1
29.29,7.23,5.7,-0.25,-0.04,0.2,1
28.81,7.02,11.9,0.13,-0.01,0.0,1
25.99,7.16,8.0,-0.07,-0.09,-0.4,1
28.23,7.42,2.6,0.19,0.03,0.3,1
27.13,7.08,5.5,-0.09,-0.01,0.8,1
26.33,7.38,18.7,-0.09,0.01,-0.6,1
27.07,7.21,5.5,0.0,-0.02,0.4,1
26.61,7.07,8.7,0.01,0.04,-0.7,1
28.37,7.28,4.1,0.08,-0.02,-1.1,1
27.72,7.0,16.8,-0.09,0.04,0.0,1
27.21,7.06,12.2,0.09,0.0,-0.1,1
26.05,7.17,3.9,0.16,-0.01,-0.4,1
29.03,6.88,10.8,0.07,0.02,-2.1,1
28.85,7.07,9.7,-0.13,-0.01,0.6,1
29.74,6.56,18.5,0.21,0.0,-0.6,1
27.87,6.63,19.5,0.0,-0.03,2.1,1
27.47,6.67,20.8,-0.19,0.02,-0.8,0
29.87,7.01,16.4,-0.03,-0.01,-0.6,1
30.57,6.68,18.7,-1.43,-0.09,1.6,0
27.37,7.26,10.4,0.0,-0.04,-1.2,1
29.42,7.24,9.1,0.11,0.02,0.5,1
29.05,7.07,9.9,-0.06,0.01,0.5,1
29.88,7.16,16.9,0.09,-0.02,1.9,1
25.87,7.28,8.1,-0.14,0.05,0.8,1
25.45,7.15,3.8,0.02,-0.01,-0.3,1
26.22,7.18,4.3,0.0,-0.02,-0.2,1
29.78,6.87,15.5,0.05,0.01,0.7,1
28.78,6.72,16.1,0.26,-0.02,-0.7,1
31.48,6.76,18.9,0.22,-0.04,-0.9,0
29.89,7.51,5.7,0.02,-0.01,-0.8,1
32.63,7.25,8.3,0.39,0.0,0.6,0
29.59,7.58,5.3,-0.1,0.08,0.1,1
29.39,6.82,17.6,-0.8,-0.01,-1.1,1
26.44,7.29,21.2,-0.09,-0.01,2.1,0
30.63,7.3,13.2,0.07,0.08,1.1,1
29.95,7.51,6.2,-0.06,-0.02,0.0,1
29.5,7.26,11.8,-0.39,-0.03,1.7,1
27.53,6.76,19.9,-2.8,0.05,-0.6,0
27.91,6.81,18.3,0.02,-0.02,0.5,1
28.34,7.13,10.8,-0.1,0.03,0.2,1
27.48,6.9,7.6,0.22,0.05,-1.1,1
29.89,7.29,17.9,-0.09,-0.05,4.2,1
27.45,6.95,11.7,-0.06,0.01,-0.6,1
29.69,7.32,16.5,-0.21,-0.03,-0.2,1
31.87,7.26,10.6,0.25,0.0,-1.1,0
26.51,6.98,11.4,-0.1,-0.09,-1.1,1
26.82,7.03,6.1,0.14,-0.08,-0.5,1
30.17,7.47,7.0,0.39,-0.04,0.1,1
28.0,7.22,5.4,0.05,-0.03,1.1,1
27.86,7.03,5.9,0.08,0.04,0.0,1
30.6,7.09,12.9,0.33,0.01,-0.4,1
28.16,7.13,12.8,0.37,0.03,1.6,1
26.38,6.79,16.1,-0.23,-0.01,0.9,1
29.72,6.98,16.6,0.87,0.11,0.8,1
29.16,6.94,13.7,0.08,-0.03,0.0,1
28.82,7.25,4.0,-0.11,-0.01,0.6,1
30.3,6.68,17.6,0.03,0.02,0.6,1
29.22,6.66,15.6,0.09,-0.06,-1.2,1
28.47,6.56,14.5,-0.08,-0.04,-3.9,0
27.99,7.37,8.5,0.16,-0.06,1.0,1
27.23,7.14,6.1,-0.2,-0.01,0.6,1
28.69,7.16,7.6,0.03,-0.03,-1.1,1
25.21,6.53,18.6,-0.13,0.05,0.7,0
26.22,7.16,4.4,0.0,-0.02,0.1,1
27.86,7.11,19.6,0.36,0.03,-0.4,1
28.35,7.32,5.6,0.05,0.01,-0.3,1
31.58,6.96,12.4,0.3,-0.02,-0.3,1
27.62,6.93,10.7,-0.03,-0.01,-0.1,1
25.8,7.21,2.6,0.09,-0.04,-0.8,1
29.03,7.27,5.8,0.02,-0.01,0.4,1
27.76,6.68,21.8,0.18,-0.04,-1.5,1
25.43,7.19,5.6,0.03,0.07,-2.1,0
31.97,6.98,12.4,0.05,-0.01,-0.5,1
27.08,6.91,27.6,0.0,-0.03,1.3,0
30.38,6.75,21.8,-0.29,0.03,-1.6,1
26.56,7.14,6.2,-0.04,0.09,0.2,1
29.28,6.82,18.3,-0.11,-0.02,0.9,1
30.19,7.48,5.8,0.09,0.04,0.2,1
29.48,7.33,6.1,0.14,-0.01,0.9,1
26.86,6.6,16.2,-0.05,0.02,0.0,1
26.71,6.57,16.0,0.18,-0.04,-0.8,0
29.7,7.36,7.8,-0.16,-0.08,0.2,1
29.7,7.25,13.0,-0.56,-0.03,3.0,1
29.14,7.1,10.3,0.1,0.0,-1.3,1
29.87,6.92,18.5,-0.09,0.04,0.3,1
28.46,7.16,9.0,-0.04,0.04,0.0,1
25.64,6.79,12.6,-0.05,-0.01,0.1,0
26.71,7.01,6.9,0.14,0.0,-0.7,1
25.38,7.13,8.2,-0.13,0.04,-0.7,1
27.11,6.74,16.9,-0.31,0.02,-0.9,1
27.14,7.24,5.4,-0.2,-0.04,0.7,1
30.09,7.54,5.5,0.0,0.03,-0.1,1
29.24,6.8,17.0,-0.17,0.02,-4.6,0
25.74,6.9,13.1,0.09,0.0,0.3,1
31.09,6.94,17.8,0.0,0.03,0.5,1
25.98,7.17,6.6,0.05,-0.01,-0.2,1
27.15,7.1,22.9,-0.08,0.03,1.4,0
26.44,6.92,8.3,0.0,0.0,-0.9,1
26.29,6.88,13.9,-0.29,-0.04,-1.2,1
27.89,6.74,17.0,-0.13,-0.04,-1.8,0
28.07,7.37,5.7,-0.1,-0.05,-0.3,1
27.45,7.35,6.6,-0.05,-0.05,-0.3,1
27.98,7.2,10.0,0.07,-0.04,1.1,1
25.87,7.02,8.9,-0.03,-0.02,-0.1,0
27.45,6.84,18.4,-0.21,-0.03,0.8,1
29.07,6.65,16.2,-0.72,0.01,-0.6,1
26.67,7.02,15.0,0.09,0.04,2.1,1
26.53,6.97,14.8,0.54,0.02,3.8,1
25.51,7.09,8.9,0.07,0.02,-0.1,0
28.72,7.07,15.4,-0.34,-0.01,-0.5,1
27.77,6.68,17.0,0.37,-0.04,-0.4,1
28.89,7.52,5.6,0.1,0.05,-0.1,1
29.54,6.94,12.7,-0.31,0.0,-1.2,1
27.77,6.89,16.5,-0.01,0.04,0.2,1
29.0,6.59,19.9,0.07,0.03,-0.4,1
28.57,7.13,9.8,-0.05,-0.01,0.1,1
26.78,7.0,14.5,-0.32,0.0,0.4,1
28.23,7.15,5.9,-0.21,-0.01,0.0,1
28.57,7.2,15.2,-0.02,-0.01,-0.9,1
28.97,7.08,14.0,0.18,-0.07,0.4,1
27.67,6.85,15.4,-0.13,0.06,0.4,1
29.86,6.99,17.0,-0.04,0.0,0.4,1
28.95,7.42,4.1,0.26,0.0,0.0,1
30.34,7.14,11.4,0.03,0.02,-0.3,1
27.89,6.3,21.1,0.08,0.0,-0.3,0
27.57,6.95,7.4,0.22,-0.02,-0.3,1
30.28,7.48,4.8,-0.13,0.0,-0.3,1
30.05,7.03,10.4,0.27,0.01,0.5,1
27.63,6.96,11.3,-0.1,-0.03,0.7,1
26.68,6.94,15.8,0.08,0.01,-1.8,1
28.39,7.24,10.1,0.09,-0.03,0.6,1
28.63,7.41,6.2,-0.34,-0.06,-0.4,1
29.02,7.39,7.5,0.29,0.05,-0.1,1
26.67,7.21,6.1,-0.07,0.02,-0.9,1
25.74,7.16,18.9,-0.17,-0.02,12.8,1
30.12,7.51,7.5,-0.1,0.01,0.3,1
27.73,7.33,2.3,0.38,-0.01,0.1,1
26.56,6.69,17.4,0.01,0.07,0.7,1
29.72,7.14,10.0,0.1,-0.04,0.2,1
29.96,7.49,4.7,0.01,0.04,0.1,1
29.58,7.33,9.1,-0.06,-0.02,-0.8,1
30.05,7.15,10.0,-0.09,0.05,-0.6,1
26.91,7.26,8.9,0.14,-0.02,5.0,1
25.8,7.22,5.5,0.06,0.02,-1.3,1
29.0,7.36,6.4,0.05,0.09,-0.1,1
26.96,6.92,29.4,-0.12,0.01,1.8,0
28.15,6.58,17.2,0.39,0.04,-0.5,1
28.69,6.63,16.7,0.44,0.02,-1.3,1
26.31,5.96,21.8,0.19,0.08,-0.3,0
26.86,7.23,6.4,-0.19,0.01,-0.1,1
28.2,6.66,15.1,0.1,-0.06,-1.3,1
26.57,6.66,14.2,0.19,-0.02,-0.1,1
28.41,6.76,22.6,0.17,-0.02,-0.6,0
29.67,7.43,15.2,0.23,-0.01,2.6,1
27.99,7.15,8.9,-0.11,-0.03,0.0,1
28.23,7.13,10.4,0.06,-0.02,-0.1,1
27.07,7.23,5.1,-0.05,-0.01,0.0,1
26.63,7.0,10.0,0.31,-0.02,-0.2,1
27.51,6.59,14.2,0.03,0.01,-0.4,1
29.62,6.82,17.7,-0.33,-0.02,-2.2,1
29.14,6.5,19.9,0.24,-0.04,1.8,0
28.79,6.56,19.2,-0.12,-0.04,1.3,1
26.17,7.1,5.3,0.01,0.04,0.4,1
26.03,6.87,11.4,-0.11,-0.06,-1.3,1
33.97,6.7,21.0,-1.47,-0.06,-2.3,0
27.05,7.19,14.0,0.8,-0.03,0.4,1
30.16,6.64,18.8,0.0,0.0,-1.9,1
28.25,6.61,18.0,0.1,0.03,0.8,0
28.51,6.75,15.5,0.0,0.07,-0.6,1
27.55,6.8,15.1,0.04,0.04,0.0,1
30.21,7.0,19.0,-0.18,0.02,0.2,1
27.88,7.2,25.7,0.01,-0.03,-1.4,0
27.91,7.26,3.9,0.18,-0.01,-0.9,1
29.98,7.08,9.7,0.06,-0.01,-3.0,1
29.61,7.09,10.7,-0.04,0.0,0.7,1
30.27,7.39,5.5,-0.01,-0.06,-0.7,1
27.01,7.14,6.4,-0.06,-0.01,0.1,1
29.18,6.93,12.8,-0.36,-0.01,0.1,1
27.87,7.42,5.2,-0.27,-0.02,-0.6,1
28.52,7.27,9.9,0.11,0.01,-0.1,1
25.82,6.97,8.3,0.15,-0.02,-1.1,1
27.37,7.24,7.1,-0.08,-0.02,0.4,1
30.58,7.1,14.8,-0.15,0.01,0.5,1
28.97,7.24,9.7,-0.1,0.02,1.6,1
27.25,6.84,28.1,-0.13,0.0,-0.1,0
28.23,6.54,15.8,0.34,0.04,-0.6,1
31.38,7.34,8.7,-0.11,-0.02,1.3,1
29.0,6.76,15.4,0.27,-0.01,-0.4,1
28.07,6.73,17.0,0.33,0.01,0.0,1
26.84,6.91,13.0,0.33,-0.03,-0.5,1
25.77,7.02,9.8,0.09,-0.06,-0.8,1
29.12,7.51,5.1,-0.14,-0.01,-0.6,1
30.61,7.24,8.5,0.32,0.0,-0.4,1
27.27,6.85,12.4,-0.27,-0.04,0.4,1
27.74,7.14,7.5,-0.07,0.52,0.1,1
30.96,7.39,5.8,-0.06,-0.02,-0.2,1
25.41,6.97,11.5,-0.08,-0.01,-0.1,1
26.53,7.19,3.7,0.02,0.02,0.3,1
30.38,7.09,12.2,0.04,0.0,1.3,1
27.87,6.66,17.4,0.0,-0.02,-0.2,1
25.47,6.56,19.0,-0.06,0.0,0.0,1
27.35,6.97,7.7,-0.08,0.02,-0.1,1
27.63,7.14,7.6,0.04,-0.01,-0.2,1
29.95,7.28,10.4,-0.41,-0.04,1.4,1
28.73,7.18,9.2,0.04,0.01,0.8,1
29.41,6.79,15.2,0.06,-0.02,0.3,1
27.39,7.02,5.3,0.39,0.03,-0.5,1
27.22,6.85,12.5,0.13,-0.04,4.0,1
26.31,6.84,17.9,0.31,0.04,-0.7,1
28.43,6.79,14.6,-0.26,-0.02,-1.6,1
26.65,7.05,5.7,0.04,0.01,-0.6,1
30.49,6.76,17.8,0.05,0.01,0.2,1
30.1,7.01,10.5,0.33,0.02,-1.7,1
28.66,7.19,8.7,0.12,0.04,-0.6,1
30.88,6.6,18.7,0.3,0.06,-0.2,1
28.42,7.33,6.5,-0.04,0.01,0.1,1
29.52,7.15,9.3,-0.05,-0.01,1.0,1
31.41,7.19,13.5,0.06,0.0,0.8,1
31.52,7.53,6.6,-0.12,-0.02,0.0,1
31.37,7.21,11.2,-0.07,0.0,0.7,1
26.28,6.97,10.6,0.17,0.01,-0.4,1
26.47,7.08,14.5,-0.1,0.0,-2.9,1
29.92,7.19,8.4,0.04,-0.03,0.6,1
29.79,7.18,15.0,-0.21,-0.01,-1.9,1
26.67,7.11,9.4,0.05,0.0,1.0,1
26.99,6.59,15.1,0.04,0.03,0.6,0
25.54,6.67,14.8,0.0,-0.05,1.2,0
29.01,7.47,14.1,0.12,0.04,-1.1,0
28.99,6.88,20.1,-0.27,0.0,2.8,1
26.94,6.6,14.9,0.0,-0.02,1.4,1
27.04,7.29,2.8,0.22,0.02,-0.3,1
29.85,7.11,11.6,0.07,0.06,-0.5,1
26.25,6.85,12.0,-0.23,-0.02,-0.3,1
29.97,7.38,7.1,3.77,-0.01,-0.1,0
27.94,7.04,10.0,-0.11,-0.01,0.3,1
27.44,6.98,18.6,-0.12,0.01,-0.4,1
25.8,6.73,16.1,0.12,-0.02,-0.8,1
28.29,7.15,5.5,0.11,0.01,-0.4,1
26.04,7.23,8.2,0.16,-0.03,-0.3,1
27.5,6.86,5.9,-0.15,-0.01,1.4,1
31.92,6.96,11.5,-0.05,-0.05,0.6,0
27.42,6.75,15.9,-0.1,0.08,0.2,1
29.21,7.17,8.8,0.14,0.03,-0.5,1
28.16,6.88,12.8,0.64,0.04,0.5,1
30.92,7.16,8.8,0.06,0.0,-0.3,1
30.89,6.95,13.1,-0.05,-0.03,0.6,1
31.64,7.16,12.1,-0.14,-0.01,-0.6,0
27.04,6.94,10.9,0.22,0.02,0.1,1
27.04,7.28,9.7,-0.03,0.03,3.1,1
28.73,7.34,7.6,0.19,0.01,-0.3,1
27.21,6.63,19.3,0.01,0.0,0.1,1
29.41,7.11,10.8,-0.15,-0.02,0.3,1
27.12,6.81,15.9,-0.19,0.0,-0.3,1
27.17,7.01,12.4,0.12,0.0,-1.7,1
26.35,7.32,21.7,0.17,-0.05,1.5,1
27.16,7.16,6.5,0.23,0.01,0.1,1
30.68,7.36,13.5,-0.22,0.0,1.2,1
29.91,6.75,20.2,-0.14,0.0,0.1,0
26.03,6.71,12.1,-0.18,-0.04,0.0,1
25.87,6.74,15.5,-0.38,-0.02,-1.7,0
31.03,7.09,13.4,-0.03,-0.03,0.8,1
27.65,6.94,10.8,-0.08,-0.04,0.0,1
25.39,6.64,16.3,-0.57,-0.03,-1.4,1
29.44,6.88,15.1,0.04,0.01,0.4,1
27.46,6.62,16.5,0.61,-0.06,-0.1,1
30.8,7.03,12.0,-0.48,0.02,0.8,1
32.05,7.45,7.8,-0.01,0.03,-0.4,0
29.97,7.12,10.6,0.42,-0.01,-0.3,1
25.84,6.81,15.2,-0.05,0.02,-0.2,1
28.08,6.87,15.3,-0.14,0.0,0.5,1
28.46,6.63,19.1,0.17,-0.01,-0.4,1
27.74,6.92,14.4,0.16,-0.01,-0.9,1
28.68,6.95,16.1,-0.09,0.0,-0.3,1
27.1,6.29,22.2,-0.07,-0.02,-0.2,0
27.58,6.57,22.5,-0.05,0.01,1.7,0
26.67,7.14,10.2,0.19,-0.02,0.5,1
29.73,6.8,18.5,-0.06,-0.01,-0.5,1
27.46,6.66,14.2,0.42,0.01,0.5,1
26.96,6.62,16.4,0.36,-0.04,0.1,1
23.94,7.07,5.8,0.91,-0.01,0.3,0
26.83,6.8,13.2,-0.23,0.02,0.4,1
27.67,7.34,13.2,-0.16,0.01,-0.9,1
28.68,8.04,17.3,-0.07,-0.06,-0.2,1
28.87,6.76,16.3,-0.13,0.0,0.9,1
26.09,6.79,12.9,-0.05,0.06,-0.9,1
26.08,6.99,9.3,-0.11,0.0,-0.1,1
29.75,6.72,18.2,0.21,-0.02,0.1,1
31.6,6.98,13.7,-0.08,-0.03,0.1,0
26.36,6.78,18.2,0.12,-0.05,4.0,1
26.65,7.36,5.2,0.42,0.03,-0.9,1
29.24,7.45,5.5,0.24,0.01,-1.0,1
27.5,6.95,8.1,0.02,0.01,0.1,1
30.17,7.2,12.1,-0.07,-0.03,0.6,1
31.87,7.01,13.1,-0.01,0.01,0.1,0
26.38,6.75,15.7,0.16,0.06,-1.4,1
29.17,7.22,11.1,0.46,0.09,-1.2,1
26.6,6.81,12.8,0.35,-0.06,-0.1,1
30.21,6.61,17.1,0.04,-0.06,0.1,1
31.39,6.94,13.5,0.07,-0.02,0.6,0
27.91,6.91,16.0,-0.23,0.05,0.7,1
28.92,6.85,18.5,-0.07,-0.07,0.2,1
28.77,6.78,19.2,0.0,-0.01,-1.0,1
32.2,7.02,14.2,0.23,0.02,-0.4,1
29.33,6.79,16.5,-0.17,-0.05,0.2,1
28.77,6.75,19.2,0.0,-0.05,0.1,1
27.94,6.83,15.4,0.08,-0.02,0.3,1
27.05,7.07,13.9,0.15,-0.02,1.2,1
26.57,6.63,14.3,-0.03,0.04,-1.9,1
29.86,6.82,16.4,-0.41,-0.01,-0.7,1
26.23,7.08,6.6,0.14,-0.03,0.1,1
28.1,7.0,14.6,0.06,-0.04,0.7,1
26.22,7.0,10.7,-0.02,0.06,-0.4,1
25.03,7.29,3.7,-0.05,-0.01,-0.2,0
29.71,7.37,7.2,-0.22,0.0,0.2,1
30.34,6.39,20.5,0.19,0.03,0.0,0
27.52,7.05,17.8,0.13,0.01,1.8,1
26.33,6.68,14.9,-0.02,0.0,-0.1,1
25.98,7.1,17.9,0.06,-0.04,-2.6,1
28.11,6.98,11.2,-0.08,0.0,-0.8,1
27.6,7.06,13.7,0.41,0.0,-1.4,1
28.4,7.18,9.5,-0.38,-0.01,-0.2,1
26.26,7.1,17.8,-0.13,-0.01,-1.4,1
26.45,7.36,2.0,0.03,0.0,-0.6,1
29.61,7.09,9.6,0.28,0.02,0.2,1
25.69,7.01,8.7,0.08,-0.06,-0.5,1
27.19,7.35,2.3,0.17,-0.01,-0.5,1
26.63,7.17,3.4,0.4,0.0,-0.2,1
27.08,7.07,10.2,0.09,0.07,1.0,1
28.41,7.26,10.0,0.18,0.09,-0.5,1
27.46,6.84,22.7,-0.09,0.0,-1.4,1
30.27,7.52,6.0,-0.14,0.0,1.7,1
30.37,6.9,13.1,-0.25,-0.01,0.0,1
27.89,7.05,16.9,0.07,-0.03,-1.0,1
30.15,7.47,6.0,-0.27,0.02,-0.6,1
30.74,7.34,5.4,-0.06,0.02,-1.1,1
30.34,7.27,7.5,-0.26,-0.07,1.8,1
30.81,7.35,6.6,0.03,-0.01,-0.9,1
26.06,6.86,13.2,0.35,-0.03,-1.5,1
30.53,7.2,11.7,-0.16,-0.02,-0.8,1
30.43,7.48,5.9,0.29,0.09,0.4,1
29.81,6.88,14.1,-0.06,-0.01,0.2,1
27.63,6.45,22.2,0.17,0.0,-2.1,0
26.45,6.96,11.0,-0.02,0.02,-0.5,1
27.99,7.26,4.5,0.1,0.01,1.1,1
28.03,7.08,18.8,-0.18,-0.03,-0.8,1
28.09,6.68,20.6,0.12,0.02,-1.9,1
28.0,7.22,9.7,0.08,-0.02,-0.2,1
28.94,7.06,9.9,0.48,0.05,-0.3,1
26.07,6.76,12.5,0.2,0.02,0.6,1
26.85,6.01,14.9,-0.17,-0.78,-0.5,0
30.82,7.19,8.6,0.2,0.06,-0.2,1
27.47,7.23,20.9,0.05,0.01,-1.7,1
25.9,6.92,10.5,0.01,0.01,-0.2,1
29.86,7.08,13.9,0.1,-0.05,-0.9,1
28.47,6.91,4.8,0.11,-0.04,-1.6,1
26.21,7.11,8.4,0.06,-0.01,0.6,1
29.28,7.28,9.5,0.29,-0.07,1.4,1
27.73,7.15,3.0,0.36,0.11,-21.6,0
30.28,7.45,6.2,0.1,0.03,-0.7,1
28.27,7.28,6.5,-0.29,-0.03,1.1,1
29.41,6.8,13.8,-0.07,0.0,-0.3,1
31.04,7.09,11.1,0.18,0.02,-0.8,1
27.24,7.05,4.0,-0.14,0.01,-0.6,1
26.7,6.51,19.7,0.07,-0.03,-1.2,1
29.73,7.15,12.8,-0.07,0.02,-0.2,1
28.42,7.23,11.7,0.1,0.01,-1.4,1
26.6,7.02,7.5,-0.1,0.02,-0.1,1
30.52,7.02,15.6,-0.18,-0.04,0.2,0
29.25,6.85,15.1,0.08,0.01,2.1,1
28.4,7.22,3.9,-0.53,0.02,-1.6,1
27.46,6.88,23.7,0.58,0.08,5.7,0
29.99,7.14,9.3,0.14,0.02,-0.4,1
26.81,7.21,8.3,-0.22,-0.03,-0.6,1
29.21,7.34,4.7,-0.26,0.05,0.5,1
27.98,7.3,5.2,-0.08,-0.06,0.7,1
28.08,6.81,17.3,0.07,0.01,0.5,1
30.13,6.89,18.3,-0.18,0.0,-0.4,1
27.24,6.87,12.1,-0.03,0.02,-0.3,1
28.88,7.24,6.9,0.19,-0.02,-0.1,1
27.39,6.81,11.0,0.15,-0.01,-0.1,1
27.07,6.64,16.7,-0.15,-0.02,1.6,1
27.91,7.14,10.8,-0.13,0.03,0.0,1
27.96,6.8,14.6,0.0,0.04,-0.2,1
26.22,6.69,17.1,-0.02,-0.02,0.9,1
26.98,7.3,9.0,-0.01,0.03,-1.1,1
27.49,6.54,15.4,-0.02,0.01,-0.5,1
31.7,7.25,4.9,0.23,0.07,3.4,1
29.57,7.06,13.9,-0.17,-0.01,0.0,1
27.99,6.81,25.7,0.07,-0.04,-5.7,0
30.01,7.28,20.1,0.12,-0.01,2.2,1
27.64,8.28,16.8,-0.57,-0.09,-0.4,1
30.36,7.15,10.1,0.31,-0.01,1.3,1
28.41,6.69,16.9,0.28,-0.02,0.1,1
29.06,6.99,13.7,-0.27,0.02,0.6,1
27.13,7.29,19.1,0.06,-0.01,0.3,1
25.97,7.06,11.1,0.15,-0.01,-0.6,1
26.81,6.89,12.7,0.07,0.0,1.4,1
30.21,6.89,15.7,-0.01,-0.05,0.4,1
27.56,6.83,13.0,-0.29,-0.01,-0.1,1
29.31,7.22,8.6,0.36,0.06,0.5,1
27.12,6.74,15.1,-0.07,0.02,-0.1,1
29.84,6.96,11.3,0.58,0.06,-0.3,1
29.87,6.96,17.2,0.02,0.05,-0.4,1
27.5,6.86,24.3,-0.31,-0.01,0.0,0
32.18,6.98,13.6,0.11,-0.03,0.0,0
28.7,6.61,43.0,-0.03,-0.01,19.8,0
27.74,7.14,11.2,-0.2,0.06,1.0,1
29.2,7.07,10.3,0.29,-0.03,0.0,1
26.0,7.18,6.9,0.23,0.02,1.4,1
26.78,7.38,6.0,-0.3,0.08,-1.0,1
28.22,6.89,12.3,0.5,0.05,-0.6,1
30.39,7.13,11.1,-0.04,0.05,-0.8,1
26.5,7.24,17.1,0.03,0.01,-1.8,1
28.25,6.7,17.6,-0.08,-0.02,0.3,1
28.01,6.68,16.0,-0.19,0.02,0.9,1
25.56,6.99,11.3,0.0,-0.04,-0.6,1
27.52,7.25,13.9,0.13,0.0,0.7,1
26.58,6.98,13.2,-0.02,0.04,-0.7,1
26.63,7.2,6.5,0.15,0.03,1.2,1
26.07,6.59,15.4,-0.14,-0.03,-0.7,1
29.71,7.47,4.6,0.08,0.0,0.0,1
27.11,7.12,5.7,-0.01,-0.02,0.2,1
30.32,6.71,20.2,0.03,0.0,-1.6,0
29.25,7.42,14.2,0.05,-0.02,-0.4,1
26.31,7.05,14.4,0.13,0.0,-0.7,1
25.83,7.04,20.1,-0.25,-0.05,-0.8,1
26.03,7.3,4.7,-0.17,-0.02,0.4,0
27.7,7.22,7.2,0.01,-0.01,1.1,1
29.69,7.07,13.5,-0.22,-0.06,0.2,1
27.55,7.06,9.7,-0.04,0.01,-0.8,1
26.04,6.95,8.9,-0.11,-0.11,-0.5,1
29.25,7.04,13.5,-0.49,0.04,0.6,1
32.56,7.51,3.4,0.32,0.0,0.2,0
31.77,7.03,10.2,0.27,0.05,-0.8,1
25.48,6.94,11.0,0.01,-0.01,-0.4,1
30.69,7.29,12.0,0.28,-0.02,3.2,1
29.01,7.24,5.3,-0.27,-0.02,-1.7,1
27.49,6.94,12.3,-0.05,-0.02,0.8,1
29.14,7.08,11.8,-4.58,-0.03,1.7,0
25.56,6.92,9.0,0.0,-0.07,-0.1,1
27.34,7.22,2.9,-0.32,-0.01,-0.2,1
26.76,7.12,4.2,-0.03,0.0,0.3,1
25.78,6.89,12.4,0.19,-0.02,-0.3,1
29.15,7.19,9.8,-0.15,0.0,0.6,1
26.15,7.1,3.4,-0.02,-0.01,-0.5,1
27.67,6.74,16.7,-0.1,0.06,-0.3,1
28.5,6.97,11.9,0.23,0.01,1.0,1
28.77,6.61,30.3,0.0,-0.01,-0.4,0
27.38,7.04,4.6,-0.28,0.02,-1.3,1
27.19,6.87,12.2,-0.34,0.02,-0.3,1
27.4,7.07,14.1,0.29,0.02,-0.8,1
26.53,7.11,25.5,-0.05,0.0,1.4,0
28.48,7.06,10.8,0.04,-0.02,-0.3,1
26.61,6.74,16.5,-0.25,0.01,0.1,1
29.07,7.18,9.3,0.03,-0.02,0.0,1
26.74,6.79,13.2,-0.1,0.01,0.8,1
29.37,7.02,11.6,0.3,0.02,-0.9,1
26.95,6.89,10.6,-0.02,0.02,0.6,1
27.16,6.93,11.6,0.25,-0.03,-2.1,1
28.26,6.89,15.0,-0.45,-0.02,-0.4,1
31.51,7.41,12.1,-0.13,0.0,4.1,0
28.21,7.28,7.1,0.08,0.0,-1.1,1
27.05,7.05,26.3,-0.49,0.0,1.2,0
27.23,7.18,5.2,0.01,0.02,-0.1,1
29.2,7.44,14.6,-0.13,0.01,-1.7,1
28.55,7.1,10.1,0.22,0.03,-0.7,1
26.63,6.63,15.7,-0.06,-0.01,-0.2,0
29.07,6.69,17.8,-0.22,-0.03,0.6,1
28.61,7.32,6.6,0.25,0.0,0.6,1
28.47,7.07,14.4,0.07,0.03,0.7,1
29.75,7.3,10.8,0.12,-0.03,-0.2,1
29.18,7.15,11.4,0.15,-0.04,0.2,1
28.07,6.65,18.3,0.1,0.0,-0.3,0
25.32,6.95,9.7,-0.16,0.03,0.7,1
27.0,7.0,13.4,0.0,-0.04,-0.1,1
26.8,7.27,8.9,-0.32,0.02,2.2,1
29.54,7.27,5.5,-0.1,-0.03,0.1,1
27.48,7.12,8.6,-0.54,0.03,0.0,1
30.67,7.32,9.9,-0.03,0.0,-0.9,1
26.66,6.04,21.2,-0.08,0.13,-1.7,0
26.96,6.64,15.4,0.05,0.0,-0.1,1
29.33,7.22,11.1,0.04,0.03,0.1,1
29.69,7.21,10.0,0.17,0.03,-0.5,1
26.09,7.27,3.4,-0.12,-0.01,-0.3,1
29.59,7.23,6.4,0.0,-0.02,-0.1,1
28.68,7.1,11.5,-0.01,0.01,-0.9,1
29.89,7.03,12.8,-0.31,0.0,0.4,1
26.42,6.82,9.7,0.03,-0.05,-2.0,1
30.07,6.81,16.8,0.14,-0.07,0.8,1
29.11,7.05,13.9,-0.15,0.01,0.9,1
29.07,6.99,13.6,0.01,0.0,-0.1,1
27.85,7.25,3.7,-0.21,-0.03,-0.8,1
29.81,6.91,14.0,0.0,0.03,-0.1,1
28.38,7.25,2.3,0.12,0.02,0.3,1
27.9,7.54,6.0,0.0,0.07,2.1,1
27.89,6.73,18.3,0.27,-0.01,-0.2,0
27.25,7.37,6.1,-0.12,-0.04,-1.4,1
27.29,6.9,12.9,0.05,0.03,0.8,1
25.88,7.2,4.1,0.08,0.0,0.6,1
27.66,6.72,15.2,0.06,-0.02,-0.5,1
29.62,7.53,3.2,0.14,0.02,-0.5,1
26.52,6.78,20.2,0.04,-0.01,4.6,1
30.35,7.25,7.3,0.11,0.0,-0.9,1
28.29,7.31,6.6,0.1,-0.03,0.2,1
29.3,7.15,9.7,-0.22,0.0,0.4,1
25.99,6.74,12.2,-0.14,0.01,-1.0,1
28.2,7.02,13.5,0.22,0.1,-0.1,1
26.14,6.72,14.2,-0.05,0.0,1.6,1
30.05,6.82,13.5,0.08,-0.07,0.1,1
31.31,7.31,8.2,0.53,-0.01,0.6,1
28.27,7.42,3.2,0.05,0.0,0.2,1
30.58,7.08,9.9,0.12,-0.02,0.6,1
28.39,6.65,16.2,0.17,-0.01,-0.3,1
26.99,7.18,6.4,-0.17,0.01,-0.4,1
32.19,7.47,7.8,0.0,0.03,0.4,0
30.02,7.49,12.9,-0.28,0.0,-1.5,1
26.76,6.63,16.8,0.0,0.04,1.4,1
28.7,7.09,9.7,0.13,-0.01,0.5,1
28.76,7.34,10.6,-0.11,-0.03,0.0,1
25.91,7.27,5.6,0.17,-0.02,0.8,1
28.62,6.83,12.4,0.27,0.02,-1.0,1
29.39,7.38,3.3,-0.25,-0.01,-0.9,1
26.32,7.0,9.6,0.03,0.0,-1.3,1
28.13,7.04,19.8,-0.07,0.08,1.4,1
29.12,6.91,13.7,0.05,0.04,-0.5,1
27.42,6.93,17.6,0.05,0.01,0.8,1
25.93,6.84,8.2,-0.04,-0.02,-6.9,1
27.79,7.27,9.4,-0.11,-0.03,-0.7,1
26.93,6.66,17.1,0.09,0.02,0.0,1
25.92,6.41,16.2,0.39,0.0,-0.1,0
29.4,7.31,15.6,0.1,0.05,-1.6,1
26.85,6.81,11.8,0.31,0.0,0.5,1
26.01,7.17,22.2,-0.43,-0.03,0.7,1
30.18,7.42,6.9,-0.13,-0.01,-0.4,1
26.58,6.8,28.8,0.27,0.0,0.6,0
27.97,7.37,2.5,-0.11,0.01,-0.3,1
26.21,6.59,22.9,-0.08,0.0,-0.8,0
28.76,6.84,14.8,0.08,-0.02,-0.3,1
26.35,6.91,13.9,0.28,0.13,1.6,1
27.67,6.79,9.6,0.04,0.0,-0.7,1
29.89,6.74,22.8,-0.29,0.03,0.5,0
27.47,6.69,12.7,-0.22,-0.1,-0.6,1
31.7,7.23,11.0,-0.06,-0.03,0.6,1
25.98,6.96,10.9,-0.17,0.0,0.5,1
27.82,7.35,4.5,0.11,0.0,0.0,1
28.14,7.23,5.5,-0.05,-0.02,-1.1,1
26.33,7.38,4.0,-0.06,0.03,-0.5,1
28.3,6.89,15.1,0.36,0.04,1.0,1
29.75,7.07,13.7,0.51,-0.01,0.8,1
29.22,6.84,15.0,1.47,0.05,-1.1,1
27.13,7.08,16.5,-0.34,0.0,-0.4,1
28.93,7.26,3.4,-0.28,-0.08,-1.3,1
26.31,7.08,4.6,-0.24,0.03,-1.3,1
29.98,7.12,15.3,-0.04,0.0,-1.5,1
26.42,6.86,11.6,0.05,-0.05,-0.6,1
29.63,6.82,18.1,0.22,-0.03,0.6,1
30.18,7.52,8.9,0.01,0.05,1.9,1
27.27,6.66,13.8,-0.2,-0.03,1.1,0
32.01,7.33,7.0,0.17,-0.02,-1.9,0
29.37,7.36,6.5,0.06,-0.01,0.9,1
27.18,7.36,7.9,-0.24,-0.18,1.7,1
32.61,7.36,4.9,-0.01,0.0,0.7,1
27.2,7.34,15.1,0.07,0.0,-1.5,1
27.06,6.61,17.8,-0.11,0.06,-0.9,1
26.15,7.06,9.4,-0.1,0.07,-2.0,1
28.51,6.87,13.6,0.25,0.0,1.7,1
27.13,6.61,15.1,0.03,0.07,-1.3,1
26.91,6.79,11.8,-0.09,0.05,0.0,1
25.89,6.92,15.2,0.2,-0.04,-0.7,1
28.4,6.57,18.7,0.05,-0.06,-0.7,1
26.45,7.06,7.3,-0.02,-0.02,-7.2,1
27.06,7.21,6.1,0.2,0.02,-0.4,1
28.52,6.62,15.2,0.22,0.03,-0.2,0
28.34,7.14,15.1,-0.15,0.04,0.9,1
27.8,7.33,4.2,-0.21,0.02,-0.8,1
27.85,7.29,6.8,-0.04,0.0,-0.7,1
30.29,7.41,9.3,0.11,0.01,1.6,1
26.89,6.96,10.9,-0.01,-0.04,0.4,1
30.81,6.93,14.9,0.07,-0.04,0.6,1
30.12,7.06,11.3,-0.12,-0.02,0.6,1
27.37,6.68,14.8,0.1,0.02,1.0,1
25.98,6.81,13.8,0.11,-0.05,-0.3,1
29.78,7.08,17.1,0.15,-0.01,0.3,1
28.6,6.8,18.1,-0.46,0.08,0.8,1
26.75,6.57,15.3,0.0,0.01,-0.6,1
27.67,7.04,10.7,0.36,0.0,0.0,1
27.08,6.85,27.2,-0.1,-0.01,1.7,0
27.81,6.96,16.8,0.1,0.01,0.0,1
30.09,7.44,10.0,-0.04,0.04,-0.6,1
28.5,7.07,10.8,-0.25,-0.01,-0.7,1
25.91,7.26,7.2,0.07,0.02,-0.6,1
26.66,7.0,9.6,-0.25,-0.01,0.1,1
28.06,7.36,4.5,-0.32,-0.04,-0.6,1
27.95,6.8,16.2,0.0,0.01,-1.5,1
26.01,7.11,9.0,-0.19,-0.04,-0.9,1
27.1,6.81,17.3,0.29,0.07,-1.0,1
26.9,7.13,17.2,-0.23,0.05,1.0,1
25.87,6.83,13.6,0.15,0.0,1.6,1
28.77,6.64,26.2,0.0,-0.06,-1.0,0
30.0,6.86,23.8,-0.01,0.08,-2.1,0
29.51,7.16,13.2,-0.09,-0.06,-8.1,1
27.94,6.85,10.5,0.22,0.0,0.0,1
28.62,6.77,14.0,-0.21,-0.15,-1.8,1
26.36,6.84,19.6,-0.06,-0.02,1.2,1
28.78,7.24,6.9,0.03,0.01,-0.6,1
29.69,6.31,20.4,0.33,-0.06,0.7,0
27.25,7.05,10.0,-0.23,-0.06,0.1,1
31.05,6.69,18.4,-0.04,0.06,-0.2,1
26.02,7.31,5.2,0.16,0.02,1.3,1
27.68,6.93,14.0,0.15,-0.03,1.2,1
26.3,6.96,13.7,-0.23,-0.01,-1.1,1
27.43,6.86,13.5,0.22,0.02,0.5,1
28.5,7.35,4.8,-0.4,0.02,-0.4,1
28.89,7.01,12.7,0.08,0.02,0.5,1
25.56,7.01,8.6,0.19,-0.02,1.1,1
26.53,6.9,8.8,0.05,0.03,-0.1,1
30.19,7.19,13.7,0.02,0.01,-0.7,1
26.92,7.14,9.1,0.07,-0.05,-1.5,1
29.02,6.81,13.3,0.24,-0.02,0.5,1
31.09,6.95,17.5,0.0,0.02,-0.7,1
31.16,6.98,8.3,0.16,-0.36,-0.1,1
28.75,6.56,16.2,0.2,0.0,-0.4,1
29.66,7.36,7.3,0.0,-0.01,0.2,1
26.08,6.74,15.0,0.0,-0.02,0.3,0
26.3,7.24,3.5,0.01,0.0,-0.2,1
28.17,6.96,8.4,0.16,0.01,0.6,1
27.37,6.62,14.2,0.01,-0.05,-0.7,1
30.79,7.23,11.5,-0.59,0.07,0.8,0
30.58,7.39,6.1,0.11,0.05,-0.2,1
26.7,7.11,9.7,-0.26,-0.05,-0.3,1
26.36,7.07,8.6,-0.04,0.04,-4.7,1
29.05,7.05,9.1,-0.02,-0.04,0.7,1
28.84,7.23,5.3,-0.19,-0.04,-0.5,1
28.48,6.99,11.8,-0.29,-0.04,0.3,1
28.09,7.23,12.8,-0.06,0.03,0.0,1
28.5,6.99,15.2,0.43,0.11,-1.1,1
26.7,7.36,11.6,-0.18,0.09,2.8,0
30.02,7.33,11.4,-0.34,-0.06,0.0,1
27.37,6.79,28.9,0.06,0.0,-2.1,0
27.97,7.17,7.7,-0.08,-0.02,0.1,1
29.84,7.27,15.0,-0.29,0.04,-3.4,1
27.67,7.19,9.5,-0.05,0.02,1.0,1
28.58,7.12,14.8,-0.08,0.04,0.7,1
30.03,7.24,8.9,0.23,0.0,1.7,1
30.3,7.49,14.4,-0.04,0.03,3.4,1
30.33,6.67,19.3,-0.36,0.0,0.9,1
32.25,7.47,7.7,-0.02,0.08,0.5,1
27.34,7.12,18.6,0.14,-0.03,-1.6,1
28.12,7.15,9.9,-0.25,-0.01,-0.5,1
26.17,6.92,12.1,0.07,-0.04,0.2,1
27.58,6.73,16.8,-0.17,0.0,0.3,1
27.48,6.83,15.1,-0.08,-0.01,0.8,1
26.08,7.21,3.6,-0.4,-0.04,-2.6,1
26.11,5.8,22.6,-0.12,0.13,-0.1,0
28.12,6.81,17.4,0.22,-0.03,0.6,1
27.7,6.63,18.1,0.28,-0.04,-0.2,1
30.85,7.13,13.9,-0.18,-0.03,0.3,1
30.27,7.24,10.1,0.13,0.02,0.4,1
27.81,7.18,27.6,-0.01,0.03,-1.0,0
27.51,6.96,7.9,0.06,0.03,0.9,1
29.09,6.92,16.8,0.17,-0.02,0.3,1
30.97,7.11,8.1,0.26,0.17,3.0,1
27.01,6.71,14.7,0.23,0.01,0.0,1
26.82,7.14,4.0,0.1,0.03,-0.1,1
29.74,6.9,16.4,0.09,-0.07,0.3,1
27.36,7.15,7.5,0.2,-0.02,-0.9,1
29.17,7.3,15.6,-0.18,0.03,-0.1,1
31.87,7.27,7.9,-0.13,0.01,-1.0,0
25.81,6.71,13.5,0.14,0.0,-0.7,1
27.42,6.96,19.2,0.34,0.01,-0.7,1
32.21,6.98,14.3,0.05,0.0,-0.8,1
27.63,7.34,3.7,-0.04,0.06,-2.7,1
26.21,6.8,12.2,0.11,0.09,-0.3,1
24.99,7.16,9.4,-0.01,-0.01,-0.6,0
31.52,7.17,12.9,0.26,0.01,0.3,1
28.53,6.55,18.9,0.37,0.03,-0.5,1
27.7,6.9,11.9,-0.22,-0.01,0.9,1
30.27,7.05,11.2,-0.11,-0.04,-1.0,1
27.5,6.79,34.9,-0.05,0.04,17.4,0
30.17,7.45,5.2,-0.09,0.02,-0.9,1
30.72,6.39,20.8,0.37,-0.01,0.0,0
29.06,6.75,17.5,0.23,0.0,0.0,1
26.82,7.15,4.8,-0.03,0.04,-0.3,1
30.73,7.41,7.2,-0.39,-0.02,0.7,1
27.82,6.56,15.9,-0.09,-0.07,0.9,1
26.37,7.29,5.6,-0.03,0.01,1.6,1
33.72,7.11,10.1,3.98,0.02,-0.3,0
26.27,6.9,13.1,0.04,-0.04,1.4,1
29.56,7.43,4.9,-0.44,0.0,-0.2,1
27.11,7.1,7.7,-0.13,-0.05,2.2,1
27.93,6.75,15.2,0.0,-0.02,-1.1,1
29.0,7.32,6.8,0.1,-0.01,0.0,1
31.37,7.38,2.8,0.45,0.01,0.4,1
29.92,6.74,16.5,0.01,0.0,-0.7,1
30.22,6.8,16.5,-0.02,0.03,-1.1,1
30.78,6.95,12.5,0.24,0.02,-0.2,1
27.73,7.03,14.4,-0.16,0.0,0.2,1
27.52,6.94,9.4,-0.05,0.02,0.1,1
26.26,6.77,13.0,-0.03,0.02,0.5,1
27.89,7.29,7.5,-0.09,0.0,0.1,1
25.69,6.71,12.9,0.34,0.01,0.4,1
27.78,6.85,16.3,-0.24,-0.07,0.3,1
27.87,6.87,14.3,0.05,0.04,-0.1,1
30.04,7.28,13.9,0.01,0.01,3.1,1
29.02,6.78,15.0,0.0,0.0,-0.1,1
26.56,7.16,3.2,-0.17,-0.06,0.3,1
28.02,6.65,19.4,0.04,-0.02,-0.7,1
27.24,7.11,7.9,-0.14,0.01,0.0,1
27.05,7.15,6.7,0.06,0.0,-1.8,1
30.42,7.39,7.1,-0.25,0.06,-0.2,1
30.32,7.28,7.8,0.0,-0.03,-1.2,1
25.82,6.92,12.4,0.04,0.03,0.0,1
26.67,6.9,2.0,-0.02,0.0,0.1,1
28.51,7.25,5.3,0.13,-0.02,0.9,1
26.53,6.7,13.4,0.05,0.02,-0.8,1
29.11,6.74,15.3,0.09,-0.04,0.3,1
26.68,6.75,12.1,0.2,0.06,-0.2,1
25.87,6.85,13.2,-0.19,-0.01,0.0,1
28.44,7.5,6.4,-0.14,0.06,-0.4,1
28.92,6.77,15.7,-0.08,0.0,-1.0,1
27.45,7.01,12.6,-0.16,0.01,-1.6,1
30.44,6.63,18.8,0.01,0.0,-0.3,1
26.43,7.07,8.9,0.19,-0.04,0.0,1
27.01,6.61,15.8,0.07,0.01,0.9,1
26.36,6.77,15.8,-0.08,0.06,0.6,1
30.62,7.57,4.3,0.23,0.0,-0.1,1
29.31,6.89,17.0,0.06,0.02,-0.6,1
29.27,7.51,9.5,4.03,0.05,0.1,0
29.9,6.65,17.9,-0.28,-0.04,-0.4,0
25.8,7.17,4.4,0.08,-0.01,0.2,1
28.98,7.07,12.9,-0.01,0.0,-0.6,1
26.46,6.61,15.1,0.14,-0.02,0.0,1
26.46,7.09,12.9,0.0,-0.03,-1.3,1
27.62,6.74,18.5,0.35,0.05,-0.4,1
25.71,7.25,3.4,-0.02,-0.04,0.6,1
27.79,7.17,7.2,-0.23,0.04,-1.7,1
28.7,7.11,12.4,-0.33,-0.01,0.3,1
26.67,6.72,13.5,-0.06,0.05,-0.2,0
28.83,6.97,13.9,-0.15,0.03,0.0,1
27.23,7.32,5.2,-0.08,0.02,-0.8,1
29.87,6.99,19.0,-0.11,-0.01,4.0,1
29.82,6.92,14.7,0.22,0.01,0.8,1
26.0,7.31,2.5,0.13,-0.01,0.3,1
27.5,6.74,15.6,-0.1,0.01,0.4,0
27.23,6.34,3.4,-0.16,0.33,-0.6,0
27.91,6.79,13.8,-0.34,0.0,-1.5,1
27.17,6.38,19.8,0.32,0.02,0.3,0
28.95,7.21,8.6,-0.36,0.07,-1.9,1
26.05,7.17,6.5,-0.05,-0.01,0.3,1
27.67,6.96,11.7,-0.04,0.01,-0.5,1
27.14,6.85,16.4,-0.15,-0.02,0.1,1
28.0,6.62,16.6,0.01,0.05,-0.3,1
26.32,7.02,10.2,-0.15,0.01,0.2,1
30.41,7.48,7.3,-0.11,0.03,0.2,1
25.38,7.32,3.3,-0.05,0.0,-0.3,1
29.12,6.84,17.5,0.11,0.02,-0.3,1
26.7,6.54,27.9,-0.04,0.01,1.8,0
29.64,7.11,11.4,0.13,0.03,-0.7,1
26.83,6.69,14.7,0.06,-0.01,0.0,1
30.34,7.19,8.5,-0.28,0.0,-0.1,1
26.55,6.7,12.6,0.03,0.07,0.2,1
28.14,7.25,6.6,0.26,-0.03,0.3,1
27.33,6.83,28.3,0.0,0.0,1.8,0
25.96,7.22,4.2,-0.04,-0.08,-1.0,1
28.84,6.48,46.5,0.1,-0.01,-5.8,0
28.17,7.2,9.3,0.19,-0.01,-0.1,1
31.41,7.14,14.1,-0.03,-0.06,-0.8,1
28.87,7.47,3.9,0.15,0.03,-0.3,1
32.65,7.13,11.5,0.16,0.01,0.0,0
30.01,7.35,9.0,-0.41,0.0,-0.5,1
26.7,7.09,9.9,0.28,0.03,0.9,1
29.88,7.02,15.6,-0.25,0.06,-1.4,1
26.73,6.89,11.6,-0.11,-0.01,-0.1,1
27.26,5.84,3.5,-0.06,-0.19,-1.0,0
27.91,7.31,8.7,-0.24,0.02,0.6,1
26.57,7.08,8.8,-0.23,0.04,0.8,1
27.28,6.78,10.1,0.33,-0.11,-0.1,1
32.41,7.41,4.6,0.09,-0.01,-0.1,0
27.69,7.13,19.9,0.03,-0.07,-2.3,1
27.69,7.23,6.1,-0.08,-0.02,0.7,1
26.05,7.07,11.1,0.1,-0.01,-1.3,1
26.18,7.31,4.4,-0.15,-0.07,0.4,1
28.87,7.51,4.7,-0.1,0.02,2.9,1
27.32,6.83,16.3,-0.08,0.03,0.5,1
28.41,7.38,5.4,-0.04,0.09,-1.5,1
27.0,6.92,13.7,0.0,-0.02,0.1,1
30.18,7.5,4.6,0.03,0.0,0.4,1
27.65,7.29,9.9,0.15,0.03,-0.2,1
28.67,7.37,3.9,0.04,-0.01,0.2,1
30.45,6.86,9.4,2.88,0.03,-0.4,0
26.9,6.74,13.9,0.02,-0.07,-0.4,1
28.61,7.28,11.0,-0.31,-0.01,-1.0,0
31.16,7.38,10.9,-0.01,-0.01,-0.4,0
29.95,6.64,19.5,0.05,-0.01,1.6,0
26.29,7.09,7.6,0.07,0.0,0.0,1
28.48,7.18,10.9,-0.03,0.02,0.1,1
25.5,6.78,11.7,0.37,-0.02,-0.6,1
26.45,6.96,13.1,-0.08,0.01,-2.1,1
31.05,6.94,13.0,-0.26,0.03,1.0,1
27.9,7.44,5.2,0.0,-0.1,-0.8,1
26.35,6.7,13.0,0.06,0.0,1.4,1
29.88,7.49,8.1,0.05,0.03,0.5,1
26.25,7.22,13.6,0.3,-0.08,0.6,1
28.05,7.19,3.0,-0.28,-0.02,0.2,1
29.44,7.37,8.7,0.0,-0.02,-1.0,1
26.63,6.89,11.6,-0.02,-0.03,0.7,1
25.28,7.27,7.3,0.14,-0.12,-1.1,1
29.54,7.34,9.5,0.07,0.0,-0.4,1
26.68,6.95,13.8,0.19,0.04,0.9,1
29.67,6.95,12.8,-0.17,0.0,-0.8,1
28.84,6.92,12.9,-0.27,-0.04,-0.7,1
25.43,7.32,3.6,-1.04,-0.04,0.2,1
26.29,6.59,23.7,-0.19,-0.03,-0.4,0
30.27,7.02,15.1,0.51,0.04,0.6,1
29.45,7.46,5.7,-0.14,0.02,0.4,1
30.1,7.11,9.6,0.12,0.03,-0.1,1
29.67,7.01,15.0,-0.04,-0.01,-0.2,1
27.99,7.14,18.1,0.23,0.03,-0.1,1
26.91,6.93,27.7,0.06,-0.02,-1.7,0
25.59,6.94,14.5,0.2,-0.02,3.4,1
29.2,7.48,6.8,0.04,-0.01,0.9,1
29.62,6.91,12.4,0.16,0.01,0.4,1
30.21,6.63,20.5,0.65,0.04,-0.8,1
28.35,7.12,8.3,0.11,0.03,0.2,1
27.6,7.22,23.0,0.33,-0.05,-1.5,0
31.48,7.04,12.7,-0.48,0.0,0.4,1
29.11,6.97,10.6,0.0,0.04,0.2,1
29.67,7.1,14.6,-0.37,0.04,0.4,1
26.49,7.05,12.1,-0.12,-0.04,-1.2,1
27.35,6.68,25.4,0.33,0.01,-1.5,0
26.58,7.08,10.9,-0.17,-0.02,-0.4,1
27.88,6.75,18.2,-0.16,-0.01,-0.7,1
32.76,7.25,12.2,0.02,-0.06,4.1,0
27.42,6.67,18.3,-0.06,0.03,0.4,1
28.0,7.41,5.0,0.09,-0.03,0.0,1
29.2,7.21,12.7,0.16,-0.01,0.1,1
26.62,7.33,4.3,-0.16,0.06,-0.7,1
27.23,7.08,9.5,0.14,-0.01,-2.1,1
28.03,7.24,6.6,-0.35,-0.02,0.7,1
27.64,6.79,19.1,0.11,0.01,0.3,1
27.35,7.05,3.1,-0.02,0.01,-1.2,1
28.66,7.03,10.3,-0.2,-0.01,-0.2,1
27.07,6.74,18.4,0.11,0.1,0.1,1
26.5,6.99,11.5,0.09,0.01,0.2,1
26.76,6.94,13.2,0.04,0.01,-1.4,1
29.55,6.71,17.8,0.54,0.0,-0.4,1
25.56,7.01,11.5,0.0,0.0,-0.2,1
32.07,7.36,7.7,-0.35,0.02,0.6,1
27.28,6.94,15.0,0.07,-0.07,0.0,1
29.81,7.28,8.0,-0.19,-0.04,-0.4,1
28.46,7.32,6.4,-0.13,-0.01,-0.8,1
28.67,7.21,6.3,0.23,-0.04,-0.4,1
29.81,6.58,18.6,0.08,0.04,0.4,1
28.46,7.01,10.2,-0.24,-0.08,0.5,1
29.52,7.26,7.2,0.08,0.02,-0.1,1
28.81,7.23,11.4,-0.04,-0.07,0.2,1
27.27,6.69,18.9,0.11,0.0,1.1,1
31.41,7.45,2.5,-0.16,0.04,-0.1,0
27.26,6.85,8.7,0.16,-0.03,-0.2,1
27.22,6.99,6.6,0.04,0.04,0.7,1
26.42,7.35,6.7,-0.12,-0.01,0.2,1
30.68,6.71,21.6,0.29,-0.02,-0.1,1
30.25,7.55,5.7,0.06,0.07,-0.1,1
30.48,6.95,17.7,0.1,0.06,-0.1,1
29.99,7.21,15.9,-0.04,-0.01,5.7,1
32.42,7.02,13.5,0.24,0.04,-0.1,0
29.84,6.9,13.9,0.4,0.02,-1.2,1
27.78,6.96,8.9,-0.04,-0.04,-0.6,1
31.29,7.11,10.5,0.22,0.03,0.8,1
27.12,6.75,15.4,0.0,0.02,0.8,1
28.01,7.13,8.9,0.08,-0.02,-1.7,1
27.03,6.55,24.6,-0.3,0.03,1.5,0
27.0,7.17,5.7,0.22,-0.04,0.2,1
27.13,7.15,3.1,-0.19,-0.01,-0.3,1
28.04,6.7,17.4,0.07,0.04,-2.0,1
27.83,7.15,5.1,0.0,-0.01,0.2,1
26.8,7.12,7.7,-0.06,-0.01,-0.9,1
26.3,6.95,11.2,0.08,-0.02,0.0,1
29.03,7.47,8.2,-0.04,0.01,0.6,1
30.42,7.14,11.4,0.23,-0.03,1.1,1
29.62,7.02,11.1,0.25,0.0,-0.5,1
31.75,7.28,9.9,0.16,0.03,-1.1,0
30.91,7.55,5.3,0.02,0.04,0.1,1
30.0,6.58,21.8,0.0,-0.06,-0.5,1
29.11,7.0,11.5,0.06,0.03,1.6,1
29.03,7.0,16.6,0.16,0.0,-0.9,1
26.22,7.35,18.7,0.02,0.01,1.1,1
24.67,7.29,19.3,-1.18,-0.02,-0.9,0
25.36,7.04,7.4,-0.24,0.01,-0.5,1
26.17,7.11,3.9,0.06,0.02,-0.5,1
27.02,6.79,15.4,-0.04,-0.02,-0.4,1
30.04,6.74,17.1,-0.25,0.0,0.8,1
29.68,7.21,9.1,0.04,0.0,0.4,1
26.58,6.89,12.6,0.05,0.0,0.0,1
28.26,6.85,24.8,-0.18,0.0,0.9,0
30.11,6.91,13.7,-0.26,0.01,0.6,1
27.19,6.77,20.3,-0.21,0.02,1.1,1
25.56,7.03,10.7,0.0,0.01,-0.9,1
26.59,6.67,15.8,-0.12,0.02,0.2,1
25.11,6.62,16.0,0.06,0.03,-0.2,0
27.3,7.32,6.9,0.15,-0.05,0.0,1
28.54,6.57,18.7,-0.08,0.18,0.5,1
27.64,6.85,15.9,-0.55,-0.13,-0.3,1
27.85,6.97,12.5,-0.01,0.03,0.0,1
29.29,7.23,6.4,-0.1,0.0,0.1,1
29.59,6.88,11.4,0.25,0.01,0.4,1
28.36,7.03,11.5,0.19,0.05,-0.3,1
27.23,6.35,19.3,0.06,-0.03,-0.5,1
26.19,6.86,11.7,-0.06,0.01,-0.3,1
25.88,7.05,8.7,0.32,0.04,0.1,0
27.29,7.13,5.0,0.17,0.0,-1.0,1
26.63,7.18,6.0,0.02,0.0,0.1,1
28.43,5.59,12.9,-0.05,-1.26,0.3,0
26.53,7.17,7.8,-0.28,0.0,0.1,1
27.43,7.03,12.9,0.27,0.1,1.3,1
28.47,6.7,17.5,0.17,0.0,-1.4,1
29.48,7.3,7.7,-0.05,-0.03,1.6,1
26.96,7.13,6.2,0.09,-0.01,-0.9,1
26.03,7.25,4.1,-0.03,-0.01,-1.1,1
25.8,7.19,7.4,0.32,0.0,1.7,0
27.22,7.09,4.7,-0.07,-0.04,-0.3,1
27.0,6.83,13.8,0.21,0.28,-0.5,1
27.44,7.06,9.7,-0.02,-0.02,0.1,1
30.78,7.31,7.4,-0.02,-0.02,0.6,1
32.56,7.06,12.6,0.2,-0.02,0.7,0
27.8,6.78,19.8,-0.04,0.07,-1.9,1
28.76,6.93,13.4,0.34,-0.05,-0.3,1
27.56,6.97,19.0,0.14,0.01,-0.2,1
27.83,6.84,14.6,-0.09,0.02,0.3,1
26.8,7.04,6.0,0.15,-0.01,0.3,1
31.35,7.3,8.1,0.14,0.01,-0.7,1
26.41,6.82,10.0,-0.03,0.01,-0.8,1
25.97,6.92,12.8,0.38,-0.02,-1.7,1
30.39,7.38,7.2,-0.39,0.0,1.6,1
30.36,7.39,5.4,-0.06,0.0,-0.6,1
30.26,7.05,12.2,0.59,0.01,-1.1,1
28.63,7.38,8.5,-0.4,-0.02,-1.3,1
26.95,7.32,19.3,-0.19,-0.01,1.1,1
29.45,7.04,14.7,-0.34,0.01,0.1,1
30.13,6.87,14.3,0.02,-0.04,0.6,0
27.19,7.31,2.4,0.4,0.03,-0.6,1
31.15,7.07,11.3,0.05,-0.05,-0.4,1
27.79,7.3,12.1,0.3,0.0,0.9,1
27.37,7.04,9.3,-0.15,0.0,0.9,1
28.16,7.09,19.5,-0.23,0.01,1.8,1
29.71,6.64,19.8,-0.02,-0.09,1.4,1
26.18,7.03,12.3,-0.19,-0.04,-1.1,1
26.88,6.7,14.7,-0.13,-0.01,0.0,1
28.0,7.2,21.1,0.44,-0.02,-2.0,0
28.81,7.2,18.7,1.15,0.07,-1.1,1
27.64,6.84,32.3,-0.04,0.02,-2.2,0
26.52,6.78,15.8,-0.03,-0.02,0.6,1
28.51,7.3,12.0,0.03,0.0,0.8,1
27.13,7.34,16.6,-0.12,0.01,1.0,1
27.56,6.86,13.4,0.08,0.03,-1.7,1
29.83,7.27,8.5,-0.42,0.02,-0.4,1
31.54,7.14,12.9,0.07,0.01,0.8,1
27.87,6.9,13.9,-0.04,0.0,-2.5,1
26.41,6.84,14.7,0.01,0.0,0.4,1
28.19,7.19,9.0,0.58,0.02,-1.0,0
27.83,6.98,17.1,0.21,0.03,-0.4,1
25.76,7.04,10.7,-0.18,0.0,1.3,1
29.34,7.38,4.4,0.56,0.05,0.8,1
28.38,7.14,6.7,-0.06,-0.03,1.1,1
28.21,6.98,11.2,0.24,0.03,2.6,1
30.67,7.24,13.1,-0.08,0.02,-0.4,1
27.07,7.38,9.1,-0.05,0.07,2.3,1
29.07,6.68,17.6,0.0,-0.01,-0.2,1
28.59,7.33,7.2,-0.18,-0.03,-1.5,1
27.73,6.96,15.8,0.03,0.01,-1.4,1
26.48,7.17,5.3,0.03,-0.03,0.3,1
29.4,7.02,11.2,0.18,0.0,0.2,1
26.46,6.67,23.1,-0.14,-0.08,0.9,0
31.96,7.29,10.1,0.04,0.04,-0.2,1
26.42,7.09,7.1,-0.14,-0.05,0.9,1
25.97,7.17,4.8,0.17,-0.05,-0.7,1
28.03,6.58,14.9,0.14,0.01,-0.3,0
26.73,7.18,10.0,0.32,0.0,5.2,1
29.02,6.74,14.9,0.05,-0.03,1.8,1
30.18,7.06,12.9,0.03,0.02,1.1,1
26.99,7.05,7.6,0.11,0.03,-0.6,1
29.82,6.89,17.2,-0.18,0.01,-1.0,1
27.03,6.96,4.2,0.01,0.09,1.0,1
30.54,7.15,14.3,-0.02,0.01,1.2,1
30.98,7.19,11.6,-0.12,0.01,-1.1,1
29.54,6.65,15.7,0.39,0.03,0.1,1
28.09,6.41,13.5,0.01,0.01,-0.1,0
28.07,6.82,15.0,-0.24,-0.02,-0.8,1
25.85,6.86,14.2,-0.16,0.01,0.5,1
26.3,6.92,10.5,0.02,-0.01,0.2,1
27.13,6.96,28.2,0.17,0.04,-1.2,0
27.28,6.95,9.4,-0.03,-0.02,-0.4,1
28.38,7.26,5.9,-0.23,0.02,-0.9,1
27.46,6.79,17.0,0.06,-0.02,-1.4,1
28.42,7.15,8.4,0.05,-0.01,0.4,1
27.6,7.06,10.2,-0.14,-0.02,0.1,1
27.93,6.71,20.2,-0.16,0.03,-0.4,1
26.37,7.15,13.3,-0.04,0.04,6.4,1
27.69,6.83,16.5,-0.29,0.04,0.6,1
28.57,7.32,6.8,0.09,0.01,-0.4,1
27.1,7.29,9.8,0.14,0.02,-1.3,1
27.12,7.18,6.2,0.17,-0.03,0.3,1
26.87,6.97,13.4,-0.22,-0.04,-0.6,1
26.56,7.16,7.8,-0.19,-0.01,0.2,1
29.97,7.18,9.3,0.38,-0.05,0.1,1
27.6,7.02,10.4,-0.3,-0.01,-0.5,1
29.44,7.34,13.3,0.14,-0.01,-1.6,1
28.13,7.43,7.3,-0.06,0.0,-1.7,1
27.73,7.15,9.8,-0.12,-0.01,0.3,1
27.04,7.03,9.0,-0.17,0.04,0.2,1
28.12,7.1,9.4,-0.17,-0.04,-0.4,0
27.65,7.37,1.3,0.03,0.02,0.1,1
31.39,7.0,10.0,-0.01,0.05,-1.1,1
26.59,7.17,8.1,0.09,-0.04,-0.1,1
28.01,6.95,7.8,0.12,0.0,-0.2,1
30.29,6.96,13.2,0.16,0.03,-1.8,1
28.33,7.4,9.2,0.08,0.0,-2.3,1
26.17,6.69,17.7,-0.03,0.01,0.9,1
28.25,7.06,11.8,0.19,-0.04,-0.9,1
29.24,7.08,12.9,0.17,0.03,0.3,1
25.08,7.24,4.2,-0.04,-0.07,0.7,1
26.75,6.85,14.5,0.19,-0.02,-0.4,1
32.15,7.37,6.3,-0.07,-0.03,-1.4,1
27.43,6.82,10.2,0.0,-0.01,0.2,1
28.36,6.79,18.8,0.18,0.04,0.8,1
27.37,6.96,18.5,0.0,-0.03,-0.4,1
26.44,6.81,10.8,-0.04,0.01,-0.1,1
26.75,6.62,15.8,0.19,0.01,-0.2,1
29.46,7.3,9.1,-0.11,0.0,-0.1,1
28.45,7.02,11.0,-0.17,0.03,0.8,1
31.2,7.24,13.7,-0.14,0.04,0.9,1
27.58,7.2,5.3,-0.19,-0.01,0.1,1
26.21,6.51,20.5,0.37,0.02,0.2,0
27.7,6.31,22.1,0.0,0.04,-0.5,0
29.52,6.67,17.4,-2.22,-0.04,-1.2,0
27.62,7.02,9.7,0.08,0.0,-0.9,1
30.65,7.07,12.0,0.12,0.04,-0.8,1
28.42,6.65,16.9,0.05,0.04,1.1,1
28.81,6.58,21.7,0.02,-0.04,-0.3,0
25.39,6.96,11.3,-0.14,0.01,0.0,1
26.25,6.64,16.9,-0.38,-0.02,1.4,0
26.6,7.06,9.5,0.02,0.0,0.3,1
20.9,7.16,5.0,0.5,-0.01,0.7,0
28.19,6.82,10.7,-0.03,0.06,0.6,1
28.04,7.11,10.3,0.09,0.02,-0.1,1
26.7,7.14,16.9,-0.26,-0.07,5.0,1
27.79,7.2,5.5,0.99,0.06,1.4,1
29.01,7.28,5.4,-0.22,0.03,-1.1,1
29.25,6.74,15.2,0.31,-0.01,-0.1,1
27.81,6.69,14.9,0.2,-0.05,0.2,1
28.56,7.25,11.9,-0.16,0.04,1.0,1
30.28,7.42,5.2,0.05,0.02,0.6,1
28.89,7.11,8.7,0.11,-0.03,0.7,1
30.19,7.13,10.8,0.18,0.01,0.4,1
29.77,7.32,3.7,0.18,0.01,-0.9,1
26.26,7.17,4.9,-0.07,-0.02,-0.6,1
27.69,7.21,11.8,0.1,-0.02,-0.7,1
25.91,7.29,2.7,-0.18,0.02,-0.7,1
28.14,7.18,9.6,-0.44,0.05,-1.1,1
27.28,7.15,6.0,-0.16,0.0,0.3,1
26.52,7.2,7.6,0.3,0.01,1.4,1
28.47,6.57,19.7,0.3,0.02,-0.5,1
26.48,7.06,8.2,0.04,0.09,1.4,1
30.13,7.24,10.9,0.04,0.03,0.0,1
26.16,7.27,6.2,-0.17,0.05,1.6,1
28.03,7.27,3.2,0.24,-0.01,-0.7,1
27.38,7.21,7.5,0.01,-0.03,-1.5,1
27.8,6.71,16.5,-0.09,-0.02,-0.6,1
28.9,7.33,5.2,-0.02,-0.02,0.7,1
28.44,7.16,12.6,-0.06,0.01,0.0,1
26.82,7.38,4.3,0.15,0.02,-0.4,1
27.9,7.44,8.8,0.0,0.0,3.1,1
29.39,7.34,14.7,0.06,0.0,-0.9,1
28.01,6.82,10.1,-1.28,-0.01,0.3,1
26.95,6.93,13.6,-0.26,-0.01,-0.3,1
26.9,6.62,14.7,-0.13,0.03,0.1,0
26.18,7.12,7.3,-0.14,0.0,0.1,1
28.24,6.99,12.8,0.16,0.01,-0.1,1
26.77,6.53,16.3,0.22,-0.04,0.0,0
28.2,7.26,4.5,0.06,-0.05,0.3,1
27.05,7.32,9.3,0.32,0.14,-0.7,1
27.37,7.04,24.6,-0.18,0.19,4.4,0
27.59,7.22,9.4,-0.1,0.01,-2.4,1
30.07,7.47,5.6,0.09,-0.02,-0.6,1
28.21,6.45,16.9,0.1,-0.05,0.2,0
27.77,6.68,17.6,0.2,-0.08,2.4,1
28.69,7.35,6.4,0.23,0.01,-0.4,1
28.3,6.59,15.4,0.14,0.01,0.5,1
26.55,6.73,14.7,0.08,0.0,0.0,1
27.9,7.56,8.4,0.0,0.12,-0.4,1
27.49,6.83,10.3,0.14,0.01,0.0,1
26.6,6.75,22.2,-0.22,0.05,2.4,0
27.92,7.24,9.9,0.09,0.03,-0.6,1
27.86,7.25,10.6,0.2,0.02,1.8,1
28.45,7.29,3.5,-0.12,-0.07,-1.2,1
28.96,7.13,10.7,-0.38,0.0,-0.1,1
26.8,7.1,9.6,-0.3,0.03,1.0,1
25.9,6.88,12.5,0.13,-0.02,-0.2,1
29.83,7.41,7.4,0.4,0.01,0.0,1
28.05,6.72,16.0,-0.44,-0.01,0.0,1
26.81,6.98,9.8,-0.17,0.03,0.7,1
28.41,7.21,10.8,-0.07,0.03,-0.1,1
29.87,7.48,5.6,0.27,-0.02,-0.2,1
31.41,6.55,22.2,0.02,0.03,0.1,0
27.81,6.97,17.5,-0.02,-0.01,0.4,1
26.11,6.83,12.3,0.01,-0.02,0.8,1
27.18,7.01,13.0,0.05,0.04,-1.5,1
26.22,6.76,16.5,0.03,-0.05,0.1,1
30.0,6.64,22.3,0.11,0.03,-0.7,1
32.3,7.07,11.9,-0.08,-0.02,0.2,1
27.88,7.02,11.3,-0.22,0.0,-0.5,1
26.5,6.8,15.1,0.15,0.02,0.0,1
27.82,7.15,17.6,-0.52,0.01,2.5,1
27.42,7.13,9.3,-0.04,-0.01,1.0,1
28.05,6.81,18.9,0.03,-0.03,-0.5,1
29.08,6.83,11.5,0.27,0.02,0.3,1
28.87,7.31,8.5,-0.04,0.03,1.0,1
27.07,6.97,15.3,-0.05,-0.01,0.8,1
26.15,6.96,10.4,-0.13,-0.01,-0.2,1
26.46,7.21,19.8,-0.16,0.02,-0.2,1
30.05,7.29,11.6,0.13,0.0,1.3,1
29.76,7.04,10.4,-0.18,-0.05,0.5,1
29.63,7.33,11.0,0.74,0.03,0.2,1
29.87,7.01,17.9,0.0,0.02,-1.1,1
26.58,7.0,7.0,0.04,-0.02,0.0,1
26.26,7.1,7.1,0.24,-0.06,0.0,1
27.06,6.92,10.9,0.01,-0.03,-0.5,1
29.01,7.44,11.9,-0.05,0.02,-0.7,1
27.86,7.79,14.4,-0.24,0.0,-1.1,1
29.76,7.4,13.7,0.11,0.0,-2.5,1
30.27,7.33,4.9,-0.11,0.01,-0.9,1
26.89,7.29,4.6,-0.22,-1.35,-0.5,0
28.08,6.99,10.1,-0.03,0.08,-0.2,1
27.42,6.73,15.9,-0.08,-0.01,0.3,1
30.03,7.58,3.1,-0.16,-0.03,0.6,1
28.17,7.22,8.6,-0.29,-0.04,-0.5,1
27.72,7.1,9.8,0.06,-0.02,0.5,1
27.5,6.8,15.1,0.15,0.01,-0.4,1
26.17,7.03,7.3,-0.08,0.03,0.9,1
28.32,6.29,20.9,0.13,-0.04,0.3,0
26.2,6.74,15.2,0.34,-0.02,0.0,1
29.38,7.22,10.9,-0.19,-0.01,-1.0,0
28.57,7.1,9.2,0.03,0.03,0.8,1
26.1,7.18,6.2,0.11,0.06,-0.8,1
27.65,6.89,18.4,0.09,0.02,-0.7,1
26.76,7.16,20.8,-1.07,0.02,1.8,1
29.67,6.8,17.1,0.45,-0.02,-1.1,1
30.25,6.59,24.0,-0.24,-0.01,-1.5,0
29.07,6.72,16.5,-0.03,-0.09,0.9,1
27.04,7.1,7.3,-0.23,0.02,-0.3,1
29.7,7.22,11.7,0.27,0.01,-0.2,1
25.58,6.84,11.3,-0.08,0.0,-1.4,1
26.55,7.15,3.7,0.19,0.01,-1.1,1
27.62,6.7,19.5,-0.18,-0.08,-0.3,1
27.95,7.13,9.8,0.04,0.01,-1.0,1
26.07,6.72,15.6,-0.29,-0.04,-0.1,1
30.32,7.26,8.7,0.0,0.01,-0.1,1
26.94,7.27,8.4,-0.11,-0.05,-0.9,1
29.03,6.92,10.2,0.02,-0.01,0.0,1
26.62,6.98,9.2,0.24,-0.02,-1.6,1
28.1,6.91,18.4,0.34,-0.01,0.0,1
26.24,6.79,14.6,0.04,-0.03,0.5,1
27.38,6.92,10.0,0.34,0.0,0.5,1
26.65,7.38,3.3,-0.23,0.08,-0.4,1
27.25,6.49,20.3,-0.05,-0.01,-0.8,0
29.36,7.36,7.6,0.11,-0.04,-0.2,1
30.22,6.85,16.8,0.09,0.02,0.1,0
28.89,7.32,11.9,0.0,0.06,3.4,1
26.55,7.07,8.2,-0.11,0.0,0.2,1
27.02,7.05,7.0,-0.02,-0.05,-0.3,1
27.39,7.25,5.1,0.16,0.03,-0.5,1
26.64,6.74,13.7,-0.06,-0.01,1.0,1
29.0,6.75,16.3,0.21,0.0,-0.8,1
29.28,7.05,16.6,-0.2,-0.01,-0.7,1
28.87,7.0,17.5,-0.15,0.0,-0.3,1
27.59,6.97,16.1,-0.13,-0.03,-0.7,1
30.1,6.75,21.0,-3.87,0.05,0.0,0
26.33,6.69,14.5,0.4,0.06,-0.5,1
28.28,6.67,14.6,0.52,0.03,-0.8,1
28.37,7.43,5.8,-0.26,0.02,-0.4,1
28.67,7.14,2.6,0.04,-0.02,0.1,1
30.02,6.88,17.0,-0.12,-0.01,-0.7,1
28.99,7.33,7.6,-0.02,-0.02,-0.4,1
29.65,6.8,17.3,-0.02,0.0,0.2,1
28.41,7.35,9.6,-0.12,0.03,0.6,1
26.22,7.19,6.2,0.29,0.04,-1.2,1
29.77,7.31,11.5,-0.21,0.01,-0.7,1
30.22,6.89,11.7,0.39,0.01,1.0,1
28.5,6.88,16.0,-0.34,-0.03,1.0,1
27.7,7.04,8.9,0.12,0.06,1.9,1
29.12,7.21,16.2,0.04,-0.03,-1.0,1
25.8,7.24,5.1,0.13,-0.04,0.1,1
32.5,7.34,8.1,2.18,0.04,0.2,0
26.46,7.05,8.2,-0.08,-0.01,-0.2,1
27.92,6.85,31.4,0.28,0.01,-0.9,0
27.87,6.68,17.6,0.05,-0.01,-0.2,1
25.83,6.98,7.3,-0.17,0.04,0.4,1
26.96,6.93,13.4,-0.37,0.04,-0.6,1
27.77,6.79,17.0,-0.18,-0.01,0.8,1
27.17,6.59,16.3,0.07,-0.01,0.0,1
28.55,7.26,7.5,-0.28,0.0,-0.3,1
29.12,7.24,7.4,-0.29,-0.03,0.7,1
28.88,7.07,9.8,-0.03,-0.01,0.1,1
30.04,7.12,11.1,-0.04,-0.07,-0.3,1
26.4,7.14,9.7,-0.11,-0.02,-0.9,1
25.91,7.29,8.5,-0.25,-0.07,2.3,1
26.38,7.05,8.6,0.08,-0.02,1.0,1
27.6,7.18,10.9,-0.06,0.01,0.9,1
28.68,6.74,19.0,-0.04,0.04,-0.7,1
26.54,6.72,16.1,0.11,0.01,-0.1,1
32.02,7.5,2.5,0.26,0.03,1.4,1
27.35,7.01,22.6,-0.14,0.12,2.7,0
26.96,7.26,8.9,0.06,0.0,-0.1,1
26.62,7.09,9.0,-0.18,0.01,0.2,1
27.95,6.79,17.7,-0.17,-0.02,0.3,1
29.22,6.88,14.6,0.1,-0.03,0.9,1
29.23,6.94,12.1,-0.04,-0.04,-0.5,1
27.94,7.14,6.4,0.07,-0.11,0.1,1
27.35,7.15,10.4,0.12,0.01,2.0,1
27.72,7.29,8.3,0.27,0.01,0.8,1
29.52,7.39,7.5,-0.04,0.03,0.6,1
26.99,7.14,5.5,0.03,-0.02,0.8,1
28.46,6.92,13.9,-0.27,-0.03,0.0,1
27.6,7.31,12.7,-0.2,0.09,0.1,1
27.11,7.09,9.3,-0.12,-0.09,0.1,1
26.75,6.62,17.9,0.31,-0.01,3.2,1
28.64,7.06,11.5,0.1,0.06,-0.6,1
29.35,6.69,17.2,-0.23,0.01,-0.6,1
26.67,6.66,15.3,0.13,-0.02,-1.4,1
28.65,7.27,6.2,0.17,0.01,1.3,1
27.54,6.68,15.9,0.06,-0.01,-0.6,1
27.54,7.18,10.0,0.19,0.03,-0.4,1
26.56,7.08,6.4,0.02,-0.03,0.2,1
28.73,6.74,21.8,-0.24,-0.01,2.2,0
26.55,6.82,13.5,0.17,0.02,0.4,1
26.18,7.05,15.1,0.16,0.0,-2.1,1
25.81,7.03,11.6,-0.16,-0.03,0.5,1
29.47,7.34,9.9,0.15,0.01,-0.5,1
27.97,6.65,18.6,0.05,0.01,0.0,1
29.72,6.87,15.5,0.18,0.0,0.1,1
27.56,7.0,6.6,-0.02,0.01,0.8,1
28.53,7.24,10.4,-0.07,0.05,-1.5,1
27.32,6.94,11.6,0.19,0.02,-0.6,1
30.39,6.75,31.3,-0.07,0.0,-1.1,0
29.96,7.07,14.9,-0.24,0.05,-0.2,1
26.16,7.15,6.1,-0.1,-0.04,0.9,1
29.7,7.37,10.0,0.11,0.03,0.5,1
28.35,7.03,3.3,-0.51,0.18,-13.1,1
29.05,6.97,15.2,0.37,-0.01,3.0,1
26.32,6.81,26.8,-0.28,0.02,2.0,0
30.63,7.37,9.2,0.15,-0.01,1.8,1
28.26,7.21,12.6,-0.11,-0.01,1.2,1
29.25,7.1,15.8,-0.03,0.05,-0.8,1
27.01,7.03,6.5,0.11,0.05,-0.3,1
26.3,5.77,23.1,0.09,-0.82,0.2,0
29.29,7.52,5.1,0.23,0.01,0.3,1
27.76,6.78,15.5,-0.24,0.02,0.6,1
26.15,6.77,21.9,0.04,-0.01,0.5,0
27.46,7.26,10.7,0.16,-0.01,-0.3,1
25.67,7.28,5.0,-0.22,-0.03,0.3,1
27.22,7.21,6.5,0.1,0.03,0.3,1
27.69,6.86,15.1,-0.22,-0.05,-0.9,0
29.13,7.4,6.4,0.11,-0.02,-0.6,1
26.26,6.81,20.4,0.14,-0.02,0.3,1
26.56,7.07,6.6,0.25,-0.01,2.0,1
30.04,7.42,9.3,-0.05,-0.02,-0.7,1
27.26,7.28,4.8,-0.04,0.03,-0.4,1
26.61,7.04,6.3,0.06,-0.06,0.4,1
27.48,6.9,11.3,-0.07,0.0,-0.1,1
27.81,7.3,6.2,-0.07,-0.02,1.8,1
31.88,6.43,20.5,0.23,0.0,0.5,1
28.31,6.66,17.1,-0.09,0.01,0.3,1
25.65,6.57,18.9,0.12,0.01,-0.4,0
28.42,6.86,18.3,0.25,-0.04,1.4,1
28.77,6.76,18.8,0.0,-0.02,-0.4,1
27.44,7.07,9.9,0.19,0.02,-0.1,1
27.23,7.03,13.8,0.08,0.01,-0.4,1
26.68,6.92,12.9,-0.05,0.0,-0.6,1
30.28,6.82,17.6,0.13,-0.08,0.6,1
29.22,7.33,6.8,0.14,0.01,0.3,1
26.57,7.01,7.8,-0.01,-0.01,0.3,1
30.46,7.04,13.1,-0.04,0.03,-0.1,1
27.7,6.73,13.8,0.25,-0.02,-0.6,1
31.99,7.17,12.3,0.12,0.0,0.7,0
25.79,6.82,14.5,0.1,-0.06,-1.3,1
27.45,7.03,9.6,0.21,-0.02,0.0,1
27.67,6.78,14.2,-0.21,0.01,-0.1,1
27.62,7.19,9.7,0.02,0.04,0.2,1
32.25,7.54,2.6,-0.24,0.0,0.2,0
26.99,6.92,7.9,0.02,0.0,0.5,1
26.8,6.7,16.7,-0.18,0.04,-0.1,1
27.02,7.36,5.2,0.2,-0.02,0.9,1
26.74,6.63,16.7,0.17,0.0,2.4,0
27.74,7.02,10.7,0.05,0.02,0.3,1
29.15,7.2,10.4,-0.1,-0.03,-0.5,1
28.03,7.02,9.2,-0.15,-0.03,0.2,1
29.59,7.25,6.5,-0.09,-0.03,-0.6,1
26.52,7.18,4.0,0.02,-0.09,-1.2,1
26.43,7.31,2.9,0.02,-0.01,0.3,1
27.22,7.22,7.4,-0.15,-0.02,0.3,1
30.61,7.31,8.7,0.21,0.06,0.5,1
27.98,7.25,4.5,-0.03,0.02,-0.3,1
29.82,7.12,12.1,0.1,-0.02,-0.5,1
27.87,7.35,11.1,0.08,0.04,1.0,1
27.68,7.21,2.6,-0.09,-0.04,-1.3,1
29.11,7.42,6.3,0.17,-0.05,-1.2,1
29.72,7.08,17.1,-0.24,0.01,2.2,1
29.52,6.53,20.2,0.32,-0.05,0.4,1
26.35,7.11,4.6,0.3,0.01,-0.5,1
27.18,7.02,8.6,-0.2,-0.01,-0.6,1
30.06,7.4,8.5,0.12,0.06,3.0,1
26.78,7.21,5.5,-0.11,0.0,-0.3,1
28.41,7.1,21.8,-0.06,-0.02,-1.2,0
28.44,6.9,14.0,0.26,-0.03,2.3,1
29.62,7.07,16.2,0.07,0.04,-0.4,1
27.43,7.05,13.8,-0.13,-0.05,-0.8,1
28.0,7.23,9.2,-0.02,-0.03,0.7,1
28.0,6.92,13.0,0.23,0.05,-0.1,1
26.4,7.35,19.2,0.18,0.0,0.5,1
26.75,6.6,15.5,0.0,0.03,0.2,1
26.54,7.27,3.5,0.06,0.02,-0.3,1
27.0,7.26,3.7,0.11,-0.01,0.1,1
26.03,7.17,4.9,-0.08,0.04,-0.4,1
27.1,6.88,8.9,-0.07,0.01,0.7,1
29.22,7.34,6.2,-0.1,0.02,0.9,1
27.4,6.89,10.8,0.17,-0.03,0.1,1
30.44,6.99,13.3,-0.04,0.0,0.5,1
32.54,7.29,8.4,-0.04,0.04,0.3,0
29.3,7.12,11.1,-0.43,-0.03,-1.7,1
28.45,6.6,19.4,0.13,0.03,-1.8,1
30.22,6.67,17.7,0.01,0.06,0.6,1
28.54,6.86,14.3,0.46,0.0,-3.1,1
29.8,6.68,26.0,-0.07,-0.03,-1.1,0
25.8,6.74,12.0,0.0,-0.04,-0.4,1
30.39,7.5,5.5,0.08,-0.03,0.2,1
26.35,6.69,16.2,-0.13,0.02,0.9,1
31.06,7.12,12.6,-0.03,-0.01,-0.4,1
25.08,7.3,3.9,-0.04,-0.01,0.2,0
31.32,7.55,6.1,-0.2,0.02,-0.5,1
27.07,7.31,9.2,0.09,0.01,0.2,1
26.91,7.3,13.3,-0.02,0.0,0.9,1
28.58,6.59,19.1,0.11,0.02,-0.6,1
29.26,6.97,13.9,0.16,-0.04,-0.1,1
27.34,7.13,19.2,0.11,0.01,3.4,1
29.54,6.92,15.5,0.08,-0.04,0.4,1
27.14,7.19,7.3,-0.08,-0.03,-0.1,1
29.93,6.94,14.7,0.48,-0.01,1.1,1
27.01,6.6,15.6,0.26,0.0,0.1,1
28.08,7.36,2.8,0.08,0.02,-0.2,1
29.74,7.0,12.9,-0.14,-0.01,0.1,1
27.26,6.29,22.2,0.27,0.02,1.1,0
25.12,7.16,6.6,-0.21,-0.01,-0.8,1
28.22,6.39,19.8,0.4,0.04,0.7,0
26.31,7.03,12.3,0.06,0.02,-0.9,1
27.94,6.73,18.1,-0.1,0.03,0.7,1
27.43,7.15,5.5,-0.14,0.0,-0.4,1
28.26,7.33,5.2,-0.58,0.03,0.8,1
27.83,7.32,9.0,-0.21,0.02,-0.1,1
27.66,7.23,8.8,-0.06,-0.05,-1.3,1
27.0,6.94,15.5,-0.08,0.01,-0.6,1
27.05,7.23,6.9,0.02,-0.02,0.4,1
29.54,7.37,8.1,0.12,0.01,1.4,1
26.97,6.94,12.1,0.13,0.02,-0.6,1
27.83,7.06,11.8,0.16,0.01,-1.3,1
31.31,6.67,21.3,0.28,-0.01,0.3,1
28.59,6.64,19.3,0.05,-0.07,0.1,1
26.02,6.72,15.2,0.03,-0.03,0.0,1
27.61,7.08,24.2,-0.13,0.03,-1.1,0
26.59,6.95,11.8,0.24,-0.01,-0.3,1
26.29,6.66,14.4,-0.14,0.03,0.0,1
29.08,7.89,14.5,-0.11,1.13,-0.9,0
31.13,7.44,5.9,0.0,0.02,0.6,1
27.31,6.81,16.2,-0.3,-0.06,0.0,1
27.32,6.98,10.0,0.18,-0.11,0.8,1
28.06,7.01,13.0,0.17,0.03,-0.3,1
25.74,6.91,12.2,0.0,-0.02,0.6,0
28.71,6.91,15.4,-0.03,0.02,0.8,1
26.85,7.08,8.9,0.25,0.02,-0.6,1
28.54,7.41,15.6,-0.18,-0.07,1.9,1
26.81,6.78,12.6,-0.21,-0.02,-0.2,1
27.55,7.35,12.1,-0.07,-0.01,1.5,1
29.58,7.28,7.5,-0.09,0.01,-0.3,1
26.81,7.09,6.0,-0.13,-0.03,-0.8,1
29.95,7.33,9.3,-0.29,-0.01,-0.1,0
27.31,7.33,32.9,0.12,-0.04,-2.1,0
26.75,7.1,11.3,-0.09,-0.02,0.7,1
30.04,6.96,16.4,-0.13,0.0,-0.3,1
29.47,7.23,9.0,-0.16,0.06,0.3,1
26.99,6.27,21.1,0.1,0.0,-0.1,0
24.84,6.81,12.4,-1.04,-0.09,0.4,0
29.53,7.13,10.9,0.18,0.01,-0.1,1
25.86,7.15,9.1,-0.08,0.01,-0.4,1
28.76,6.61,16.8,-0.22,-0.03,-0.9,0
27.47,7.08,16.9,-0.03,-0.1,-0.2,1
26.96,7.17,13.8,0.21,-0.01,-1.1,1
29.55,7.39,5.2,0.09,0.0,0.3,1
26.85,6.67,28.8,0.02,0.01,4.1,0
28.72,7.1,8.9,-0.32,-0.01,0.6,1
30.54,7.13,13.6,-0.05,0.04,0.5,1
26.1,7.23,5.6,0.08,0.0,0.8,1
27.32,6.79,17.6,0.14,-0.01,-1.1,1
27.64,6.75,10.7,-0.1,-0.02,0.2,1
29.35,7.27,15.7,-0.23,-0.04,-0.5,1
30.35,6.69,24.6,-0.07,-0.03,1.8,0
29.43,7.4,7.4,0.04,0.02,0.2,1
26.1,7.29,3.4,-0.03,0.0,0.6,1
30.45,6.77,21.6,-0.21,0.0,0.8,0
30.3,7.27,7.9,-0.04,0.0,0.4,1
31.46,7.05,15.5,0.05,-0.03,0.2,1
29.99,7.03,11.6,0.19,0.01,-0.8,1
30.04,6.9,14.1,-0.05,0.01,0.3,1
33.1,7.38,4.5,0.08,0.04,0.8,0
26.18,7.23,3.6,0.05,0.01,0.1,1
28.93,6.93,14.3,-0.84,-0.01,0.0,1
29.3,7.06,11.3,0.16,-0.04,1.0,1
27.66,7.12,9.3,-0.03,0.03,-0.5,1
27.13,6.59,16.7,0.42,0.02,0.7,1
31.78,7.17,12.7,-0.1,0.01,0.6,1
28.01,6.63,15.6,-0.15,0.02,0.4,0
26.17,7.0,11.3,0.06,-0.02,0.2,1
27.5,6.78,16.8,0.22,-0.11,0.6,1
29.15,6.98,12.5,0.02,0.01,-0.5,1
27.02,6.87,3.2,0.28,-0.15,-0.7,1
27.98,7.3,3.9,-0.16,0.05,-2.7,1
27.4,6.77,13.3,-0.1,0.0,0.5,1
25.72,7.0,7.4,-0.04,-0.09,0.0,1
32.28,7.03,13.5,-0.03,0.03,-0.3,1
27.42,7.51,16.7,-0.33,-0.13,-1.4,1
29.18,6.49,18.6,0.01,0.0,0.1,1
28.47,7.26,7.5,-0.08,0.0,0.0,1
27.9,6.97,13.8,0.26,0.04,-0.2,1
28.25,6.54,19.3,0.51,-0.03,-1.8,1
28.02,6.74,20.0,0.35,0.01,-0.4,1
32.46,7.19,12.6,0.05,-0.01,0.7,0
27.37,7.3,11.1,0.11,0.02,-0.7,1
29.6,7.5,5.8,0.39,-0.05,1.5,1
27.48,7.27,4.3,0.21,0.03,-0.2,1
29.08,7.4,8.4,-0.04,0.0,-0.9,1
29.06,7.38,6.8,0.24,0.01,-1.0,1
27.08,7.3,7.0,0.25,0.05,0.9,1
28.13,7.26,4.8,0.56,-0.02,-1.5,1
28.81,7.21,8.1,0.0,-0.01,1.0,1
28.14,6.62,14.9,-0.19,0.0,-0.5,1
29.42,6.88,11.2,0.18,0.01,0.2,1
29.62,7.14,10.7,0.06,0.0,-0.1,1
27.92,6.84,22.3,-0.07,0.03,-3.4,0
26.3,6.88,13.5,-0.14,-0.02,2.1,1
29.7,7.1,20.4,-0.03,-0.03,1.4,1
25.56,7.0,11.7,0.0,0.01,0.4,1
27.24,6.62,14.4,-0.13,0.2,-0.6,1
28.01,7.26,2.9,-0.24,0.04,-0.3,1
27.77,6.67,19.1,0.01,-0.05,-0.5,1
26.63,7.23,27.0,-0.07,0.0,-2.2,0
25.81,6.85,15.2,-0.2,-0.05,-1.7,1
26.21,6.93,14.5,0.17,0.05,-0.1,1
26.3,6.92,9.7,0.16,-0.01,-0.2,1
30.03,6.92,16.0,0.05,0.0,0.1,1
27.68,7.3,7.6,0.21,-0.02,0.0,1
26.46,6.98,10.1,-0.21,-0.03,0.7,1
29.11,6.98,11.6,0.13,0.0,0.1,1
27.03,6.87,11.2,-0.19,0.02,-1.3,1
30.23,7.13,12.1,0.12,-0.02,0.2,1
29.98,7.34,13.7,-0.04,0.01,2.3,1
27.69,7.24,4.7,0.03,-0.04,0.2,1
28.26,7.17,10.4,-0.07,-0.03,-0.5,1
27.69,7.17,5.4,-0.13,0.04,-0.5,1
27.14,7.22,3.3,-0.2,0.0,0.4,1
26.89,6.96,12.4,-0.23,0.02,0.3,1
28.44,7.19,19.7,0.44,-0.01,-1.4,1
30.19,7.61,2.5,0.13,0.0,-0.3,1
30.65,6.96,14.0,0.12,0.03,2.1,1
28.56,7.27,9.6,-0.3,0.0,-0.9,1
27.13,6.97,14.5,0.08,0.0,-0.6,1
28.13,6.85,26.2,-0.13,0.0,1.4,0
30.09,7.21,8.5,-0.02,-0.03,0.4,1
26.47,7.36,3.4,-0.21,-0.02,0.4,1
29.39,7.45,6.7,-0.29,0.04,0.5,1
25.97,6.8,11.4,0.12,0.0,-0.3,1
26.08,6.86,12.9,-0.25,-0.03,0.7,1
29.13,7.26,7.3,0.02,-0.04,0.5,1
26.31,6.72,15.3,-0.07,0.0,0.3,1
28.84,6.79,13.3,0.01,-0.01,-0.6,1
28.31,6.62,17.5,-0.02,0.02,-0.9,1
25.14,7.39,8.4,0.02,0.23,1.8,0
26.25,6.88,9.3,-0.01,-0.02,-0.4,1
27.21,7.01,15.0,-0.12,0.0,0.0,1
29.13,7.27,9.4,0.0,0.03,-1.2,1
27.09,6.92,6.0,0.09,-0.06,2.0,1
27.17,7.05,8.9,0.18,0.0,1.3,1
27.45,6.89,8.4,-0.05,0.0,-0.6,1
28.43,6.91,14.5,0.1,0.02,-0.3,1
30.24,7.23,11.5,0.11,-0.01,0.6,1
27.39,7.4,2.5,-0.06,0.01,-0.5,1
27.96,7.16,10.4,0.36,0.02,-0.2,1
27.06,6.68,4.0,-0.28,0.19,0.6,1
28.51,7.16,10.8,0.35,0.03,-2.0,1
28.15,7.07,10.2,0.24,0.06,0.0,1
27.82,7.24,15.9,-0.14,-0.52,-0.4,0
27.4,6.71,16.7,-0.17,-0.09,-0.1,1
26.87,7.07,5.1,-0.19,0.39,1.1,1
27.81,7.28,6.6,0.12,-0.01,0.8,1
27.48,6.46,26.6,0.01,-0.03,-1.2,0
28.21,7.25,4.8,-0.08,-0.1,0.7,1
26.94,6.93,22.7,0.11,-0.02,-1.8,0
28.79,6.75,17.1,-0.08,-0.01,0.8,1
31.99,7.35,11.2,0.06,0.03,3.2,1
29.96,7.23,12.3,-0.63,-0.02,0.2,1
28.1,7.42,7.5,-0.03,-0.01,0.2,1
31.07,7.08,9.7,0.12,-0.01,-0.1,1
29.68,7.28,7.1,-0.02,0.03,-0.4,1
26.96,7.16,10.0,-0.28,0.05,-0.5,1
28.97,6.92,14.1,0.06,0.05,-1.2,1
30.07,6.92,16.9,-0.11,0.02,0.6,1
27.23,7.01,15.0,-0.1,0.0,0.4,1
26.38,6.81,13.2,0.2,0.01,1.0,1
26.8,7.37,5.9,0.0,0.0,0.1,1
27.37,6.74,15.1,-0.05,0.01,-0.8,1
26.7,6.86,14.5,-0.05,0.01,0.0,1
25.97,7.29,5.2,-0.16,-0.02,0.3,0
27.74,7.05,25.3,0.02,0.02,2.8,0
28.49,7.28,4.6,0.18,0.04,0.4,1
30.25,7.1,9.4,-0.08,-0.02,-1.4,1
30.2,7.32,9.1,0.17,0.04,0.1,1
27.13,7.24,4.4,-0.12,-0.01,-0.3,1
28.87,7.05,14.5,-0.25,-0.06,-0.8,1
30.37,7.2,11.2,0.08,-0.01,1.3,1
29.47,7.03,13.9,0.02,-0.01,0.0,1
27.23,7.22,5.6,0.17,0.01,-0.5,1
26.68,6.97,7.9,0.22,0.0,-1.1,1
29.52,7.52,9.8,0.0,0.22,1.1,1
28.92,7.29,7.0,0.07,0.11,1.5,1
29.13,6.54,20.4,0.34,0.01,0.0,1
28.12,6.9,15.1,-0.24,0.0,0.0,1
27.59,7.22,8.3,0.13,0.11,-0.1,1
28.35,6.63,19.4,-0.07,0.02,1.3,1
27.97,7.03,10.0,-0.4,-0.04,-1.1,1
30.07,6.96,15.6,-0.03,-0.08,4.4,1
28.56,6.66,15.5,0.15,-0.11,0.0,1
29.67,6.81,18.1,-0.06,0.01,-0.4,1
26.56,7.02,15.0,-0.06,-0.01,0.0,1
26.85,6.36,19.5,0.32,-0.01,0.3,0
28.36,7.11,24.9,0.17,-0.02,-1.2,0
28.71,6.79,17.9,0.13,0.02,1.9,1
26.73,6.92,13.5,-0.22,-0.01,-0.1,1
28.5,7.3,6.4,0.1,-0.02,-0.2,1
30.64,6.73,18.4,0.02,0.0,0.7,1
28.13,6.8,16.2,0.01,0.0,-0.2,1
29.69,7.18,10.0,0.07,0.04,-0.7,1
26.47,6.98,7.1,0.08,-0.02,-0.9,1
30.02,7.27,7.0,0.44,-0.01,-0.5,1
28.35,6.97,10.0,-0.04,0.02,0.1,1
25.77,7.05,10.7,-0.15,-0.01,-0.1,0
27.93,7.09,17.9,0.18,0.04,1.4,1
28.05,7.28,7.5,0.05,-0.01,0.8,1
25.73,7.35,4.6,-0.13,0.0,-0.9,0
30.72,7.14,8.7,0.3,-0.03,-1.9,1
26.59,6.74,13.7,0.15,-0.04,0.2,1
29.15,7.13,17.0,0.32,-0.01,-2.5,1
27.09,7.09,11.6,0.12,-0.04,-0.1,1
28.21,6.87,16.3,-0.05,0.07,0.3,1
29.79,6.81,19.0,-0.06,-0.03,0.9,1
25.91,6.68,13.4,-0.06,0.0,-0.1,1
26.76,6.94,13.1,-0.2,0.01,-0.3,1
27.9,7.45,4.9,0.0,-0.01,-1.2,1
28.33,6.6,18.4,0.01,0.05,0.3,1
29.09,7.07,10.7,-0.02,0.01,1.3,1
27.51,7.04,9.5,-0.03,-0.06,0.5,1
29.7,7.45,5.3,0.31,0.0,-1.4,1
26.74,7.09,8.4,-0.01,-0.02,1.9,1
26.93,6.78,14.8,-0.02,0.01,0.0,1
29.45,6.6,23.4,0.14,-0.01,-0.4,0
29.77,6.78,17.8,-0.14,0.08,0.0,1
29.94,7.06,17.8,-0.13,0.0,4.5,1
29.55,6.85,18.5,-0.07,0.03,0.8,1
27.3,6.54,20.0,0.21,0.0,0.7,1
26.2,6.86,12.5,-0.04,0.0,-0.8,0
31.33,7.02,14.3,0.36,-0.06,0.2,1
26.42,7.09,7.9,0.05,0.01,-0.5,1
29.63,7.34,9.9,0.02,-0.03,1.5,1
27.69,7.18,7.0,0.11,-0.01,-0.1,1
31.21,7.15,12.4,0.13,-0.02,0.7,1
28.85,6.77,15.4,-0.03,0.02,0.1,1
29.24,6.87,18.2,0.21,0.07,-0.5,1
27.17,6.58,21.4,0.12,0.01,-0.8,1
27.7,7.32,11.4,0.15,-0.03,-0.7,1
30.07,7.12,17.2,-0.3,-0.03,0.9,1
27.36,6.93,15.1,0.12,0.15,0.0,1
28.56,7.14,10.5,-0.08,-0.03,-0.7,1
30.48,7.02,12.3,-0.14,0.02,-1.6,1
30.18,7.37,9.9,0.13,-0.01,-0.3,1
29.19,7.46,5.2,-0.1,-0.05,0.4,1
26.51,6.82,27.7,0.14,-0.03,-1.1,0
29.68,7.46,6.4,-0.04,-0.04,-0.5,1
27.17,7.01,15.1,-0.06,0.0,0.1,1
27.99,7.13,11.5,0.01,0.01,0.0,1
26.04,7.26,3.8,0.01,0.01,-0.3,1
27.88,6.77,13.9,0.18,0.04,0.1,1
30.58,7.43,4.5,0.16,0.04,-1.6,1
28.66,6.91,15.0,-0.24,0.02,0.6,1
27.83,6.83,12.3,-0.23,0.03,0.1,1
26.08,6.88,14.3,0.06,0.06,1.4,1
25.77,7.16,5.5,0.27,-0.05,-0.8,1
28.52,7.26,6.8,-0.48,-0.06,0.0,1
30.81,7.22,8.6,-0.15,-0.05,-0.2,1
27.22,7.27,10.8,-0.1,-0.02,0.1,1
30.02,6.78,20.4,0.28,0.13,1.9,0
26.26,7.04,10.8,0.19,-0.01,-0.2,1
25.86,6.86,13.8,0.25,0.06,-0.1,1
27.28,6.84,16.2,-0.25,-0.03,0.5,1
25.96,6.81,13.4,0.04,0.0,0.6,0
27.43,6.97,9.0,0.02,-0.05,0.7,1
26.0,7.32,5.4,-0.14,0.0,0.2,1
27.03,7.04,9.4,-0.04,0.01,-0.6,1
28.03,6.97,5.1,0.1,0.03,0.0,1
27.33,6.89,14.0,-0.55,-0.07,-0.4,1
30.94,7.44,6.3,-0.12,0.04,0.4,1
31.47,7.18,1.5,0.11,0.02,-0.8,1
30.3,7.38,5.5,-0.14,-0.03,-0.1,1
26.96,6.86,9.2,0.49,-0.02,-0.1,1
27.56,7.23,5.6,-0.14,0.0,0.5,1
28.77,6.67,21.1,0.0,0.02,2.6,1
28.04,6.84,18.5,0.4,0.05,-0.6,1
29.26,7.18,8.4,0.03,-0.02,0.5,1
30.06,7.48,5.7,-0.4,-0.03,0.1,1
27.8,6.95,6.9,0.1,0.0,-0.8,1
26.53,6.69,14.6,0.04,-0.06,-0.6,1
27.9,7.36,6.9,0.0,-0.02,1.5,1
28.53,6.91,13.9,0.02,-0.02,0.8,1
32.4,7.21,8.5,0.45,-0.02,-0.3,0
28.46,7.13,5.5,-0.12,-0.04,0.4,1
27.62,6.95,12.2,-0.03,0.02,-0.3,1
31.66,6.86,15.0,0.09,-0.04,-0.2,0
28.29,7.26,10.0,-0.28,-0.01,0.4,1
27.78,7.15,18.3,0.09,0.02,-1.6,1
25.67,7.27,7.4,-0.04,0.02,0.0,1
30.81,6.67,19.4,-0.24,-0.02,1.0,0
27.08,6.67,17.5,-0.04,0.01,3.6,1
26.29,7.13,9.5,-0.11,-0.01,-0.2,1
29.79,7.1,11.4,0.15,-0.01,0.0,1
27.96,7.24,8.3,-0.03,0.02,0.3,1
29.02,7.0,17.8,-0.22,0.01,-0.2,1
29.4,7.0,11.6,-0.27,-0.01,-3.4,1
28.12,7.26,7.0,-0.1,0.01,0.1,1
28.48,7.15,9.9,-0.02,0.03,-0.3,1
27.05,7.35,5.0,-0.23,0.0,0.0,1
28.19,7.06,13.7,-0.51,0.02,-0.2,1
28.1,7.17,11.4,-0.06,0.05,-2.1,1
29.93,7.21,8.6,0.19,-0.03,0.1,1
25.88,6.82,13.6,0.03,-0.04,-0.6,1
29.75,7.33,11.3,0.0,0.03,0.5,1
26.82,6.75,13.7,-0.07,-0.01,-0.1,0
31.09,6.91,17.3,0.0,-0.04,0.3,0
28.69,7.17,8.4,-0.08,-0.04,-0.9,1
27.27,6.71,15.4,0.02,0.03,-0.7,1
27.88,7.03,6.9,0.0,0.03,-0.2,1
30.42,7.35,9.5,-0.58,0.0,-0.3,1
30.43,7.13,11.0,-0.29,0.05,-0.4,1
31.31,7.39,7.0,1.08,0.02,-0.2,0
26.45,7.2,5.0,-0.04,-0.04,0.2,1
26.55,6.75,14.7,0.13,0.03,-0.4,1
29.4,7.3,9.2,0.08,-0.01,-3.5,1
25.99,6.74,12.7,-0.04,-0.02,-0.7,1
27.77,7.27,9.8,0.07,-0.04,1.3,1
26.25,6.95,13.7,-0.2,0.04,0.6,1
29.03,7.19,11.2,0.25,0.02,-0.6,1
26.46,7.39,2.7,0.01,0.01,0.1,1
30.25,7.15,13.2,-0.5,0.0,3.4,1
28.28,7.4,7.6,-0.05,0.0,-1.6,1
29.68,6.62,18.2,0.16,-0.01,0.5,1
29.44,7.24,7.3,0.23,0.0,0.3,1
27.4,6.85,16.2,-0.09,-0.01,0.3,1
28.43,7.07,18.1,-1.48,-0.05,0.9,0
28.9,7.11,10.2,0.05,0.04,-0.3,1
27.55,7.25,6.8,-0.19,0.11,-0.7,1
30.03,7.13,9.0,0.13,0.07,-0.8,1
29.13,6.87,16.9,-0.18,-0.02,-0.1,1
29.56,7.07,12.4,-0.3,-0.01,-1.5,1
28.0,7.27,4.5,-0.21,-0.05,-1.3,1
30.78,7.01,14.8,-0.4,-0.07,0.7,1
27.23,7.01,14.0,-0.17,-0.03,-0.8,1
26.34,7.1,7.2,-0.13,0.04,-0.9,1
29.37,7.34,8.4,0.15,0.01,1.6,1
25.89,7.25,3.3,0.0,0.0,-0.7,1
28.19,6.98,12.0,-0.18,0.01,-0.1,1
27.66,7.23,3.1,-0.31,0.04,-0.1,1
28.52,7.14,10.3,0.1,0.01,1.9,1
31.37,7.35,10.9,-0.05,0.01,0.2,1
25.64,6.88,12.9,0.05,-0.01,0.1,1
30.25,7.25,8.9,0.03,-0.03,0.7,1
28.2,6.78,16.9,-0.04,0.0,0.8,1
29.23,6.92,18.9,-0.1,0.0,2.3,1
26.59,7.02,14.0,0.04,0.03,1.0,1
29.61,7.05,13.9,0.04,-0.01,0.0,1
27.01,6.74,14.7,-0.12,-0.08,-0.4,1
29.84,7.24,9.4,-0.03,0.0,0.8,1
28.55,7.46,4.2,0.15,-0.03,0.1,1
26.92,7.16,7.6,0.3,0.03,0.0,1
29.08,7.44,5.8,-0.23,-0.03,0.0,1
28.47,7.12,23.0,0.11,0.01,-1.9,0
27.9,6.67,36.3,-0.21,-0.05,19.5,0
27.2,7.17,3.3,0.06,0.03,-0.6,1
28.62,7.01,11.2,-0.21,0.01,1.7,1
28.4,6.92,9.5,-0.01,0.0,-0.3,1
30.37,7.15,16.3,-0.17,0.0,2.0,1
26.51,6.47,20.7,0.02,0.01,0.3,0
27.72,6.88,15.0,-0.21,0.0,-0.2,1
25.96,6.94,9.9,0.16,-0.04,-0.3,1
28.85,7.23,12.5,-0.09,0.0,-1.6,1
28.65,7.12,5.6,-0.3,0.04,0.9,1
28.13,7.02,11.4,-0.01,0.0,2.1,1
26.94,7.12,6.8,0.33,0.0,0.3,1
30.38,6.55,18.6,0.29,0.0,1.3,1
26.77,6.68,19.2,-0.25,-0.05,-1.0,1
29.97,7.41,6.0,0.0,-0.05,-0.1,1
28.52,7.15,9.4,0.05,-0.01,-1.4,1
30.62,6.91,13.1,-0.2,-0.02,-0.7,1
26.63,6.54,20.9,0.3,-0.02,1.4,1
26.65,7.37,4.7,-0.26,-1.33,-0.3,0
26.91,6.93,13.6,0.04,0.06,-0.7,1
26.16,7.12,14.6,0.03,0.02,1.5,1
27.39,7.17,10.9,-0.19,0.0,0.0,1
27.96,7.1,12.7,-0.03,-0.12,-2.1,1
30.83,7.02,14.0,0.19,-0.03,1.4,1
27.93,7.08,9.7,0.01,-0.01,-0.7,1
27.46,7.05,11.1,0.1,0.06,0.0,1
26.67,7.01,9.4,-0.15,-0.02,0.0,1
29.2,7.29,13.2,0.03,-0.01,-2.4,1
28.87,7.28,11.9,-0.13,-0.03,-0.1,1
28.07,6.78,18.9,0.02,-0.03,0.0,1
30.92,6.69,19.0,0.24,0.0,-0.4,1
30.77,7.22,11.3,0.04,0.02,0.7,1
27.07,7.03,10.0,-0.3,-0.01,0.7,1
25.39,7.0,12.3,-0.08,-0.01,0.2,0
25.48,7.04,4.2,-0.14,0.01,0.1,1
26.31,7.09,8.7,0.13,-0.04,-0.3,1
29.18,6.97,15.0,0.13,0.0,-0.2,1
30.23,7.27,9.4,-0.29,0.0,-0.2,1
27.51,7.25,7.9,0.19,-0.01,3.3,1
26.03,7.14,2.0,-0.1,-0.02,-1.3,1
26.53,7.18,4.3,0.29,0.0,-0.1,1
26.59,6.75,15.6,-0.02,0.01,-0.9,1
27.9,7.46,6.1,0.0,-0.03,-0.5,1
27.52,6.91,14.2,-0.06,-0.01,0.1,1
25.94,7.28,3.5,0.01,0.01,0.4,1
27.33,6.97,10.9,-0.12,0.0,-0.3,1
27.51,7.12,9.6,-0.22,-0.09,-1.1,1
27.5,6.65,17.4,-0.2,0.02,-0.7,1
27.83,7.13,17.2,0.0,-0.01,0.2,1
27.49,6.98,13.3,0.31,-0.03,0.3,1
28.35,7.28,2.6,-0.09,0.02,-0.5,1
27.11,7.35,4.2,-0.31,0.07,-1.1,1
30.79,7.27,6.9,0.07,-0.03,-0.2,1
29.64,7.18,28.5,0.13,0.01,13.7,0
27.74,6.89,15.3,-0.03,0.04,0.9,1
28.01,6.93,10.5,0.18,-0.03,0.0,1
28.37,7.25,10.9,0.29,-0.04,0.2,1
28.8,6.84,14.4,0.12,0.02,-1.1,1
29.05,7.3,10.2,-0.34,0.0,-0.1,1
28.89,6.64,24.3,0.06,0.0,-0.3,1
30.44,7.37,5.8,0.17,-0.02,0.3,1
28.81,6.81,11.2,0.05,-0.04,-0.1,1
27.9,6.94,16.5,-0.11,0.01,1.1,1
28.57,7.37,8.3,0.05,0.03,-0.4,1
28.43,6.44,19.3,0.1,0.01,0.1,0
29.24,7.4,6.4,0.22,0.01,-1.1,1
25.9,6.71,15.2,-0.12,-0.01,0.0,1
30.07,7.55,3.7,-0.08,-0.02,0.1,1
28.12,6.62,17.3,-0.34,-0.01,0.5,0
28.25,7.06,10.2,0.01,0.03,-0.7,1
29.5,6.94,12.9,-0.12,-0.02,-1.0,1
28.62,6.99,10.2,-0.04,-0.04,-0.1,1
30.49,7.12,11.5,-0.28,-0.05,0.4,0
25.89,7.02,5.6,0.3,0.01,1.5,1
30.13,6.87,15.5,-0.09,0.02,-1.3,1
27.25,7.19,8.6,-0.26,0.03,-2.0,1
27.61,7.04,6.5,-0.07,-0.03,0.2,1
28.05,7.07,16.6,0.04,0.04,1.9,1
29.83,7.17,12.1,0.14,0.04,1.7,1
27.27,7.15,8.6,-0.09,-0.06,0.2,1
27.63,6.91,12.6,0.12,0.02,-1.1,1
28.34,8.02,8.6,0.1,0.9,-1.4,0
26.47,7.12,5.7,-0.28,0.01,-0.2,1
26.71,7.1,8.9,-0.09,-0.02,1.2,1
27.14,7.33,18.2,-0.19,-0.01,1.8,1
25.94,7.0,15.7,-0.06,-0.01,6.3,1
31.36,7.16,2.3,0.19,0.05,-1.7,0
33.08,7.4,4.6,-0.02,0.02,0.1,0
29.61,7.23,12.2,-0.22,-0.01,0.2,1
29.58,7.0,15.6,-0.23,-0.04,-1.8,1
30.32,7.25,9.5,0.0,-0.05,-0.4,1
27.4,6.8,15.8,0.24,-0.07,-0.4,0
28.33,6.8,16.0,0.19,0.02,-0.1,1
29.66,7.29,11.8,0.23,0.05,-0.6,1
29.94,7.07,14.1,-0.05,0.0,1.5,1
27.87,6.87,15.1,0.14,0.02,0.0,1
27.84,7.36,4.5,0.08,0.0,0.6,1
26.58,7.05,10.1,0.19,-0.01,-0.4,1
30.61,7.17,10.7,-0.02,-0.03,-1.2,1
27.88,6.96,14.4,0.11,0.02,-0.8,1
26.04,6.69,13.7,0.07,0.0,0.9,1
29.21,6.82,18.0,0.13,0.0,0.9,1
28.6,7.11,10.4,0.04,0.01,-0.2,1
27.82,7.07,15.4,-0.12,-0.48,-0.3,0
26.77,6.71,16.1,-0.34,0.0,-1.6,1
30.34,7.04,13.9,-0.25,0.0,0.1,1
27.75,7.25,4.0,0.27,-0.02,-0.3,1
28.9,7.33,6.8,-0.02,0.0,0.0,1
29.66,7.39,5.5,0.03,-0.05,0.0,1
29.57,7.11,12.8,0.14,0.03,0.0,1
30.05,7.3,5.7,-0.22,-0.03,0.8,1
32.84,7.05,13.7,0.2,0.0,-0.7,0
27.5,6.9,14.0,-0.02,-0.01,-0.2,1
27.98,6.92,13.6,0.59,-0.04,-0.5,1
27.74,6.77,10.5,-0.21,-0.01,1.2,1
30.43,6.63,19.1,0.08,0.02,-0.5,1
26.24,7.23,3.7,0.28,-0.01,0.3,1
26.03,7.28,5.2,0.26,0.0,-0.3,1
28.08,6.82,17.5,-0.15,-0.01,-0.8,1
26.35,6.7,13.4,-0.1,-0.01,-0.1,1
26.95,7.17,3.9,-0.12,0.02,-0.2,1
26.61,6.76,20.7,0.06,-0.04,0.8,1
31.78,7.31,11.1,-0.03,0.01,-1.6,0
30.93,7.35,9.5,-0.1,0.03,0.6,1
27.36,7.13,7.3,0.04,-0.01,0.1,1
27.74,7.27,9.6,-0.03,0.0,-0.2,1
26.6,7.08,7.3,0.12,0.0,-0.8,1
28.44,6.83,15.8,0.34,-0.02,-0.6,1
27.43,7.14,13.6,-0.06,0.0,-1.3,1
26.76,7.03,7.2,-0.47,-0.03,0.2,1
30.03,7.15,18.0,-0.04,0.03,0.8,1
30.26,7.2,9.3,0.03,0.01,-1.2,1
27.97,6.95,8.6,-0.22,0.02,-4.6,1
27.98,7.08,6.8,0.14,0.0,1.1,1
29.29,7.19,11.0,-0.26,-0.03,0.0,1
27.58,6.98,9.7,0.17,0.0,-0.9,1
30.83,7.41,8.4,0.05,0.04,1.9,1
26.78,6.7,14.7,0.19,-0.04,0.0,1
30.29,7.19,10.0,0.05,0.01,0.7,1
26.44,6.71,15.2,-0.09,0.02,0.6,1
30.56,6.96,16.4,-0.21,0.0,2.5,1
29.53,7.25,13.2,-0.38,0.0,0.0,1
25.7,7.16,3.9,-0.18,-0.04,-0.2,1
28.21,6.88,14.1,-0.02,-0.01,-0.1,1
28.95,7.27,6.5,-0.2,-0.02,0.3,1
28.64,6.89,16.9,0.23,0.04,1.7,1
28.07,6.95,13.3,-0.29,0.03,-0.6,1
30.33,7.2,9.1,0.25,-0.01,-0.9,1
26.05,6.8,15.5,0.17,0.01,2.8,1
27.74,7.24,6.0,-0.15,-0.01,0.6,1
28.9,7.32,6.9,-0.25,-0.03,-1.1,1
27.51,7.16,3.5,-0.28,0.03,-0.1,1
26.84,6.74,12.4,0.29,0.04,-0.2,1
27.13,6.75,15.1,0.01,0.03,-1.5,1
27.27,7.09,6.8,-0.07,-0.03,-0.4,1
27.67,7.21,6.2,0.27,-0.07,0.6,1
27.46,6.77,10.8,-0.05,0.0,-0.1,1
31.72,6.91,15.4,0.13,0.05,1.6,1
27.19,6.78,13.8,-0.21,0.01,0.5,1
30.16,6.88,16.2,0.15,0.04,-1.4,1
28.01,6.74,14.1,-0.11,0.03,-1.1,1
29.49,6.8,14.4,0.08,0.01,-0.8,1
30.52,7.32,14.4,-0.16,-0.04,0.9,1
28.14,7.13,7.1,-0.01,-0.03,-0.4,1
26.41,6.65,14.7,-0.26,-0.02,-1.4,1
26.38,7.27,4.1,0.22,-0.01,0.4,1
28.97,7.1,11.0,-0.34,-0.03,-0.2,0
25.92,6.88,14.9,0.12,0.01,0.0,1
30.81,6.73,18.8,-0.01,0.01,-29.4,0
28.02,7.26,8.5,-0.21,0.02,1.2,1
28.72,7.32,5.4,0.25,0.03,-0.7,1
27.46,7.08,9.6,0.01,-0.06,0.6,1
29.12,7.2,9.6,-0.03,0.0,-0.8,1
26.48,7.25,3.8,-0.05,0.0,0.3,1
26.67,7.05,9.8,-0.14,0.01,-0.2,1
26.37,7.09,8.5,0.0,0.01,0.1,1
27.83,7.16,4.9,0.09,0.0,1.4,1
27.56,6.73,17.5,-0.02,0.0,0.7,1
27.1,7.22,6.6,0.0,-0.03,0.5,1
26.11,6.78,21.4,-0.09,-0.04,-0.6,1
26.94,6.74,17.8,-0.06,-0.02,-0.4,1
28.12,6.88,11.7,0.19,0.02,0.6,1
27.38,7.03,9.2,-0.13,0.02,0.2,1
28.9,7.07,8.1,0.27,0.03,-1.0,1
26.76,6.71,16.5,-0.21,0.0,0.4,0
28.36,7.24,11.3,0.19,0.02,1.0,1
27.5,7.26,3.1,-0.18,0.0,-0.3,0
29.9,6.87,16.6,0.04,0.02,0.4,1
26.96,6.95,12.9,0.19,-0.01,-1.1,1
30.31,7.15,9.7,0.09,-0.07,-0.6,1
28.53,7.32,9.0,-0.08,-0.02,0.2,1
29.87,7.11,14.6,0.12,0.04,0.9,1
27.58,6.93,15.3,0.22,0.0,2.6,1
26.71,7.0,23.2,-0.17,0.01,0.8,0
26.19,7.13,5.0,-0.02,-0.03,-1.0,1
26.82,6.84,9.5,-0.14,-0.02,0.3,1
30.82,7.35,6.3,0.01,0.0,-0.3,1
27.99,7.27,7.0,0.02,-0.01,1.2,1
29.59,7.0,16.6,-0.1,0.0,-1.3,1
30.58,6.54,18.9,0.2,-0.01,0.3,1
26.06,6.98,8.9,0.22,-0.04,-0.6,1
27.55,6.95,12.0,0.23,-0.01,-0.6,1
29.3,6.93,18.4,-0.39,0.01,1.2,1
29.1,6.78,18.6,-0.18,-0.04,0.3,1
30.88,7.5,4.7,-0.15,0.03,0.1,1
26.54,7.28,3.3,-0.06,-0.03,-0.2,1
28.94,7.47,7.5,-0.27,0.11,0.6,1
25.37,7.03,7.5,-0.45,0.06,-0.8,1
28.0,7.25,11.7,-0.39,-0.01,1.1,1
26.74,6.89,11.3,0.32,0.01,-0.3,1
30.19,6.83,18.7,1.56,-0.04,0.5,1
30.26,6.85,19.0,0.01,-0.06,0.9,1
27.41,6.84,22.6,0.05,-0.01,-1.1,1
30.18,6.76,28.1,-0.23,0.02,3.7,0
26.83,6.85,11.4,0.19,-0.01,0.0,1
26.52,7.04,8.2,0.02,0.02,-0.3,1
27.96,7.24,4.0,0.07,0.05,-3.2,1
27.13,6.63,15.7,0.01,-0.01,-1.5,1
32.04,7.41,8.0,0.34,0.0,0.2,0
28.25,7.22,3.2,-0.02,-0.03,0.1,1
28.54,7.0,12.7,-0.13,-0.03,-3.1,1
30.2,7.11,12.7,0.08,-0.01,1.4,1
27.25,7.08,10.3,-0.19,0.01,-0.3,1
25.3,6.62,28.1,-0.86,-0.08,-0.8,0
29.31,6.83,19.7,-0.02,0.06,0.3,1
28.47,7.34,8.2,0.13,0.01,0.2,1
29.99,7.69,12.8,0.06,-0.03,1.6,1
29.46,6.9,12.0,0.2,0.01,-0.3,1
30.66,7.26,10.8,0.01,-0.03,0.5,1
32.35,7.32,7.9,-0.17,-0.01,-0.2,0
28.85,7.46,6.1,-0.31,0.0,0.3,1
27.34,7.27,11.6,-0.16,-0.05,1.4,1
26.63,7.09,5.5,2.69,0.02,-0.3,0
27.45,6.87,16.1,-0.24,0.01,1.0,1
27.29,6.87,16.3,-0.11,0.02,0.1,1
26.19,7.33,5.9,0.1,0.11,-0.7,1
25.87,6.86,14.1,-0.14,0.01,-1.0,1
26.12,6.83,20.1,-0.13,-0.02,-1.2,1
26.71,7.08,9.9,-0.03,0.04,-0.7,1
28.47,6.83,13.5,0.37,-0.07,-0.2,1
28.58,7.17,5.1,-0.17,-0.04,0.4,1
27.21,7.14,8.1,-0.15,0.01,0.8,1
26.61,7.01,12.5,-0.12,-0.04,4.1,1
26.6,7.13,6.1,-0.04,-0.01,0.5,1
27.36,6.99,11.8,0.24,0.05,-0.1,1
31.93,7.32,8.0,0.35,0.01,-0.4,1
27.03,7.24,8.9,0.1,-0.04,1.2,1
27.25,7.08,11.3,0.02,0.02,-0.9,1
30.55,7.18,11.1,0.38,-0.05,1.1,1
27.15,7.33,6.3,0.16,0.02,-1.1,1
30.41,7.31,8.8,0.0,-0.05,1.4,1
28.35,7.05,10.4,0.23,0.0,0.2,1
28.63,6.87,18.2,-0.2,-0.01,0.8,1
26.25,6.85,21.3,-0.37,0.02,-0.7,0
27.87,6.88,17.6,-0.19,-0.04,0.7,1
26.96,6.99,7.0,0.05,-0.01,0.3,1
27.33,7.01,15.0,-0.3,0.03,0.0,1
25.96,6.67,17.7,-0.03,-0.03,1.4,1
29.6,7.22,21.3,-0.01,0.05,-4.1,1
29.98,7.56,7.5,-0.09,0.01,3.8,1
30.09,6.79,15.6,-0.08,0.02,-0.8,1
29.16,7.2,7.2,0.29,0.03,-0.1,1
27.23,6.73,14.7,0.35,0.03,0.0,1
27.58,6.87,17.5,-0.11,0.01,-0.3,1
26.89,7.2,8.4,-0.26,-0.01,-1.4,1
26.3,7.22,16.7,-0.21,-0.07,-0.1,1
26.55,6.99,13.0,0.22,-0.04,0.2,1
28.21,6.91,10.4,0.2,0.01,-0.5,1
26.63,6.59,16.3,-0.1,-0.07,0.0,1
27.56,7.16,9.6,0.06,0.02,0.4,1
28.08,6.99,12.9,0.29,0.01,-0.2,1
26.36,6.8,13.6,-0.16,0.01,0.0,1
26.82,7.13,7.2,0.27,-0.01,0.7,1
28.26,7.23,6.8,-0.06,-0.02,-0.1,1
30.83,7.04,12.5,0.33,-0.02,-0.1,1
30.77,7.29,8.5,0.16,-0.02,-0.2,1
27.73,6.98,10.8,-0.04,-0.01,0.0,0
26.91,7.01,9.5,-0.12,-0.03,0.1,1
30.69,7.34,5.8,0.16,-0.03,-1.2,1
26.92,6.92,12.6,-0.03,0.05,1.3,1
31.84,7.35,8.9,-0.41,-0.05,0.4,1
26.75,6.66,13.0,0.18,0.04,0.0,1
26.17,6.6,15.6,-0.09,0.0,0.3,1
28.06,7.11,22.6,-0.11,0.04,0.5,1
29.25,7.37,13.9,-0.06,0.0,-0.9,1
26.01,6.81,13.0,-0.11,0.0,0.3,1
27.59,6.94,5.7,0.13,0.05,1.1,1
30.54,7.05,11.4,-0.03,-0.02,0.0,1
28.32,7.36,3.9,0.06,0.01,0.2,1
28.9,7.08,12.4,0.34,0.01,1.0,1
29.22,6.82,18.2,-0.02,-0.05,0.0,1
27.35,6.84,22.8,-0.18,-0.08,-0.2,1
27.4,7.09,13.3,0.7,-0.03,-1.2,1
26.24,6.94,11.1,-0.05,-0.02,-0.4,1
29.68,7.08,11.7,0.11,-0.03,-1.1,1
26.16,7.03,10.1,0.03,-0.04,-1.1,1
27.75,6.73,16.5,0.23,-0.01,1.4,1
27.4,7.03,10.7,0.06,-0.02,3.6,1
29.08,7.24,17.2,0.27,0.04,-1.5,1
28.83,7.19,23.7,-0.19,0.01,0.8,0
32.07,6.99,14.7,-0.13,-0.03,0.5,1
29.9,7.41,8.1,0.06,-0.02,1.1,1
30.13,6.93,15.0,0.2,-0.01,0.3,1
32.17,7.04,13.7,-0.11,0.01,0.2,0
25.92,6.79,11.6,0.1,-0.03,-1.8,1
27.49,6.82,13.2,-0.07,-0.01,0.2,1
29.06,7.51,4.8,0.17,-0.01,-0.8,1
29.6,6.78,19.3,0.21,0.17,2.4,1
29.58,7.06,13.9,0.02,-0.01,1.5,1
26.38,6.75,14.9,0.25,0.05,-1.1,1
26.68,7.17,8.6,0.16,0.01,2.4,1
27.95,6.99,9.8,-0.02,-0.01,-0.4,1
27.99,6.9,17.7,-0.26,0.0,-1.4,1
28.15,7.16,7.5,-0.08,0.01,1.6,1
28.39,7.06,13.2,0.3,0.01,0.3,1
27.0,6.71,16.6,-0.15,-0.03,0.9,1
29.14,7.06,10.8,-0.27,-0.05,0.0,1
28.7,7.18,16.7,-0.01,0.0,0.2,1
26.99,6.7,13.0,0.09,-0.04,-0.9,1
30.32,7.25,8.8,0.0,0.0,0.7,1
29.83,7.08,24.0,0.03,-0.03,-3.4,1
30.14,7.25,14.6,0.14,-0.01,0.6,1
27.1,6.96,13.2,-0.21,0.01,0.3,1
27.19,6.93,10.6,1.2,0.11,1.5,1
27.89,6.46,16.3,-0.32,0.01,-0.6,0
31.7,7.41,7.8,0.05,0.0,0.8,0
26.81,7.27,3.1,-0.05,-0.01,0.1,1
29.4,6.87,14.7,0.1,0.01,0.3,1
27.12,7.17,20.5,-0.49,0.01,-0.1,0
27.5,6.86,10.5,-0.08,-0.01,0.6,1
29.08,6.85,18.9,-0.17,0.01,0.1,1
28.91,6.75,14.8,-0.31,-0.06,0.3,1
28.69,7.33,8.8,0.05,0.03,-0.8,1
27.11,7.0,12.5,-0.34,-0.01,-0.1,1
26.68,7.1,12.2,0.15,-0.01,0.8,1
26.42,6.88,11.6,-0.13,0.02,-0.7,1
29.44,7.34,11.3,-0.19,0.0,1.4,1
28.5,7.41,3.2,0.23,-0.01,0.0,1
30.48,6.75,15.9,-0.04,0.0,-0.7,1
26.9,6.97,14.9,0.26,0.03,0.5,1
29.33,7.07,9.4,0.2,0.01,-1.9,1
29.84,7.13,24.4,-0.11,0.01,6.7,1
32.16,6.98,15.1,0.28,0.01,0.9,0
26.99,6.52,20.7,0.02,-0.08,0.9,0
27.53,7.02,14.3,-0.17,-0.02,0.9,1
28.61,6.72,18.1,0.02,0.08,-1.2,1
28.42,7.18,9.9,0.01,-0.02,1.0,1
27.07,6.84,11.8,0.05,0.0,-0.6,1
27.77,7.2,14.7,-0.07,0.02,2.7,1
30.74,7.37,6.7,0.12,0.02,0.8,1
31.12,7.43,6.5,-0.06,0.05,0.2,1
29.84,7.23,9.5,0.13,0.04,-1.0,1
27.04,6.65,13.7,0.05,-0.05,0.7,0
28.23,7.2,9.1,-0.13,0.0,-0.4,1
26.64,6.52,17.8,0.04,0.03,-0.3,1
31.61,7.17,8.6,0.36,-0.02,1.1,1
28.29,6.55,15.6,-0.06,-0.05,1.0,1
28.17,7.1,10.1,0.04,-0.01,-0.2,1
29.02,6.67,16.3,0.06,0.0,0.0,1
28.91,6.81,17.7,-2.18,-0.04,-0.6,0
26.75,7.14,6.6,-0.3,-0.02,-0.5,1
29.18,6.73,14.5,0.07,-0.01,-0.8,1
29.98,6.92,11.3,-0.05,0.07,-0.6,1
26.85,7.26,5.0,-0.15,0.06,-0.2,1
27.95,7.19,21.2,0.12,0.05,-1.0,1
26.39,7.0,8.0,0.11,0.02,-0.9,1
26.39,6.98,16.4,-0.03,-0.04,3.1,1
27.66,7.03,8.3,-0.14,0.0,-0.5,1
28.04,7.04,13.9,-0.15,-0.02,0.2,1
28.03,6.56,15.2,-0.25,-0.11,0.6,1
27.56,7.25,7.4,-0.3,0.0,-0.1,1
28.31,7.21,4.4,0.11,0.03,-0.6,1
27.28,6.89,10.1,0.1,0.03,0.1,1
26.3,6.83,11.3,0.2,0.0,0.4,1
29.48,7.1,9.8,-0.13,0.01,-0.9,1
28.16,7.24,8.8,-0.02,0.02,1.1,1
30.24,7.18,9.3,0.07,-0.01,-1.0,1
28.1,7.79,15.5,-0.22,0.13,-1.3,1
26.96,7.16,4.7,-0.07,0.0,-0.1,1
29.84,7.01,15.0,-0.13,-0.03,-0.3,1
28.25,6.9,19.1,0.27,0.02,-0.9,1
27.27,7.23,3.7,-0.01,-0.01,-0.7,1
28.25,7.04,7.1,-0.03,0.02,-0.6,1
27.09,6.89,8.5,-0.22,0.01,-0.4,1
30.43,6.85,16.4,0.22,-0.04,0.7,1
29.95,7.37,6.7,-0.02,-0.01,-0.4,1
27.3,7.11,8.1,-0.21,-0.01,-1.5,1
27.87,7.24,8.4,0.07,0.01,0.1,1
28.95,6.59,19.3,0.37,0.0,0.2,1
28.43,6.88,17.0,-0.01,0.03,1.5,1
29.4,7.1,11.8,0.02,-0.04,0.5,1
31.09,6.95,17.0,0.0,-0.05,-0.9,1
31.67,7.13,13.7,-0.01,0.07,0.5,1
27.08,6.57,17.3,-0.2,0.02,-0.3,1
27.22,7.34,20.0,0.0,-0.01,-0.1,1
28.38,6.69,17.2,0.21,-0.1,-2.3,1
27.0,6.81,13.8,-0.25,-0.01,-1.5,1
28.25,6.79,15.3,0.12,-0.04,1.5,1
30.47,7.49,5.0,0.03,0.01,-1.0,1
25.55,6.82,14.9,-0.17,-0.05,1.4,1
28.59,7.15,10.6,-0.02,0.08,-0.1,1
28.35,6.72,13.9,0.13,-0.57,-0.4,0
27.95,7.25,5.8,-0.19,0.02,0.3,1
28.39,7.04,11.5,0.03,0.01,0.0,1
27.34,6.84,10.1,-0.16,0.02,-0.2,1
26.31,7.17,7.7,0.27,0.07,0.3,1
26.43,7.14,6.4,0.15,0.02,-0.4,1
27.51,6.89,13.7,-0.21,0.01,-1.3,1
27.54,7.09,4.4,-0.26,-0.02,0.3,1
28.24,7.93,16.2,-0.22,0.35,0.3,1
29.81,7.09,14.4,-0.47,0.0,0.0,1
26.71,7.01,13.0,0.13,0.03,-0.2,1
27.12,7.23,28.4,-0.09,-0.04,2.0,0
26.35,6.78,14.2,0.17,0.0,-1.0,1
26.91,6.9,11.0,0.34,0.11,-0.1,1
30.17,7.18,14.4,-0.12,-0.01,-0.8,1
28.22,6.87,14.8,0.1,0.0,-0.1,1
24.73,7.13,19.6,-0.17,-0.04,0.7,0
31.97,7.02,13.8,-0.13,-0.01,0.1,0
27.21,6.58,19.9,0.27,0.06,1.0,1
25.88,7.29,6.3,0.12,0.05,0.0,1
28.77,6.76,18.4,0.0,-0.04,-1.3,1
27.24,6.8,17.3,0.16,0.0,1.2,1
26.5,7.21,8.2,0.03,-0.01,0.8,1
26.14,6.82,13.4,0.05,-0.01,1.4,1
27.18,6.92,7.1,0.22,0.0,-0.4,1
28.5,7.11,10.2,0.01,0.0,-0.3,1
26.78,7.12,8.7,0.21,0.04,-0.1,1
25.42,6.98,16.3,0.03,0.05,-1.0,1
27.32,6.96,12.6,-0.01,0.0,-1.1,1
26.68,7.05,8.6,0.19,0.08,0.5,1
29.53,7.31,7.7,-0.13,0.02,0.8,1
31.64,7.41,8.0,0.26,0.04,-0.6,1
28.54,6.68,17.0,-0.23,0.02,0.2,1
26.6,7.34,5.8,-0.24,-0.03,-2.0,1
29.21,6.88,16.5,0.03,0.0,-0.2,1
27.74,7.3,2.8,-0.1,-0.03,-0.8,1
26.91,6.85,9.9,-0.04,-0.04,-0.7,1
30.0,7.2,10.1,-0.28,-0.02,1.9,1
29.7,6.83,14.1,0.09,-0.03,-0.9,1
29.07,7.04,11.9,0.45,0.03,0.7,1
27.36,7.46,6.4,-0.13,0.01,-0.3,1
26.19,6.69,15.7,-0.33,0.01,-1.6,1
28.52,7.25,6.8,0.19,-0.04,0.0,1
27.12,7.06,12.3,0.0,0.01,0.9,1
27.86,6.61,16.6,0.11,-0.06,-0.2,1
30.29,7.15,11.2,0.04,-0.03,0.2,1
27.12,7.24,5.1,-0.01,0.0,0.7,1
28.77,6.66,16.8,0.3,-0.01,0.2,1
25.98,6.94,12.8,-0.24,-0.03,-0.5,1
26.15,6.89,11.4,0.01,-0.01,0.4,1
32.52,7.07,13.4,0.02,0.04,0.4,1
29.26,7.3,7.3,0.26,0.0,1.6,1
27.74,6.98,6.1,0.15,-0.02,0.0,1
30.08,7.24,8.2,0.31,0.02,-0.6,1
30.45,7.33,11.4,-0.06,0.11,1.3,0
29.15,7.35,8.0,-0.19,-0.01,-0.5,1
27.72,7.4,5.3,-0.29,0.01,-1.0,1
27.93,6.68,19.3,0.1,-0.05,-0.3,0
25.98,6.97,10.0,0.33,0.01,0.7,1
30.11,6.67,20.3,0.01,0.09,1.4,1
28.13,6.87,16.4,0.41,-0.02,1.0,1
27.16,7.29,7.7,-0.45,0.01,-1.6,1
27.84,6.97,14.6,-0.26,-0.03,0.0,1
27.94,7.26,2.8,0.05,0.47,-14.3,1
28.94,6.73,17.3,0.04,0.02,0.2,0
30.15,7.24,6.4,0.26,-0.07,0.5,1
28.02,6.55,7.3,0.14,0.0,-0.7,0
27.92,7.25,5.4,0.25,0.04,-0.8,1
28.98,7.08,9.1,-0.06,0.02,-1.3,1
27.3,7.4,2.4,-0.09,0.0,-0.1,1
28.75,7.21,4.7,-0.36,-0.01,-0.2,1
27.61,7.28,9.3,-0.14,-0.01,0.0,1
29.13,6.94,10.1,-0.04,0.02,-0.3,1
28.59,7.12,12.4,-0.02,0.05,0.7,1
30.29,7.46,7.5,0.0,0.05,-1.8,1
26.4,6.77,13.2,0.04,0.0,0.4,1
26.33,6.74,11.1,-0.01,-0.01,-0.9,1
26.87,6.85,9.7,0.05,0.01,0.2,1
31.26,6.8,19.8,0.09,0.03,1.3,1
27.98,6.67,18.2,-0.06,-0.04,-1.4,1
28.59,7.21,16.1,-0.11,0.03,-0.6,1
26.26,6.96,9.8,-0.15,-0.02,-0.3,1
29.4,6.92,18.4,-0.12,-0.02,-0.3,1
26.93,6.84,29.0,-0.11,-0.03,-0.5,0
27.25,6.96,14.3,0.35,-0.01,-0.6,1
28.01,6.8,16.8,0.05,-0.01,-0.7,1
27.82,7.4,5.5,-0.03,-0.03,-0.3,1
26.69,6.6,14.8,-0.01,0.01,0.4,1
28.83,7.39,13.9,-0.42,-0.03,-0.3,1
27.01,7.24,9.3,0.25,-0.01,0.0,1
29.9,7.06,9.8,-0.06,-0.06,-0.2,1
29.95,6.85,14.7,0.16,-0.05,-0.4,1
27.3,6.5,21.1,0.1,-0.01,0.7,0
27.95,6.82,17.1,-0.26,-0.05,0.8,1
27.43,7.34,13.8,-0.14,-0.07,1.3,1
27.14,7.23,13.6,-0.32,0.01,0.0,1
32.32,7.02,13.6,0.35,0.0,-0.2,0
26.27,6.85,13.9,-0.27,-0.05,0.1,1
26.61,6.88,15.9,-0.07,-0.05,1.3,1
27.25,7.24,6.3,0.08,-0.03,-1.5,1
28.79,6.74,19.1,0.43,-0.05,0.3,1
28.51,7.3,7.8,0.33,-0.05,2.4,1
28.79,7.39,9.1,0.14,-0.02,0.2,1
25.85,6.8,11.7,0.41,-0.03,-1.1,1
26.21,7.09,7.5,0.0,0.02,0.0,1
26.22,6.07,20.5,-0.09,0.11,-1.3,0
28.4,6.8,16.4,0.1,-0.01,0.3,1
27.74,6.72,17.0,-0.36,-0.02,-0.7,1
27.39,7.15,7.3,-0.17,-0.08,0.8,1
26.6,7.03,9.4,-0.2,-0.07,-0.2,1
28.21,6.93,20.5,0.09,-0.01,3.7,1
31.03,7.16,13.6,-0.19,-0.01,0.1,1
30.15,7.07,11.2,-0.04,0.09,-1.1,1
30.73,7.62,4.3,0.14,0.11,-0.6,1
31.17,7.26,9.0,0.04,0.0,-0.2,1
29.03,7.44,9.2,-0.19,0.06,1.2,1
28.04,7.26,8.9,0.04,0.02,2.9,1
30.4,7.33,18.9,-0.12,-0.02,4.9,1
30.12,7.07,11.0,-0.29,0.02,0.2,1
32.16,7.46,9.2,-0.02,0.01,1.2,0
29.59,7.22,13.0,-0.05,0.0,-0.2,0
26.49,6.85,14.3,-0.08,-0.16,-0.1,1
32.53,7.24,11.9,-0.22,-0.03,-0.7,0
32.62,7.08,12.1,-0.02,0.0,0.0,0
27.08,6.81,14.8,0.05,0.06,-0.7,1
29.33,6.92,16.6,0.24,0.0,-0.2,1
29.02,6.92,15.9,-0.07,-0.02,-0.4,0
29.49,6.63,18.5,0.16,-0.08,0.0,1
27.53,6.64,22.4,0.4,0.01,-0.5,0
28.15,6.91,14.9,-0.01,-0.03,0.4,1
27.94,7.55,15.7,0.08,-0.03,-0.3,1
28.4,7.04,13.7,-0.13,-0.02,0.8,1
28.16,7.1,13.5,-0.04,0.0,-0.8,1
27.28,7.24,4.4,-0.41,0.0,-0.3,1
30.18,6.71,22.3,-0.16,-0.13,1.1,0
30.23,7.48,3.8,0.07,0.0,-0.1,1
30.42,7.39,6.1,-0.02,0.02,0.3,1
27.82,7.07,13.6,-0.04,-0.09,-1.4,1
26.84,7.34,3.2,-0.03,0.03,0.0,1
28.89,6.88,13.4,-0.29,-0.05,0.6,1
30.48,7.36,5.5,0.2,0.0,0.0,1
28.23,6.83,18.3,0.05,-0.03,0.8,1
26.6,7.34,6.1,0.23,0.05,0.5,1
29.28,7.25,6.8,0.15,0.02,0.3,1
30.44,7.41,5.6,-0.01,0.01,0.8,1
25.96,7.03,9.1,-0.01,-0.05,-0.3,1
29.31,7.43,18.5,-0.13,0.01,0.4,1
27.4,6.67,17.5,-0.22,0.02,-0.8,1
26.74,7.04,10.6,0.08,-0.01,0.3,1
31.81,7.3,12.7,0.22,-0.05,1.1,0
26.66,7.11,8.4,0.5,0.04,0.3,1
28.27,7.37,6.4,0.21,0.04,-0.5,1
28.91,6.86,14.1,0.15,0.02,-0.7,1
25.88,6.94,11.4,-0.06,-0.02,-0.5,1
27.75,6.52,16.1,0.25,0.01,0.1,0
26.77,6.94,12.6,0.08,-0.02,1.4,1
25.85,7.25,4.9,-0.1,-0.03,1.0,1
27.43,6.84,12.1,0.29,-0.04,1.5,1
31.58,7.27,11.5,-0.09,-0.02,-0.4,1
30.84,7.32,2.8,0.19,0.0,0.0,1
28.47,6.79,19.4,-0.36,-0.03,1.7,1
31.35,7.19,12.7,-0.05,-0.05,0.4,1
27.45,7.37,7.0,0.19,-0.02,0.3,1
27.91,6.61,15.1,0.02,-0.01,0.7,1
25.66,6.77,15.1,-0.36,0.0,0.2,1
26.35,6.9,10.1,0.1,-0.01,-0.5,1
25.78,6.77,14.3,0.08,-0.04,0.3,1
31.35,6.86,13.4,0.11,0.04,-0.6,1
28.73,7.2,8.4,0.04,0.02,-0.8,1
27.37,6.89,16.1,0.09,0.01,-0.3,1
24.93,7.23,8.5,-0.24,0.03,-3.7,0
29.15,6.98,10.4,0.13,0.01,0.5,1
25.53,6.56,19.0,0.11,-0.01,1.4,1
30.6,7.34,5.7,0.02,-0.05,-0.4,1
30.57,6.67,21.7,-0.14,-0.03,0.7,0
26.31,6.93,13.9,-0.14,-0.01,-0.7,1
26.72,6.98,9.3,-0.01,0.0,0.7,1
28.28,7.18,8.0,0.12,0.01,0.1,1
27.0,6.93,15.1,0.0,0.0,-0.6,1
25.56,6.98,12.2,0.0,0.0,-0.6,1
25.71,7.21,5.9,-0.01,0.03,0.1,1
29.29,6.7,15.1,0.13,0.07,-0.5,1
25.8,6.78,12.4,-0.08,-0.02,-0.9,1
25.59,6.98,11.6,-0.23,-0.03,0.2,1
25.65,7.18,4.1,-0.15,0.01,-0.3,1
29.98,7.0,15.0,-0.09,0.04,-0.6,1
27.27,7.24,3.8,-0.25,-0.06,-3.2,1
29.25,6.93,4.1,-0.38,0.26,-13.9,1
27.51,7.39,2.4,0.13,-0.02,0.6,1
25.68,6.84,13.6,0.04,-0.02,-0.1,1
27.48,7.33,8.5,0.38,0.04,-1.3,1
27.45,6.96,14.9,-0.23,-0.03,-1.2,1
26.31,6.8,28.2,0.02,0.01,0.7,0
29.58,6.99,14.8,-0.13,-0.01,-0.1,1
29.4,7.47,5.3,-0.13,-0.01,-0.4,1
30.39,6.73,21.7,-0.3,0.02,0.0,1
25.86,6.84,12.6,0.0,-0.02,-1.2,1
25.82,7.07,11.7,-0.12,-0.08,0.6,1
27.59,7.3,3.2,-0.15,0.0,0.4,1
26.46,7.25,4.2,-0.18,0.02,-0.5,1
29.56,7.1,11.0,-0.23,0.0,-0.4,1
27.69,6.88,19.9,-0.43,0.11,-1.4,1
30.51,6.93,8.8,0.22,-0.12,-1.1,1
30.18,7.12,8.4,0.19,-0.02,-0.9,1
27.69,7.29,5.8,-0.13,-0.03,0.5,1
28.38,7.4,5.3,0.16,0.01,0.2,1
28.16,7.23,10.8,-0.38,-0.05,0.5,1
27.37,7.21,24.3,-0.08,-0.01,1.7,0
32.47,7.34,4.5,0.01,0.01,0.0,0
27.5,6.68,16.1,0.04,0.06,-0.4,1
29.15,6.72,13.9,-0.36,0.0,-0.3,1
26.58,6.61,15.3,-0.04,-0.03,-0.3,1
26.03,7.05,11.3,-0.2,-0.01,-0.1,1
28.93,7.27,7.0,0.29,0.02,-0.2,1
28.77,7.1,11.3,-0.21,0.06,0.0,1
27.93,6.88,15.2,0.56,-0.01,-0.9,1
29.07,7.13,19.0,0.08,-0.03,0.1,0
25.54,6.96,10.1,0.06,0.02,-0.9,1
26.6,6.66,16.3,0.18,0.04,-0.2,1
27.39,7.0,6.3,-0.04,-0.04,0.2,1
26.17,7.21,20.9,-0.2,-0.02,0.2,1
27.22,6.66,15.1,-0.1,-0.04,0.5,1
27.32,7.13,5.4,-0.36,0.06,1.3,1
28.99,6.63,19.5,0.09,0.02,1.8,1
24.23,6.95,11.9,-0.06,0.04,0.0,0
27.56,6.62,16.0,-0.18,0.01,0.0,1
27.07,7.11,6.1,0.25,-0.01,-0.4,1
25.76,7.09,7.4,0.12,0.0,0.6,1
27.84,7.23,9.0,0.47,-0.03,1.5,1
27.35,6.85,24.3,-0.15,-0.01,0.0,0
30.4,7.02,12.3,-0.25,-0.02,0.9,1
30.86,7.16,9.1,0.04,-0.03,0.5,1
28.59,6.66,15.1,0.56,0.1,-0.1,1
30.77,6.96,13.9,0.11,0.06,-0.7,1
28.73,6.97,10.7,0.11,-0.01,-0.5,1
28.04,6.59,23.3,0.3,-0.02,5.7,0
28.05,7.03,8.1,-0.02,-0.01,-3.8,1
27.34,7.15,20.9,-0.2,-0.03,-0.3,1
29.24,7.07,9.7,0.19,0.0,-0.2,1
27.27,7.05,10.3,0.01,0.01,-0.2,1
29.55,7.23,10.4,-0.42,0.11,-0.2,1
26.07,7.1,7.8,0.31,-0.03,-0.1,1
28.22,7.21,4.6,-0.18,-0.01,0.7,1
26.17,6.79,12.6,0.34,0.03,1.2,1
26.16,6.7,28.9,-0.06,0.02,-0.2,0
26.7,7.05,5.7,-0.05,0.07,-0.1,1
28.02,6.58,15.3,-0.03,0.02,0.0,1
26.83,7.16,5.4,0.03,0.01,1.2,1
26.91,8.7,5.0,0.1,-0.08,-0.3,0
27.04,7.3,13.4,0.13,0.0,0.1,1
28.33,6.89,14.5,0.03,-0.02,0.2,1
28.06,6.88,10.8,0.22,-0.01,0.7,1
26.91,7.0,6.7,-0.31,0.01,0.1,1
27.92,7.16,11.0,-0.2,0.05,0.9,1
30.41,7.48,5.1,-0.12,-0.03,0.0,1
29.94,6.89,17.1,-0.13,-0.03,0.2,1
26.14,6.94,9.0,0.0,-0.01,-0.9,1
26.48,6.87,8.9,0.05,0.03,0.7,1
29.87,7.52,6.5,-0.04,0.0,0.1,1
26.68,7.14,9.2,-0.17,0.0,-0.1,1
26.31,7.13,5.7,0.14,-0.01,-2.2,1
27.55,7.13,7.2,0.17,0.01,-0.6,1
29.24,6.8,15.6,-0.3,0.01,-0.5,1
27.12,7.31,6.8,0.23,-0.03,0.7,1
30.09,7.53,4.1,0.06,0.04,-0.5,1
30.66,6.9,14.6,0.13,-0.09,-0.7,1
26.68,7.36,3.1,0.03,-0.02,-0.2,1
26.66,6.73,12.5,-0.06,0.02,0.7,1
28.17,6.55,20.2,-0.22,0.01,0.4,0
28.15,7.29,8.1,0.36,0.0,0.5,1
29.77,6.99,12.2,0.05,-0.03,0.5,1
27.71,7.24,8.0,0.0,-0.16,-0.6,1
26.83,5.85,26.0,0.07,0.15,3.7,0
29.5,6.8,23.9,-0.47,0.0,0.7,0
25.63,6.86,13.3,-0.05,0.02,-0.3,1
26.7,6.64,25.7,-0.12,-0.21,-1.9,0
28.71,7.18,16.5,-0.02,0.02,0.1,1
27.49,6.86,16.4,0.04,-0.01,0.3,1
29.69,6.89,15.7,-0.14,-0.1,1.0,1
27.64,6.75,21.1,-0.13,0.08,2.0,1
26.89,7.27,3.6,0.08,0.0,0.5,1
27.16,7.24,5.9,-0.19,-0.01,-1.8,1
28.82,7.33,8.1,0.03,0.1,-0.1,1
29.9,7.41,7.6,0.0,0.0,-0.5,1
28.97,6.75,15.2,-0.27,-0.05,-1.8,0
26.43,6.88,11.3,-0.01,-0.01,0.0,1
25.47,7.14,3.4,0.02,-0.01,-0.4,1
27.83,7.06,8.5,0.32,0.02,-1.0,1
30.75,7.19,10.4,0.41,-0.01,-0.5,1
26.77,7.17,8.2,0.18,0.0,0.1,1
28.09,6.61,18.0,0.04,0.03,-1.6,1
28.77,6.61,31.0,0.0,0.0,0.7,0
26.79,7.05,8.8,0.25,-0.01,0.4,1
29.2,7.09,9.3,0.39,0.02,-1.0,1
28.25,6.7,17.6,0.36,-0.03,-0.7,1
29.46,7.53,6.0,-0.23,-0.02,-0.5,1
25.69,7.07,8.9,0.01,-0.02,0.4,1
29.78,7.02,9.9,0.16,0.0,-1.2,1
27.99,6.62,22.0,-0.05,0.03,-1.3,0
30.53,6.93,11.9,0.24,-0.03,-1.3,1
29.49,6.82,13.6,-0.11,-0.01,-0.5,1
27.81,6.3,21.4,0.11,-0.01,-0.7,0
30.61,7.16,12.3,0.42,0.03,-0.4,1
27.39,6.82,5.3,-0.57,0.27,-18.8,1
26.37,6.91,12.2,-0.28,-0.02,-0.5,1
28.55,7.03,12.4,-0.56,0.0,0.4,1
29.29,7.42,7.7,0.26,-0.02,-1.5,1
25.68,7.23,2.0,-0.04,-0.02,-1.0,1
29.25,7.4,7.8,-0.05,0.07,1.1,1
26.54,7.07,6.6,-0.1,0.01,0.7,1
27.65,7.18,6.7,-0.02,0.01,-0.5,1
26.55,6.57,16.3,0.11,0.01,0.0,1
26.24,7.2,4.0,0.09,0.01,1.0,1
31.72,6.5,21.6,0.13,-0.02,-0.4,0
30.59,7.04,13.8,0.0,-0.04,0.2,0
26.61,7.19,5.4,0.31,-0.01,-0.2,1
27.82,7.13,8.3,0.08,-0.01,-0.1,1
29.44,7.17,8.4,-0.29,-0.02,-0.3,1
28.37,7.07,11.1,0.07,0.0,-0.2,1
27.72,7.37,13.0,-0.02,-0.03,-0.7,1
26.48,7.2,8.2,0.17,-0.05,-0.9,1
30.24,7.23,10.6,0.05,-0.01,0.4,1
27.87,7.14,4.9,0.31,0.02,0.2,1
29.65,7.21,4.1,-0.13,0.01,-0.7,1
26.85,7.0,6.2,-0.01,0.02,0.1,1
28.06,6.81,17.2,0.16,0.04,0.7,1
27.32,7.03,4.8,0.11,0.01,-1.2,1
26.84,6.8,16.7,-0.09,0.02,1.9,1
32.26,7.34,8.5,0.13,0.0,0.4,0
27.38,6.63,16.7,0.26,0.0,0.0,1
32.68,7.56,1.8,0.02,0.02,-0.5,0
28.38,6.75,17.4,0.35,0.05,-0.5,1
26.82,6.86,11.7,-0.13,-0.07,0.5,1
26.67,7.04,4.1,-0.03,0.0,-0.1,1
27.21,6.93,9.1,0.12,-0.05,-1.1,1
26.88,7.2,18.9,-0.17,0.0,1.6,1
26.93,7.17,5.6,-0.06,-0.01,-0.8,1
26.11,6.78,12.7,0.17,0.01,0.9,1
26.3,6.56,20.1,0.09,0.05,-0.4,0
29.23,7.22,8.2,0.11,-0.02,0.5,1
26.44,6.98,8.9,-0.21,0.0,-0.2,1
27.1,7.0,14.1,-0.1,0.0,-0.1,1
26.59,7.15,5.8,-0.23,0.0,1.0,1
27.83,6.79,15.8,0.0,-0.01,0.2,1
26.75,6.65,22.1,-0.03,-0.01,-1.2,1
28.54,7.43,8.9,-0.25,0.04,-0.2,0
28.42,7.13,10.7,0.26,0.01,0.6,1
31.66,6.99,12.3,0.08,0.03,-0.1,1
29.26,7.03,11.5,0.06,-0.02,-0.7,1
29.61,7.41,5.9,0.3,0.04,0.4,1
27.35,7.21,10.4,-0.01,0.03,-0.5,1
27.24,7.05,9.6,-0.36,-0.01,-0.6,1
26.81,7.16,7.3,-0.32,0.0,-1.0,1
26.17,7.24,4.1,0.16,0.01,-1.9,1
29.89,7.05,13.1,-0.3,-0.01,-0.7,1
27.63,7.17,6.5,0.28,0.03,1.1,1
26.94,7.24,9.0,0.19,0.09,1.8,1
30.0,6.66,20.7,0.26,0.02,-1.7,1
29.99,7.18,9.5,-0.24,-0.03,-1.1,1
26.81,7.39,2.7,0.01,-0.03,0.2,1
28.36,6.63,16.4,-0.04,-0.03,-1.2,1
26.72,7.07,7.3,0.21,-0.03,0.2,1
26.46,7.1,11.7,-0.12,0.02,0.8,1
27.52,7.04,8.4,-0.05,0.0,-0.3,1
27.27,7.17,10.1,-0.08,-0.14,-0.6,1
26.75,6.61,17.0,0.12,0.01,0.5,1
27.75,7.05,16.5,0.35,-0.02,2.4,1
29.52,7.04,16.0,-0.05,0.03,-0.9,1
25.28,7.07,8.4,-0.14,-0.02,-2.6,1
27.62,7.12,9.8,-0.1,0.02,0.0,1
26.99,6.94,15.0,-0.29,0.0,0.0,1
29.93,7.36,5.7,0.09,-0.01,0.4,1
26.28,7.22,19.9,0.04,-0.04,-0.5,1
27.77,7.21,9.1,0.1,0.05,0.1,1
29.34,7.13,10.8,-0.08,0.02,-0.1,1
27.14,7.27,5.3,-0.07,0.01,-0.3,1
26.58,6.57,14.8,0.21,-0.05,0.2,1
27.19,6.9,11.5,-0.11,0.02,0.5,1
30.52,7.41,6.9,-0.21,0.01,1.5,1
26.29,6.7,13.5,-0.1,0.0,0.3,1
28.83,6.82,17.7,-0.08,0.01,0.0,1
28.28,7.16,6.0,0.05,-0.02,0.0,1
25.97,6.86,12.4,-0.03,0.01,0.4,1
30.05,7.49,5.4,0.11,-0.05,-0.5,1
27.96,7.15,9.7,-0.16,0.06,-0.1,1
27.41,7.02,8.3,-0.03,-0.03,0.0,1
25.86,7.1,8.7,-0.55,0.01,0.7,1
27.0,6.74,11.8,0.12,-0.04,0.6,1
30.91,6.68,18.3,-0.07,0.02,-1.0,1
28.05,7.03,9.0,-0.04,-0.04,0.3,1
29.39,7.16,8.7,0.09,0.01,-1.0,1
26.95,6.89,10.2,-0.06,0.0,0.2,1
30.17,6.97,11.7,-0.25,-0.03,-0.8,0
30.34,7.2,10.9,-0.06,0.08,1.0,1
27.01,6.74,14.1,0.21,-0.02,-0.1,1
28.34,7.88,8.8,0.0,-0.14,0.2,1
27.74,6.68,15.8,-0.02,0.01,-0.1,1
26.28,6.93,10.3,0.02,0.0,-0.2,1
28.38,6.84,15.1,0.04,-0.01,0.0,1
30.65,7.06,13.6,0.03,-0.03,0.8,0
30.34,7.09,10.9,0.16,0.04,0.1,1
26.14,6.93,12.7,0.04,-0.04,-0.8,1
26.92,7.14,23.1,0.13,-0.05,-0.1,0
28.64,7.4,24.7,1.5,0.12,-3.4,0
30.11,7.46,5.3,0.14,-0.02,0.9,1
27.75,7.15,9.3,-0.06,0.0,-2.6,1
26.02,7.15,3.6,-0.12,-0.01,0.4,1
27.93,7.11,11.5,-0.23,-0.01,-0.2,1
32.24,7.51,3.2,0.06,-0.02,0.4,1
27.43,6.66,17.7,-0.07,0.01,0.3,1
27.4,7.19,6.4,0.01,-0.02,-0.7,1
27.77,6.96,7.2,0.01,0.01,-0.3,1
27.29,6.61,20.1,0.16,0.0,5.0,1
26.53,6.95,8.4,-0.01,-0.03,0.0,1
31.06,7.4,5.9,-0.11,-0.02,0.5,1
27.23,7.05,16.5,0.21,0.02,4.7,1
26.65,6.93,12.7,-0.12,-0.01,0.1,1
27.69,7.51,7.4,-0.23,0.02,2.5,1
26.85,7.01,12.5,0.21,-0.01,5.4,1
26.0,7.2,21.8,-0.01,0.03,-0.4,0
27.9,7.37,2.8,0.17,0.04,0.5,1
30.14,7.39,5.5,0.16,0.03,0.1,1
29.43,7.21,11.9,0.1,-0.01,0.8,1
26.04,7.03,11.2,-0.33,-0.04,-0.3,1
28.71,7.06,22.8,0.86,0.08,-0.6,0
25.21,6.55,17.9,0.1,-0.07,1.9,0
30.23,7.37,7.2,-0.11,-0.04,1.0,1
28.17,6.99,12.3,-0.1,0.0,-0.8,1
26.69,6.97,10.9,0.13,0.01,-1.4,1
26.53,6.59,14.3,0.08,-0.01,0.2,1
27.95,6.76,18.1,-0.03,-0.02,0.9,1
29.46,7.39,4.9,0.11,-0.05,0.0,1
26.79,6.69,19.0,-0.28,-0.01,0.7,0
30.3,7.37,6.6,0.03,0.0,-2.8,1
31.12,6.9,14.5,-0.18,-0.04,0.0,0
25.11,6.63,17.4,-0.29,-0.06,1.5,0
28.84,6.91,15.0,0.08,-0.03,-0.1,1
27.17,7.15,5.8,0.01,-0.01,-0.1,1
28.33,6.87,15.1,-0.16,0.04,0.0,1
30.2,7.02,15.1,-0.32,0.0,-0.5,1
30.01,7.53,6.2,0.13,0.1,1.8,1
26.6,6.79,24.8,0.11,0.03,0.7,0
25.93,7.17,6.4,0.33,0.01,-0.4,1
25.96,6.82,20.2,-0.19,0.05,-1.7,0
30.01,7.12,10.4,0.23,0.04,1.9,1
27.24,7.19,4.1,0.19,0.05,-2.6,1
26.79,6.92,10.5,0.33,0.04,0.6,1
26.85,6.92,8.2,-0.14,0.0,0.3,1
29.36,7.33,7.8,-0.17,0.0,0.3,1
28.4,6.66,17.6,-0.14,0.08,0.3,1
29.52,7.18,10.5,0.11,0.03,-1.0,1
27.97,6.66,22.5,0.14,0.0,1.3,0
28.83,7.14,19.5,0.97,0.03,-0.1,1
30.36,6.74,17.6,0.2,0.0,-0.3,1
28.03,7.17,9.8,0.2,-0.09,0.7,1
27.24,7.11,10.5,-0.17,-0.01,0.2,1
26.6,6.61,16.6,-0.14,-0.02,-0.1,1
26.92,6.57,17.4,0.35,0.05,1.1,1
29.25,6.6,19.6,-0.18,0.01,1.0,1
31.72,7.13,14.0,0.12,-0.06,-0.1,0
30.96,7.27,8.8,-0.21,0.01,-0.2,0
28.07,7.3,8.5,0.05,-0.02,-0.4,1
29.83,6.76,18.5,-0.22,0.0,0.1,1
28.64,7.28,6.6,-0.05,0.0,0.1,1
27.19,7.26,1.5,-0.06,-0.01,-2.1,1
26.87,7.3,11.4,0.15,0.02,3.0,1
28.24,7.09,8.1,-0.09,0.02,-0.3,1
25.72,7.04,7.7,-0.16,0.0,-0.2,1
31.09,7.18,11.5,-0.11,-0.05,-0.9,1
30.61,7.08,17.9,0.16,0.09,0.5,1
27.05,6.67,14.8,-0.08,-0.03,-0.8,1
27.07,6.96,11.5,0.08,-0.02,-0.3,1
28.64,6.67,17.1,-0.07,0.0,0.0,1
26.05,6.74,14.9,-0.15,0.02,-0.3,1
27.21,6.5,15.2,0.32,-0.03,1.1,0
29.26,6.65,19.2,-0.15,-0.14,0.8,1
27.54,7.05,25.1,-0.07,-0.03,0.9,0
25.72,6.78,10.7,0.22,0.0,-1.0,1
28.0,6.76,14.9,-0.01,0.02,0.8,1
29.24,6.99,18.0,-0.05,0.0,-0.3,1
27.31,6.79,15.0,-0.1,-0.01,-0.2,1
27.06,7.02,13.5,-0.23,-0.02,0.5,1
27.96,6.99,9.7,0.13,-0.07,1.2,1
25.67,7.0,10.3,0.05,0.01,-0.1,1
31.39,7.4,11.7,-0.12,-0.01,-0.4,1
25.18,6.49,19.7,-0.06,-0.04,0.3,0
29.22,7.27,8.9,0.09,0.0,-0.5,1
28.54,6.65,16.7,-0.18,0.0,-1.0,1
29.91,7.41,4.3,0.34,0.01,-0.2,1
26.4,7.17,6.5,-0.35,-0.02,0.2,1
26.85,7.1,5.5,0.22,0.01,0.0,1
29.42,7.4,6.8,0.17,-0.01,-0.1,1
28.09,7.29,6.5,-0.06,0.03,0.5,1
29.33,7.08,11.6,-0.07,-0.02,-0.2,1
27.0,7.0,14.0,0.0,0.03,2.2,1
27.98,6.88,20.0,0.08,0.02,4.1,1
26.21,7.28,3.7,-0.38,-0.02,0.0,1
27.61,7.16,20.6,0.27,0.03,1.4,0
29.13,6.7,22.2,0.24,0.06,-2.1,1
25.99,6.39,19.1,0.09,-0.01,1.4,0
28.44,6.98,13.7,0.01,-0.02,-0.7,1
29.3,7.35,14.9,-0.27,0.01,1.3,1
27.25,7.25,4.7,-0.07,0.0,0.9,1
28.75,7.09,11.1,0.25,-0.02,0.9,1
27.89,7.03,14.2,0.08,-0.01,0.1,1
28.14,6.64,17.6,0.14,0.02,1.0,0
26.17,6.74,15.2,-0.03,0.0,0.0,1
26.05,7.29,4.7,0.2,0.04,-0.2,1
26.7,7.08,6.5,-0.12,0.05,0.4,1
30.26,6.76,16.1,-0.1,0.02,-1.5,1
27.97,7.14,6.4,-0.22,0.01,-0.2,1
28.5,6.77,21.9,0.09,0.01,-0.7,0
25.57,6.63,15.9,0.18,-0.01,-0.4,1
32.63,7.01,14.2,0.18,-0.05,-2.1,0
29.33,7.34,15.6,0.09,-0.01,-0.2,1
26.66,7.05,10.3,0.0,-0.02,1.8,1
29.53,7.07,11.4,0.03,0.05,-0.9,1
28.01,6.93,15.4,0.16,0.01,0.5,1
26.89,6.58,23.1,0.13,-0.02,-0.3,1
28.95,7.09,5.4,-0.45,0.17,-13.0,1
27.31,7.16,10.7,-0.07,-0.03,-2.6,1
29.1,6.77,17.9,-2.41,-0.06,-0.3,0
27.58,6.83,14.9,-0.08,0.0,0.0,1
30.65,7.58,5.0,-0.26,0.03,-0.3,1
30.0,7.21,11.0,0.08,0.06,-0.4,1
27.68,7.11,21.3,0.22,0.04,1.4,1
26.0,6.73,14.0,0.19,0.02,0.5,1
28.04,6.69,18.7,-0.04,-0.03,-0.5,1
27.68,7.13,9.6,0.03,0.02,-0.7,1
27.18,7.14,10.0,0.25,0.06,4.7,1
28.66,6.98,15.4,-0.19,-0.05,-1.0,1
29.32,6.5,21.7,-0.19,-0.04,0.4,0
27.35,7.14,5.4,0.15,-0.01,-1.2,1
26.76,7.28,6.2,-0.03,-0.03,0.7,1
25.88,6.9,12.0,0.24,0.02,-0.9,1
29.19,7.08,15.3,0.19,-0.01,1.6,1
27.08,6.62,16.3,0.02,0.02,0.0,1
28.56,6.6,22.2,-0.14,-0.01,-20.8,0
28.05,6.53,46.2,-0.1,-0.02,26.3,0
27.66,7.2,22.2,0.24,0.07,-0.1,1
25.94,6.98,11.7,-0.35,0.05,-0.3,1
26.11,6.69,13.8,0.09,0.02,-0.2,1
30.99,7.13,12.7,0.24,-0.04,0.7,1
26.55,7.13,11.6,0.18,-0.01,1.7,1
28.32,7.66,16.8,-0.01,0.8,1.0,0
29.44,7.42,18.1,-0.06,-0.02,0.3,1
30.95,7.11,11.1,0.11,0.02,0.8,1
26.96,6.91,12.6,-0.28,0.0,0.2,1
25.76,6.51,18.8,0.49,0.05,0.0,0
26.8,6.67,14.7,0.38,0.01,0.1,1
27.47,7.01,8.3,-0.4,0.0,-1.0,1
28.88,6.75,17.2,0.0,0.0,-0.2,1
26.42,6.96,9.0,0.36,-0.02,0.1,1
26.62,7.14,5.2,0.03,-0.01,-0.6,1
25.85,7.33,2.6,0.03,-0.02,-0.3,1
25.87,7.32,2.2,-0.11,0.0,-0.4,1
30.82,6.63,24.2,0.02,0.02,-1.1,0
27.9,7.46,7.4,0.0,0.04,0.1,1
27.02,6.8,12.8,0.0,-0.03,0.0,1
30.53,7.38,5.7,0.06,-0.02,0.1,1
26.27,7.0,13.5,0.09,0.0,0.7,1
26.0,6.8,18.6,-0.01,0.01,0.1,1
30.02,7.51,4.0,-0.07,-0.02,-0.1,1
26.53,6.89,12.6,0.08,0.0,-0.2,1
27.14,6.79,10.5,-0.12,0.02,-0.1,1
26.69,6.87,12.4,0.09,0.06,-0.4,1
27.55,7.05,6.6,0.0,-0.01,1.3,1
30.05,7.12,10.2,0.02,-0.01,1.2,1
29.83,7.28,14.1,-0.05,-0.02,-0.2,1
26.54,6.81,11.3,0.37,0.02,0.1,1
29.75,7.3,7.7,-0.11,0.07,0.6,1
28.87,7.14,9.3,-0.1,0.0,0.5,1
27.78,6.68,7.9,0.17,-0.59,0.6,0
25.53,6.56,19.3,-0.32,-0.08,1.1,0
28.02,7.06,20.9,-0.41,-0.01,2.8,1
27.52,7.41,7.1,-0.05,-0.03,1.2,1
29.04,7.3,12.2,-0.33,-0.03,-0.7,1
28.93,6.73,13.5,0.04,0.0,-1.1,1
27.21,7.16,5.2,-0.02,0.02,-0.9,1
30.87,7.52,4.6,0.25,-0.05,0.3,1
25.88,6.67,15.2,-0.02,-0.04,0.0,1
26.46,6.73,14.6,0.1,-0.04,-1.2,1
30.45,6.76,21.9,0.07,0.01,0.1,1
28.46,7.27,11.5,-0.07,-0.01,0.1,1
30.0,7.43,5.1,0.26,0.0,1.9,1
30.38,6.89,17.8,0.3,0.02,-1.0,1
27.76,7.01,5.6,-0.34,0.03,-0.3,1
27.98,6.74,18.3,0.04,0.01,0.2,1
25.53,7.18,6.0,0.09,-0.01,0.2,1
27.69,6.82,15.8,0.19,0.01,-0.2,1
30.24,6.95,23.2,-0.26,-0.05,-1.5,0
27.05,6.82,13.1,-0.13,0.02,-0.3,1
30.22,7.29,8.4,-0.19,-0.03,-1.8,1
26.2,6.72,13.8,0.04,0.0,-1.0,1
29.39,7.38,7.2,0.1,0.02,-0.6,1
27.15,6.67,15.7,-0.06,0.0,1.2,1
28.91,7.46,15.6,0.08,0.07,1.7,1
25.82,7.1,7.8,-0.05,0.01,1.2,0
30.26,7.28,10.0,0.03,0.01,0.6,1
26.2,6.84,14.6,0.1,0.01,0.2,1
27.83,6.96,10.5,-0.01,0.01,1.0,1
27.1,6.93,11.9,0.1,0.1,-1.9,1
26.55,6.61,13.8,0.44,-0.02,-1.3,1
28.58,6.92,12.8,0.02,0.0,-24.7,0
27.89,6.68,22.4,0.59,0.02,4.5,0
32.26,6.97,13.3,-0.25,-0.03,-0.8,0
29.4,7.02,12.9,0.15,-0.02,-0.6,1
27.8,6.63,18.3,-0.38,0.01,0.4,1
30.01,7.43,5.4,0.06,0.04,0.4,1
29.22,6.85,19.1,-0.41,0.03,1.0,1
29.83,6.97,11.7,-0.01,0.01,0.4,1
28.98,7.31,6.5,0.24,-0.03,-0.8,1
25.95,7.03,5.8,-0.11,-0.04,-1.0,1
27.8,6.83,6.1,-0.72,0.23,-10.6,1
26.66,6.91,12.1,-0.23,-0.05,-0.3,1
27.81,6.71,23.0,-0.07,-0.01,-0.5,0
26.1,7.26,3.1,0.13,-0.03,-0.1,1
28.69,7.26,7.0,0.02,0.03,-0.7,1
28.15,8.06,15.8,0.51,-0.22,-1.0,1
30.4,6.72,17.7,-0.01,-0.01,-0.4,1
26.54,7.0,7.8,-0.03,-0.01,0.0,1
27.16,7.0,10.2,-0.01,0.0,-1.4,1
31.17,7.11,4.0,0.45,0.09,-0.5,1
27.71,6.52,16.9,-0.04,0.0,0.8,1
28.67,6.46,20.5,-0.34,-0.01,-0.2,0
26.43,7.37,2.8,-0.03,0.01,-0.3,1
28.76,6.94,15.1,-0.21,0.02,1.0,1
27.33,7.35,17.9,0.05,0.0,1.7,1
29.24,6.7,15.3,0.24,-0.05,-1.0,1
31.47,7.31,12.3,-0.23,-0.01,3.9,1
28.08,6.86,17.4,-0.04,0.05,-0.7,1
28.27,7.41,5.1,-0.12,0.02,-0.1,1
27.71,6.96,21.8,-0.16,-0.09,-0.7,0
30.18,7.5,6.0,0.04,0.0,-1.0,1
26.55,6.8,13.9,0.05,-0.03,-0.2,1
25.72,7.09,4.5,-0.13,0.0,0.5,1
27.32,7.29,10.7,-0.02,0.02,-0.9,1
26.37,7.14,9.9,-0.3,0.0,-0.3,1
28.72,7.48,13.7,0.06,-0.11,-3.2,1
26.2,7.39,7.2,1.0,-0.01,0.0,1
27.41,6.76,21.3,-0.04,-0.02,-0.4,1
30.64,7.46,5.1,-0.15,0.02,-0.3,1
28.72,6.96,12.2,-0.37,-0.06,-0.1,1
29.75,6.75,17.5,0.12,0.0,-0.4,1
29.46,7.12,10.5,-0.07,0.03,0.3,1
29.23,7.17,10.5,0.26,0.08,0.3,1
27.25,6.53,16.1,-0.24,-0.01,0.7,1
27.88,6.77,14.3,-0.06,-0.06,-1.1,1
30.62,7.23,11.0,0.16,0.0,0.2,1
27.82,7.32,5.3,-0.07,0.02,0.3,1
27.45,6.89,12.0,-0.08,-0.06,0.3,1
28.61,7.24,6.8,-0.15,-0.01,0.0,1
28.38,7.27,4.4,-0.14,-0.01,-0.4,1
28.89,7.43,15.2,-0.31,-0.04,-1.1,1
31.07,7.22,12.2,0.01,0.0,-0.1,1
29.35,6.99,13.4,-0.16,-0.02,-1.5,1
27.57,7.44,5.9,-0.19,0.04,0.4,1
27.86,6.8,13.9,0.1,-0.02,-0.6,1
31.42,6.49,21.5,-0.12,0.01,-0.6,0
27.89,6.5,16.4,0.0,0.04,0.1,1
30.15,7.46,4.3,-0.11,0.02,0.8,1
29.41,6.85,17.5,0.35,0.06,1.8,0
29.14,6.97,12.7,-0.32,-0.09,-0.9,1
25.82,7.01,11.4,0.05,-0.04,0.7,1
27.76,7.32,3.8,0.01,-0.04,0.2,1
30.11,7.4,10.5,0.2,0.0,1.6,1
26.38,6.82,12.5,0.01,-0.03,-0.9,1
26.95,7.33,7.5,-0.11,0.02,1.0,1
30.5,7.06,12.6,0.1,0.04,0.3,1
31.97,7.0,14.6,-0.26,0.0,0.5,0
28.15,6.57,23.9,-0.47,-0.08,-0.4,0
27.38,7.41,1.8,0.0,0.01,0.0,1
28.22,7.36,6.0,0.32,0.01,-0.7,1
26.93,6.81,12.2,-0.04,-0.04,-0.6,1
30.16,7.44,7.0,-0.18,0.07,0.5,1
27.31,6.66,23.5,0.1,0.03,4.2,0
27.68,6.89,12.3,0.21,-0.04,-1.3,1
29.25,6.87,17.6,-0.1,0.0,0.8,1
27.55,6.8,15.6,-0.33,0.04,-1.4,1
30.34,6.68,20.1,0.13,0.05,-0.4,1
27.1,7.19,6.6,-0.22,0.06,1.2,1
28.54,7.19,3.9,-0.1,-0.09,-0.1,1
28.3,7.29,9.0,0.06,0.04,0.3,1
30.89,6.82,12.7,0.62,-0.03,0.4,1
30.29,6.71,21.8,-0.28,0.04,0.1,1
25.79,6.77,15.2,-0.01,-0.02,0.0,1
28.98,6.64,17.7,-0.2,0.0,-0.3,1
29.28,6.85,11.8,0.35,-0.02,0.8,1
27.12,6.82,13.1,0.36,0.04,-0.5,1
29.64,7.49,4.4,-0.02,0.0,0.2,1
27.19,7.06,15.1,-0.04,0.01,-1.4,1
26.73,6.93,13.0,0.13,0.0,0.7,1
26.01,7.32,2.7,0.25,0.0,0.0,1
26.91,6.89,13.2,-0.28,-0.02,-0.2,1
28.65,7.02,12.4,-0.06,0.01,-1.3,1
26.87,6.93,12.7,0.35,-0.01,-1.5,1
29.12,7.24,7.7,0.03,-0.06,0.5,1
25.97,7.27,3.4,0.1,-0.03,0.0,1
25.66,6.91,18.1,-0.13,-0.03,-0.6,1
32.1,7.03,13.7,-0.08,0.03,0.7,1
31.44,7.21,10.5,0.0,-0.02,-0.5,1
29.73,6.98,15.9,0.37,-0.05,-1.8,1
26.03,7.05,12.4,-0.02,-0.03,-1.3,1
28.56,6.95,15.5,0.06,0.01,-1.0,1
26.16,7.07,8.1,0.27,-0.04,-0.1,1
26.29,6.64,18.7,-0.63,0.03,2.9,1
26.52,6.94,14.7,0.22,0.02,4.2,1
28.51,6.68,16.1,0.13,0.02,-0.5,1
27.28,6.8,17.3,0.09,0.01,2.7,1
25.56,6.99,9.1,-0.01,0.01,0.2,0
26.11,7.1,7.2,-0.1,0.01,-0.3,1
28.64,7.25,8.8,-0.18,-0.08,0.7,1
27.54,6.69,18.4,0.14,0.02,0.9,1
25.34,7.05,7.7,-0.06,0.0,-1.1,1
27.06,6.9,10.8,-0.11,0.01,0.9,1
28.42,6.66,14.9,-0.24,-0.02,-0.2,1
31.14,6.38,19.8,0.17,-0.02,-0.6,0
26.57,7.04,6.6,-0.37,0.02,0.0,1
28.29,6.87,14.0,-0.33,0.02,-0.7,1
27.57,7.11,26.4,-0.16,0.19,1.4,0
28.82,7.09,23.0,-0.46,-0.03,0.6,1
27.9,7.52,7.5,0.0,0.08,1.4,1
26.16,6.98,11.0,0.16,0.01,0.1,1
27.56,6.98,10.7,-0.32,-0.03,-0.6,1
27.16,6.78,12.8,0.11,-0.04,-0.3,1
28.0,6.83,16.1,-0.02,0.08,-2.2,1
26.76,7.07,12.0,0.14,-0.02,3.0,0
27.66,7.17,20.7,0.29,0.0,0.3,1
29.87,7.1,8.8,-0.22,-0.02,0.5,1
28.14,6.78,16.1,-0.15,-0.01,-0.3,1
27.69,6.71,20.3,0.1,0.01,-1.2,1
27.0,7.04,14.0,0.0,0.04,0.6,1
26.91,6.99,10.7,0.02,0.03,-0.2,1
29.27,6.98,12.6,-0.07,0.02,-2.2,1
26.56,7.16,7.7,-0.08,0.02,-0.4,1
26.84,7.37,7.8,-0.18,0.02,1.0,1
26.55,7.05,5.9,0.2,-0.01,0.5,1
28.9,6.54,18.1,0.27,-0.08,-1.9,1
30.0,7.19,9.4,0.16,0.01,-2.2,1
28.77,6.94,12.3,0.1,0.01,0.6,1
29.28,7.26,7.0,-0.15,-0.02,0.7,1
27.87,7.06,12.3,-0.16,-0.01,-0.2,1
28.45,6.82,15.1,-0.01,0.01,0.0,1
29.43,7.2,16.1,0.31,-0.01,-0.1,1
30.77,7.06,11.6,0.01,0.0,0.1,1
30.73,6.66,18.8,-0.19,-0.03,-0.2,1
26.07,6.78,12.7,0.15,-0.04,1.6,1
25.73,7.29,2.8,-0.14,0.03,-0.2,1
26.89,6.47,20.6,0.31,0.0,0.4,1
28.64,7.25,7.2,0.04,0.03,0.2,1
28.11,7.2,7.0,0.23,0.0,0.2,1
26.54,7.02,6.5,0.12,-0.05,0.5,1
26.91,6.96,13.7,0.33,0.02,-0.3,1
26.04,7.1,7.4,-0.03,0.0,-0.4,1
27.98,6.78,17.2,-0.02,-0.05,1.1,1
27.66,6.8,16.2,-0.08,-1.87,0.5,0
27.29,7.16,7.3,-0.07,0.01,-0.2,1
29.41,7.32,5.7,-0.12,-0.1,-0.9,1
27.84,7.04,11.6,0.22,0.02,1.9,1
29.88,7.03,11.4,0.11,0.02,1.1,1
27.91,7.44,5.0,-0.03,-0.05,-0.6,1
27.44,6.68,16.3,0.13,-0.03,-0.3,1
27.0,6.96,14.4,0.0,0.03,-0.7,1
26.61,6.89,11.3,0.16,0.07,0.4,1
32.0,7.42,6.8,-0.22,-0.05,-1.3,0
31.21,7.14,10.0,0.24,0.04,0.4,1
26.89,7.06,9.7,0.15,-0.05,-0.3,1
27.19,6.5,15.3,-0.24,-0.07,0.4,0
29.61,7.13,14.1,-0.17,-0.04,-0.5,1
29.1,6.74,17.3,-0.02,-0.02,-0.4,1
31.11,6.62,20.9,0.19,0.0,0.6,1
27.34,7.07,9.1,0.04,0.04,0.6,1
30.52,7.01,19.2,0.1,0.01,0.0,1
27.39,7.17,7.0,0.0,0.02,0.2,1
27.77,7.21,5.2,0.25,-0.04,-0.5,1
27.9,7.03,11.4,-0.2,-0.02,0.2,1
28.5,7.14,11.1,-0.07,0.01,1.3,1
26.47,6.59,16.7,-0.09,-0.02,-1.4,1
27.0,6.84,12.3,0.09,-0.05,-0.9,1
27.14,6.69,14.8,0.02,-0.05,-0.3,1
28.21,7.02,11.3,0.03,-0.04,0.2,1
32.0,7.26,8.9,-0.03,0.0,0.4,0
26.3,6.53,17.4,-0.34,0.01,-0.4,0
27.93,6.85,17.9,-0.07,-0.02,-0.3,1
28.02,6.83,22.3,-0.08,0.02,1.3,1
26.12,6.62,19.4,-0.28,0.01,0.4,1
28.85,7.0,15.9,-0.01,0.03,0.8,1
26.59,7.28,14.8,-0.11,-0.08,3.2,1
27.5,7.4,6.9,-0.32,0.0,1.4,1
27.27,7.24,4.5,-0.15,0.02,0.4,1
28.06,7.17,10.1,0.11,0.04,0.3,1
27.34,6.76,15.2,-0.02,0.01,-0.3,1
26.22,6.86,14.6,0.03,-0.01,1.3,1
28.82,7.1,11.1,-0.01,0.01,0.4,1
30.91,6.64,21.2,-0.11,-0.01,0.3,1
25.97,7.29,2.3,-0.09,0.02,-1.0,1
26.17,7.18,3.9,-0.13,0.0,-0.3,1
27.88,7.23,6.5,0.0,-0.02,-0.3,1
27.6,6.73,14.7,0.02,-0.01,-0.5,1
27.12,6.72,16.6,-0.03,-0.02,-1.0,1
26.7,7.19,5.7,-0.13,0.03,0.3,1
30.17,7.19,10.3,-0.34,-0.07,1.9,1
27.37,7.41,7.5,-0.15,0.0,0.4,1
29.69,6.92,17.2,-0.04,0.02,0.4,1
27.2,6.57,15.8,0.04,-0.01,-0.2,1
27.9,7.37,7.5,0.0,-0.02,0.2,1
30.22,7.5,7.2,0.29,-0.04,0.8,1
26.19,6.95,4.5,0.16,0.02,-0.2,1
29.69,7.13,10.4,-0.14,0.04,-0.8,1
26.9,7.09,12.7,-0.2,0.0,0.8,1
27.07,6.97,9.1,-0.21,0.02,-0.3,1
28.28,7.02,11.2,0.07,0.0,-0.1,1
30.26,7.14,10.3,0.16,0.03,0.7,1
28.85,7.07,10.5,-0.05,-0.01,-1.9,1
26.79,7.15,6.4,-0.25,0.0,-0.7,1
29.83,7.52,3.1,0.21,-0.01,-0.1,1
25.82,6.91,1.3,-0.16,0.06,-12.2,1
27.62,7.24,6.2,-0.09,0.0,0.2,1
28.43,7.0,14.4,-0.01,-0.01,3.4,1
28.92,6.88,15.7,-0.12,-0.04,0.6,1
30.9,7.36,12.3,0.26,0.06,2.7,1
27.24,7.3,20.1,-0.07,-0.03,-12.8,1
29.46,7.47,5.4,-0.04,0.01,-0.8,1
28.46,7.34,6.8,0.21,-0.03,0.3,1
25.5,6.77,11.7,-0.22,-0.02,0.1,1
26.12,7.13,6.8,-0.08,0.0,-0.5,1
31.46,6.55,21.7,0.05,0.0,-0.5,0
25.88,6.77,14.7,-0.08,0.01,-0.4,1
26.64,7.29,5.3,0.45,-0.04,-0.6,1
28.03,6.34,20.2,0.14,0.04,-0.9,0
28.19,6.77,14.5,-0.19,-0.03,-1.0,1
28.97,6.94,13.7,-0.17,-0.03,1.0,1
28.29,6.61,18.5,-0.25,0.04,-0.2,1
28.33,7.29,6.8,-0.02,0.01,0.0,1
30.43,7.08,11.9,-0.21,-0.14,-1.1,0
27.2,7.29,13.9,0.02,0.04,-0.1,1
26.96,6.73,14.7,0.04,0.03,0.0,1
29.73,6.86,14.8,-0.02,-0.01,0.5,1
27.57,7.33,7.4,0.03,-0.01,-0.6,1
27.89,6.85,25.9,-0.24,0.0,-0.3,0
25.97,6.72,12.7,0.47,-0.05,1.0,1
28.46,6.9,10.4,0.1,-0.03,0.1,1
29.04,7.3,9.8,0.01,0.0,-0.4,1
27.87,7.07,3.9,-0.6,0.23,-13.1,1
26.69,7.31,15.0,-0.06,-0.05,0.5,1
31.63,6.46,22.0,-0.11,0.0,-0.5,1
28.85,7.28,5.4,-0.17,0.0,0.3,1
29.84,7.18,11.6,-0.13,0.0,2.3,1
26.81,6.86,10.5,-0.08,-0.02,-0.3,1
31.06,6.94,12.7,0.06,-0.04,0.9,1
29.05,6.97,9.9,0.06,0.0,-0.7,1
27.9,7.38,5.4,0.0,0.0,-0.4,1
25.85,6.64,18.2,0.11,0.04,-1.1,0
29.52,7.35,6.2,-0.74,-0.02,0.0,1
27.92,7.09,10.4,0.02,-0.03,-0.9,1
27.21,7.23,22.5,-0.06,-0.01,1.2,1
26.94,6.62,13.5,0.2,-0.03,0.0,1
32.68,7.3,8.4,0.02,0.05,0.0,0
27.25,6.75,13.8,0.0,0.01,-0.2,1
28.55,6.75,17.2,-0.16,-0.04,-0.7,1
28.09,7.17,8.2,0.03,0.02,-0.6,1
27.72,7.01,4.1,-0.49,0.39,-14.9,1
30.34,7.37,6.5,-0.02,-0.1,-0.1,1
29.32,7.46,13.4,0.31,-0.01,-0.7,0
25.12,7.31,3.7,0.1,0.04,0.0,1
27.93,6.77,16.3,0.02,-0.02,2.5,1
27.97,7.32,4.1,0.11,0.02,1.0,1
26.98,6.66,16.8,0.22,-0.02,-0.4,1
28.69,6.81,16.2,-0.23,-0.02,-0.3,1
25.72,6.91,11.5,0.31,-0.06,0.0,1
26.76,7.11,26.8,0.23,0.0,1.3,0
28.92,7.48,23.0,0.28,0.08,-1.7,0
26.37,7.15,6.8,0.06,-0.02,-0.9,1
30.07,7.24,8.7,-0.15,-0.05,0.3,1
28.38,7.31,4.1,0.0,0.05,-1.0,1
26.08,7.26,6.0,0.03,0.09,-0.5,1
28.09,8.29,17.2,0.02,1.3,2.7,0
27.99,6.74,15.6,-0.09,-0.02,-0.9,1
29.03,6.8,18.7,0.08,0.03,1.0,1
28.43,7.35,3.1,-0.02,0.06,-0.4,1
27.2,7.15,20.2,-0.14,0.0,-0.7,1
25.48,7.14,3.7,0.01,-0.02,2.3,1
30.12,7.29,12.7,-1.76,-0.05,2.2,1
29.09,7.02,12.3,0.2,0.01,-0.4,1
26.85,7.06,9.6,0.26,-0.03,-0.4,1
29.32,7.11,11.4,-0.15,0.01,0.8,1
26.93,7.12,7.4,0.14,-0.01,0.6,1
26.58,7.0,8.4,-0.06,-0.02,0.3,1
28.08,6.98,12.9,-0.09,-0.01,0.6,1
27.64,6.75,18.6,0.47,0.0,0.4,1
25.77,7.14,5.3,-0.15,-0.04,0.5,1
29.55,7.43,6.9,0.04,0.0,-0.2,1
28.69,6.93,11.6,0.09,0.02,-1.1,1
26.61,7.05,15.9,0.03,0.04,2.0,1
27.14,6.92,14.3,0.13,0.06,-0.1,1
28.29,7.13,11.6,-0.08,-0.05,0.8,1
28.52,7.29,8.6,-0.2,0.04,-0.9,1
30.19,7.06,13.8,-0.05,0.0,-1.0,1
27.52,6.74,15.1,-0.28,0.03,-1.4,1
29.86,7.44,7.6,-0.2,-0.01,-1.1,1
28.78,7.29,5.9,-0.03,0.04,-0.7,1
29.64,7.32,6.3,0.13,0.07,-1.1,1
26.88,7.3,3.7,0.11,-0.03,0.3,1
27.45,6.68,15.1,0.01,0.0,-1.2,1
27.55,6.85,20.2,-0.14,-0.03,0.3,1
25.94,7.14,9.5,0.13,0.0,0.1,1
27.82,6.88,6.1,-0.23,-0.06,0.9,1
30.98,6.66,19.3,0.12,0.01,0.5,1
28.54,7.38,6.9,0.27,0.01,0.5,1
26.7,7.37,6.4,-0.33,0.01,-0.1,1
29.94,6.87,16.4,0.04,0.02,-1.5,1
28.29,6.64,19.5,0.03,0.06,0.9,1
28.28,7.24,11.1,0.16,0.01,2.4,1
32.03,7.16,12.3,-0.09,0.08,0.7,0
27.65,7.0,4.5,-0.07,0.07,-0.4,1
26.89,6.74,15.4,-0.36,0.01,0.1,1
27.58,7.21,4.0,-0.15,0.06,1.0,1
29.96,7.16,11.7,-0.03,-0.02,2.2,1
29.34,6.66,23.7,-0.04,-0.02,-2.2,0
26.8,6.9,12.6,-0.19,0.0,1.3,1
30.13,6.82,18.1,0.03,-0.07,0.4,1
30.19,7.27,9.4,-0.11,-0.09,0.5,1
30.65,6.57,20.5,-0.49,0.0,-0.8,1
26.42,6.84,11.9,0.03,0.06,-1.0,1
30.58,7.39,6.2,-0.15,-0.02,-1.0,1
29.29,7.51,4.8,0.1,0.04,0.4,1
31.64,7.24,12.7,-0.11,0.02,-1.0,1
27.73,6.92,25.0,0.12,0.02,1.1,0
25.91,7.18,6.1,-0.03,-0.02,0.0,1
27.12,6.63,16.7,-0.07,-0.01,0.4,1
27.97,7.24,6.6,0.1,0.06,0.9,1
28.82,6.7,16.3,0.25,0.02,-1.6,1
26.81,6.68,15.6,0.08,-0.01,-0.4,0
28.54,7.25,11.4,-0.07,-0.03,0.4,1
28.41,6.85,15.2,-0.13,-0.01,0.9,1
30.32,7.3,7.9,0.0,-0.02,-0.8,1
29.94,7.33,10.8,-0.11,0.02,0.1,1
32.13,7.18,8.7,0.15,-0.01,-0.8,0
30.8,7.07,10.8,0.26,0.02,-0.6,1
29.66,7.06,13.7,-0.08,-0.01,1.0,0
27.28,7.01,7.3,0.26,-0.03,0.0,1
30.33,7.12,10.8,0.27,0.01,-0.5,1
27.32,7.26,4.6,0.17,0.0,-0.9,1
25.83,7.04,14.3,-0.21,0.01,3.1,1
28.5,7.31,6.7,-0.05,-0.03,0.1,1
27.11,6.93,11.7,-0.37,0.03,0.4,1
26.22,7.07,7.1,0.27,-0.02,0.6,1
26.99,7.4,6.1,-0.05,0.01,-0.3,1
30.22,6.94,15.3,0.06,0.05,1.1,0
26.22,6.86,11.6,0.16,-0.04,-0.3,1
30.1,6.95,12.5,-0.14,0.01,-0.3,1
28.05,6.94,5.2,-0.3,0.01,0.0,1
25.44,7.2,7.7,0.16,-0.07,0.4,1
28.22,8.09,15.8,-0.02,-0.08,-0.8,1
30.87,7.26,10.5,0.19,0.0,0.1,1
29.4,6.85,16.0,0.28,0.01,-1.5,1
30.15,7.57,3.6,0.12,-0.01,0.5,1
27.2,7.15,7.9,0.23,0.05,-1.2,1
28.5,6.97,16.5,-0.13,-0.01,-1.0,1
29.51,7.09,12.5,-0.21,-0.01,-0.4,1
27.2,6.73,14.7,-0.03,0.0,0.0,1
31.09,7.14,13.6,0.09,-0.05,-1.1,1
26.54,6.93,14.3,-0.42,-0.02,1.4,1
28.29,7.03,12.8,-0.3,-0.03,0.9,1
27.9,7.37,6.4,-0.13,0.05,1.4,1
28.21,7.21,9.3,0.15,0.04,1.2,1
26.2,6.58,17.3,0.07,-0.05,-0.7,1
26.13,6.86,13.4,-0.1,0.01,-1.0,1
26.17,6.79,11.2,0.45,-0.03,0.0,1
29.79,7.12,18.8,0.06,0.14,2.9,1
26.03,6.61,32.8,-2.74,-0.04,-1.3,0
29.44,7.32,14.2,-0.02,0.03,3.0,1
28.18,6.52,21.5,0.0,0.01,-0.8,0
26.33,7.12,7.7,0.0,-0.01,0.2,1
20.4,7.17,4.3,-5.85,0.0,-0.2,0
26.59,7.3,3.7,0.02,-0.02,0.7,1
27.72,6.85,10.5,0.02,0.0,0.5,1
26.88,7.17,27.4,-0.24,-0.06,-1.0,0
28.3,6.84,18.0,-0.52,0.03,-0.2,1
28.31,6.65,18.1,-0.15,0.02,-1.0,1
27.65,6.58,15.1,-0.06,-0.02,0.2,1
26.21,6.75,12.1,0.07,-0.02,0.7,1
27.74,6.57,21.1,0.34,0.06,0.9,1
27.21,6.84,15.6,-0.18,0.01,-0.3,1
32.27,7.31,8.5,0.01,-0.03,0.0,0
28.44,7.26,3.1,0.03,0.02,-0.1,1
30.31,6.96,13.0,0.1,0.01,0.1,1
30.32,7.3,9.9,0.0,-0.01,1.2,1
26.69,6.89,11.4,-0.07,0.03,0.1,1
26.7,6.8,12.4,0.2,-0.02,0.7,1
29.85,7.33,6.1,0.16,0.03,-0.4,1
26.4,7.34,17.0,0.07,-0.01,0.7,1
29.44,7.18,10.8,-0.09,0.05,-0.1,1
26.27,6.65,10.1,0.15,-0.14,-2.3,1
29.44,7.4,10.9,-0.15,0.0,-0.3,1
28.77,6.7,18.7,0.0,-0.05,-0.5,0
26.33,6.8,11.8,0.19,-0.02,-1.6,1
27.37,6.89,14.2,0.41,-0.02,1.6,1
27.16,6.87,16.2,0.08,-0.06,0.5,1
26.42,6.7,13.0,0.07,0.0,0.0,1
29.28,6.83,13.1,0.09,0.02,-0.5,1
28.82,7.37,7.8,0.28,0.07,-0.8,1
27.07,7.15,6.3,0.1,0.02,-0.5,1
26.55,7.14,6.5,-0.01,0.06,0.1,1
25.98,6.73,15.2,0.19,-0.04,0.0,1
26.01,6.79,18.5,-0.25,0.03,-0.4,1
25.69,6.96,15.9,-0.03,0.04,0.0,1
30.52,7.5,6.7,0.09,0.02,0.8,1
26.96,7.04,6.6,0.11,0.04,0.4,1
30.41,6.75,17.6,-0.22,0.0,0.6,1
25.8,6.82,11.5,0.22,-0.02,0.2,1
28.21,7.37,6.5,-0.14,-0.06,0.4,1
30.24,7.5,5.4,0.19,0.01,0.4,1
27.23,6.94,8.9,-0.37,0.03,0.4,1
28.08,6.72,19.2,0.12,0.0,0.6,1
28.89,7.33,9.6,0.39,0.05,-1.1,1
27.39,7.25,13.2,-0.26,0.0,0.6,1
29.7,7.06,11.0,0.11,0.01,0.9,1
29.39,7.23,6.3,0.11,-0.02,-0.5,1
25.93,7.0,11.3,0.1,-0.04,-3.0,1
29.04,7.16,10.1,-0.07,-0.05,-0.1,1
28.81,7.25,6.6,0.17,0.02,0.6,1
27.27,7.19,7.1,-0.04,-0.04,0.1,1
28.02,6.83,16.0,0.25,0.01,-1.3,1
27.89,6.57,15.2,0.17,0.01,1.1,1
26.81,6.79,12.0,0.15,-0.02,0.3,1
26.32,6.63,15.1,0.19,0.05,0.2,1
27.71,6.95,12.2,0.0,-0.03,0.0,1
30.32,7.24,8.4,0.0,-0.02,-0.4,1
28.94,6.75,15.3,0.22,0.02,-0.4,1
25.35,6.64,14.3,-0.15,0.02,0.1,1
28.25,7.11,16.1,-0.01,-0.01,1.9,1
27.58,6.92,14.1,0.0,-0.01,-0.5,1
25.77,6.75,17.6,-0.11,0.03,-0.4,1
29.11,6.96,13.4,-0.04,-0.04,-1.9,1
27.62,7.36,10.6,-0.03,0.01,0.3,1
29.48,7.18,12.0,-0.04,0.06,-0.8,1
29.3,7.22,7.7,0.09,0.01,-0.2,1
28.23,7.13,9.0,-0.15,0.0,0.4,1
27.55,7.12,7.9,-0.09,0.01,0.0,1
25.58,7.0,10.6,-0.38,0.01,-0.1,1
28.27,7.14,14.2,0.0,-0.03,-0.3,1
30.62,6.98,13.8,0.16,0.0,0.6,1
26.97,6.71,14.7,0.01,-0.02,0.0,1
27.05,6.97,13.8,0.23,-0.03,-1.2,1
27.26,6.77,10.6,0.12,-0.01,-0.6,1
27.94,6.85,14.1,0.08,0.05,0.2,1
29.87,6.9,17.6,0.05,0.01,0.4,1
28.3,7.02,11.0,0.15,-0.03,0.1,1
31.18,6.95,14.9,0.02,0.0,2.3,1
27.86,6.94,12.5,-0.22,-0.01,-0.1,1
28.71,7.82,8.5,0.37,-0.06,-0.3,1
27.51,6.76,15.1,0.08,-0.05,0.0,1
27.5,6.89,9.0,-1.52,-0.05,-0.2,0
29.85,7.15,13.5,-0.21,0.02,0.8,1
29.73,7.5,14.1,0.06,0.07,-1.1,1
27.98,7.15,3.6,-0.01,0.0,0.0,1
29.33,7.43,16.3,0.06,0.01,-1.1,1
26.49,6.91,12.9,-0.28,0.0,0.2,1
29.31,7.37,5.6,0.27,0.03,0.8,1
28.14,7.32,6.0,-0.28,0.05,0.9,1
28.74,6.74,19.7,-0.04,-0.1,0.7,1
30.13,6.96,16.5,0.23,-0.05,0.7,1
30.32,6.74,17.2,-0.08,0.02,-0.5,1
27.15,7.02,14.2,0.09,0.0,0.7,1
26.01,7.14,13.9,-4.93,-0.04,2.1,0
27.95,7.36,2.3,-0.15,0.04,-1.8,1
27.6,6.75,17.3,0.11,0.03,1.2,1
30.17,6.89,13.3,0.12,0.07,-0.2,1
29.94,7.33,6.2,0.08,-0.01,0.6,1
27.7,7.31,8.5,0.28,0.0,-1.9,1
27.8,7.01,10.8,-0.06,0.02,0.1,1
31.31,6.91,12.0,0.06,-0.06,-3.2,1
26.74,7.19,7.0,-0.41,-0.03,0.8,1
28.99,6.92,18.3,-0.32,0.09,-1.4,1
27.65,7.35,10.3,0.0,-0.01,-1.4,1
30.01,7.18,9.7,-0.4,0.0,-0.7,1
26.34,6.75,12.0,0.01,-0.05,0.2,1
27.33,7.21,9.0,0.12,0.02,-0.7,1
27.71,7.4,8.6,-0.26,0.0,-0.3,1
26.24,6.93,13.0,0.07,0.01,0.9,1
28.3,7.31,5.9,0.15,-0.02,0.0,1
30.69,6.67,18.4,-0.04,0.01,-0.4,1
27.16,6.84,16.5,0.02,-0.01,0.1,1
26.09,6.83,12.0,0.12,0.11,-0.7,1
28.17,7.09,21.7,-0.54,0.03,-1.1,0
26.36,7.12,19.4,0.27,-0.05,-1.1,1
26.14,6.72,26.7,0.13,0.02,1.5,0
30.53,7.2,9.6,0.24,0.01,-0.4,1
28.94,7.22,7.0,-0.05,-0.01,-0.7,1
29.98,7.17,10.0,-0.07,0.05,-0.2,1
31.87,6.47,21.7,0.06,0.02,0.1,0
27.72,7.13,11.6,0.07,-0.02,-0.4,1
28.14,7.11,10.1,-0.1,0.04,0.2,1
26.62,7.22,5.2,-0.27,-0.07,0.6,1
26.57,6.5,20.3,0.09,0.02,-0.7,0
26.57,7.23,6.6,0.1,0.02,1.0,1
26.86,7.21,5.2,0.0,-0.02,-1.2,1
29.77,6.94,14.3,0.82,0.02,-1.0,0
28.54,7.28,10.2,0.17,0.03,-0.7,1
27.36,7.2,3.2,0.2,-0.05,-0.1,1
26.27,7.19,5.2,-0.03,0.03,-0.2,1
25.23,6.43,18.7,0.0,-0.06,-0.8,0
27.45,7.02,11.0,0.2,0.0,-0.2,1
28.19,7.28,2.5,-0.16,0.0,-0.1,1
31.95,6.97,14.5,-0.08,0.01,-0.3,1
30.11,6.96,14.8,-0.1,0.02,1.9,1
27.76,7.01,9.7,-0.09,0.01,0.1,1
25.91,6.59,19.5,0.11,-0.05,-0.1,1
29.53,6.56,19.1,0.26,0.02,-0.5,1
30.18,7.1,12.5,-0.25,0.01,0.2,1
26.92,6.7,14.7,-0.28,-0.03,0.0,1
25.35,7.33,3.4,-0.18,0.05,-0.4,1
27.35,6.8,30.5,-0.11,0.02,2.2,0
27.83,6.62,15.6,-0.19,0.04,0.3,1
30.15,7.12,10.7,-0.07,-0.08,-1.1,1
27.84,7.33,3.6,0.08,0.01,-0.2,1
26.81,7.35,6.2,0.11,-0.02,-0.2,1
26.33,7.25,6.3,0.18,0.02,1.1,1
30.12,6.88,18.2,0.12,-0.11,1.0,1
30.84,7.19,15.2,-0.06,-0.01,3.0,1
30.71,7.13,10.0,0.1,0.05,-0.8,1
25.9,7.17,4.4,0.13,0.0,-0.2,1
26.39,6.78,12.9,-0.19,0.06,1.8,1
29.33,7.34,18.5,-0.08,-0.03,1.8,0
26.0,6.89,10.5,-0.06,-0.07,1.2,1
28.52,7.12,10.8,-0.09,-0.06,0.8,1
30.07,7.16,9.8,0.06,-0.02,0.1,1
27.61,6.67,18.6,0.15,0.01,4.4,1
26.52,6.7,15.1,-0.22,0.03,-0.7,1
27.86,7.16,15.0,0.23,-0.01,-1.3,1
27.57,6.8,16.8,-0.07,-0.05,0.9,1
29.46,7.23,6.6,0.16,0.01,-1.1,1
30.07,7.06,13.3,-0.02,-0.03,-0.7,1
25.69,6.92,14.8,-0.2,0.0,-0.4,1
27.58,7.19,7.1,-0.39,0.05,0.7,1
29.55,7.27,7.5,-0.1,-0.03,0.3,1
25.8,6.76,15.0,-0.04,-0.05,-0.2,1
26.8,6.55,16.3,0.38,0.0,0.0,1
28.97,7.49,1.8,0.24,0.02,-3.0,1
29.42,7.16,11.7,0.04,0.04,0.9,1
27.79,6.69,19.3,0.17,-0.01,-0.2,1
30.09,6.75,17.6,-0.3,0.0,-13.7,0
26.52,6.63,12.4,0.28,-0.1,0.4,1
26.27,7.33,21.1,-0.07,-0.01,-0.4,1
28.33,7.21,2.8,-0.13,0.01,0.4,1
28.72,6.7,19.7,-0.14,-0.01,-0.9,1
26.04,7.01,10.7,0.11,0.0,-0.9,0
25.72,7.18,5.8,0.13,-0.04,0.2,1
28.85,7.03,16.4,-0.18,0.03,-0.2,1
30.16,6.89,14.2,-0.12,0.07,-3.4,1
27.89,6.79,17.1,-0.06,-0.03,0.0,1
26.73,7.09,20.6,0.09,0.0,-2.2,1
27.43,7.15,10.1,-0.49,-0.01,-0.9,1
26.85,7.16,6.3,-0.2,-0.01,0.9,1
29.53,7.51,7.4,-0.15,0.06,0.3,1
32.12,7.09,12.2,-0.44,0.03,-0.4,0
26.58,7.07,8.4,-0.1,0.02,-0.2,1
28.06,7.17,26.3,0.02,-0.05,1.4,0
26.71,6.65,15.6,0.02,-0.02,0.1,1
26.49,7.08,8.3,0.04,0.02,1.0,1
27.75,6.67,16.8,0.09,0.06,0.1,1
26.98,6.31,21.5,0.19,-0.01,0.1,0
25.92,7.18,4.8,0.02,0.01,0.4,1
30.38,6.69,21.5,0.1,-0.01,0.5,1
25.86,6.91,12.9,0.21,0.05,1.0,1
30.78,7.36,7.5,0.13,0.03,1.0,1
30.06,7.57,2.9,0.07,0.03,-0.2,1
28.83,7.32,6.7,0.26,0.0,-0.1,1
27.54,7.02,10.6,0.05,0.04,-2.7,1
26.48,6.48,21.0,-0.12,0.02,0.6,0
25.58,6.73,13.4,0.23,0.09,-0.9,1
26.64,6.89,11.3,0.1,0.02,-0.2,1
29.8,7.24,7.2,-0.05,-0.09,1.1,1
30.17,7.15,10.5,0.1,-0.01,0.7,1
30.46,6.98,13.2,0.0,-0.06,0.1,1
29.09,6.98,13.0,0.36,0.01,2.3,1
27.75,7.21,4.1,-0.1,-0.04,0.4,1
28.19,7.24,8.1,0.02,0.02,-0.5,1
27.11,6.69,19.2,0.22,0.0,-1.5,1
26.06,6.99,6.4,-0.03,-0.03,0.7,1
28.55,7.05,12.0,0.3,0.01,4.9,1
28.34,7.04,12.4,-0.06,-0.07,0.0,1
25.94,6.77,11.8,-0.13,-0.01,-0.9,1
27.0,7.2,5.2,0.05,-0.02,0.3,1
26.84,6.84,11.4,0.01,-0.01,0.0,1
26.03,6.93,9.2,-0.19,-0.02,0.0,1
27.39,6.83,27.3,-0.02,-0.03,-1.8,0
28.82,7.37,9.5,-0.24,-0.01,2.7,1
27.2,6.63,19.2,-0.09,0.02,-0.9,1
27.22,6.74,10.1,0.48,-0.09,-2.5,1
27.13,6.94,12.2,0.16,0.0,0.1,0
27.21,6.99,8.8,0.29,0.02,1.1,1
26.23,6.9,4.3,0.03,0.0,-0.7,1
29.71,7.56,6.9,0.12,-0.02,1.6,1
26.88,7.02,8.2,0.44,-0.03,-0.6,1
26.48,6.67,15.3,-0.08,-0.02,-0.6,1
28.06,6.86,19.9,-0.11,-0.01,0.1,1
25.96,6.75,15.0,0.11,0.05,0.7,1
25.44,7.19,5.8,0.01,0.0,0.2,1
30.62,7.13,8.8,0.21,0.05,-0.1,1
31.66,7.14,11.9,-0.25,-0.03,0.2,1
28.39,7.41,6.4,0.02,-0.02,0.6,1
27.41,6.84,13.7,-0.42,0.0,-0.9,1
26.42,6.97,12.2,0.06,0.02,-0.3,1
25.95,7.09,6.5,0.01,-0.02,1.0,1
26.66,6.9,10.9,0.0,-0.01,-1.2,1
25.93,7.33,5.4,0.0,0.04,0.1,1
26.72,7.28,8.4,0.06,0.03,2.6,1
30.47,7.34,6.3,-0.15,0.01,0.4,1
28.05,7.05,9.7,0.04,0.0,-0.8,1
27.69,6.79,13.3,0.57,0.04,-2.1,1
27.04,7.37,12.8,-0.21,0.0,-1.2,1
26.21,6.62,16.1,-0.23,0.01,0.5,1
28.3,6.61,21.3,-0.03,0.02,0.3,1
26.99,6.8,15.8,-0.09,-0.01,1.0,1
28.15,7.05,10.9,-0.1,-0.01,0.7,1
29.01,6.47,20.7,-0.16,-0.03,0.0,0
30.24,7.25,8.2,0.16,0.01,0.0,1
27.87,7.18,5.7,0.2,0.03,0.2,1
27.42,7.31,10.4,0.11,0.15,-0.3,1
30.39,7.57,4.4,-0.09,0.0,-0.7,0
28.02,6.75,18.3,-0.09,0.02,0.3,1
26.43,7.03,7.6,0.06,-0.09,0.1,1
27.21,7.21,7.5,-0.25,-0.06,-0.5,1
26.0,7.35,2.2,-0.43,-0.02,-0.6,1
27.84,6.76,17.1,0.24,0.01,-0.2,1
28.71,7.01,13.7,-0.08,-0.05,1.2,1
28.49,6.73,16.0,-0.19,0.01,0.7,1
30.56,7.3,8.6,0.31,-0.05,1.0,0
26.18,6.89,12.7,-0.03,-0.04,-1.8,1
26.75,6.75,13.4,0.07,0.03,0.9,1
29.26,6.94,14.7,-0.11,0.03,2.5,1
26.61,7.02,8.9,0.06,-0.04,0.4,1
29.42,7.36,6.7,0.06,0.0,-0.9,1
26.72,7.31,4.0,0.22,-0.01,0.7,1
26.37,7.08,8.4,-0.18,0.02,0.2,1
25.96,6.8,12.3,-0.01,-0.03,0.0,1
28.15,7.06,20.5,0.13,0.0,-0.4,1
30.7,7.06,15.4,-0.15,0.05,-0.4,0
28.56,7.23,9.6,0.14,-0.01,-1.3,1
29.59,7.4,4.6,-0.19,0.01,-0.7,1
32.5,7.21,13.2,-0.09,-0.03,0.9,0
27.45,6.97,10.2,0.06,0.03,-0.4,1
28.77,8.01,13.7,-0.31,0.12,-0.8,1
29.87,7.38,9.2,-0.08,0.1,-1.2,1
27.67,7.16,16.2,-0.15,0.01,-1.4,1
29.91,7.13,13.3,0.02,0.08,0.2,1
26.06,6.96,9.3,0.06,-0.01,-1.9,1
26.51,6.82,11.0,0.11,-0.06,-0.4,1
26.33,6.89,12.2,-0.39,-0.03,0.3,0
26.75,6.59,15.8,0.0,0.03,-0.1,1
30.77,7.57,5.8,0.3,0.08,0.8,1
27.64,6.8,24.7,-0.11,0.03,2.1,0
32.66,7.54,2.3,0.14,0.0,-1.3,0
29.55,7.03,16.6,-0.16,-0.01,-0.3,1
27.12,6.68,16.9,-0.04,0.0,0.2,1
28.2,7.1,14.3,0.03,0.0,4.2,1
28.01,7.12,4.7,-0.17,-0.02,0.4,1
27.81,7.31,5.4,0.0,0.01,-0.8,1
30.09,6.89,13.8,0.14,0.04,-0.9,1
29.52,6.94,18.7,0.12,0.04,1.7,1
26.75,6.98,5.8,0.24,-0.09,-0.2,1
29.42,7.36,7.1,-0.23,0.02,-0.5,1
26.74,7.14,11.2,0.02,-0.02,-0.5,1
27.9,7.03,10.9,-0.04,-0.01,0.9,1
28.45,6.66,17.2,-0.19,-0.01,0.1,1
26.4,6.84,19.4,0.04,0.0,-0.2,0
27.7,7.24,21.2,0.23,0.01,0.3,1
29.88,7.43,4.4,-0.01,-0.03,-2.7,1
30.2,7.5,3.4,0.06,0.01,0.0,1
26.82,7.26,2.9,-0.02,-0.01,0.7,1
28.39,7.34,5.8,0.1,0.03,-0.8,1
29.92,7.57,5.6,-0.5,0.06,0.1,1
29.9,7.02,17.0,0.12,-0.06,-0.1,1
30.13,7.23,10.0,0.03,0.01,0.2,1
26.8,7.26,4.0,0.24,0.01,-0.6,1
27.36,6.49,16.7,0.11,-0.04,0.6,1
30.27,6.66,17.0,0.16,-0.02,-0.5,1
32.22,7.45,7.6,0.17,0.0,-0.2,0
29.23,7.22,8.5,0.08,-0.05,-2.5,1
25.85,7.07,7.8,-0.01,-0.08,-1.3,1
28.47,6.86,17.2,0.1,0.01,0.6,1
27.17,7.21,7.9,0.43,0.05,-0.2,1
27.55,6.75,17.5,0.27,-0.05,0.2,1
29.82,7.3,8.5,0.17,-0.16,0.4,1
26.01,6.9,16.9,0.11,0.02,3.9,1
26.85,6.95,12.6,0.12,0.02,-0.4,1
28.49,6.88,16.9,-0.01,0.02,1.2,1
26.1,7.31,6.2,-0.04,0.02,0.0,1
26.07,6.95,10.7,-0.06,-0.01,0.9,1
28.84,7.0,12.9,0.27,0.04,-1.2,1
28.0,6.67,17.3,-0.15,-0.02,0.4,1
28.83,7.26,7.8,-0.12,0.0,1.2,1
29.46,7.22,21.0,-0.08,-0.04,0.2,1
26.21,7.2,8.5,0.01,0.04,-1.2,1
26.44,7.09,11.7,-0.02,-0.01,0.0,1
28.19,7.19,7.5,-0.05,0.01,-0.6,1
28.39,7.47,14.0,-0.26,-0.18,-0.1,1
27.26,6.93,12.0,0.04,0.02,0.2,1
29.97,7.03,11.0,0.09,0.0,-0.4,1
26.99,6.69,19.3,-0.12,0.0,0.1,1
26.67,6.53,30.6,-0.04,0.0,1.3,0
27.43,6.57,17.8,0.13,-0.02,0.2,1
25.6,6.93,10.2,0.06,-0.03,0.1,1
26.33,6.61,15.1,-0.13,0.01,-0.5,1
28.7,7.04,13.9,-0.03,-0.03,-0.5,1
28.16,7.28,7.5,0.17,0.01,-1.2,1
29.39,7.3,10.3,-0.11,-0.06,-0.1,1
27.75,6.67,18.7,-0.04,-0.02,-0.6,1
29.21,6.9,14.4,0.03,-0.03,0.2,1
25.88,6.79,12.7,0.17,0.0,0.8,1
28.52,7.45,4.6,0.18,0.06,-0.3,1
28.21,8.37,17.2,-0.38,0.0,0.4,1
26.66,7.04,8.4,-0.2,0.02,-0.5,1
27.19,6.78,16.4,-0.17,-0.02,-1.3,1
27.13,6.82,15.1,-0.27,-0.05,0.3,1
27.32,7.25,3.8,-0.01,-0.02,-1.2,1
26.77,6.7,14.7,0.0,0.0,0.0,0
28.03,7.23,4.9,0.03,-0.04,0.4,1
29.11,6.93,10.4,-0.02,-0.01,0.3,1
29.71,7.42,6.0,0.29,0.02,-0.8,1
31.68,6.74,17.9,0.01,0.03,1.3,1
28.44,7.17,5.6,-0.01,0.01,0.6,1
28.31,6.84,15.8,0.04,0.02,-1.2,1
28.14,7.1,6.8,0.0,-0.03,-0.3,1
27.65,7.11,10.2,-0.09,-0.03,-1.0,1
26.44,6.63,14.7,-0.31,0.01,-1.1,1
27.31,7.21,12.5,-0.21,-0.01,3.3,1
29.49,7.22,12.1,-0.1,0.0,-0.9,1
26.64,6.81,13.0,-0.17,0.02,1.0,1
27.64,7.11,7.9,-0.05,-0.01,-0.3,1
28.22,7.3,10.5,0.1,0.0,-0.9,1
28.77,6.74,19.0,0.0,0.09,-0.6,1
27.72,6.93,28.9,0.08,-0.09,0.9,0
27.75,7.36,3.6,-0.24,0.1,-0.9,1
26.58,6.94,14.6,-0.33,0.01,1.0,1
27.0,7.18,6.5,0.43,-0.05,-0.1,1
31.95,7.44,7.1,-0.05,0.02,0.3,1
30.27,7.08,13.3,0.15,0.02,-0.1,1
28.48,7.26,4.9,-0.13,-0.03,-0.3,1
27.21,6.9,23.5,-0.14,-0.11,0.9,0
28.65,6.6,16.3,0.15,-0.08,1.4,1
26.73,7.22,2.9,-0.14,-0.01,-0.4,1
27.34,7.08,6.2,0.08,-0.02,0.8,1
28.37,7.18,10.8,-0.01,0.03,0.3,1
26.29,7.14,12.9,-0.1,-0.03,-3.8,1
27.52,6.67,17.5,0.08,-0.02,1.1,0
28.07,6.99,16.7,0.24,-0.09,-20.0,0
28.52,7.28,4.8,0.19,-0.01,1.0,1
28.64,7.23,6.0,0.24,0.08,-0.2,1
26.7,6.88,15.0,0.03,0.02,-0.7,1
29.61,7.57,6.2,-0.16,0.02,0.1,1
29.31,7.09,9.9,0.07,0.02,0.2,1
28.9,7.25,4.6,0.11,0.0,0.4,1
29.51,7.0,13.2,-0.07,0.0,-0.2,1
26.95,7.11,16.3,0.11,0.05,1.3,1
28.93,7.45,4.6,-0.2,-0.02,0.4,1
28.93,6.91,10.6,0.31,0.0,-0.6,1
30.43,7.41,9.1,-0.24,0.06,-0.2,1
26.48,7.15,6.9,0.25,0.07,0.3,1
26.24,6.69,15.2,-0.12,-0.03,-0.4,0
25.67,6.56,18.9,0.18,0.02,-0.3,0
28.44,6.76,22.4,0.14,-0.01,-0.6,0
25.33,6.8,12.4,0.15,-0.01,-0.0,0
28.52,7.42,8.9,-0.2,0.04,-0.2,0
27.65,6.61,15.9,0.1,0.01,0.2,0
27.73,6.75,22.6,0.01,0.02,2.2,0
25.8,6.45,17.4,0.13,-0.02,1.1,0
29.98,6.79,24.7,-0.18,-0.02,0.9,0
29.63,6.98,18.3,0.07,-0.29,1.4,0
27.08,7.2,22.4,-0.15,-0.01,1.6,0
31.96,7.34,6.5,0.13,-0.01,-2.3,0
25.74,6.77,12.7,-0.48,-0.02,-0.1,0
28.24,6.51,19.4,0.21,0.01,-0.3,0
28.56,6.6,22.2,-0.14,-0.01,-20.8,0
27.47,6.83,28.7,0.25,0.06,-2.2,0
26.74,6.74,23.3,-0.12,0.04,1.0,0
26.56,6.5,20.3,0.09,0.02,-0.7,0
31.93,6.99,14.6,0.03,-0.03,-0.3,0
26.92,6.93,27.7,0.07,-0.02,-1.7,0
27.91,7.09,24.9,0.03,0.05,0.9,0
25.8,6.99,9.5,-0.14,-0.01,0.0,0
27.48,7.21,22.6,-0.01,0.03,0.6,0
30.21,6.62,20.5,-0.21,0.01,0.7,0
26.5,6.5,31.2,-0.04,-0.02,0.2,0
25.72,6.81,14.7,-0.07,-0.02,-0.5,0
29.59,6.97,33.4,-0.24,-0.03,17.2,0
26.26,6.74,14.8,-0.05,-0.01,-0.2,0
26.83,7.27,21.2,-0.25,-0.02,1.8,0
25.77,7.13,8.9,-0.05,0.01,0.2,0
28.22,6.39,19.8,0.39,0.04,0.7,0
29.69,6.97,14.0,1.33,0.01,-0.7,0
27.43,7.22,20.8,-0.08,-0.01,0.1,0
30.67,6.39,20.8,0.35,-0.0,0.0,0
28.01,6.88,24.9,-0.04,0.01,1.0,0
27.88,6.83,22.3,-0.07,0.03,-3.3,0
27.3,7.04,26.5,-0.32,-0.0,1.6,0
32.47,7.03,13.2,0.15,0.02,-0.3,0
27.1,6.46,20.6,0.17,0.01,-0.3,0
28.79,6.64,24.5,0.06,0.0,2.9,0
31.55,7.02,12.5,-0.05,-0.02,-0.2,0
32.26,7.38,7.4,-0.11,-0.02,2.2,0
26.46,6.7,12.3,0.04,-0.02,-0.4,0
26.15,6.46,20.5,0.18,0.24,-0.2,0
27.3,6.96,26.1,-0.12,-0.01,2.0,0
26.08,7.2,5.9,-0.23,0.01,-0.6,0
25.9,6.8,12.9,0.03,-0.04,-1.2,0
27.58,6.35,16.6,0.07,-0.05,0.4,0
25.96,7.02,10.1,-0.23,-0.02,-0.2,0
28.44,6.79,17.3,0.03,0.03,2.3,0
28.52,7.03,18.1,-1.6,-0.05,0.7,0
26.48,6.88,26.6,-0.01,-0.03,-0.0,0
30.25,6.47,20.4,0.12,0.02,0.0,0
27.37,6.82,27.2,-0.01,-0.0,-1.7,0
32.54,7.27,7.3,0.02,-0.03,-0.6,0
28.28,7.12,25.0,0.14,-0.02,-1.2,0
25.71,7.18,8.8,0.01,0.01,-0.0,0
31.72,7.13,14.0,0.12,-0.05,-0.1,0
27.44,6.9,28.2,0.02,-0.03,1.7,0
26.74,7.11,6.5,-0.2,0.03,-0.6,0
27.61,7.1,32.2,0.2,-0.02,-1.5,0
27.83,6.97,23.4,0.11,0.02,1.6,0
20.85,7.16,4.9,-0.19,-0.01,0.6,0
30.18,7.22,10.1,-0.14,0.02,0.2,0
31.89,7.08,12.8,0.03,0.01,0.7,0
27.5,6.57,16.2,-0.05,-0.05,0.2,0
25.23,6.49,19.5,0.04,-0.0,-0.2,0
30.55,7.54,4.4,-0.08,0.0,-0.8,0
32.42,7.3,7.6,-0.11,0.0,-1.9,0
29.3,6.51,21.9,-0.16,-0.02,0.5,0
32.56,7.28,8.4,0.04,0.03,0.4,0
27.4,6.72,26.8,-0.32,-0.04,1.1,0
25.86,7.09,4.0,0.36,0.05,-0.2,0
29.06,7.19,23.8,-0.03,0.0,0.9,0
30.26,6.6,18.7,0.28,0.01,0.1,0
28.83,7.15,23.4,-0.08,0.02,0.5,0
26.86,6.32,21.4,0.14,0.04,-0.1,0
30.6,6.69,19.9,-0.28,-0.01,0.9,0
27.33,6.81,30.5,-0.11,0.02,2.2,0
26.06,6.62,18.9,0.02,0.01,-0.4,0
27.62,6.47,16.7,0.06,-0.04,0.3,0
32.19,7.44,7.9,0.05,-0.03,1.7,0
28.11,6.91,15.0,-0.21,-0.24,0.4,0
32.4,7.34,6.9,0.15,0.01,-0.8,0
27.82,6.47,21.3,0.03,-0.01,-0.9,0
29.57,6.71,17.8,0.02,-0.03,-0.4,0
25.71,6.39,17.6,-0.14,-0.01,0.6,0
26.18,6.85,12.5,-0.04,0.0,-0.8,0
32.35,7.33,7.9,-0.15,-0.0,-0.2,0
27.22,6.96,25.0,-0.01,-0.01,0.8,0
30.79,6.99,14.1,-0.07,-0.04,0.1,0
25.68,6.7,16.0,-0.06,-0.02,-0.1,0
26.33,6.8,28.2,0.01,0.01,0.7,0
29.34,6.54,20.2,0.13,-0.01,1.3,0
25.76,6.6,16.0,-0.15,0.0,-1.3,0
32.08,7.08,12.2,-0.37,0.01,-0.4,0
31.96,6.48,21.7,-0.0,0.02,0.0,0
25.72,7.14,7.9,-0.04,0.04,1.3,0
31.81,7.09,12.0,0.26,0.02,0.7,0
28.8,6.59,21.8,-0.03,-0.04,-0.4,0
30.71,6.6,20.0,0.15,0.02,1.0,0
26.53,6.89,14.5,-0.03,-0.01,-0.1,0
28.92,7.48,23.0,0.28,0.08,-1.7,0
30.47,7.35,10.2,0.04,-0.0,-0.2,0
31.87,7.02,9.5,0.08,-0.13,-0.2,0
27.34,7.29,32.9,0.11,-0.04,-2.1,0
32.02,7.5,2.8,0.07,0.01,-0.3,0
25.39,7.32,9.0,0.65,0.02,0.2,0
27.61,6.47,22.3,0.21,0.01,1.2,0
32.36,7.04,13.2,-0.4,-0.0,-0.6,0
26.31,6.86,20.1,-0.1,0.03,-1.6,0
32.9,7.12,11.2,0.29,-0.01,-0.3,0
31.52,6.48,21.8,-0.02,0.01,0.2,0
26.62,6.63,15.7,-0.06,-0.01,-0.2,0
27.69,6.85,25.0,-0.17,-0.0,-0.9,0
32.74,7.13,12.6,-0.04,-0.02,0.6,0
26.7,6.68,13.6,0.03,-0.02,0.5,0
27.95,6.74,16.9,-0.09,-0.04,-1.8,0
28.48,6.75,18.6,0.01,-0.04,-0.8,0
32.29,7.01,13.6,0.3,-0.01,-0.2,0
29.33,7.31,18.4,-0.06,-0.03,1.8,0
32.62,7.09,12.1,-0.15,0.01,-0.4,0
25.67,6.47,16.3,-0.2,0.03,0.2,0
32.34,7.33,7.9,-0.16,-0.01,-0.2,0
25.31,7.0,15.6,-0.14,-0.07,-1.6,0
26.99,7.03,11.2,-3.16,0.02,1.2,0
29.82,6.87,24.6,-0.17,-0.03,1.0,0
32.32,7.41,5.2,0.15,0.02,-0.2,0
27.79,6.56,17.3,0.03,-0.16,-1.6,0
31.63,7.06,9.8,0.27,-0.06,-0.4,0
26.93,6.27,21.2,-0.18,-0.01,0.6,0
27.92,7.11,9.7,-0.12,-0.03,-0.3,0
25.94,6.8,12.9,0.02,-0.04,-1.2,0
27.32,6.58,16.2,-0.18,-0.04,0.1,0
30.09,7.08,12.8,0.02,0.0,-0.4,0
27.44,7.12,20.7,-0.05,-0.01,0.0,0
27.97,6.66,22.5,0.14,0.0,1.3,0
26.31,6.73,21.3,-0.33,0.04,-0.8,0
27.81,6.92,18.2,0.16,-0.01,-0.3,0
27.68,6.86,25.0,0.02,0.01,0.9,0
26.51,6.47,20.6,0.02,-0.0,0.2,0
26.54,6.62,15.7,0.09,-0.0,-0.1,0
27.11,6.96,22.5,-0.05,0.08,2.7,0
29.64,6.81,24.6,0.02,-0.01,4.3,0
29.34,6.67,23.7,-0.04,-0.02,-2.2,0
32.1,7.29,8.7,0.03,0.0,0.4,0
29.79,6.7,31.2,-0.04,0.0,-0.4,0
29.9,7.2,13.7,0.09,-0.03,-0.1,0
26.7,6.58,15.4,0.07,-0.08,-0.2,0
29.48,7.3,9.2,-2.92,-0.0,0.1,0
27.24,6.17,3.4,-0.13,0.15,-0.7,0
28.4,6.71,22.1,-0.08,-0.01,1.8,0
26.17,6.84,12.4,-0.05,0.0,-0.9,0
26.63,6.49,20.7,-0.08,0.06,-1.6,0
26.03,7.11,21.8,0.0,0.02,-0.2,0
27.23,6.49,20.4,0.15,-0.01,-0.1,0
25.62,7.0,9.2,0.03,0.02,-0.0,0
31.63,6.96,15.3,0.02,-0.01,1.6,0
32.62,7.06,12.6,0.15,-0.02,0.7,0
26.79,6.61,27.7,-0.05,0.01,1.8,0
31.79,7.18,9.7,0.16,0.05,-0.5,0
28.21,6.29,21.0,0.12,-0.03,0.1,0
31.47,6.76,18.9,0.22,-0.04,-0.9,0
30.19,6.52,20.4,0.07,0.02,0.0,0
32.19,7.46,7.9,0.06,0.0,0.8,0
31.28,7.29,10.2,-0.21,0.01,-1.8,0
29.05,7.29,10.7,-0.17,-0.01,0.9,0
26.94,7.01,26.5,-0.04,0.01,1.4,0
26.76,6.72,14.8,0.04,0.0,0.1,0
32.62,7.14,11.6,0.2,0.01,-0.1,0
27.06,7.2,1.7,0.31,0.06,-1.6,0
28.65,6.69,18.7,0.08,-0.02,0.6,0
32.48,7.41,4.5,-0.06,0.01,0.0,0
25.89,6.84,12.2,-0.17,-0.01,0.6,0
27.09,6.89,27.6,0.03,-0.02,-1.7,0
25.49,6.43,16.3,-0.05,0.03,-1.2,0
26.0,7.3,4.9,-0.17,-0.02,0.4,0
31.87,7.06,13.9,-0.03,-0.03,0.0,0
31.62,7.0,13.7,-0.05,-0.03,0.1,0
27.13,7.25,22.1,-0.15,-0.05,1.6,0
27.95,6.84,31.4,0.27,0.01,-0.8,0
27.59,6.43,22.2,0.16,0.0,-2.1,0
30.36,6.72,22.7,-0.01,-0.0,0.7,0
25.92,6.58,13.1,-0.22,-0.06,-1.5,0
31.64,7.16,9.9,0.28,0.05,-0.6,0
32.74,7.26,12.6,-0.0,0.02,0.4,0
32.08,7.07,15.1,0.0,-0.05,-0.1,0
28.36,6.67,30.3,0.04,-0.01,-0.4,0
32.7,7.07,12.3,0.06,-0.03,0.7,0
28.96,7.22,15.5,-0.22,0.48,-0.3,0
27.62,7.12,27.8,0.04,0.03,-1.1,0
32.39,7.41,4.6,0.07,-0.0,-0.0,0
25.78,7.22,5.5,-0.05,-0.08,-0.9,0
27.33,6.07,4.0,-0.01,0.01,-0.0,0
27.33,6.13,3.8,0.02,0.23,0.1,0
26.8,6.8,29.4,0.03,-0.01,1.0,0
25.95,6.77,15.3,0.01,0.01,0.6,0
27.64,7.36,8.6,-0.16,0.25,0.8,0
28.19,6.94,8.0,0.28,0.08,-22.1,0
27.32,6.91,23.6,0.08,0.03,-1.8,0
32.73,7.4,4.5,-0.2,0.03,0.2,0
29.08,7.88,14.5,-0.11,1.12,-0.9,0
29.71,6.71,26.4,0.11,-0.02,-1.3,0
26.18,5.76,22.4,-0.03,-0.02,-0.4,0
27.7,7.04,27.0,-0.13,0.01,-1.6,0
29.98,7.38,7.1,3.75,-0.01,-0.1,0
25.72,6.47,17.4,0.08,-0.02,1.1,0
26.98,6.93,27.1,0.01,-0.01,1.6,0
26.34,7.66,4.9,-0.03,0.42,-0.4,0
28.46,7.66,8.8,-0.11,0.38,-0.7,0
29.75,6.35,20.4,0.27,-0.05,0.7,0
26.9,6.81,23.7,-0.13,-0.01,-2.3,0
27.65,6.61,17.3,-0.08,0.01,-0.1,0
26.03,7.16,4.4,0.16,0.03,-0.3,0
28.96,6.63,17.0,-0.74,-0.03,-1.0,0
27.56,6.65,17.4,0.06,-0.02,1.0,0
27.31,7.3,22.3,0.14,-0.07,0.1,0
30.11,6.75,21.0,-3.76,0.05,0.0,0
29.78,6.67,17.9,-0.61,-0.04,-0.4,0
28.47,6.65,18.3,0.1,0.01,0.7,0
31.75,7.3,11.2,0.0,-0.01,-1.6,0
31.94,7.27,3.7,0.07,0.03,-1.8,0
27.95,6.66,22.5,0.13,0.0,1.3,0
27.93,6.61,8.1,0.13,-0.58,-0.2,0
29.47,6.45,19.8,0.08,0.0,0.0,0
27.28,7.01,26.2,-0.07,0.01,-0.7,0
31.94,7.09,14.2,0.05,-0.04,-0.3,0
31.54,7.08,13.8,0.13,0.01,0.5,0
27.05,6.32,20.7,-0.08,0.01,-1.3,0
30.56,6.66,19.4,-0.16,-0.02,1.2,0
25.7,6.59,18.3,0.08,0.02,-1.0,0
32.05,7.4,6.9,-0.19,-0.04,-1.1,0
26.6,7.13,6.9,-0.06,0.01,-0.1,0
30.39,6.88,9.2,2.99,0.02,-0.1,0
28.88,6.77,17.5,-1.75,-0.04,-0.7,0
27.18,7.04,22.8,0.19,-0.03,-1.7,0
26.21,6.51,20.3,0.15,0.17,-0.3,0
31.12,7.09,13.8,0.09,-0.01,0.0,0
25.88,7.02,8.9,-0.04,-0.02,-0.1,0
30.22,7.26,10.8,0.16,-0.02,-0.4,0
28.49,6.57,16.7,0.17,-0.0,0.8,0
30.86,7.09,11.6,-0.3,-0.05,-0.8,0
27.18,6.71,23.4,-0.15,-0.08,1.0,0
30.13,7.05,11.5,-0.14,-0.03,-0.7,0
32.23,7.18,12.5,0.08,-0.01,0.7,0
29.81,7.01,14.2,0.67,0.01,-0.9,0
28.38,6.72,26.0,0.1,0.0,-2.6,0
28.49,6.82,21.9,0.07,0.01,-0.8,0
31.8,7.26,10.5,-0.06,0.0,-1.4,0
31.89,7.4,2.7,0.14,0.02,-0.7,0
30.1,7.18,9.9,-0.16,0.02,0.5,0
27.93,6.64,22.5,0.15,0.0,1.3,0
32.18,7.12,11.4,0.06,0.03,-0.5,0
30.41,7.57,4.4,-0.09,0.0,-0.7,0
31.67,6.91,15.0,0.0,-0.05,0.0,0
27.33,7.0,20.7,0.01,-0.0,-0.1,0
27.43,6.94,11.0,0.01,-0.02,0.2,0
31.63,7.02,13.8,-0.03,-0.04,0.1,0
26.57,6.99,26.8,0.2,0.01,1.4,0
32.27,6.51,21.6,-0.23,0.0,-0.4,0
32.2,7.32,11.7,-0.04,-0.05,0.5,0
28.83,6.56,21.5,-0.07,-0.02,-21.4,0
26.26,6.73,29.0,-0.06,0.01,-0.0,0
28.66,7.9,16.7,-0.08,1.01,1.3,0
27.39,6.01,4.0,-0.01,0.01,-0.0,0
27.44,7.23,26.1,-0.07,-0.01,-0.1,0
29.91,7.51,4.4,-2.22,-0.01,-0.2,0
26.54,6.71,13.5,-0.02,0.02,0.1,0
32.49,7.18,12.6,0.04,-0.01,0.7,0
27.27,6.7,21.8,-0.19,-0.02,-0.7,0
27.36,7.21,27.4,0.08,-0.01,1.4,0
27.93,6.67,18.0,-0.04,-0.03,-0.2,0
26.62,6.49,20.9,-0.08,-0.01,0.7,0
31.35,7.29,10.3,-0.22,0.01,-1.8,0
29.37,6.73,17.9,-1.7,-0.05,-0.3,0
25.69,7.0,9.0,-0.02,-0.0,0.1,0
29.19,7.45,9.5,3.89,0.04,0.2,0
31.97,7.06,12.6,-0.07,0.05,0.6,0
32.39,7.03,14.5,-0.09,0.03,0.3,0
27.09,6.54,15.2,-0.11,-0.02,0.5,0
27.56,6.53,16.1,0.2,-0.03,0.2,0
27.96,6.87,14.8,-0.13,-0.2,0.4,0
29.58,7.17,18.4,-0.06,-0.01,1.6,0
27.88,6.55,15.5,-0.14,0.0,-0.5,0
30.38,6.73,26.3,-0.11,-0.01,1.9,0
27.63,6.63,15.9,0.08,0.01,0.2,0
27.91,6.66,21.2,-0.01,-0.0,-1.1,0
26.43,6.52,31.2,-0.09,0.02,-0.1,0
27.15,6.16,22.6,0.03,0.03,-2.6,0
33.56,7.14,9.8,3.74,0.02,-0.2,0
27.32,6.85,25.4,0.0,-0.01,-0.8,0
32.66,7.22,12.3,0.18,0.04,-0.3,0
31.8,7.0,15.0,-0.08,-0.06,0.2,0
27.62,6.58,22.5,-0.03,0.01,1.7,0
32.53,7.29,8.2,0.33,-0.01,0.7,0
31.28,6.95,17.2,0.01,-0.04,0.5,0
28.74,6.7,17.5,0.36,0.02,0.3,0
29.27,7.17,20.6,-0.3,-0.02,2.0,0
27.2,6.38,23.2,-0.15,-0.02,1.2,0
26.13,5.78,22.6,-0.11,0.09,-0.1,0
28.27,6.5,19.4,0.2,0.01,-0.2,0
26.46,6.87,23.3,-0.0,0.01,-0.9,0
26.16,6.16,22.7,-0.1,0.07,-0.4,0
31.98,7.07,12.3,0.21,-0.01,0.4,0
27.73,6.35,19.1,0.22,0.02,-2.6,0
27.72,6.53,17.6,0.23,-0.01,-0.1,0
24.86,7.22,15.6,0.06,-0.1,-1.4,0
28.25,6.31,20.7,0.15,-0.02,0.4,0
26.53,6.77,14.6,-0.06,0.0,-0.1,0
27.11,6.76,28.5,0.01,0.0,2.8,0
25.86,6.6,18.3,0.09,0.03,-1.0,0
28.89,6.86,18.0,-2.12,-0.06,0.1,0
31.9,6.96,14.1,-0.17,-0.04,-0.6,0
29.25,7.0,18.2,0.23,-0.73,1.4,0
26.45,7.24,21.3,-0.06,-0.01,2.2,0
27.09,6.64,26.9,0.15,-0.0,-1.8,0
29.66,6.62,21.3,-0.17,0.16,1.8,0
27.97,6.95,23.2,-0.36,0.0,-0.4,0
30.47,7.22,11.5,-0.18,0.02,0.8,0
26.14,6.65,15.0,-0.07,-0.01,-0.3,0
23.35,7.08,5.6,1.27,-0.0,-0.0,0
27.58,6.89,24.0,-0.14,-0.02,0.4,0
27.34,7.26,34.9,-0.12,0.03,16.8,0
31.66,7.07,13.7,-0.02,-0.01,-0.0,0
28.92,7.31,15.3,-0.25,0.65,-0.3,0
26.59,6.46,20.4,0.17,-0.04,-0.4,0
26.31,7.18,26.4,-0.24,0.01,-1.4,0
28.61,6.82,21.9,-0.64,-0.0,2.9,0
25.45,6.64,28.0,-0.75,-0.08,-0.7,0
30.3,6.96,15.4,-0.0,0.03,0.9,0
26.6,6.94,23.2,-0.16,0.01,0.8,0
30.26,6.77,32.0,-0.02,0.0,16.5,0
26.98,6.29,21.3,0.15,-0.01,0.0,0
31.75,7.21,13.7,0.09,0.02,-0.3,0
29.09,6.72,21.5,-0.16,-0.04,6.4,0
31.7,6.97,14.9,-0.12,-0.07,0.3,0
26.35,7.17,6.0,-0.19,0.02,-0.7,0
32.52,7.17,13.0,-0.01,-0.03,0.8,0
29.92,6.96,23.3,-0.03,0.05,-2.0,0
26.98,6.64,16.4,-0.28,-0.02,0.1,0
26.08,6.74,15.0,0.0,-0.02,0.3,0
26.39,6.71,21.3,-0.25,0.03,-0.6,0
27.46,6.94,22.6,-0.1,0.09,2.6,0
27.52,6.55,15.8,-0.05,-0.03,-0.5,0
26.71,6.75,13.0,0.07,-0.02,-0.9,0
32.14,7.54,3.5,0.13,0.01,0.1,0
32.57,7.16,12.4,0.01,-0.02,0.7,0
26.15,6.54,17.4,-0.27,0.01,-0.4,0
30.57,7.04,13.8,-0.0,-0.04,0.2,0
25.69,7.03,11.8,-0.15,-0.0,0.2,0
24.89,6.81,12.4,-0.98,-0.08,0.4,0
27.23,7.28,26.4,-0.22,0.0,1.8,0
26.95,6.27,21.1,0.05,0.0,-0.1,0
26.93,6.61,14.8,-0.07,0.03,0.3,0
29.16,6.76,17.0,-0.12,0.03,-4.3,0
30.02,6.66,17.7,-0.01,-0.03,-0.2,0
29.25,6.8,17.0,-0.17,0.02,-4.8,0
30.79,6.67,18.6,-0.23,-0.02,0.1,0
25.8,7.03,9.2,0.05,0.01,-0.3,0
26.65,7.09,5.5,2.59,0.02,-0.3,0
28.22,6.46,20.5,-0.09,-0.01,0.4,0
26.35,6.75,18.9,-0.11,-0.01,0.5,0
32.92,7.24,8.9,0.28,-0.05,0.5,0
29.62,7.48,4.3,-3.5,-0.01,0.1,0
27.92,6.6,8.0,0.14,-0.59,-0.2,0
32.21,7.17,12.4,-0.03,0.04,0.7,0
31.91,7.11,14.8,-0.06,-0.05,-0.3,0
28.73,6.6,43.0,-0.03,-0.01,19.8,0
28.27,6.55,17.0,-0.03,-0.03,0.5,0
26.81,6.82,29.4,0.03,-0.01,0.9,0
28.21,6.62,17.2,-0.23,-0.01,0.5,0
31.78,7.15,15.2,-0.11,-0.08,-0.3,0
28.32,7.12,24.3,-0.23,0.03,0.5,0
27.35,6.7,26.3,-0.05,0.0,-1.1,0
32.18,7.2,9.5,0.02,0.02,-0.1,0
32.26,7.55,3.9,-0.1,0.02,1.0,0
30.31,7.06,13.5,-0.01,-0.03,0.0,0
27.71,7.11,25.0,-0.06,0.0,0.8,0
32.38,7.33,8.5,0.1,0.01,0.3,0
31.38,6.51,22.0,0.0,0.02,0.3,0
27.15,6.03,15.2,0.05,-0.65,0.3,0
31.4,6.81,18.4,2.46,-0.01,-0.7,0
27.43,6.94,24.0,0.32,0.12,5.3,0
27.79,6.67,7.9,0.17,-0.57,0.5,0
31.33,7.32,7.1,0.01,-0.02,-2.0,0
32.64,7.4,4.4,-0.25,0.03,0.2,0
24.69,7.14,7.3,-3.29,-0.04,-0.3,0
28.28,7.22,27.2,-0.21,0.02,0.0,0
26.05,6.92,23.0,-0.07,0.01,-0.7,0
27.09,6.81,15.8,-0.22,-0.02,-0.5,0
31.96,7.11,12.2,-0.34,0.02,-0.5,0
27.04,6.34,21.4,0.17,-0.01,0.2,0
28.37,6.73,18.5,0.02,-0.05,-0.7,0
26.4,6.78,23.7,-0.13,-0.01,-0.1,0
27.76,6.7,23.0,-0.03,-0.01,-0.6,0
29.4,6.61,25.7,-0.27,-0.07,-0.5,0
28.38,6.48,19.2,0.06,0.01,0.2,0
27.73,6.79,14.7,0.0,-0.1,0.3,0
27.19,6.84,28.3,-0.13,-0.01,-0.2,0
24.77,7.31,17.1,0.07,0.01,0.1,0
26.75,7.01,23.2,-0.16,0.01,0.9,0
29.76,6.67,17.9,-0.66,-0.04,-0.4,0
28.12,6.98,14.7,-0.25,-0.2,0.2,0
27.7,6.57,17.0,-0.02,-0.01,0.5,0
27.17,6.59,16.3,-0.29,-0.02,-0.1,0
28.15,6.85,23.7,-0.57,-0.04,-0.3,0
31.65,7.2,9.9,0.26,0.04,-0.8,0
28.2,6.73,16.7,0.07,-0.02,-1.6,0
26.11,7.21,21.8,0.0,0.03,-0.4,0
27.95,6.84,17.0,-0.0,-0.0,-0.2,0
27.09,6.25,15.1,0.05,-0.38,0.4,0
30.27,6.72,20.2,0.01,0.0,-1.4,0
27.98,6.81,31.4,0.26,0.01,-1.1,0
27.22,6.69,21.9,-0.14,-0.0,-0.6,0
28.46,6.7,26.0,0.1,0.01,-2.0,0
28.04,6.72,18.1,0.07,0.02,0.7,0
25.9,7.16,4.3,0.2,0.06,0.1,0
27.69,6.82,34.5,0.18,0.03,-0.4,0
32.27,6.97,13.3,-0.23,-0.03,-0.8,0
26.57,5.81,22.1,0.12,0.09,-0.1,0
27.72,6.92,23.5,-0.03,-0.0,1.2,0
28.72,7.15,23.9,-0.17,0.02,0.8,0
30.08,7.01,23.0,-0.19,-0.03,-1.6,0
27.26,6.78,22.9,-0.09,0.0,0.0,0
31.8,7.27,10.0,0.17,0.02,-1.2,0
26.69,6.83,15.2,0.31,0.02,0.4,0
29.36,6.87,17.7,0.33,-0.19,1.7,0
32.24,7.21,9.4,0.03,0.01,0.0,0
29.45,6.67,31.0,-0.03,-0.01,-0.2,0
30.12,6.7,17.2,0.34,-0.02,0.5,0
27.41,6.51,17.5,-0.01,-0.01,-0.1,0
30.92,6.86,17.3,0.1,-0.03,0.3,0
32.13,7.26,11.6,-0.02,-0.03,0.5,0
31.08,7.38,10.8,-0.0,-0.01,-0.4,0
27.78,7.15,15.9,-0.13,-0.46,-0.4,0
30.26,6.71,25.3,-0.19,-0.03,1.3,0
29.03,6.9,15.1,-0.18,0.03,-1.5,0
27.73,6.69,17.2,0.02,-0.0,-0.8,0
26.97,6.64,16.4,-0.28,-0.02,0.1,0
26.07,6.76,15.0,-0.03,-0.01,0.4,0
26.43,6.8,27.6,0.17,-0.03,-1.1,0
29.2,6.63,24.7,0.04,-0.01,3.4,0
30.59,7.23,10.9,0.18,-0.03,-0.5,0
27.64,6.37,2.9,0.21,-0.08,-1.0,0
29.95,6.92,23.5,-0.02,0.06,-2.1,0
25.61,6.92,13.4,-0.05,-0.02,0.0,0
27.16,6.86,20.8,-0.1,0.0,0.9,0
28.28,6.78,17.2,-0.03,0.02,2.4,0
27.17,7.32,22.0,0.13,0.01,-0.1,0
25.76,7.03,9.4,0.1,0.02,-0.4,0
32.67,7.25,12.6,0.01,0.01,0.5,0
32.15,7.04,12.8,-0.0,-0.01,-0.1,0
30.65,6.7,21.7,-0.17,-0.01,1.0,0
29.56,6.59,20.4,0.04,0.02,0.8,0
29.03,7.09,11.8,-4.59,-0.03,1.7,0
25.49,7.16,7.1,0.29,-0.0,-1.2,0
28.77,6.62,30.6,0.0,-0.01,0.3,0
31.66,7.25,12.0,0.1,-0.02,-0.5,0
27.25,6.62,14.5,0.3,0.01,-0.5,0
26.74,6.63,29.3,0.05,-0.0,1.3,0
28.27,6.62,15.4,0.04,0.03,0.1,0
30.26,6.75,32.6,-0.02,0.01,16.4,0
26.19,6.91,11.8,-0.08,0.01,-2.0,0
28.87,6.48,45.8,0.12,-0.01,-5.6,0
31.19,6.54,22.1,0.02,-0.0,0.2,0
30.13,6.54,20.6,-0.05,-0.03,-0.7,0
27.11,6.93,26.3,-0.26,0.02,1.4,0
25.85,6.49,19.7,0.17,-0.02,0.8,0
27.02,6.72,15.7,0.14,-0.03,-0.4,0
30.44,7.35,10.0,0.01,-0.0,-0.3,0
24.81,7.23,17.0,0.07,0.02,0.1,0
29.36,6.88,17.7,0.33,-0.23,1.6,0
25.57,6.6,27.6,-0.08,-0.05,-0.9,0
24.42,6.89,12.0,-1.6,0.02,0.4,0
27.4,6.67,15.5,-0.14,-0.01,0.4,0
27.75,6.95,15.2,-0.18,-0.24,-0.6,0
26.98,6.2,23.2,-0.08,0.03,-2.7,0
27.6,7.21,23.0,0.33,-0.05,-1.5,0
27.47,6.94,29.0,0.06,-0.07,0.8,0
25.84,7.29,4.8,-0.11,-0.01,-0.9,0
27.63,6.82,24.1,0.58,0.09,5.9,0
26.79,6.77,29.4,0.04,-0.01,1.0,0
26.9,6.93,29.4,-0.01,-0.01,0.7,0
27.77,6.9,22.0,0.06,0.02,0.8,0
32.18,7.46,7.9,0.1,-0.01,1.0,0
28.92,6.65,22.3,-0.04,-0.01,-0.5,0
31.75,7.41,7.8,0.06,-0.0,0.8,0
28.01,6.54,20.1,0.03,0.02,0.5,0
30.57,6.66,21.7,-0.12,-0.04,0.6,0
27.66,6.52,17.4,0.05,0.02,0.1,0
32.13,7.09,11.5,0.12,0.04,-0.5,0
31.65,6.47,22.3,-0.14,0.03,1.2,0
26.4,6.62,19.0,-0.1,-0.06,0.1,0
25.58,7.12,7.5,0.16,0.0,0.7,0
31.97,6.95,13.8,-0.23,-0.04,-0.7,0
28.28,6.9,17.0,0.22,-0.07,-20.6,0
31.98,7.0,11.5,-0.08,-0.07,0.6,0
27.96,6.7,22.5,0.12,-0.0,1.3,0
27.44,7.18,22.7,0.14,0.01,-0.9,0
27.64,6.31,22.1,-0.01,0.03,-0.5,0
30.12,7.14,15.9,-0.1,-0.03,0.2,0
25.96,7.21,6.3,-0.3,0.01,-0.4,0
27.97,6.75,33.1,0.17,-0.01,-3.0,0
26.47,6.57,31.1,-0.13,0.03,-0.2,0
27.74,6.94,30.6,-0.13,-0.0,2.7,0
27.5,6.45,15.1,-0.01,0.61,-0.9,0
26.6,6.64,15.7,-0.07,-0.01,-0.2,0
32.61,7.31,8.4,0.04,0.04,0.1,0
25.73,6.92,12.2,-0.01,-0.02,0.6,0
28.77,6.64,30.0,0.0,-0.02,2.3,0
28.95,6.98,18.9,0.09,-0.03,0.3,0
29.27,7.29,14.2,0.36,0.03,-1.1,0
26.79,6.84,29.4,-0.08,0.0,0.5,0
29.25,6.77,21.6,-0.6,-0.01,2.4,0
27.11,6.82,28.7,0.11,0.0,0.4,0
26.38,6.06,20.8,-0.09,0.12,-1.4,0
25.71,6.88,12.1,-0.1,0.0,0.6,0
31.26,6.59,22.5,-0.21,0.04,0.8,0
30.7,6.68,18.7,-0.91,-0.06,0.9,0
27.19,7.1,20.5,-0.76,0.01,-0.1,0
26.52,6.88,11.8,-0.17,-0.03,0.4,0
25.74,6.89,12.2,-0.01,-0.02,0.6,0
27.61,6.9,23.9,-0.14,-0.02,0.5,0
30.8,7.47,7.2,2.52,-0.02,-1.2,0
30.01,6.75,17.5,0.06,-0.03,-0.0,0
32.45,7.24,6.6,0.19,-0.02,-1.1,0
26.7,7.0,23.2,-0.17,0.01,0.8,0
27.04,6.87,29.5,-0.09,-0.0,0.6,0
26.24,6.72,12.4,-0.05,-0.02,-0.6,0
27.86,6.58,8.0,0.16,-0.62,-0.0,0
31.51,6.49,22.1,-0.1,0.02,0.3,0
30.54,6.68,21.7,-0.11,-0.03,0.7,0
32.18,7.33,7.2,-0.13,-0.01,-0.3,0
25.42,7.0,12.3,-0.09,-0.01,0.2,0
31.73,7.47,6.6,-0.19,-0.0,2.4,0
31.99,7.01,11.8,0.05,0.03,0.5,0
29.94,7.14,9.4,3.37,0.04,-0.2,0
31.39,7.06,7.9,0.28,-0.02,-0.6,0
25.27,7.29,4.0,-0.07,0.03,-0.8,0
26.62,6.58,23.1,-0.14,-0.06,0.9,0
27.28,6.5,21.1,0.09,-0.01,0.7,0
26.57,6.53,20.3,0.08,0.02,-0.7,0
28.22,7.34,8.9,0.5,0.17,-1.1,0
26.48,6.54,27.8,-0.15,-0.02,-0.2,0
27.74,7.06,25.6,0.09,-0.02,-1.4,0
29.86,7.18,12.9,-0.01,0.01,-0.3,0
28.18,8.19,17.2,0.04,1.22,2.6,0
29.51,6.86,14.5,0.66,0.01,-0.8,0
27.48,6.68,14.6,0.14,0.01,0.2,0
29.74,6.6,23.6,0.0,-0.01,-0.8,0
27.68,7.1,25.0,-0.06,-0.0,0.8,0
26.61,7.08,23.6,-0.0,0.05,0.1,0
31.41,7.0,15.0,-0.13,-0.04,0.1,0
28.95,6.65,22.3,-0.01,-0.01,-0.5,0
26.74,6.68,16.4,-0.07,0.04,0.2,0
27.08,6.89,27.5,0.03,-0.01,-1.7,0
25.56,7.08,8.9,0.11,0.02,-0.1,0
27.35,7.07,10.8,-3.39,0.02,1.0,0
27.48,6.7,22.4,0.33,0.02,-0.5,0
25.48,7.21,9.4,0.39,0.02,-0.3,0
25.8,7.15,7.2,0.2,-0.02,-0.5,0
26.43,6.75,28.9,0.19,-0.0,0.6,0
27.47,6.71,15.6,-0.12,0.0,0.4,0
29.29,7.19,9.2,-0.08,-0.03,-1.7,0
32.27,7.36,8.0,0.02,0.06,-0.5,0
29.7,6.95,24.3,-0.07,0.0,0.8,0
27.04,6.18,22.2,-0.04,0.0,-0.2,0
27.41,7.12,10.3,0.01,-0.01,-0.1,0
30.28,6.96,15.4,0.01,0.03,0.9,0
27.32,6.45,20.3,0.1,-0.03,0.1,0
31.43,7.56,3.9,0.0,0.01,-0.2,0
27.44,7.25,20.8,-0.09,-0.01,-0.0,0
30.32,6.73,22.0,0.09,0.0,0.4,0
30.98,7.37,11.7,-0.09,0.06,2.7,0
32.33,7.21,12.6,0.08,-0.02,0.8,0
27.38,6.05,3.9,0.1,0.18,0.4,0
28.57,6.6,22.2,-0.14,-0.01,-20.8,0
26.52,6.82,27.7,0.14,-0.03,-1.1,0
25.93,7.19,4.4,0.11,0.05,0.1,0
30.69,7.26,11.5,-0.43,0.08,0.9,0
30.33,6.93,9.4,3.0,0.03,-0.3,0
32.41,7.09,12.5,0.18,-0.01,0.7,0
30.16,7.0,15.4,0.02,0.04,1.3,0
27.51,6.44,22.0,-0.08,0.02,-0.6,0
29.94,6.74,22.8,-0.26,0.03,0.5,0
28.22,6.58,21.9,-0.05,-0.01,6.4,0
27.37,6.79,28.9,0.07,0.0,-2.1,0
27.05,7.21,24.3,-0.1,-0.01,1.5,0
31.59,6.48,22.3,-0.07,0.03,1.3,0
28.27,6.78,23.1,-0.02,-0.02,-0.8,0
27.61,7.22,23.0,0.33,-0.05,-1.5,0
31.65,7.18,10.0,0.3,0.04,-0.7,0
26.94,6.66,16.6,-1.51,-0.03,0.1,0
26.84,6.71,19.0,-0.26,-0.01,0.7,0
32.84,7.09,12.0,-0.09,-0.04,0.8,0
27.01,6.57,20.7,0.0,-0.07,0.9,0
30.04,6.76,17.4,0.06,-0.02,-0.0,0
29.71,6.31,20.4,0.31,-0.05,0.7,0
31.96,7.1,13.7,0.1,0.0,-0.2,0
27.97,6.67,19.3,0.07,-0.04,-0.2,0
26.73,6.76,14.9,0.14,0.01,0.2,0
32.32,7.36,8.0,-0.02,0.04,-0.4,0
31.72,6.46,21.8,-0.13,-0.0,0.1,0
32.0,7.17,12.3,0.08,0.01,0.7,0
25.67,7.03,8.2,0.25,-0.0,0.2,0
28.03,6.66,19.2,0.03,-0.03,-0.0,0
32.6,7.05,14.4,0.01,0.03,0.2,0
28.12,6.84,13.8,-0.21,0.02,-0.3,0
26.76,6.83,29.3,-0.08,0.0,0.5,0
27.36,6.83,28.6,0.03,0.0,0.3,0
25.94,6.97,20.3,-0.13,0.01,-1.6,0
20.43,7.16,4.6,-5.86,0.0,-0.0,0
27.09,7.01,27.3,-0.14,-0.03,-1.3,0
27.95,6.61,16.4,-0.31,-0.12,-0.6,0
25.67,6.51,17.2,0.16,0.02,0.0,0
26.58,6.46,20.4,0.15,-0.04,-0.4,0
28.68,6.52,18.4,0.17,-0.16,-0.4,0
32.7,7.27,8.6,0.08,0.0,0.3,0
27.46,6.9,23.8,-0.14,-0.05,0.6,0
25.88,7.12,4.1,0.29,0.05,-0.1,0
32.1,7.11,11.6,-0.2,-0.1,0.4,0
26.8,6.66,19.0,-0.22,-0.01,0.7,0
29.97,7.37,7.1,3.76,-0.01,-0.1,0
32.46,7.27,12.1,-0.22,-0.06,4.0,0
30.33,6.63,20.5,-0.21,0.01,0.6,0
26.41,6.77,19.5,0.0,0.0,-0.2,0
28.47,7.15,24.1,-0.22,0.02,0.6,0
25.99,7.29,5.0,-0.16,-0.02,0.3,0
30.08,7.23,15.3,-0.01,0.04,1.8,0
30.95,6.87,17.3,0.08,-0.03,0.3,0
27.39,6.68,25.4,0.32,0.01,-1.5,0
28.86,6.49,43.0,0.13,0.0,-4.2,0
31.52,6.49,22.1,-0.11,0.02,0.3,0
26.5,5.6,23.1,-0.11,-0.05,0.1,0
31.53,7.11,12.2,-0.08,-0.03,-0.5,0
32.2,6.97,13.4,-0.25,-0.03,-0.8,0
25.76,6.51,18.8,0.49,0.05,-0.0,0
30.14,6.88,17.8,0.05,0.03,-27.5,0
27.46,6.83,25.2,-0.06,-0.01,-0.8,0
31.6,6.47,22.0,-0.16,0.01,0.2,0
32.59,7.38,4.3,-0.19,0.03,0.2,0
27.7,6.31,22.1,-0.0,0.04,-0.5,0
32.07,7.02,12.6,0.09,-0.02,-0.1,0
32.36,7.24,8.5,0.33,-0.02,-0.2,0
27.24,6.88,20.4,-0.23,-0.01,0.0,0
27.93,6.79,22.4,0.09,-0.01,1.2,0
26.38,6.73,21.3,-0.26,0.03,-0.6,0
30.46,7.01,15.5,-0.14,-0.02,0.4,0
31.84,7.14,12.1,-0.02,-0.03,-0.4,0
32.29,6.98,14.2,0.13,-0.05,-2.0,0
27.56,6.65,17.4,0.06,-0.02,1.0,0
27.93,6.6,7.5,0.15,-0.22,-0.2,0
32.05,7.05,11.9,0.07,0.05,0.5,0
27.83,6.86,2.6,0.31,0.2,-0.8,0
30.84,6.43,20.8,0.31,-0.02,-0.2,0
31.07,7.38,10.8,-0.0,-0.01,-0.4,0
26.52,6.48,20.4,0.02,0.01,-0.2,0
26.31,7.18,4.6,1.63,-0.02,-0.0,0
28.13,6.63,17.5,-0.09,0.01,0.8,0
26.82,7.18,23.2,0.13,0.09,-0.1,0
29.0,6.81,15.2,-0.23,-0.02,-1.7,0
26.3,6.8,12.4,-0.01,-0.01,-0.7,0
28.22,6.39,19.8,0.4,0.04,0.7,0
26.94,6.57,16.3,-0.06,-0.03,0.0,0
29.0,7.16,23.4,0.01,0.01,0.5,0
31.39,7.06,7.9,0.28,-0.02,-0.6,0
28.14,6.53,21.5,0.01,0.01,-0.8,0
27.23,6.86,27.4,-0.09,-0.01,0.8,0
27.06,6.68,30.0,-0.03,0.01,1.9,0
27.4,7.19,27.4,0.07,-0.01,1.1,0
27.78,6.85,25.4,-0.2,0.0,-0.7,0
26.67,6.58,4.1,0.15,0.11,0.3,0
25.96,6.74,15.0,-0.0,-0.02,0.2,0
26.56,6.96,25.2,0.02,0.01,1.1,0
28.9,6.62,19.7,0.07,-0.04,-21.7,0
32.28,7.3,8.5,0.05,-0.03,-0.0,0
26.76,7.0,11.8,0.13,-0.02,2.2,0
28.09,6.56,15.3,-0.16,0.02,-0.5,0
28.2,6.62,17.8,0.12,0.03,0.9,0
27.95,6.53,50.4,-0.11,0.0,2.5,0
27.0,7.03,29.8,-0.15,0.04,2.0,0
32.73,7.31,8.1,0.04,0.02,-0.4,0
26.92,6.39,21.0,-0.05,-0.0,0.4,0
27.35,7.09,10.4,0.02,-0.01,-0.0,0
32.14,6.97,14.1,-0.07,-0.05,-1.2,0
32.32,7.33,9.2,0.02,-0.01,1.2,0
32.37,7.17,11.5,0.03,0.01,0.1,0
27.41,6.83,24.5,-0.15,-0.01,0.2,0
32.2,7.42,9.2,-0.02,0.01,1.1,0
26.92,6.39,21.0,-0.06,-0.0,0.4,0
29.25,6.92,18.1,0.29,-0.8,1.3,0
25.23,6.47,19.3,0.04,-0.02,-0.4,0
24.5,7.13,6.4,0.65,-0.01,0.3,0
31.75,7.26,11.1,0.19,-0.03,-1.4,0
21.56,7.08,5.7,0.1,-0.02,-0.3,0
26.91,6.47,20.9,0.03,0.0,0.3,0
32.0,7.52,3.3,0.02,0.0,0.5,0
32.73,7.13,11.4,0.2,0.0,-0.1,0
27.89,7.01,23.1,-0.34,-0.01,-0.7,0
25.74,7.19,7.4,0.32,0.0,1.5,0
26.09,7.13,5.3,-0.05,-0.02,-0.8,0
32.21,7.04,13.7,-0.05,0.02,0.1,0
27.31,6.64,16.2,-0.08,0.0,-0.6,0
27.7,6.52,16.1,0.24,0.0,0.1,0
28.2,6.35,20.4,0.23,0.0,0.5,0
32.25,7.42,7.7,0.09,-0.0,-0.2,0
27.63,7.19,24.8,-0.2,0.04,-0.8,0
29.78,7.04,31.2,-0.1,-0.02,15.7,0
26.71,6.61,29.3,0.03,0.01,1.5,0
26.15,7.13,6.6,-0.06,-0.02,-6.3,0
27.24,6.17,3.4,-0.13,0.16,-0.7,0
26.96,6.78,23.2,-0.21,0.01,0.1,0
28.41,6.76,22.6,0.18,-0.02,-0.6,0
32.16,7.47,7.6,0.02,0.02,-0.3,0
25.88,6.44,17.3,0.23,0.02,0.3,0
28.54,6.48,20.5,-0.21,-0.01,-0.2,0
29.15,7.12,11.2,-4.58,-0.02,1.4,0
32.24,7.34,7.4,-0.04,-0.01,-0.4,0
29.15,7.14,11.0,-4.58,-0.02,1.3,0
26.95,6.66,16.6,-1.28,-0.01,0.3,0
26.98,6.46,20.8,-0.03,-0.06,0.8,0
26.42,7.15,4.5,2.89,-0.05,0.3,0
26.05,7.29,4.7,-0.15,-0.02,0.3,0
29.16,7.21,23.7,0.0,0.0,0.9,0
27.07,6.56,15.1,0.14,0.01,0.8,0
26.38,6.61,17.1,-0.29,-0.02,-0.3,0
29.67,7.06,13.7,-0.08,-0.01,1.0,0
28.08,7.07,26.3,-0.03,-0.03,1.4,0
26.77,7.18,27.2,-0.24,-0.05,-1.1,0
31.7,7.35,5.6,0.03,0.02,-2.9,0
27.18,6.84,28.0,-0.13,0.0,0.0,0
27.36,6.65,16.2,-0.09,-0.01,-0.5,0
26.13,7.16,5.1,-0.02,-0.01,-0.6,0
26.32,7.16,6.6,-0.27,-0.02,0.6,0
31.97,7.01,13.0,0.04,0.03,0.5,0
27.91,6.69,31.1,0.16,0.07,-1.8,0
27.57,6.72,31.0,0.17,0.15,-1.6,0
28.15,6.48,13.6,0.04,-0.12,-0.2,0
28.98,6.67,23.6,0.01,-0.09,1.2,0
26.44,7.14,5.2,1.62,0.02,-0.3,0
30.11,6.88,17.7,-0.11,-0.04,-1.3,0
30.39,7.05,11.5,-0.23,-0.02,-0.5,0
32.79,7.33,3.7,0.33,-0.01,-1.3,0
25.81,6.89,18.0,0.07,0.02,-1.1,0
27.38,6.84,26.6,-0.33,-0.0,1.5,0
26.45,6.52,31.0,-0.2,-0.01,0.4,0
27.66,7.22,25.2,-0.24,0.05,-0.6,0
32.21,7.45,9.2,0.0,0.01,1.2,0
26.15,6.65,16.8,-0.3,-0.02,1.5,0
26.76,7.05,11.8,-3.51,0.01,1.4,0
31.95,7.0,13.0,-0.0,0.03,0.5,0
28.51,6.77,16.6,0.21,0.16,0.8,0
30.63,6.65,26.4,-0.13,0.0,2.2,0
31.67,7.27,11.5,0.08,-0.05,-1.7,0
27.2,7.26,26.4,-0.32,-0.01,1.7,0
32.01,7.27,11.9,-0.5,0.02,0.0,0
28.61,6.47,20.5,-0.28,-0.01,-0.2,0
27.84,6.64,17.4,-0.15,-0.01,0.8,0
26.17,7.15,7.3,0.15,-0.0,0.0,0
30.27,7.23,10.9,0.03,-0.02,-0.3,0
30.57,6.75,17.5,1.5,0.0,0.0,0
26.57,6.8,28.8,0.26,-0.0,0.6,0
28.53,6.62,15.2,0.22,0.03,-0.2,0
26.7,7.13,29.2,-0.15,0.05,1.8,0
26.32,5.97,21.8,0.19,0.08,-0.3,0
27.84,6.61,8.0,0.16,-0.61,0.1,0
28.61,6.66,24.3,0.05,0.05,2.1,0
26.58,6.66,20.3,0.03,0.01,-0.9,0
26.88,6.79,31.1,-0.01,0.01,-0.1,0
27.64,7.02,28.0,0.07,-0.09,1.6,0
29.44,6.93,20.9,-0.18,0.07,1.8,0
32.05,7.01,12.5,0.14,-0.02,-0.0,0
31.35,6.59,21.3,-0.08,0.01,-0.4,0
27.68,6.83,32.2,-0.03,0.02,-2.2,0
31.67,7.29,11.9,-0.13,-0.01,2.1,0
32.34,7.26,8.5,-0.07,0.01,-0.7,0
26.51,6.61,15.6,0.21,0.01,0.0,0
25.45,6.98,14.5,-0.06,0.01,-0.5,0
28.27,7.12,30.8,-0.17,-0.03,3.3,0
26.48,7.14,6.6,-0.26,-0.0,0.2,0
28.72,7.1,30.5,-0.19,-0.04,3.4,0
27.21,6.9,28.7,-0.06,-0.01,1.6,0
32.23,7.43,7.6,-0.02,0.01,0.8,0
27.79,6.85,25.9,-0.22,0.0,-0.4,0
32.02,7.48,6.8,0.14,0.04,-0.3,0
26.08,6.59,20.5,-0.08,0.04,-1.4,0
26.9,6.27,21.2,-0.03,0.0,-0.0,0
32.46,7.31,12.1,-0.04,-0.03,0.5,0
27.51,7.16,25.9,0.03,0.0,17.4,0
26.89,7.12,27.5,-0.18,-0.05,-1.1,0
27.39,6.86,28.2,0.01,-0.02,1.8,0
32.14,7.07,12.7,-0.07,-0.01,-0.2,0
30.49,6.64,18.6,0.02,-0.0,0.1,0
27.48,6.58,22.1,0.17,0.02,1.0,0
27.36,6.08,3.9,0.07,0.2,0.2,0
28.2,7.88,16.6,-0.07,0.09,0.2,0
32.59,7.38,4.3,-0.19,0.03,0.2,0
31.67,6.91,15.2,-0.08,-0.04,1.2,0
28.65,6.64,24.2,0.06,0.04,2.0,0
32.5,7.4,4.5,-0.13,0.01,0.1,0
24.76,6.82,12.3,-1.15,-0.07,0.4,0
27.31,6.87,22.3,0.1,0.03,-0.4,0
33.4,7.09,10.0,3.87,0.02,-0.3,0
27.58,7.22,23.0,0.31,-0.05,-1.4,0
26.55,7.01,19.8,-0.03,-0.01,0.9,0
26.94,6.99,22.4,-0.09,0.02,2.5,0
28.55,6.42,18.2,0.27,-0.2,-0.3,0
26.3,6.76,27.6,0.23,-0.03,-1.0,0
25.23,6.44,18.8,0.01,-0.05,-0.7,0
26.1,6.78,12.6,0.02,-0.01,-0.4,0
27.07,6.69,15.9,-0.12,0.02,-0.6,0
27.25,6.74,30.4,0.07,0.01,-0.3,0
27.43,7.11,24.4,-0.09,-0.0,1.8,0
29.22,6.65,22.3,0.09,0.01,-0.7,0
30.76,7.15,11.2,-0.22,-0.02,-0.3,0
26.54,6.48,20.2,0.02,-0.01,-0.3,0
25.6,7.0,11.9,-0.09,-0.0,0.2,0
31.76,7.42,7.8,0.04,0.0,0.7,0
30.53,6.74,17.5,1.38,0.0,0.0,0
27.13,7.07,26.3,-0.27,0.01,1.5,0
31.8,7.14,15.2,-0.1,-0.07,-0.2,0
27.54,6.68,20.5,0.26,-0.0,1.3,0
26.35,6.73,12.7,0.1,0.01,-0.1,0
27.45,7.05,22.5,0.21,0.0,-0.7,0
27.66,6.86,23.8,0.48,0.08,5.5,0
31.33,6.97,12.9,-0.16,0.02,-0.5,0
31.89,7.2,12.1,-0.11,0.03,0.9,0
31.33,7.11,8.0,0.26,-0.05,-0.5,0
26.75,6.71,16.5,-0.21,-0.0,0.4,0
30.0,6.5,20.4,0.01,-0.03,0.7,0
28.16,6.54,21.5,-0.01,0.01,-0.8,0
27.49,7.19,28.5,-0.12,-0.02,2.2,0
27.6,6.63,23.4,0.18,0.01,4.8,0
27.95,6.73,22.5,0.11,-0.01,1.2,0
27.9,7.6,16.5,-0.07,0.66,2.3,0
32.67,7.55,2.0,0.08,0.01,-0.9,0
30.61,7.26,10.6,-0.08,-0.0,-0.2,0
32.12,7.46,7.8,0.08,-0.03,1.5,0
27.2,6.98,20.9,-0.17,0.01,1.0,0
28.7,6.79,17.1,-0.03,0.02,-0.0,0
29.47,6.7,17.8,-0.09,-0.03,-0.5,0
29.03,6.98,21.2,-0.29,-0.02,2.1,0
29.51,6.7,48.3,0.15,-0.03,30.6,0
26.12,6.59,32.4,-2.12,-0.02,-1.0,0
27.83,6.94,23.2,0.12,0.02,1.7,0
26.51,6.48,20.2,0.02,-0.02,-0.3,0
26.18,7.13,23.9,-0.35,-0.03,-2.4,0
26.32,6.49,30.0,-0.04,-0.02,-1.1,0
27.42,6.69,16.2,-0.02,-0.03,-0.5,0
31.81,7.53,6.8,-0.17,-0.01,3.1,0
27.21,6.43,20.4,-0.01,-0.01,-0.6,0
26.36,6.73,13.5,-0.02,-0.01,0.4,0
27.28,7.14,27.5,0.08,-0.02,1.3,0
27.38,7.25,22.5,0.05,0.01,0.4,0
25.88,6.8,13.3,-0.01,-0.04,0.2,0
28.05,6.91,23.1,-0.21,-0.02,-0.7,0
27.29,6.98,26.1,-0.13,-0.01,2.0,0
30.01,6.99,30.2,0.06,0.01,15.0,0
28.11,6.84,13.9,-0.11,-0.19,-0.3,0
27.85,6.72,22.6,0.07,0.01,1.9,0
29.35,7.22,10.9,-0.19,-0.01,-1.0,0
28.02,6.5,16.9,0.05,-0.03,0.3,0
26.44,6.52,16.3,-0.16,-0.1,0.0,0
32.62,7.25,8.3,-0.2,0.02,-0.7,0
26.37,6.49,20.6,0.18,0.01,0.3,0
31.42,7.03,7.8,0.29,-0.0,-0.6,0
26.13,7.23,4.7,-0.02,0.0,-0.2,0
28.07,6.81,8.3,0.04,-0.44,-0.2,0
26.71,7.23,29.2,-0.18,0.06,1.8,0
26.49,6.66,19.1,-0.13,-0.01,0.1,0
31.97,7.5,2.8,0.05,0.02,-0.3,0
32.2,7.08,16.0,-0.01,-0.02,2.7,0
30.24,7.3,10.5,0.1,-0.01,-0.3,0
27.27,6.8,22.6,0.03,-0.05,-0.9,0
26.12,5.86,22.2,-0.02,0.09,-0.4,0
30.12,6.73,20.7,-0.19,0.0,-1.2,0
28.87,6.62,16.9,-0.51,-0.03,-0.9,0
24.88,6.79,12.4,-1.01,-0.08,0.4,0
31.94,7.23,13.3,-0.13,0.03,-0.2,0
28.78,6.67,19.3,0.1,-0.05,-21.4,0
27.92,7.16,16.9,0.01,0.02,-0.1,0
25.99,7.19,13.6,-4.88,-0.02,2.3,0
25.23,7.12,14.5,0.0,0.01,-0.8,0
27.49,6.91,22.9,0.16,0.05,-1.2,0
28.49,7.12,23.7,-0.21,-0.02,-0.2,0
28.12,6.74,19.0,-0.02,-0.03,-0.4,0
28.81,6.64,24.6,0.06,-0.01,3.0,0
30.64,6.64,25.8,-0.1,-0.01,1.9,0
27.3,6.53,23.1,-0.14,-0.03,1.4,0
32.48,7.54,2.4,-0.19,-0.02,0.6,0
22.48,7.08,5.6,0.92,-0.01,-0.2,0
31.5,6.76,18.9,0.36,-0.04,-0.8,0
26.7,7.11,23.3,0.09,0.08,-0.5,0
30.56,7.09,11.8,-0.23,-0.12,-1.0,0
27.95,6.71,32.9,0.11,-0.0,-2.9,0
26.46,6.81,22.0,-0.32,-0.02,1.0,0
26.7,7.36,11.6,-0.18,0.09,2.8,0
30.37,7.34,11.5,-1.88,-0.08,3.9,0
25.59,7.07,9.1,0.09,0.02,-0.2,0
27.43,6.99,19.2,0.02,-0.08,1.1,0
30.37,7.38,11.4,-1.68,-0.06,3.4,0
28.03,6.97,27.4,-0.02,-0.01,-3.9,0
28.97,6.75,15.2,-0.27,-0.05,-1.8,0
25.27,7.33,8.3,0.01,0.19,1.7,0
26.16,7.31,4.7,-0.19,-0.3,0.3,0
28.33,7.08,9.0,-3.02,-0.03,0.0,0
30.68,7.29,8.7,0.15,-0.03,0.6,0
31.4,6.54,22.1,0.01,0.03,0.1,0
28.04,6.52,48.9,-0.24,0.0,-2.4,0
28.14,7.16,23.0,0.19,-0.01,-1.7,0
27.48,6.81,25.5,0.25,0.0,-1.5,0
25.35,7.24,6.5,-0.7,-0.04,-0.1,0
25.71,6.56,13.1,-0.18,-0.07,-1.6,0
26.94,7.03,11.2,-3.17,0.02,1.2,0
30.62,7.22,11.8,-1.68,-0.09,4.3,0
27.59,6.87,22.6,-0.05,0.06,2.5,0
31.8,6.5,22.2,-0.13,0.01,0.4,0
28.63,6.56,20.9,0.4,0.02,-26.4,0
32.19,7.06,14.4,0.0,-0.01,-0.3,0
32.69,7.18,12.4,-0.01,0.01,0.2,0
28.69,6.62,16.9,0.18,0.01,0.6,0
29.64,6.64,22.4,0.24,0.03,-1.0,0
25.99,6.4,19.2,0.1,-0.01,1.3,0
26.05,7.28,8.7,-0.09,-0.0,0.1,0
26.46,6.78,29.2,-0.05,-0.0,0.5,0
26.28,6.78,22.0,-0.3,-0.0,1.2,0
27.42,7.23,26.1,-0.18,-0.03,2.1,0
26.24,5.93,21.9,0.12,0.08,-0.4,0
26.74,6.61,23.4,-0.1,0.05,1.1,0
32.04,7.13,13.3,-0.15,0.0,-0.5,0
32.5,7.16,11.5,0.06,0.01,0.0,0
27.37,6.85,23.7,0.08,0.03,-1.7,0
25.29,7.21,7.2,0.27,-0.0,0.1,0
30.68,7.57,4.3,-0.06,0.0,-0.6,0
27.46,6.87,23.7,0.56,0.08,5.7,0
29.99,6.74,17.5,0.05,-0.03,-0.0,0
27.35,6.72,23.6,0.23,0.04,4.6,0
26.41,7.14,21.0,-0.01,-0.02,0.6,0
27.37,6.91,27.3,-0.11,0.0,0.6,0
26.36,5.74,23.1,0.05,-0.69,0.2,0
27.97,6.65,19.4,0.17,-0.03,-0.4,0
27.4,6.65,14.6,0.22,0.03,0.0,0
26.2,6.73,22.3,-0.74,-0.04,-0.5,0
27.37,6.82,27.2,-0.01,0.01,-1.7,0
27.92,7.15,20.9,-0.1,0.01,-1.5,0
25.22,6.99,16.3,-0.13,0.01,-2.3,0
30.11,6.88,17.8,0.06,0.03,-27.5,0
26.75,6.71,16.5,-0.21,-0.0,0.4,0
26.17,6.61,22.9,-0.09,-0.0,-0.9,0
25.88,6.43,17.4,0.17,-0.01,1.0,0
29.15,6.63,22.1,0.0,-0.02,-0.7,0
27.65,6.46,22.2,0.16,0.0,-2.1,0
32.61,7.3,8.4,0.02,0.04,0.0,0
30.13,7.19,20.2,-0.04,0.35,-1.7,0
28.05,6.65,18.2,0.07,-0.04,-0.3,0
28.51,6.95,23.2,0.08,-0.03,-1.9,0
32.06,7.25,11.8,-0.45,0.02,0.0,0
27.79,6.76,17.1,0.04,-0.0,-0.2,0
27.67,6.54,16.9,0.01,-0.02,0.4,0
26.71,6.9,15.0,0.17,0.01,0.3,0
26.61,7.28,21.2,-0.16,-0.02,2.0,0
31.38,7.39,12.1,-0.33,-0.01,4.1,0
26.78,6.6,23.4,-0.1,0.05,1.1,0
31.61,7.16,9.9,0.31,0.05,-0.6,0
25.41,7.19,6.0,0.12,0.07,-2.0,0
26.69,6.73,14.7,-0.01,-0.0,-0.0,0
31.66,7.48,2.5,-0.18,0.03,-0.0,0
26.02,7.14,21.8,-0.0,0.02,-0.3,0
27.39,7.16,22.6,0.11,-0.01,-0.8,0
32.73,7.39,4.4,-0.17,0.03,0.4,0
32.01,7.01,12.1,0.18,0.04,0.4,0
24.98,7.18,6.9,0.42,-0.0,0.2,0
26.8,6.69,23.3,-0.39,0.01,1.5,0
28.56,6.79,24.1,-0.07,-0.0,2.3,0
27.01,6.46,3.5,-0.08,0.29,-0.5,0
26.38,6.72,21.3,-0.26,0.03,-0.6,0
31.87,7.53,3.4,0.02,0.01,0.1,0
29.74,6.4,20.4,0.23,-0.05,0.6,0
29.74,6.32,20.4,0.32,-0.05,0.6,0
32.35,7.3,8.5,-0.0,-0.01,0.1,0
25.76,7.27,5.1,-0.08,-0.05,-0.9,0
31.88,6.95,14.0,-0.17,-0.05,-0.7,0
27.34,5.95,3.8,-0.03,-0.06,-0.3,0
30.67,6.39,20.8,0.35,-0.01,-0.0,0
26.35,7.16,6.6,-0.27,-0.02,0.6,0
32.4,7.21,9.3,0.01,-0.0,0.6,0
25.55,7.2,5.6,0.01,0.02,-1.7,0
28.38,6.49,18.2,0.19,-0.17,-0.3,0
25.53,7.09,8.9,0.08,0.02,-0.1,0
27.16,6.49,20.5,0.07,-0.02,0.2,0
27.85,6.68,36.1,-0.19,-0.04,19.2,0
31.16,6.45,20.2,0.16,-0.02,-0.7,0
31.9,6.98,15.2,-0.1,-0.04,0.5,0
30.61,6.66,19.4,-0.17,-0.02,1.1,0
32.43,7.18,11.8,0.4,0.03,-0.3,0
25.58,6.46,16.2,-0.11,0.02,-1.4,0
26.26,6.59,23.4,-0.15,-0.02,-0.5,0
24.92,6.89,19.6,-0.09,-0.03,0.4,0
26.68,6.74,13.0,0.08,-0.02,-0.8,0
31.85,7.24,13.4,-0.05,0.03,-0.2,0
27.17,7.32,22.0,0.13,0.01,-0.1,0
28.66,6.64,15.0,0.14,0.0,-0.3,0
27.72,6.65,21.5,0.09,0.01,-1.1,0
31.39,7.39,12.1,-0.31,-0.01,4.1,0
27.14,6.9,28.0,0.16,0.02,-1.9,0
32.71,7.26,12.6,-0.0,0.02,0.4,0
28.12,7.1,9.4,-0.16,-0.04,-0.4,0
26.24,6.72,29.0,-0.06,0.02,-0.1,0
27.01,6.94,23.4,-0.15,-0.06,0.9,0
26.98,6.64,29.8,-0.01,0.01,1.8,0
32.39,7.22,9.4,0.03,-0.01,0.3,0
29.84,6.82,23.4,-0.16,-0.04,-1.8,0
30.17,6.75,28.3,-0.24,0.01,3.5,0
30.24,6.83,32.6,-0.1,-0.02,16.7,0
32.26,7.34,8.5,0.11,-0.0,0.3,0
28.38,6.32,13.5,0.07,-0.82,-0.2,0
29.02,6.86,15.1,-0.2,0.01,-1.5,0
28.41,7.14,24.2,-0.22,0.03,0.5,0
30.15,6.6,24.0,-0.22,-0.01,-1.6,0
28.15,6.65,19.0,-0.07,0.0,0.5,0
28.47,6.56,16.6,0.23,-0.0,0.8,0
27.1,6.54,15.2,-0.11,-0.02,0.5,0
29.81,6.43,20.5,0.09,0.04,0.7,0
32.35,7.54,2.5,-0.15,0.0,-0.2,0
29.57,6.74,17.5,-0.03,-0.03,-0.6,0
27.31,6.9,26.5,-0.28,0.04,1.5,0
27.19,6.84,28.3,-0.13,-0.01,-0.2,0
29.08,7.13,11.0,-0.3,-0.02,-0.4,0
25.62,6.83,14.3,-0.16,0.02,-0.2,0
25.81,6.42,16.3,0.07,0.01,0.1,0
26.33,6.54,20.2,0.08,0.03,-0.4,0
25.76,7.26,5.2,-0.07,-0.05,-0.9,0
28.57,6.71,16.3,0.32,0.01,-1.3,0
26.82,6.29,14.8,-0.1,-0.47,-0.3,0
30.48,6.95,18.6,-0.12,0.04,0.1,0
27.86,6.77,31.9,0.03,0.01,-2.1,0
26.98,6.95,11.0,0.08,-0.02,0.3,0
26.79,6.93,29.4,0.01,-0.01,0.7,0
26.58,6.71,16.5,-0.11,-0.06,-0.1,0
27.47,6.84,28.9,0.04,-0.0,-2.0,0
27.85,6.91,23.5,-0.02,0.0,1.5,0
30.23,6.78,24.1,0.28,0.04,1.1,0
26.51,6.82,27.7,0.13,-0.03,-1.1,0
30.5,7.31,11.4,-0.14,0.1,1.2,0
27.3,6.84,20.7,0.14,-0.03,1.1,0
27.75,6.92,23.4,0.0,0.0,1.4,0
29.53,7.27,16.2,-0.01,-0.02,0.1,0
31.11,7.33,10.9,0.05,-0.02,-0.4,0
27.57,6.43,19.2,0.22,-0.01,-1.7,0
27.11,7.26,21.8,-0.28,-0.04,1.6,0
27.05,7.38,22.3,0.02,0.1,1.8,0
27.52,6.68,22.4,0.38,0.01,-0.5,0
31.46,7.28,10.2,0.01,0.01,-1.8,0
26.52,6.62,15.6,0.13,0.0,-0.1,0
28.55,6.99,30.6,-0.12,-0.04,3.0,0
32.49,7.2,13.0,-0.05,-0.02,0.8,0
27.19,6.66,13.8,-0.11,-0.04,1.0,0
27.46,7.1,10.4,0.0,-0.01,-0.1,0
27.38,6.83,27.3,-0.02,-0.02,-1.8,0
26.04,7.0,10.0,-0.2,-0.02,-0.3,0
31.47,6.48,22.0,-0.1,0.01,0.3,0
27.87,6.38,21.4,0.11,-0.0,-0.7,0
27.33,6.47,20.1,0.16,-0.02,0.2,0
28.2,7.97,8.3,0.04,0.83,-1.5,0
26.67,6.62,15.9,0.04,0.02,0.4,0
32.04,7.05,11.9,0.08,0.05,0.5,0
27.28,6.84,28.5,-0.02,0.0,1.7,0
28.25,6.52,20.4,0.08,0.0,-0.3,0
28.58,6.59,39.9,-0.14,-0.02,20.0,0
30.5,7.07,13.8,0.02,-0.04,0.1,0
27.73,6.97,34.5,-0.06,0.04,16.2,0
27.6,7.2,25.9,-0.04,-0.04,2.5,0
27.3,7.19,23.1,0.18,0.02,-1.9,0
32.06,7.42,8.0,0.3,0.0,0.2,0
26.98,6.27,20.8,-0.08,0.02,-1.4,0
28.24,6.51,16.9,0.03,-0.04,0.3,0
29.22,6.8,16.9,-0.18,0.01,-4.4,0
25.01,6.82,16.3,0.06,0.03,-0.1,0
28.27,7.89,16.3,-0.14,0.29,0.4,0
31.6,7.14,13.9,0.16,0.02,0.5,0
30.2,6.81,20.8,-0.64,0.05,2.5,0
32.54,7.25,8.5,0.24,0.01,-0.2,0
28.58,7.0,18.1,-1.69,-0.05,0.6,0
29.95,7.17,10.4,-0.12,0.01,0.2,0
32.61,7.15,12.2,-0.04,-0.02,0.2,0
28.94,7.5,9.0,-0.01,0.32,-1.6,0
25.27,6.73,12.5,-0.58,-0.02,0.2,0
28.32,7.26,9.2,-0.21,-0.0,-0.3,0
28.95,7.28,15.3,-0.27,0.57,-0.5,0
25.9,6.45,18.5,0.0,-0.01,-0.7,0
25.69,6.57,15.9,-0.21,0.01,-1.5,0
26.65,6.81,29.1,-0.08,-0.01,0.1,0
28.28,6.3,20.8,0.14,-0.03,0.3,0
27.38,6.42,19.9,0.28,0.02,0.4,0
30.09,7.25,18.5,0.07,0.11,0.1,0
28.08,6.83,24.9,-0.17,-0.0,0.8,0
27.32,6.88,20.7,-0.32,0.02,-0.5,0
31.57,6.48,21.9,-0.12,0.0,0.2,0
30.37,7.04,12.1,2.23,-0.04,-1.4,0
28.25,7.14,21.5,0.13,-0.02,-1.5,0
26.58,6.48,20.2,0.09,-0.0,-0.5,0
27.96,6.94,23.2,-0.35,0.0,-0.4,0
26.89,7.08,27.5,-0.13,-0.05,-1.3,0
28.33,7.65,16.7,-0.04,0.79,1.0,0
31.43,6.95,13.5,0.04,-0.02,0.5,0
27.84,7.12,22.2,-0.02,-0.04,0.8,0
26.33,6.79,22.0,-0.33,-0.0,1.2,0
30.5,6.55,20.1,0.14,0.03,0.9,0
27.41,6.74,26.8,-0.31,-0.03,1.1,0
25.79,7.19,7.4,0.31,0.0,1.6,0
31.92,6.97,14.1,-0.16,-0.04,-0.6,0
32.02,7.38,6.3,0.15,0.02,-0.6,0
26.97,6.54,15.4,-0.1,-0.09,0.1,0
31.28,6.96,12.8,-0.1,-0.0,-0.5,0
26.63,6.77,15.3,0.31,0.02,0.3,0
26.65,5.72,22.4,0.04,0.11,-0.0,0
30.66,7.26,11.4,0.04,0.1,1.2,0
26.43,6.9,26.7,0.18,0.01,1.4,0
26.58,6.5,31.1,0.05,-0.01,0.4,0
25.74,7.32,4.8,-0.11,-0.02,-0.9,0
32.07,7.0,13.0,0.07,-0.0,0.2,0
32.32,7.31,12.2,-0.03,-0.04,4.1,0
25.97,6.81,12.9,-0.05,-0.01,-0.5,0
27.74,6.9,23.0,-0.26,-0.01,-0.5,0
29.78,6.66,22.5,0.25,0.03,-1.0,0
26.48,7.35,4.7,-0.24,-0.97,-0.1,0
31.78,7.27,7.7,-0.07,-0.0,-0.2,0
32.67,7.15,11.2,0.14,-0.0,-0.3,0
29.91,6.69,17.8,-0.05,-0.05,-0.2,0
32.26,7.2,11.1,-0.07,0.01,-0.4,0
32.19,7.18,9.5,0.02,0.15,0.7,0
26.85,6.41,24.5,-0.21,-0.01,0.3,0
28.69,6.72,24.8,0.06,0.03,-0.9,0
27.86,6.87,24.3,-0.2,0.04,2.0,0
31.96,7.02,13.8,-0.13,-0.01,0.1,0
28.18,6.7,30.3,0.06,-0.01,-0.4,0
32.58,7.27,8.4,0.16,0.02,0.4,0
29.97,6.4,20.6,0.11,0.05,0.6,0
21.5,7.18,5.0,0.53,0.01,0.4,0
26.06,6.73,24.1,0.14,0.01,1.9,0
27.07,6.89,22.7,0.06,-0.04,-1.4,0
28.1,6.72,27.9,0.07,0.02,-2.8,0
28.56,6.61,21.4,-0.12,-0.01,6.6,0
27.79,6.82,2.6,0.28,0.21,-0.8,0
32.03,7.45,6.8,-0.03,0.0,-0.7,0
29.04,6.72,20.3,0.01,0.02,1.4,0
25.59,6.82,14.3,-0.18,0.02,-0.3,0
28.31,6.64,17.4,-0.11,0.01,0.4,0
27.76,6.67,17.2,-0.11,0.01,-0.1,0
27.12,7.05,26.3,-0.27,0.01,1.5,0
28.01,7.05,21.7,-0.41,-0.01,-1.0,0
32.01,7.27,8.9,-0.03,0.0,0.5,0
31.82,6.94,15.2,-0.14,-0.04,0.6,0
31.77,7.42,7.1,0.16,0.02,-0.1,0
28.5,6.86,22.0,-0.75,0.0,3.2,0
26.77,6.55,2.9,-0.15,0.24,-1.1,0
32.89,7.12,11.3,0.27,-0.01,-0.2,0
30.38,6.4,20.4,0.04,0.0,-0.1,0
25.7,6.51,18.8,0.42,0.05,0.1,0
21.1,7.12,5.1,-2.32,-0.01,-0.3,0
27.4,6.89,20.4,-1.64,0.01,-0.1,0
28.11,7.1,9.4,-0.17,-0.04,-0.4,0
27.96,6.66,19.4,0.16,-0.04,-0.4,0
25.73,7.01,9.0,-0.02,-0.01,0.0,0
31.99,7.36,6.4,-0.06,-0.04,-1.2,0
32.01,7.1,12.1,0.11,0.04,0.6,0
29.69,7.23,13.2,-0.0,-0.01,-0.3,0
26.17,6.58,32.4,-1.95,-0.03,-0.9,0
29.87,7.01,23.1,-0.04,0.03,-2.0,0
26.98,6.31,21.5,0.16,-0.01,0.1,0
29.2,6.92,28.3,-0.2,0.01,3.2,0
27.43,7.1,10.0,-0.03,-0.01,0.1,0
24.99,6.73,12.5,-0.93,-0.05,0.3,0
32.13,7.51,2.9,0.11,0.01,-0.3,0
32.18,7.09,16.7,0.01,-0.02,2.0,0
27.67,6.94,35.8,-0.15,0.03,18.1,0
25.68,7.19,7.2,0.2,-0.0,0.2,0
28.9,6.54,21.4,-0.05,-0.02,-21.6,0
32.88,7.12,11.2,0.3,-0.0,-0.3,0
26.87,6.58,14.1,0.07,-0.33,1.1,0
27.45,7.1,10.4,0.0,-0.01,-0.1,0
27.33,6.92,19.2,-0.03,-0.07,1.0,0
25.77,6.61,18.3,0.1,0.03,-1.1,0
30.98,7.26,8.8,-0.18,0.01,-0.2,0
26.88,6.28,21.2,-0.02,0.01,-0.0,0
30.18,7.3,10.6,0.11,-0.01,-0.3,0
27.19,7.1,27.0,0.06,-0.0,19.6,0
27.05,7.05,22.9,0.11,0.02,-2.0,0
25.12,6.63,17.4,-0.27,-0.06,1.5,0
29.78,6.94,33.0,-0.23,-0.04,16.9,0
26.98,6.76,27.2,0.13,-0.01,-1.8,0
30.25,6.69,22.8,0.02,0.04,0.6,0
28.69,6.64,15.0,0.21,0.01,-0.2,0
22.74,7.08,5.5,1.18,-0.0,-0.2,0
28.07,6.81,15.2,-0.19,-0.15,0.4,0
32.65,7.24,7.1,0.14,-0.02,-0.9,0
30.52,7.35,10.1,0.04,-0.0,-0.2,0
31.84,7.23,10.2,0.21,0.02,-1.3,0
30.14,6.73,28.7,-0.25,-0.02,3.2,0
28.42,6.44,19.3,0.1,0.01,0.1,0
25.73,7.04,8.3,0.27,0.01,0.1,0
29.11,6.53,20.5,0.03,-0.03,-22.1,0
28.27,6.68,14.2,0.13,-0.42,-0.4,0
27.2,7.29,24.3,0.03,0.02,1.7,0
28.6,6.68,34.2,0.03,0.04,2.6,0
31.97,7.19,9.5,0.03,0.05,-0.4,0
28.54,7.01,18.0,-1.64,-0.05,0.6,0
28.68,6.65,24.4,0.06,0.03,2.4,0
31.82,7.18,9.7,0.14,0.05,-0.5,0
27.33,6.83,28.5,-0.01,0.0,0.2,0
31.63,7.26,11.7,0.12,-0.07,-1.7,0
32.67,7.29,8.4,0.06,0.04,0.1,0
27.25,6.89,23.4,0.02,0.02,-2.1,0
29.05,6.78,17.6,-2.19,-0.04,-0.7,0
28.23,7.0,22.7,0.03,0.02,-2.6,0
26.95,6.65,16.4,-0.27,-0.02,0.2,0
27.44,7.18,22.6,-0.01,0.04,0.5,0
26.91,6.62,14.8,-0.11,0.03,0.2,0
28.05,6.7,18.9,-0.22,0.04,0.5,0
28.74,6.97,23.9,-0.11,-0.01,0.9,0
28.36,8.0,8.6,0.1,0.88,-1.4,0
32.0,7.02,15.3,-0.04,-0.03,0.3,0
29.92,6.74,20.2,-0.13,0.0,0.1,0
26.44,7.15,6.9,-0.09,-0.01,0.4,0
30.15,7.12,12.6,2.46,-0.03,-1.0,0
28.88,6.65,24.6,0.06,-0.01,3.2,0
32.45,7.28,8.3,1.34,0.01,-0.0,0
29.54,6.67,17.4,-2.1,-0.04,-1.1,0
30.55,6.69,20.0,-0.29,-0.01,0.9,0
29.02,6.66,26.3,0.03,-0.05,-1.1,0
27.04,6.65,13.7,0.05,-0.05,0.7,0
28.39,6.88,26.0,0.0,-0.05,-1.2,0
26.04,7.01,10.4,-0.01,-0.01,-0.7,0
32.51,7.29,8.4,-0.04,0.03,0.3,0
31.18,6.96,12.6,0.14,-0.06,-0.3,0
30.94,6.68,19.6,0.01,-0.0,1.1,0
25.44,6.94,15.6,-0.2,-0.06,-1.6,0
28.02,6.6,23.3,0.31,-0.02,5.7,0
32.22,7.4,7.9,0.02,0.05,-0.5,0
25.1,6.8,12.5,-0.97,-0.07,0.2,0
30.35,7.05,11.8,-0.22,-0.11,-1.0,0
27.36,6.85,26.6,-0.33,0.0,1.6,0
28.77,6.7,17.2,0.0,0.01,0.3,0
29.99,6.74,22.8,-0.23,0.03,0.5,0
29.24,6.53,22.5,-0.09,0.03,0.8,0
25.65,7.16,7.4,0.35,0.02,-0.9,0
26.23,7.14,13.8,-4.91,-0.04,2.1,0
27.76,6.92,23.4,0.01,0.0,1.4,0
26.42,6.71,15.4,-0.14,-0.03,-0.4,0
27.14,7.29,27.6,0.06,-0.02,1.1,0
31.65,7.03,13.6,-0.08,-0.02,0.0,0
26.94,6.73,15.9,-0.1,-0.03,-0.6,0
31.96,7.02,13.8,-0.12,-0.01,0.1,0
27.16,6.68,14.6,0.83,0.01,2.1,0
25.68,6.7,16.0,-0.06,-0.02,-0.1,0
30.16,7.08,12.8,0.03,0.0,-0.4,0
27.98,6.57,19.6,0.32,0.01,-0.7,0
30.84,6.96,15.0,-0.18,-0.04,0.1,0
30.03,6.87,17.7,0.01,-0.04,-1.2,0
29.98,6.79,24.7,-0.18,-0.02,0.9,0
27.69,6.5,15.0,0.08,0.4,-0.7,0
32.64,7.11,11.7,0.09,0.01,0.0,0
28.71,7.06,22.8,0.85,0.08,-0.6,0
27.53,7.6,7.8,-0.13,0.42,0.7,0
29.67,6.67,23.1,-0.07,0.01,0.0,0
30.62,7.05,13.6,0.03,-0.03,0.8,0
32.59,7.04,14.1,0.05,0.01,0.3,0
26.94,6.62,30.8,0.11,-0.01,-0.1,0
27.42,6.37,3.7,-0.06,0.01,-0.1,0
27.8,6.54,16.8,0.15,-0.02,-0.0,0
27.43,6.57,24.1,0.27,-0.01,-1.3,0
27.33,6.74,25.4,0.2,0.0,-1.2,0
26.7,7.15,24.1,-0.26,-0.02,1.1,0
25.56,6.68,14.8,-0.01,-0.05,1.2,0
32.18,6.99,13.6,0.08,-0.02,0.0,0
26.82,6.72,31.2,0.05,-0.01,-0.1,0
25.77,7.17,4.6,-0.34,0.0,-0.3,0
28.1,6.64,23.5,0.27,0.0,5.5,0
25.23,6.48,19.3,0.04,-0.01,-0.3,0
26.67,8.45,5.3,-0.14,1.17,-0.4,0
26.84,6.07,14.9,-0.16,-0.72,-0.5,0
27.41,6.42,22.3,0.12,0.02,1.4,0
30.22,7.64,20.4,-0.02,0.69,-2.8,0
29.98,6.79,28.1,-0.22,0.02,3.6,0
26.47,6.96,23.4,0.01,0.01,-1.0,0
25.89,6.39,18.6,0.07,-0.02,-0.4,0
32.02,7.27,8.9,-0.02,0.0,0.4,0
26.35,6.86,12.2,-0.33,-0.03,0.2,0
26.39,6.54,20.2,0.09,0.04,-0.5,0
28.2,6.53,21.5,0.0,0.01,-0.8,0
27.42,6.61,23.2,-0.09,-0.02,1.4,0
27.29,6.83,27.3,0.0,0.01,-1.7,0
28.09,6.41,13.5,0.07,-0.1,-0.1,0
31.42,7.11,13.9,0.11,-0.04,-0.1,0
29.89,7.22,13.2,2.13,-0.02,-0.5,0
28.19,6.36,20.5,0.1,-0.01,0.4,0
32.55,7.04,13.9,0.09,-0.01,0.4,0
29.91,6.7,17.8,0.03,-0.05,-0.1,0
30.64,7.06,13.6,0.03,-0.03,0.7,0
26.58,6.86,25.0,0.07,0.02,0.9,0
28.5,7.03,23.7,-0.09,-0.03,-0.3,0
25.97,6.73,22.1,-0.06,0.01,1.0,0
26.79,6.46,24.6,-0.15,-0.0,0.4,0
29.9,6.63,19.5,0.06,-0.01,1.6,0
27.01,7.07,6.0,0.11,0.04,-1.2,0
26.41,6.61,19.0,-0.11,-0.06,0.1,0
26.77,6.9,22.7,0.07,-0.02,-1.7,0
27.73,7.05,9.2,-0.16,-0.02,0.4,0
27.68,6.77,30.3,0.11,0.0,-0.1,0
28.28,7.09,9.6,0.45,0.0,-0.1,0
26.01,7.01,10.7,0.06,0.0,-0.8,0
32.64,7.25,8.3,0.37,0.0,0.7,0
27.97,6.66,22.5,0.14,-0.0,1.3,0
28.38,7.13,24.3,-0.23,0.03,0.5,0
32.54,7.2,12.4,0.14,0.03,-0.3,0
26.1,6.39,20.6,0.04,0.21,-0.1,0
32.14,7.46,7.9,0.1,-0.03,1.4,0
26.52,5.69,22.5,0.01,0.01,-0.2,0
31.77,7.24,3.3,0.11,0.04,-1.8,0
30.67,7.32,9.5,0.15,-0.03,-0.3,0
32.26,7.33,8.5,0.11,-0.01,0.3,0
29.91,7.37,7.1,3.73,-0.01,-0.1,0
32.54,7.38,4.3,-0.06,0.02,0.1,0
30.53,6.39,20.7,0.28,0.01,0.0,0
25.7,6.71,16.0,-0.08,-0.01,-0.1,0
32.28,7.32,11.6,-0.03,-0.01,0.3,0
29.32,6.67,19.9,-0.22,-0.01,-17.3,0
27.88,7.1,26.9,-0.18,0.0,-1.5,0
25.26,6.66,15.6,0.03,0.0,-0.1,0
32.12,7.31,5.3,0.16,-0.01,-0.7,0
32.1,7.32,8.0,-0.04,0.04,-0.7,0
27.24,7.26,24.2,-0.03,0.0,1.5,0
29.31,7.19,9.2,-0.08,-0.03,-1.7,0
27.64,6.5,16.8,0.04,-0.03,0.3,0
30.89,7.28,8.9,-0.1,-0.0,-0.2,0
28.98,6.48,43.5,0.18,-0.0,-5.1,0
26.43,6.72,12.7,0.11,0.01,-0.1,0
26.91,6.27,21.2,-0.01,0.0,-0.0,0
27.92,6.68,36.1,-0.19,-0.05,19.6,0
26.4,6.65,15.9,0.08,0.0,0.9,0
26.87,6.63,29.1,0.02,0.0,1.5,0
32.26,7.38,11.7,-0.01,-0.02,0.4,0
27.81,6.62,22.5,0.06,0.0,1.5,0
28.9,6.63,23.7,-0.02,-0.09,1.2,0
32.35,7.41,5.2,0.2,0.02,-0.4,0
29.33,6.72,23.8,-0.32,-0.03,0.9,0
25.76,6.51,19.0,-0.23,-0.06,1.2,0
32.16,7.27,11.8,0.04,0.02,0.5,0
27.88,6.74,23.8,0.14,0.06,4.7,0
26.4,5.8,22.2,0.04,0.09,-0.3,0
30.24,6.68,17.4,0.49,-0.0,0.3,0
26.25,6.1,20.5,-0.08,0.1,-1.3,0
32.52,7.51,1.9,0.04,0.02,-0.6,0
32.11,7.1,12.2,-0.45,0.03,-0.4,0
28.56,6.73,22.5,0.11,-0.02,-0.6,0
26.19,6.6,22.9,-0.08,-0.0,-0.8,0
32.12,7.43,7.9,0.0,0.04,-0.4,0
25.9,6.8,13.3,-0.06,-0.05,0.3,0
27.75,7.05,16.0,-0.11,-1.1,-0.0,0
31.78,7.27,9.9,0.14,0.03,-1.0,0
26.71,6.54,16.3,0.19,-0.01,0.0,0
26.58,6.82,22.2,0.07,0.01,2.7,0
31.87,7.22,15.5,0.2,0.09,1.8,0
27.22,7.01,23.1,0.07,0.04,-2.2,0
28.7,6.64,20.6,-3.32,0.02,-0.1,0
29.96,6.99,18.2,-0.09,0.04,-0.1,0
26.81,6.87,11.3,0.1,-0.03,0.5,0
26.84,6.47,20.9,0.03,0.0,0.3,0
29.69,7.13,12.9,-0.04,-0.01,-0.3,0
27.73,6.92,23.0,-0.28,-0.01,-0.5,0
32.39,7.3,8.0,-0.16,-0.01,-0.2,0
31.33,6.9,14.2,-0.13,-0.05,-1.2,0
31.69,7.4,7.6,0.01,0.0,0.9,0
26.25,6.73,29.0,-0.06,0.01,-0.0,0
27.18,6.56,23.2,-0.2,-0.02,1.4,0
31.7,6.99,14.9,-0.12,-0.07,0.2,0
25.6,6.67,28.0,-0.61,-0.07,-0.9,0
29.21,6.52,19.9,0.24,-0.03,1.8,0
31.12,6.48,19.3,0.11,-0.02,-0.4,0
28.03,6.69,17.3,-2.21,-0.03,-0.0,0
27.78,7.1,7.9,0.03,-0.14,0.7,0
27.28,6.85,28.6,0.1,0.01,-1.8,0
26.99,6.95,26.3,-0.45,-0.0,1.3,0
28.73,6.66,14.9,-0.18,-0.05,-2.8,0
32.93,7.24,8.9,0.27,-0.06,0.4,0
25.44,6.99,12.3,-0.07,-0.01,0.3,0
26.95,6.54,15.4,-0.1,-0.09,0.1,0
27.72,6.87,25.0,-0.17,-0.0,-0.9,0
32.01,7.36,6.8,-0.2,0.0,-0.0,0
27.41,6.83,27.3,-0.02,-0.02,-1.7,0
27.3,7.03,19.3,-0.01,-0.06,1.1,0
31.1,7.31,10.1,-0.1,0.02,-1.9,0
29.9,6.38,20.6,0.12,0.05,0.6,0
26.3,6.76,18.9,-0.08,-0.0,0.4,0
27.76,6.95,25.2,-0.13,-0.01,-1.0,0
27.71,7.08,25.4,0.01,0.01,2.7,0
28.36,7.19,9.9,-4.04,0.01,0.6,0
28.26,7.46,16.7,-0.1,0.06,-0.0,0
26.31,6.57,16.3,-0.23,-0.11,0.1,0
30.58,6.67,21.7,-0.14,-0.03,0.7,0
29.15,7.57,20.4,-0.07,0.45,-1.9,0
27.55,6.82,24.6,-0.22,-0.01,0.3,0
26.98,6.9,23.1,-0.23,0.02,1.4,0
32.78,7.1,12.6,-0.04,-0.02,0.7,0
32.06,7.25,11.8,-0.45,0.02,0.0,0
28.8,6.78,28.5,-0.02,0.02,2.5,0
26.09,6.65,17.1,0.07,-0.02,-0.2,0
26.08,6.96,21.9,0.02,0.01,0.1,0
27.65,6.41,22.2,0.12,0.03,-0.5,0
27.03,6.94,22.4,-0.01,0.07,2.7,0
26.15,6.47,18.7,-0.14,-0.04,1.2,0
20.5,7.13,5.4,-5.89,0.0,0.4,0
31.02,6.79,17.8,1.89,-0.01,-0.4,0
25.5,7.16,7.0,0.28,-0.01,-1.2,0
28.88,6.72,33.6,-0.01,0.04,15.9,0
27.23,6.95,20.8,-0.08,0.02,0.9,0
30.36,6.75,23.3,0.18,0.04,0.8,0
26.33,6.64,23.7,-0.16,-0.02,-0.4,0
29.1,6.67,21.6,-0.13,0.08,1.9,0
31.0,7.37,10.7,-0.0,-0.01,-0.4,0
26.47,6.81,14.3,-0.04,-0.01,-0.2,0
31.64,7.27,11.8,0.16,-0.05,-1.1,0
27.87,7.01,10.8,-0.05,-0.01,0.1,0
26.22,6.34,22.8,-0.08,-0.03,-0.7,0
26.74,6.76,23.3,-0.13,0.03,1.0,0
27.6,6.85,24.7,-0.09,0.03,2.1,0
25.87,6.83,12.8,-0.03,-0.01,-0.3,0
26.36,6.53,20.2,0.07,0.02,-0.4,0
25.99,6.84,15.1,-0.16,0.03,0.9,0
27.21,6.84,28.1,-0.13,0.0,-0.0,0
29.16,7.3,8.5,-4.82,-0.0,0.4,0
32.2,7.09,16.6,0.0,-0.02,2.0,0
32.23,7.41,8.0,-0.15,-0.01,2.8,0
28.64,6.99,22.8,0.69,0.06,-0.6,0
20.46,7.14,5.0,-5.88,0.0,0.2,0
32.54,7.0,14.0,0.07,-0.04,-1.8,0
32.1,7.21,8.6,0.12,-0.0,-0.7,0
26.57,6.63,24.6,-0.22,-0.01,-0.4,0
32.55,7.41,4.7,0.0,0.01,0.2,0
31.4,7.23,11.9,-1.06,-0.08,4.2,0
32.3,7.34,6.9,-0.04,-0.04,-1.2,0
27.81,6.92,27.4,-0.02,-0.02,-3.2,0
27.53,6.84,26.4,-0.23,0.04,1.5,0
27.83,6.79,17.0,0.06,-0.01,-0.2,0
26.33,6.83,12.6,-0.01,-0.0,-0.8,0
29.85,7.5,20.4,-0.1,0.5,-1.9,0
28.26,6.76,27.9,0.07,0.02,-3.3,0
28.13,7.04,2.3,0.56,0.12,-0.7,0
30.09,6.7,20.1,-0.05,0.02,-0.5,0
32.24,7.36,7.5,-0.01,-0.01,-0.4,0
29.71,6.61,23.6,0.12,-0.0,-0.5,0
29.6,7.09,13.3,2.56,-0.0,-0.0,0
28.14,7.08,21.7,-0.52,0.02,-1.1,0
32.02,7.06,12.0,0.11,0.07,0.5,0
30.52,7.13,11.4,-0.27,-0.04,0.3,0
32.4,7.21,9.3,0.01,-0.0,0.6,0
28.73,6.8,27.9,-0.08,-0.01,-0.5,0
29.83,6.69,26.5,-0.15,-0.02,-1.6,0
28.44,7.08,16.7,0.13,0.38,0.9,0
31.57,7.1,13.8,0.14,0.01,0.5,0
30.41,7.32,9.3,-0.09,-0.01,-0.5,0
24.57,7.14,7.2,-3.37,-0.03,-0.3,0
27.25,6.86,26.4,-0.26,0.04,1.5,0
28.3,6.36,20.7,0.11,-0.03,0.1,0
28.76,6.7,18.7,-0.0,-0.05,-0.5,0
29.59,6.72,31.3,0.01,0.0,-1.4,0
26.75,7.36,6.6,-0.09,0.18,-4.9,0
29.58,6.8,17.1,0.15,0.01,1.4,0
25.53,7.03,7.8,0.22,-0.03,0.2,0
30.0,7.17,18.4,0.06,0.08,0.1,0
27.77,6.57,17.7,0.23,-0.01,-0.1,0
32.55,6.54,21.5,-0.43,-0.01,-0.7,0
26.76,6.94,14.4,-0.05,-0.01,0.1,0
29.87,7.05,18.6,-0.67,-0.06,1.7,0
25.83,7.12,7.5,0.22,-0.01,-0.1,0
27.41,6.92,26.5,-0.23,0.1,1.5,0
26.7,6.54,23.1,-0.15,-0.06,1.0,0
24.72,7.16,19.5,-0.36,-0.04,0.4,0
30.79,6.1,7.1,-0.26,-1.32,-0.3,0
26.68,6.79,27.0,-0.0,0.0,1.6,0
29.31,6.62,25.8,-0.23,-0.07,-0.6,0
29.32,6.77,17.5,0.09,-0.02,-0.7,0
27.39,7.54,7.7,-0.11,0.36,0.6,0
32.27,7.31,7.4,-0.01,-0.01,-1.9,0
32.07,7.25,9.0,-0.02,-0.0,0.4,0
30.68,6.39,20.8,0.35,-0.01,-0.0,0
28.76,6.65,17.0,0.14,0.01,0.5,0
26.9,6.27,21.2,-0.09,-0.0,0.2,0
32.04,7.04,12.0,0.09,0.06,0.5,0
30.32,6.39,20.5,0.18,0.02,-0.0,0
25.91,6.76,15.5,-0.35,-0.02,-1.6,0
27.98,6.72,22.9,-0.0,-0.01,-0.5,0
32.0,7.5,2.8,0.06,0.02,-0.3,0
31.84,7.28,12.6,0.21,-0.04,1.0,0
25.34,7.03,13.4,-0.1,-0.0,-0.2,0
27.12,6.39,19.8,0.3,0.02,0.2,0
27.11,6.88,27.5,0.03,-0.0,-1.7,0
29.8,7.25,18.6,0.07,0.09,0.1,0
26.64,6.9,23.2,-0.16,-0.02,0.8,0
26.71,6.8,15.1,0.25,0.02,0.3,0
26.54,6.47,20.7,0.02,0.01,0.3,0
26.6,6.61,20.5,-0.1,0.02,-0.2,0
28.16,6.93,8.4,-0.02,-0.34,-0.2,0
27.43,6.94,26.5,-0.23,0.11,1.5,0
26.17,6.86,12.5,-0.04,-0.0,-0.8,0
31.98,7.16,13.4,-0.02,0.01,-0.1,0
27.67,6.84,32.2,-0.01,0.02,-2.1,0
28.32,6.69,28.0,0.1,0.03,-3.2,0
26.8,6.65,16.3,-0.05,0.05,0.0,0
26.44,6.77,23.1,-0.15,-0.03,0.9,0
27.07,7.0,23.0,-0.15,0.03,1.4,0
27.65,6.69,21.6,0.16,0.02,-1.1,0
27.64,7.0,21.2,-0.09,-0.0,-1.6,0
25.38,6.73,14.7,-0.37,-0.0,-0.6,0
29.67,6.58,20.0,-0.02,0.0,0.1,0
28.05,6.56,15.3,-0.16,0.02,-0.5,0
24.29,6.91,11.9,-1.77,0.05,0.4,0
27.19,6.54,23.2,-0.12,-0.01,1.3,0
27.93,6.57,16.8,0.2,-0.0,-0.2,0
26.71,7.31,11.7,-0.13,0.07,2.8,0
29.3,6.79,17.3,0.13,-0.02,-0.6,0
25.9,6.79,14.9,-0.07,-0.01,-0.3,0
31.18,6.95,12.6,0.13,-0.07,-0.3,0
26.34,6.49,20.5,0.21,-0.01,-0.0,0
27.21,7.33,22.3,0.17,-0.07,-0.0,0
31.17,7.3,10.2,-0.21,0.01,-1.9,0
27.11,6.91,19.8,0.09,-0.02,-1.4,0
26.27,7.21,26.4,-0.26,0.01,-1.4,0
31.36,6.99,14.3,-0.06,-0.05,-0.0,0
32.24,7.43,7.5,-0.0,0.0,-0.4,0
32.07,7.0,13.0,0.04,0.01,0.3,0
30.43,6.97,16.0,-0.1,-0.02,0.2,0
27.32,6.83,28.6,0.02,-0.0,0.2,0
32.01,7.33,7.0,0.17,-0.02,-1.9,0
26.68,6.98,27.6,-0.03,-0.04,-1.1,0
31.56,6.71,18.8,2.27,-0.04,0.2,0
27.69,7.01,28.9,0.14,-0.03,20.7,0
26.63,7.23,27.0,-0.07,0.0,-2.2,0
25.94,7.12,4.2,0.27,0.04,-0.3,0
31.85,7.13,15.1,-0.09,-0.08,-0.3,0
25.78,6.76,12.7,-0.66,-0.02,-0.2,0
25.98,7.1,23.1,-0.09,0.0,-0.7,0
32.28,7.39,7.9,0.08,0.04,-0.4,0
27.5,6.84,16.0,-0.1,0.0,2.0,0
26.66,6.53,30.7,-0.03,-0.0,1.2,0
27.52,6.53,15.9,-0.05,-0.03,-0.5,0
27.08,6.78,28.8,-0.02,0.01,3.7,0
27.22,7.08,23.0,-0.07,0.03,1.4,0
27.23,7.28,24.4,0.04,0.03,1.8,0
30.15,7.0,11.6,-0.2,-0.03,-0.8,0
32.35,7.39,4.7,0.1,-0.01,-0.2,0
25.64,7.08,8.8,0.16,0.03,-0.0,0
31.49,6.54,21.7,0.01,-0.0,-0.4,0
25.07,7.19,7.3,-2.18,-0.06,-0.1,0
27.11,6.54,17.4,-0.15,-0.07,-0.3,0
26.81,6.84,29.4,0.03,-0.01,0.9,0
26.2,6.34,20.8,-0.19,0.1,0.4,0
28.44,7.07,18.1,-1.49,-0.05,0.9,0
31.14,7.37,10.9,-0.02,-0.01,-0.4,0
27.69,6.73,17.0,0.03,0.01,2.4,0
27.73,6.9,23.7,0.06,-0.02,-2.0,0
26.39,6.8,22.0,-0.23,-0.02,0.9,0
25.67,6.93,11.6,0.05,-0.0,-1.0,0
32.19,7.53,2.8,-0.18,0.0,0.3,0
27.47,6.7,22.7,0.15,0.0,-1.0,0
26.85,6.85,27.6,-0.15,0.0,0.6,0
25.69,6.84,14.4,-0.11,0.01,-0.3,0
31.99,7.04,12.4,-0.16,-0.03,-0.4,0
26.58,6.71,20.3,0.01,0.01,-1.0,0
30.32,7.33,9.4,-0.01,-0.02,-0.5,0
24.42,6.91,12.1,-0.36,0.0,0.1,0
30.11,6.69,17.6,0.31,-0.02,0.1,0
27.26,5.74,15.5,0.08,-0.69,0.3,0
28.31,7.17,26.9,0.07,0.01,16.0,0
27.98,7.1,28.2,-0.1,-0.01,-1.1,0
30.5,7.12,11.5,-0.28,-0.05,0.4,0
27.48,6.48,22.4,0.05,0.01,1.5,0
27.59,7.14,25.9,-0.04,-0.04,2.5,0
30.55,7.32,9.1,0.22,-0.02,0.8,0
25.57,7.08,1.5,-0.13,-0.02,-2.4,0
26.77,7.17,23.2,0.12,0.12,-0.2,0
27.8,6.66,7.0,0.13,0.01,-0.8,0
26.76,6.62,15.8,0.13,-0.03,-0.6,0
31.29,6.52,21.2,0.03,-0.01,-0.8,0
32.08,7.25,9.0,-0.02,-0.0,0.4,0
32.24,7.34,8.1,0.05,0.05,-0.5,0
28.25,6.31,20.7,0.15,-0.02,0.4,0
27.47,6.84,27.3,0.0,0.01,-1.4,0
25.79,7.17,6.5,0.05,-0.02,-0.8,0
32.25,7.3,3.9,0.13,0.02,-1.7,0
32.0,7.28,3.8,0.06,0.03,-1.8,0
31.93,6.96,11.5,-0.05,-0.05,0.6,0
26.49,6.31,31.0,-0.14,-0.25,-0.3,0
27.78,6.6,17.0,0.06,0.0,-0.2,0
28.52,7.55,15.8,-0.32,0.71,0.6,0
31.66,7.26,11.9,0.12,-0.02,-0.4,0
27.43,6.83,15.8,0.21,-0.1,-0.4,0
27.29,6.81,26.5,-0.32,-0.0,1.6,0
27.93,7.08,28.6,-0.08,-0.01,-1.4,0
30.38,6.75,21.8,-0.05,0.0,0.6,0
27.17,7.03,28.6,-0.07,-0.02,1.7,0
26.48,6.49,20.5,-0.01,0.03,-0.2,0
25.85,6.73,12.8,-0.27,-0.01,0.2,0
27.0,6.47,24.6,-0.19,-0.01,0.4,0
26.34,6.68,23.7,-0.16,-0.02,-0.3,0
32.81,7.14,11.2,0.22,-0.01,-0.3,0
26.97,6.77,23.2,-0.22,0.01,0.1,0
27.54,6.96,28.1,0.05,-0.06,1.7,0
27.43,6.81,28.8,0.17,0.04,-2.2,0
29.8,6.68,26.1,-0.08,-0.03,-1.2,0
27.43,7.33,34.8,-0.15,0.01,17.1,0
29.34,6.64,22.4,0.14,0.02,-0.8,0
31.83,6.47,21.7,0.06,0.02,0.1,0
26.29,6.87,12.5,-0.02,0.0,-0.7,0
27.71,6.94,28.8,0.08,-0.09,1.0,0
26.74,6.64,16.4,-0.06,-0.0,0.3,0
32.73,7.28,8.4,0.18,-0.0,-0.5,0
27.59,6.92,32.4,-0.01,0.01,-2.2,0
28.09,6.43,13.5,-0.0,0.01,-0.1,0
31.78,6.93,14.0,-0.21,-0.05,-0.8,0
29.66,7.05,13.2,2.46,-0.01,-0.2,0
26.77,7.17,23.2,0.12,0.12,-0.2,0
27.67,6.36,22.1,0.01,0.04,-0.5,0
28.26,6.58,20.4,0.06,0.0,-0.4,0
29.5,7.38,9.5,3.81,0.05,0.0,0
30.34,6.97,15.4,-0.04,0.01,0.7,0
32.81,7.42,3.6,0.37,-0.01,-0.6,0
29.18,6.7,25.4,-0.03,0.02,-0.7,0
29.43,7.22,10.9,-0.17,-0.01,-1.0,0
29.65,7.06,25.5,0.06,0.0,-2.3,0
28.09,6.64,21.2,0.08,0.03,-0.8,0
26.13,6.77,21.9,0.03,-0.01,0.6,0
27.13,7.17,22.8,-0.06,0.05,1.5,0
26.77,6.53,16.3,0.22,-0.04,0.0,0
25.78,6.75,15.2,0.01,-0.0,0.9,0
26.67,6.61,15.6,-0.03,-0.04,-0.2,0
32.0,7.02,14.8,-0.19,-0.01,0.4,0
25.96,6.76,24.0,-0.06,0.01,1.2,0
25.04,7.28,3.7,-0.05,0.01,-0.4,0
28.02,7.2,24.9,-0.02,0.07,0.7,0
28.15,6.55,20.2,-0.19,0.01,0.4,0
30.16,6.98,11.7,-0.23,-0.03,-0.8,0
25.37,6.63,28.2,-0.8,-0.07,-0.8,0
32.4,7.06,14.3,0.32,-0.04,-1.5,0
27.24,6.56,14.7,0.2,-0.13,1.9,0
28.47,6.51,49.9,0.0,-0.01,31.2,0
32.51,7.2,12.6,0.04,-0.0,0.6,0
30.11,6.6,20.3,-0.06,0.0,0.0,0
27.1,6.91,27.6,0.0,-0.03,1.3,0
31.82,7.26,10.5,0.01,0.0,-1.3,0
28.3,6.86,16.9,-0.1,0.03,-0.3,0
30.84,7.01,12.6,0.12,-0.02,-0.4,0
32.34,6.99,13.2,-0.14,-0.02,-0.7,0
27.97,6.67,19.3,0.07,-0.04,-0.2,0
32.01,7.36,6.2,0.16,0.01,-0.7,0
27.06,6.4,19.9,0.28,0.01,0.2,0
31.79,7.26,10.4,-0.16,0.0,-1.5,0
27.19,6.76,26.4,-0.27,0.03,1.5,0
31.41,6.59,21.5,0.03,0.01,-0.4,0
27.18,6.8,21.8,-0.13,0.0,-0.6,0
27.41,6.37,22.3,0.24,0.02,1.1,0
27.66,7.05,11.4,-3.6,0.0,1.4,0
29.9,7.34,20.4,-0.12,0.4,-1.8,0
30.26,6.79,23.9,0.35,0.05,1.2,0
26.21,6.53,22.9,-0.08,-0.01,-0.8,0
28.67,6.92,32.1,0.14,-0.06,21.2,0
27.87,6.63,21.9,0.03,0.03,-1.2,0
31.45,7.4,7.1,0.94,0.02,-0.2,0
25.44,6.5,18.8,0.06,-0.02,-0.6,0
25.45,7.04,11.1,0.02,-0.02,-0.4,0
28.57,6.65,15.3,0.19,0.03,-0.2,0
29.94,7.23,13.7,0.31,-0.04,-0.4,0
29.2,7.46,13.7,0.24,0.01,-0.9,0
26.93,6.48,20.3,0.07,-0.02,-0.6,0
32.02,7.14,12.4,-0.09,0.07,0.7,0
27.68,7.14,27.7,0.02,0.03,-1.0,0
28.13,7.09,14.0,-0.34,0.02,-0.4,0
27.44,6.97,23.5,0.15,0.0,-1.6,0
26.96,6.29,21.4,0.03,-0.01,0.3,0
27.96,7.08,21.1,0.33,-0.02,-1.8,0
31.89,7.26,10.2,0.18,0.01,-1.4,0
25.78,6.52,18.8,0.47,0.05,0.0,0
30.1,6.57,20.5,-0.09,-0.02,0.8,0
30.66,7.32,9.4,0.17,-0.03,-0.1,0
31.93,6.99,12.9,-0.04,0.03,0.5,0
30.16,6.68,17.5,0.39,-0.01,0.2,0
25.06,6.91,12.5,-1.78,-0.07,0.9,0
22.78,7.2,5.1,0.72,0.03,-0.1,0
31.47,7.4,7.0,0.65,0.02,-0.1,0
28.68,6.78,17.0,-0.15,-0.0,-3.4,0
28.24,6.78,23.2,-0.07,-0.02,-0.8,0
26.93,7.1,25.1,-0.07,0.0,17.4,0
27.38,7.23,20.7,-0.17,-0.01,-0.0,0
25.25,6.56,17.5,-0.24,-0.05,1.3,0
26.4,7.14,7.2,0.07,-0.01,0.2,0
25.49,6.68,16.0,-0.02,-0.0,-0.1,0
26.44,7.14,7.2,0.03,-0.01,0.4,0
26.51,6.82,28.0,-0.05,0.01,0.7,0
25.94,6.78,15.6,-0.33,-0.02,-1.5,0
31.49,7.02,12.5,0.0,-0.02,-0.2,0
27.26,6.3,22.2,0.25,0.02,1.1,0
26.19,6.92,12.1,-0.34,-0.02,0.3,0
28.21,7.02,8.5,0.17,0.05,-23.4,0
27.49,7.04,22.8,0.16,0.04,-1.1,0
25.97,7.29,5.2,-0.15,-0.02,0.3,0
26.19,6.33,20.7,-0.14,0.1,0.2,0
29.49,6.71,17.8,0.02,-0.03,-0.4,0
27.74,6.54,17.4,0.08,-0.15,-1.3,0
28.47,6.81,18.1,0.16,-0.07,-20.8,0
26.67,8.22,4.9,0.07,-0.05,-0.3,0
27.8,7.14,22.2,-0.03,-0.04,0.8,0
28.82,6.56,21.6,-0.07,-0.02,-21.4,0
27.92,6.68,36.0,-0.18,-0.04,19.0,0
28.07,6.63,21.2,0.09,0.03,-0.8,0
25.78,6.73,15.1,-0.0,-0.02,0.2,0
28.48,6.5,47.5,-0.05,-0.0,-4.3,0
26.77,6.62,29.3,0.02,0.0,1.6,0
31.9,7.23,12.5,0.17,-0.02,0.9,0
27.23,6.99,26.3,-0.22,0.07,1.4,0
27.85,7.15,25.1,-0.19,0.05,-0.6,0
32.2,6.99,15.3,0.23,0.01,1.2,0
28.26,7.17,34.1,-0.1,0.01,16.9,0
27.84,7.21,27.1,-0.08,0.02,0.2,0
26.69,6.53,29.9,0.02,0.0,1.4,0
29.48,6.76,17.4,0.04,-0.02,-0.6,0
26.61,6.86,22.2,0.14,0.0,2.8,0
32.0,7.05,12.3,-0.24,-0.02,-0.4,0
31.2,6.96,12.6,0.11,-0.07,-0.3,0
27.61,6.79,25.0,-0.13,-0.01,0.7,0
31.18,7.05,13.7,0.09,-0.01,0.1,0
24.8,7.15,6.0,0.32,-0.01,0.0,0
26.26,6.74,14.8,-0.05,-0.01,-0.2,0
27.13,6.3,23.2,-0.16,-0.01,1.1,0
30.45,7.35,10.1,0.02,-0.0,-0.3,0
25.76,7.03,8.8,0.2,0.03,0.1,0
30.42,6.79,46.6,0.17,-0.01,28.4,0
25.44,7.06,11.1,0.01,-0.02,-0.3,0
27.95,6.57,16.9,0.06,-0.01,0.6,0
25.71,7.06,10.9,-0.37,0.04,-0.1,0
26.79,5.64,22.6,0.14,-0.36,0.2,0
32.62,7.32,3.8,0.27,-0.0,-1.4,0
31.22,6.6,22.5,-0.21,0.04,0.8,0
27.32,7.25,22.3,0.13,0.01,-0.6,0
31.79,7.26,10.5,-0.09,0.0,-1.4,0
28.89,7.85,16.8,-0.05,0.98,1.5,0
25.77,7.24,5.4,-0.05,-0.07,-0.9,0
29.94,7.46,20.2,-0.02,0.48,-2.0,0
30.06,6.67,20.5,-0.21,0.0,0.8,0
26.42,6.82,23.2,-0.02,0.01,-0.9,0
32.07,7.12,11.9,0.09,0.06,0.5,0
28.12,6.42,20.3,0.12,0.02,-0.7,0
30.18,6.36,20.5,0.12,-0.05,-0.2,0
32.43,7.08,12.1,-0.31,0.02,-0.4,0
30.39,6.69,22.0,-0.15,-0.08,0.9,0
25.82,6.65,16.0,-0.17,-0.0,-1.2,0
29.26,7.57,13.7,0.2,0.28,-0.8,0
27.35,6.82,24.4,-0.29,-0.01,-0.1,0
25.72,7.02,11.6,-0.03,-0.0,0.2,0
30.46,6.6,25.5,-0.21,-0.03,-0.6,0
25.62,6.53,19.3,-0.24,-0.07,1.2,0
30.1,6.54,20.3,0.03,-0.02,-0.4,0
27.23,6.83,22.6,0.01,-0.06,-0.9,0
26.38,6.51,30.1,-0.03,-0.0,-1.2,0
27.34,6.39,22.2,0.24,0.02,1.1,0
32.02,6.99,12.5,0.19,-0.02,0.0,0
31.92,7.32,2.3,0.17,0.03,-1.5,0
30.45,6.7,21.8,-0.03,-0.02,0.6,0
30.3,6.7,24.4,-0.07,-0.03,1.9,0
32.39,7.22,9.2,-0.0,0.0,0.7,0
30.01,6.84,45.2,0.2,-0.05,27.3,0
30.55,7.19,11.0,-0.11,-0.01,-0.2,0
27.1,7.0,22.8,0.16,-0.03,-1.7,0
31.72,6.5,21.6,0.1,-0.02,-0.4,0
26.04,7.29,4.7,-0.16,-0.02,0.3,0
27.28,6.83,25.9,-0.04,0.01,-0.9,0
28.64,6.73,22.0,0.05,0.0,-0.6,0
31.64,6.96,14.9,-0.13,-0.07,0.3,0
26.28,6.79,22.8,-0.05,-0.01,-1.5,0
25.9,6.77,12.6,-0.01,-0.02,-1.3,0
31.98,6.96,12.4,0.3,-0.03,0.1,0
32.08,7.55,3.9,-0.1,0.01,1.2,0
27.92,7.05,35.9,-0.16,0.01,19.4,0
31.97,7.18,13.3,-0.12,0.02,-0.3,0
28.47,6.7,30.9,0.1,-0.0,-0.1,0
32.09,6.99,14.9,0.08,0.01,0.7,0
25.8,6.67,15.1,-0.05,-0.02,-0.2,0
30.45,6.77,21.6,-0.21,-0.0,0.8,0
26.0,7.07,20.7,-0.14,-0.02,-1.3,0
30.41,6.87,9.3,2.95,0.02,-0.2,0
28.3,6.46,19.5,0.12,0.01,0.2,0
29.97,6.73,17.6,0.05,-0.04,-0.1,0
27.71,7.14,25.3,-0.24,0.04,-0.5,0
25.8,7.31,4.7,-0.11,-0.0,-0.9,0
32.03,7.45,6.8,-0.06,-0.0,-0.8,0
29.92,6.78,17.9,0.04,-0.03,-0.1,0
31.68,6.72,18.7,1.57,-0.05,-0.1,0
26.91,7.14,23.1,0.13,-0.04,-0.1,0
29.2,6.51,20.6,-0.09,-0.02,0.3,0
25.79,7.06,8.8,0.26,0.03,0.0,0
26.94,6.61,14.9,-0.05,0.03,0.3,0
32.42,7.32,7.9,-0.13,-0.01,-0.3,0
32.21,7.44,7.6,0.17,-0.0,-0.2,0
27.66,7.05,25.2,-0.02,0.06,3.1,0
26.74,6.66,15.6,0.02,-0.01,-0.3,0
26.34,7.34,4.7,-0.22,-0.68,0.0,0
25.72,7.06,10.9,-0.37,0.04,-0.1,0
26.44,6.71,12.7,0.12,0.01,-0.1,0
28.61,6.95,25.6,0.08,-0.02,-4.5,0
30.43,6.93,15.3,0.05,0.04,1.2,0
32.65,7.27,8.4,0.28,0.01,0.8,0
29.15,7.77,14.2,0.01,0.81,-0.8,0
28.02,6.9,26.7,0.02,-0.02,-4.6,0
29.43,6.69,26.4,0.08,-0.04,-1.2,0
27.79,6.83,33.1,0.22,0.02,-0.6,0
26.57,6.83,22.2,0.11,0.01,2.7,0
27.47,6.71,22.6,-0.06,0.02,1.6,0
25.37,6.53,19.5,-0.2,-0.06,0.7,0
31.45,6.49,21.9,-0.09,0.01,0.3,0
31.78,7.23,10.4,0.27,0.02,-0.9,0
27.42,6.27,3.8,0.07,0.13,0.3,0
24.69,7.23,19.4,-0.78,-0.03,-0.3,0
27.43,7.04,20.7,-0.08,0.0,0.8,0
26.74,6.79,15.2,0.28,0.02,0.4,0
32.62,7.23,6.9,0.19,-0.02,-1.1,0
26.99,6.49,20.3,0.0,0.0,-0.8,0
26.65,6.84,29.0,0.2,-0.0,0.6,0
29.28,7.19,9.2,-0.07,-0.03,-1.7,0
31.77,7.42,7.1,0.16,0.02,-0.1,0
28.2,6.97,20.4,0.13,0.03,1.6,0
29.74,6.7,22.4,0.25,0.04,-1.1,0
32.45,7.27,8.3,1.27,0.01,-0.1,0
32.09,7.09,12.2,-0.42,0.03,-0.4,0
32.53,7.08,14.0,0.32,-0.02,-0.8,0
32.4,7.3,8.5,-0.01,0.0,0.1,0
30.36,7.37,11.4,-1.89,-0.08,3.8,0
31.07,7.34,10.9,-0.05,-0.01,-0.3,0
31.76,6.91,15.0,0.07,-0.05,-0.2,0
28.86,7.19,23.7,-0.17,0.01,0.8,0
30.32,6.7,24.5,-0.07,-0.03,1.9,0
31.47,6.55,21.7,0.05,-0.0,-0.5,0
25.95,6.82,15.3,-0.09,0.02,0.8,0
25.66,7.01,9.0,0.1,0.02,0.2,0
27.39,6.66,14.4,0.1,0.02,0.4,0
31.88,7.26,10.6,0.24,0.0,-1.2,0
32.39,7.02,13.4,0.24,0.0,-0.3,0
28.34,7.12,24.3,-0.23,0.03,0.5,0
27.25,6.49,20.8,-0.14,0.02,-1.1,0
26.98,6.3,21.1,0.09,0.0,-0.0,0
32.1,7.52,3.0,0.1,0.01,-0.2,0
30.24,6.71,24.7,-0.13,-0.03,1.5,0
32.48,7.08,14.0,0.34,-0.02,-0.8,0
30.47,6.68,22.6,0.04,-0.02,0.4,0
28.17,7.2,28.6,-0.14,-0.02,-1.1,0
27.3,6.59,16.3,-0.19,-0.04,0.1,0
27.7,6.94,25.0,0.09,0.01,1.1,0
25.72,6.55,16.2,-0.14,0.0,0.1,0
27.82,6.53,21.3,0.0,-0.02,-1.0,0
30.46,6.73,24.0,0.01,0.05,-1.5,0
29.04,6.74,16.3,-0.15,0.0,-4.4,0
26.02,6.76,15.1,0.0,-0.01,0.4,0
27.91,6.73,23.0,-0.07,-0.01,-0.6,0
28.45,6.62,22.3,0.11,-0.01,6.2,0
25.34,6.74,12.5,-0.48,-0.02,0.2,0
31.96,7.31,4.4,0.05,0.03,-2.3,0
30.79,6.62,25.3,-0.06,-0.01,4.5,0
31.77,7.08,11.2,-0.12,-0.03,0.6,0
27.91,6.8,20.2,0.09,0.0,0.6,0
30.02,6.73,26.9,-0.11,0.0,-2.0,0
27.27,7.31,34.9,-0.13,0.02,17.0,0
32.1,7.55,4.0,-0.12,0.01,1.3,0
30.85,7.09,11.6,-0.3,-0.05,-0.8,0
27.98,6.69,16.4,-0.3,-0.19,-0.6,0
31.88,7.01,13.1,-0.02,0.01,0.2,0
26.74,6.73,20.4,-0.08,-0.0,-1.4,0
26.57,6.54,21.4,-0.09,0.05,-0.5,0
25.51,6.79,12.6,-0.21,-0.02,0.1,0
32.62,7.56,1.8,0.01,0.02,-0.5,0
27.86,7.19,26.3,-0.06,-0.04,1.5,0
32.05,7.05,14.4,-0.02,-0.02,-0.4,0
28.32,7.66,16.8,-0.01,0.8,1.0,0
27.91,7.1,26.3,-0.04,-0.03,1.4,0
28.81,7.19,23.7,-0.19,0.01,0.8,0
27.91,7.17,12.3,-4.65,-0.01,2.1,0
27.66,6.4,22.2,0.1,0.03,-0.5,0
31.99,7.14,9.9,0.05,0.29,0.8,0
28.03,6.58,14.9,0.13,0.01,-0.3,0
28.61,7.37,4.0,-4.88,-0.02,0.5,0
31.39,6.5,21.4,-0.09,0.01,-0.6,0
27.94,6.55,7.7,0.15,-0.37,-0.4,0
29.03,7.24,10.8,-0.21,-0.02,0.6,0
28.19,7.18,23.6,0.18,-0.03,-1.9,0
32.3,7.08,16.5,-0.03,-0.02,2.4,0
26.85,6.59,23.3,-0.36,0.01,1.4,0
30.55,6.39,20.6,0.2,-0.0,-0.1,0
29.52,7.19,25.3,0.23,0.02,-2.7,0
31.99,7.5,2.8,0.06,0.02,-0.3,0
26.27,6.71,16.2,-0.1,-0.06,0.4,0
25.35,7.22,5.4,0.17,-0.02,0.3,0
26.14,6.5,17.1,0.0,0.01,0.9,0
29.36,6.71,23.9,-0.03,-0.02,-2.2,0
28.45,6.68,24.6,0.17,0.01,-1.4,0
27.63,7.34,8.6,-0.16,0.24,0.8,0
27.53,6.43,16.1,0.2,-0.04,0.3,0
29.57,6.62,23.0,0.2,0.01,-0.6,0
27.95,6.85,33.3,0.1,-0.01,19.9,0
27.24,6.85,27.3,-0.11,0.0,0.7,0
28.17,7.09,23.4,-0.51,0.01,-0.4,0
26.04,6.89,2.0,-0.14,0.1,-1.9,0
27.52,6.94,23.0,0.18,0.07,-1.3,0
32.23,7.17,11.2,-0.02,0.02,-0.4,0
27.8,6.81,14.8,-0.04,-0.13,0.3,0
25.91,6.8,13.3,0.01,-0.03,0.3,0
29.28,6.55,20.0,0.25,-0.01,1.8,0
27.73,6.93,23.0,-0.29,-0.01,-0.5,0
26.56,6.47,20.3,0.1,-0.03,-0.3,0
30.16,6.84,16.8,0.07,0.01,0.2,0
29.64,7.18,13.0,-0.05,-0.0,-0.2,0
32.35,7.4,8.2,0.11,-0.01,1.2,0
27.58,6.92,9.1,-1.35,-0.05,-0.2,0
26.79,6.72,19.0,-0.27,-0.01,0.7,0
27.5,6.87,23.8,0.58,0.08,5.7,0
31.99,7.3,7.8,0.14,-0.01,0.0,0
26.5,6.91,23.3,0.01,0.01,-0.9,0
26.02,7.18,21.8,-0.03,0.03,-0.4,0
26.91,7.12,22.1,-0.21,-0.01,1.9,0
28.42,7.07,29.8,-0.1,0.03,-1.0,0
27.64,7.04,9.2,-0.16,-0.02,0.5,0
26.87,6.6,16.0,0.08,-0.0,-0.8,0
32.49,7.39,4.4,0.02,0.01,-0.0,0
27.33,6.01,15.4,0.03,-1.17,0.2,0
27.11,6.88,29.4,-0.07,-0.01,0.6,0
27.59,6.8,34.8,-0.06,0.04,17.4,0
25.75,7.27,5.3,-0.04,-0.02,0.3,0
27.86,6.93,27.3,-0.02,-0.0,-3.3,0
27.02,6.79,15.8,-0.2,-0.02,-0.5,0
25.68,7.2,6.5,-0.09,-0.02,-0.6,0
26.69,6.6,15.5,-0.01,-0.06,-0.2,0
29.91,6.75,19.2,0.02,-0.0,1.5,0
25.65,7.18,7.3,0.25,0.0,-0.0,0
25.67,6.53,19.1,-0.27,-0.07,1.2,0
29.97,7.03,18.3,-0.07,0.05,-0.1,0
25.87,6.77,13.1,-0.1,-0.03,0.2,0
27.1,7.12,26.3,-0.44,-0.0,1.4,0
30.1,6.67,20.5,-0.23,0.0,0.8,0
32.42,7.07,16.3,-0.06,-0.0,2.8,0
27.47,6.62,15.0,0.19,0.01,2.1,0
28.48,6.89,24.7,0.16,-0.0,-1.3,0
27.06,7.23,22.3,-0.17,-0.02,1.6,0
27.52,7.15,22.5,0.0,0.04,0.6,0
26.48,8.02,4.9,-0.03,-0.05,0.0,0
32.69,7.23,8.7,0.62,-0.01,-0.3,0
25.39,7.31,8.0,0.13,0.14,1.8,0
25.66,7.04,11.0,-0.26,0.03,-0.3,0
31.42,7.39,7.0,1.02,0.02,-0.2,0
27.22,6.85,26.9,-0.21,-0.01,1.7,0
20.55,7.11,5.9,-5.91,0.0,0.7,0
28.35,7.06,23.4,0.13,-0.03,-1.9,0
28.22,7.36,8.9,0.48,0.21,-1.1,0
28.07,6.76,14.9,-0.04,-0.13,0.0,0
27.68,7.06,23.0,-0.42,-0.01,-0.6,0
28.57,7.19,26.9,-0.06,-0.04,1.7,0
31.36,6.54,22.2,-0.03,0.03,0.4,0
26.18,6.74,27.6,-0.25,-0.06,-0.4,0
31.76,6.48,21.8,0.05,0.02,0.1,0
29.29,6.72,23.8,0.08,-0.01,-2.3,0
23.45,7.13,5.5,0.78,0.01,0.1,0
29.15,6.64,23.7,-0.17,-0.07,1.1,0
26.07,6.6,20.5,-0.08,0.04,-1.4,0
25.49,6.92,12.4,-0.07,-0.01,0.2,0
29.12,6.77,23.9,0.16,-0.02,5.6,0
26.47,7.98,5.3,-0.11,0.75,-0.5,0
27.18,6.38,20.5,0.02,-0.02,-0.5,0
27.27,6.8,22.6,0.07,-0.05,-0.8,0
27.45,6.63,16.3,-0.11,-0.01,-0.5,0
28.04,6.57,15.1,-0.03,0.02,-0.4,0
26.27,6.13,20.5,-0.07,0.1,-1.2,0
27.34,6.79,26.3,-0.19,0.03,1.7,0
27.11,6.71,23.1,-0.24,0.01,0.1,0
32.27,7.31,7.4,-0.09,-0.01,-0.5,0
26.64,6.62,15.7,0.1,0.02,0.0,0
27.99,6.71,17.0,-0.08,-0.03,-1.8,0
29.59,6.8,17.1,0.14,0.0,1.4,0
27.83,7.01,10.8,-0.07,-0.01,-0.1,0
25.3,6.74,14.6,-0.39,0.0,-0.7,0
29.81,7.08,22.7,-0.06,0.01,-1.9,0
27.77,6.83,18.3,0.08,-0.0,0.4,0
26.93,6.29,21.3,0.05,-0.0,0.0,0
27.36,6.6,25.1,-0.28,-0.01,-1.2,0
30.52,6.64,22.1,-0.02,-0.09,0.2,0
29.01,7.21,10.8,-0.24,-0.02,0.4,0
32.37,7.35,7.4,-0.03,-0.01,1.5,0
24.94,6.98,19.5,-0.21,-0.05,0.8,0
26.69,6.6,15.6,-0.02,-0.05,-0.2,0
27.94,6.62,15.7,-0.14,0.01,0.4,0
27.68,6.56,14.2,0.11,0.03,0.1,0
32.28,7.32,11.6,-0.03,-0.01,0.3,0
26.71,6.83,27.5,-0.13,-0.01,0.3,0
25.49,6.72,15.2,-0.01,-0.03,0.0,0
26.13,7.2,4.6,0.05,0.01,-0.4,0
30.65,7.06,13.6,0.03,-0.03,0.8,0
32.77,7.14,11.2,0.2,-0.01,-0.3,0
30.11,6.86,17.7,-0.03,-0.04,-1.2,0
27.4,7.28,26.3,0.08,0.09,2.0,0
25.36,7.17,7.3,0.45,0.04,-1.6,0
26.58,6.47,20.2,0.09,-0.02,-0.3,0
28.12,6.96,14.8,-0.24,-0.23,0.3,0
26.98,6.95,29.3,-0.12,0.0,1.8,0
32.44,7.19,12.6,0.04,-0.01,0.7,0
32.15,7.2,9.5,0.02,0.02,-0.1,0
30.22,6.85,16.8,0.09,0.02,0.1,0
27.35,6.88,22.8,0.08,-0.0,-1.1,0
28.46,6.75,18.6,0.01,-0.04,-0.8,0
31.57,7.21,7.9,0.07,-0.03,-0.3,0
26.79,7.11,23.3,0.07,-0.03,0.0,0
32.61,7.3,8.4,-0.01,0.05,0.1,0
25.73,6.88,12.2,-0.03,-0.01,0.6,0
27.94,7.19,25.6,0.03,-0.03,-1.4,0
32.08,7.14,11.7,-0.27,-0.07,0.3,0
28.48,6.94,28.3,-0.06,0.0,16.8,0
29.12,6.99,16.0,-0.06,-0.02,-0.3,0
27.42,7.11,10.2,-0.01,-0.01,-0.0,0
25.42,7.0,12.2,-0.09,-0.01,0.2,0
29.28,6.52,22.1,-0.13,-0.0,0.6,0
27.6,6.53,19.2,0.19,-0.03,-0.9,0
27.39,6.83,27.3,-0.02,-0.03,-1.8,0
32.38,7.54,3.7,-0.07,0.02,0.6,0
28.39,6.76,22.7,0.14,-0.02,-0.6,0
25.5,7.05,7.8,0.22,-0.03,0.2,0
28.91,7.0,23.1,-0.01,0.02,0.3,0
27.34,6.83,26.5,-0.28,0.04,1.5,0
25.79,7.05,10.6,-0.16,-0.01,-0.1,0
32.53,7.32,8.2,1.71,0.03,0.3,0
30.3,6.92,23.3,-0.23,-0.04,-1.5,0
32.49,7.23,8.5,-0.1,0.01,-0.9,0
32.09,7.36,7.7,0.15,-0.0,-0.1,0
25.66,6.84,14.3,-0.13,0.02,-0.2,0
27.74,6.86,18.3,0.03,-0.0,0.6,0
27.08,6.71,31.1,-0.03,0.02,2.4,0
26.07,6.9,12.2,-0.22,-0.03,0.4,0
25.82,6.39,17.7,-0.15,0.0,0.5,0
29.05,6.87,18.1,0.25,-0.7,1.2,0
27.0,7.23,12.6,-4.7,0.0,2.4,0
30.59,7.04,13.8,0.0,-0.04,0.2,0
26.93,7.17,23.2,0.03,0.04,-2.2,0
29.93,6.73,23.5,-0.07,-0.01,2.4,0
27.25,7.26,35.0,-0.12,0.02,17.2,0
30.37,7.32,11.5,-1.88,-0.08,3.9,0
30.4,6.97,13.9,0.03,-0.03,0.7,0
26.33,6.73,12.3,0.0,-0.01,-0.6,0
25.68,6.51,19.2,-0.19,-0.06,1.2,0
27.09,6.6,16.3,-0.32,-0.03,0.0,0
32.65,7.06,12.6,0.12,-0.02,0.7,0
32.34,7.32,7.9,-0.17,-0.01,-0.2,0
29.98,6.8,24.7,-0.17,-0.02,0.9,0
26.31,6.83,14.5,-0.02,-0.01,-0.2,0
31.94,7.49,6.9,-0.13,-0.01,2.6,0
27.45,6.9,23.8,0.51,0.09,5.6,0
27.17,7.22,26.4,-0.35,-0.01,1.6,0
32.67,7.41,4.6,0.05,0.0,-0.0,0
29.48,7.06,24.0,-0.04,0.0,0.8,0
29.93,7.39,7.2,3.78,-0.01,-0.1,0
27.47,6.51,26.7,0.01,-0.03,-1.3,0
23.49,7.13,5.5,0.79,0.01,0.1,0
27.86,6.77,22.4,0.11,-0.01,1.3,0
27.99,6.63,19.5,0.22,-0.02,-0.5,0
26.27,5.83,22.2,0.07,-0.0,-0.3,0
28.18,6.49,20.3,-0.11,0.0,0.4,0
26.0,6.85,15.1,-0.18,0.03,0.9,0
27.64,6.73,21.5,0.14,0.02,-1.2,0
26.49,6.72,20.3,-0.08,0.02,-1.4,0
27.41,6.66,14.6,0.19,0.04,0.1,0
27.45,6.47,24.4,0.35,-0.03,-1.1,0
31.12,7.35,8.2,0.18,-0.03,0.9,0
31.39,7.16,8.2,0.19,-0.06,-0.5,0
32.25,7.31,7.4,-0.1,-0.01,-0.5,0
26.01,6.82,15.7,-0.28,-0.03,-1.3,0
26.67,5.9,32.5,0.11,-0.05,2.3,0
27.3,7.15,25.9,-0.01,-0.01,-0.4,0
27.54,6.9,28.9,0.03,-0.06,1.1,0
31.0,7.11,11.7,-0.28,-0.04,-0.8,0
28.55,7.16,24.0,-0.21,0.02,0.6,0
31.79,7.23,13.6,0.04,0.03,-0.3,0
31.44,7.01,11.6,0.4,0.06,0.8,0
28.19,6.47,16.9,0.1,-0.05,0.2,0
26.93,6.47,20.9,0.03,-0.01,0.4,0
30.49,6.69,19.1,-1.84,-0.07,1.3,0
29.5,6.66,17.0,1.79,-0.0,0.4,0
28.09,6.63,23.4,0.27,0.0,5.6,0
28.22,7.19,9.0,0.56,0.02,-1.0,0
27.44,7.32,27.5,0.14,-0.01,1.3,0
27.36,7.09,26.5,-0.09,0.02,1.9,0
25.95,6.92,20.3,-0.15,0.03,-1.6,0
30.32,6.76,23.5,0.26,0.05,0.9,0
27.48,6.55,15.9,-0.05,-0.03,-0.5,0
32.22,7.45,7.6,0.17,-0.0,-0.2,0
28.01,6.59,23.3,0.29,-0.02,5.6,0
30.22,6.37,20.5,0.13,-0.02,-0.1,0
27.65,6.9,19.0,-0.15,-0.01,0.9,0
28.41,6.85,23.9,-0.13,0.0,1.9,0
26.84,7.07,26.7,0.11,0.0,1.3,0
24.95,6.75,12.5,-0.95,-0.06,0.3,0
27.36,6.78,26.6,-0.29,0.01,1.3,0
27.69,6.82,24.6,-0.14,0.03,2.1,0
26.58,7.05,23.7,-0.04,0.02,0.2,0
32.65,7.22,8.7,0.43,-0.02,-0.4,0
25.94,6.81,13.4,0.03,-0.01,0.5,0
27.08,6.93,28.4,0.1,0.02,-1.0,0
27.51,6.6,16.1,-0.06,-0.04,0.2,0
27.42,6.78,22.3,0.24,0.03,-0.4,0
25.88,7.04,8.7,0.24,0.03,0.1,0
27.59,6.91,27.3,-0.02,0.01,-1.3,0
28.22,6.53,21.5,-0.01,0.01,-0.8,0
32.08,7.07,15.0,0.0,-0.05,-0.1,0
31.65,7.03,9.7,0.26,-0.1,-0.4,0
31.89,7.26,10.5,0.13,0.01,-1.5,0
26.72,6.66,16.3,0.01,0.06,-0.0,0
32.2,7.11,11.5,0.07,0.03,-0.3,0
29.79,6.9,9.3,2.86,0.01,0.0,0
26.69,6.6,15.5,-0.01,-0.06,-0.2,0
30.34,6.87,9.4,2.88,0.03,-0.3,0
32.7,7.19,12.4,-0.01,0.01,0.2,0
31.99,7.03,13.5,-0.08,-0.0,0.1,0
25.35,6.52,19.5,-0.19,-0.06,0.7,0
26.45,6.46,21.3,-0.23,0.07,-1.2,0
29.79,6.84,28.8,-0.22,-0.05,2.5,0
26.84,7.07,22.1,-0.34,-0.03,1.5,0
26.21,6.35,20.6,-0.14,0.09,0.0,0
27.04,6.97,23.0,-0.18,0.02,1.4,0
26.2,6.75,18.9,-0.07,-0.01,0.4,0
25.84,6.74,12.8,-0.42,-0.01,0.0,0
26.94,7.13,25.3,-0.0,0.0,18.5,0
26.21,5.92,22.0,0.1,0.08,-0.4,0
29.87,7.1,16.5,0.04,-0.0,0.2,0
27.82,6.7,22.3,0.56,0.01,4.5,0
26.58,7.03,24.3,-0.23,-0.02,0.9,0
26.64,6.63,15.7,-0.06,-0.01,-0.2,0
31.4,6.49,21.8,-0.04,0.0,0.3,0
31.86,6.96,15.2,-0.12,-0.04,0.6,0
30.56,6.69,48.7,0.11,0.03,29.9,0
26.88,6.94,29.4,-0.02,-0.0,1.0,0
26.33,6.85,15.1,-0.07,0.05,0.6,0
26.33,6.78,12.4,-0.0,-0.01,-0.6,0
30.08,7.4,7.1,3.62,-0.01,-0.3,0
30.09,7.14,12.8,0.03,0.01,-0.3,0
26.21,7.13,4.3,1.98,-0.01,0.1,0
29.48,7.2,10.4,-0.23,0.01,0.7,0
31.52,6.51,22.0,-0.07,0.01,0.1,0
26.78,6.62,16.0,0.1,-0.04,-0.7,0
29.82,7.11,22.6,-0.09,-0.0,-1.9,0
20.5,7.13,5.4,-5.89,0.0,0.4,0
28.15,6.86,16.9,-0.07,0.02,-0.3,0
20.45,7.17,4.4,-5.22,-0.0,-0.1,0
28.9,6.89,25.8,0.11,0.01,-2.3,0
32.62,7.09,12.0,0.0,0.0,0.0,0
25.83,6.63,18.3,0.11,0.04,-1.0,0
25.95,7.01,9.4,-0.14,-0.02,-0.1,0
26.81,6.7,31.2,0.05,-0.01,-0.1,0
27.78,6.85,25.4,-0.2,0.0,-0.7,0
29.98,7.33,9.3,-0.27,-0.01,-0.1,0
26.07,6.83,14.6,-0.0,-0.02,-0.4,0
31.79,6.48,21.8,0.05,0.02,0.1,0
28.78,6.72,25.0,-0.0,0.05,-0.5,0
28.77,6.64,32.0,0.0,0.0,2.6,0
29.59,7.27,10.9,0.01,-0.02,-0.6,0
28.64,7.19,27.0,-0.07,-0.04,1.7,0
27.81,6.81,17.0,0.04,-0.01,-0.3,0
26.15,6.77,21.9,0.01,-0.01,0.5,0
28.27,6.63,13.8,0.18,-0.57,-0.3,0
27.54,6.55,16.1,0.1,-0.04,0.2,0
31.57,7.1,13.8,0.14,0.01,0.5,0
32.31,7.37,8.0,0.04,0.06,-0.5,0
28.16,6.81,18.0,0.0,-0.03,0.7,0
26.44,6.81,12.7,0.01,-0.01,-0.8,0
26.29,6.5,20.6,0.27,0.02,0.2,0
25.97,6.48,19.7,0.2,-0.02,0.9,0
26.43,6.72,12.3,0.03,-0.02,-0.5,0
27.31,6.87,27.3,-0.03,-0.03,-1.8,0
28.72,7.22,11.0,-0.32,-0.02,-0.7,0
26.78,6.77,27.6,-0.13,-0.0,0.4,0
28.29,6.79,18.6,-0.13,-0.01,-0.5,0
26.89,6.51,20.6,-0.08,0.0,-1.4,0
25.23,6.46,19.2,0.03,-0.03,-0.5,0
27.13,6.1,15.2,0.05,-0.56,0.3,0
28.65,6.81,17.3,0.1,0.03,2.2,0
26.6,6.47,20.7,0.02,0.01,0.3,0
24.84,7.16,7.2,-0.43,0.17,-7.2,0
27.42,7.21,22.6,0.13,0.0,-0.8,0
25.93,7.27,5.1,-0.19,-0.02,0.2,0
27.71,6.85,29.1,-0.02,0.01,-2.3,0
31.86,7.28,10.6,0.09,0.01,-1.5,0
28.87,6.97,32.0,0.0,-0.02,19.7,0
32.67,7.55,2.2,0.11,0.01,-1.1,0
28.77,6.61,30.9,0.0,-0.0,0.5,0
25.48,7.29,7.9,0.17,0.11,1.7,0
32.12,7.02,15.2,0.13,-0.01,0.5,0
26.89,6.63,28.0,-0.03,0.01,1.8,0
26.34,6.67,23.7,-0.16,-0.02,-0.3,0
27.24,7.35,35.1,-0.15,0.02,17.2,0
26.98,6.77,19.1,-0.19,-0.03,0.8,0
26.44,6.03,21.7,0.19,0.06,-0.2,0
31.63,6.47,21.9,-0.18,-0.0,0.2,0
27.61,6.89,8.6,-0.03,-0.24,0.7,0
32.53,7.35,4.4,-0.03,0.02,0.0,0
26.99,7.04,27.1,-0.05,-0.01,-2.0,0
27.75,6.84,24.4,-0.17,0.04,2.0,0
32.01,7.47,6.8,0.11,0.04,-0.3,0
26.61,6.57,30.0,-0.01,-0.03,-0.9,0
27.73,6.66,17.5,0.1,-0.01,1.1,0
27.63,7.01,22.2,0.05,-0.05,1.2,0
30.24,6.62,25.1,-0.03,-0.01,4.1,0
32.65,7.13,12.7,0.01,-0.01,0.7,0
25.07,6.71,16.1,0.07,0.01,-0.3,0
27.22,6.7,21.9,-0.13,0.0,-0.6,0
29.04,6.92,15.1,-0.17,0.04,-1.4,0
26.97,6.97,22.4,-0.07,0.01,2.5,0
33.51,7.13,9.8,3.23,0.01,-0.3,0
27.91,6.63,21.3,-0.05,-0.01,-1.1,0
30.56,7.3,10.5,-0.03,-0.0,-0.2,0
26.78,7.29,4.6,-0.21,-1.18,-0.4,0
26.75,6.66,15.6,0.03,-0.01,-0.3,0
28.0,6.96,27.5,0.01,-0.0,-3.8,0
30.18,6.83,16.9,0.08,0.01,0.1,0
30.3,7.34,9.9,-0.08,-0.0,-0.2,0
27.88,6.99,23.6,0.11,-0.02,-2.0,0
25.92,6.8,13.3,-0.1,-0.06,0.5,0
26.51,7.04,21.8,0.05,-0.0,2.5,0
30.64,6.68,18.7,-1.14,-0.07,1.2,0
28.14,7.19,24.7,-0.1,0.06,0.6,0
26.24,6.51,20.5,0.32,0.02,0.2,0
31.7,7.45,6.6,-0.19,0.0,2.1,0
31.91,7.06,15.2,0.18,-0.02,1.7,0
27.3,6.82,23.0,0.03,0.02,-2.3,0
27.48,6.58,16.1,-0.06,-0.03,-0.5,0
30.34,6.72,21.9,0.07,-0.0,0.4,0
26.4,6.84,19.4,0.04,-0.0,-0.2,0
25.48,6.74,19.7,0.06,-0.03,0.8,0
27.45,6.74,22.4,0.29,0.02,-0.4,0
32.09,7.48,7.0,0.09,0.03,-0.3,0
25.86,6.41,18.7,-0.01,-0.03,-0.5,0
29.35,6.71,31.3,0.04,0.0,-1.5,0
28.37,6.51,49.2,0.06,-0.0,0.8,0
27.14,7.11,22.8,-0.09,0.02,1.4,0
30.06,7.15,12.7,2.54,-0.03,-0.8,0
26.05,6.68,15.1,-0.1,-0.01,-0.3,0
25.78,6.62,17.1,0.07,-0.01,-0.3,0
32.63,7.29,8.4,0.09,0.04,-0.0,0
28.36,7.74,16.1,-0.24,0.5,0.6,0
28.22,6.98,25.9,0.01,-0.04,-1.2,0
26.6,7.08,26.3,-0.2,0.01,-1.3,0
26.62,6.74,25.8,-0.15,-0.17,-1.8,0
32.1,7.09,12.2,-0.43,0.03,-0.4,0
28.46,6.82,24.0,-0.11,0.01,1.9,0
30.47,7.33,9.4,0.06,-0.03,-0.5,0
32.65,7.18,12.2,0.12,0.03,-0.2,0
30.05,6.97,30.4,0.06,0.01,15.1,0
27.94,6.59,7.5,0.15,-0.2,-0.3,0
32.65,7.54,2.3,0.14,0.0,-1.3,0
28.27,6.5,20.5,0.09,-0.01,-0.2,0
27.43,6.9,23.7,-0.14,-0.06,0.7,0
27.68,6.98,15.5,0.0,-0.34,-0.3,0
25.76,7.19,4.6,-0.32,0.0,-0.4,0
32.09,7.0,13.7,0.0,-0.02,0.0,0
28.33,6.92,26.0,0.0,-0.05,-1.2,0
27.35,6.84,26.5,-0.29,0.03,1.5,0
31.48,7.28,10.3,-0.22,0.01,-1.7,0
31.84,6.94,15.1,0.05,-0.04,-0.1,0
31.41,7.44,2.5,-0.15,0.04,-0.2,0
27.34,6.58,17.3,-0.13,-0.03,-0.2,0
26.75,7.25,7.3,-0.0,0.09,0.4,0
31.96,7.15,9.8,0.04,0.28,0.8,0
32.06,7.07,12.2,-0.34,0.01,-0.4,0
25.95,7.21,4.4,0.06,0.03,0.2,0
30.71,6.67,19.1,-0.75,-0.05,1.3,0
25.69,6.54,18.9,0.1,0.0,-0.4,0
28.75,6.51,45.6,0.11,-0.01,-5.4,0
31.82,6.94,15.2,-0.14,-0.04,0.7,0
27.34,6.88,25.4,-0.02,-0.0,-0.8,0
27.25,7.18,26.4,-0.31,-0.01,1.7,0
28.76,6.97,23.2,0.06,0.0,-2.0,0
28.61,6.6,16.8,0.26,0.04,-1.7,0
26.8,6.82,29.0,-0.1,-0.02,-0.4,0
27.8,6.79,24.3,0.53,0.09,5.9,0
26.73,6.58,15.4,0.02,-0.09,-0.2,0
28.88,6.89,18.8,0.1,-0.02,0.4,0
26.25,6.69,29.1,0.07,-0.01,0.7,0
28.87,6.88,18.8,0.1,-0.02,0.4,0
30.24,6.71,24.2,-0.07,-0.02,2.0,0
32.27,7.03,13.6,0.03,0.02,0.1,0
29.57,6.9,19.8,-0.33,-0.01,-11.2,0
25.49,7.17,7.1,0.09,-0.03,-1.4,0
28.33,6.59,21.0,0.61,0.05,-28.8,0
28.26,6.53,20.4,0.08,-0.0,-0.3,0
28.14,6.45,16.9,0.1,-0.05,0.2,0
26.69,6.9,22.3,0.07,0.0,2.7,0
27.71,6.9,15.2,-0.2,-0.13,-0.8,0
32.03,6.98,15.0,0.17,-0.01,0.7,0
31.72,6.46,21.8,-0.14,-0.0,0.1,0
27.22,6.52,23.0,-0.02,0.02,-2.5,0
26.36,6.82,26.8,-0.28,0.02,2.0,0
25.74,6.47,18.6,-0.12,-0.01,1.1,0
25.82,6.42,16.3,0.1,0.01,0.0,0
33.38,6.73,19.3,3.38,-0.01,0.1,0
27.52,6.64,22.5,0.33,0.01,-0.6,0
31.56,6.5,22.0,0.03,0.03,0.2,0
25.83,7.01,10.9,0.07,0.0,0.2,0
32.53,7.52,3.0,0.11,-0.01,0.4,0
27.38,6.68,19.5,0.14,-0.0,-2.0,0
28.95,6.7,26.4,-0.02,0.01,-2.1,0
25.87,7.18,4.6,-0.25,0.0,-0.3,0
32.32,7.19,11.1,-0.04,0.01,-0.4,0
26.7,6.07,21.2,-0.08,0.12,-1.7,0
31.99,7.21,12.0,-0.45,0.01,-0.1,0
32.27,7.38,8.0,1.26,0.02,0.2,0
26.96,7.2,22.1,-0.14,-0.03,1.9,0
31.73,6.48,21.8,0.05,0.02,0.2,0
28.26,6.85,21.8,-0.12,0.02,-5.0,0
26.43,6.79,23.1,-0.15,-0.02,0.9,0
27.69,6.97,28.5,0.08,-0.09,1.2,0
25.02,6.8,16.2,0.08,-0.01,-0.3,0
28.05,6.56,15.2,-0.12,0.02,-0.5,0
26.94,6.9,29.4,-0.11,0.01,1.8,0
27.88,7.06,7.2,0.01,0.23,-1.2,0
27.12,6.96,28.2,0.17,0.04,-1.2,0
32.55,7.05,14.4,0.01,0.03,0.1,0
29.89,7.36,7.1,3.72,-0.01,-0.1,0
27.95,7.16,29.1,-0.16,-0.02,2.6,0
30.78,6.62,25.5,-0.07,-0.01,3.8,0
26.21,6.43,22.9,-0.08,-0.02,-0.7,0
31.67,7.05,15.3,0.07,-0.04,2.1,0
26.75,6.3,21.4,0.1,0.07,-0.3,0
26.65,6.9,23.8,-0.24,0.0,1.0,0
26.57,7.14,6.3,-0.2,0.03,-0.6,0
27.03,7.06,28.9,-0.11,-0.01,1.9,0
28.77,6.41,19.4,0.11,0.01,0.1,0
30.64,6.61,24.9,-0.11,-0.01,-0.8,0
30.36,6.96,9.0,3.05,0.02,-0.3,0
32.55,7.25,8.9,0.03,0.02,1.0,0
32.55,7.26,8.4,0.22,0.02,-0.1,0
25.57,6.78,16.1,-0.04,-0.03,-0.2,0
26.92,6.82,26.9,0.11,0.0,-2.0,0
26.55,6.4,19.6,0.28,-0.01,0.5,0
32.24,7.43,8.1,0.12,-0.02,1.2,0
26.58,6.68,23.5,-0.25,0.01,1.6,0
31.91,7.19,11.7,0.16,0.01,-0.4,0
32.22,7.38,11.7,0.01,-0.01,0.5,0
32.2,7.5,3.0,0.13,0.01,-0.4,0
32.14,7.54,4.0,-0.15,0.01,1.3,0
27.68,6.54,17.6,0.02,0.03,-0.0,0
31.8,7.54,6.7,-0.16,-0.01,3.0,0
30.98,7.34,8.3,0.21,-0.03,0.9,0
26.87,6.7,24.8,-0.41,-0.03,-1.6,0
27.65,6.92,28.9,0.06,-0.08,1.0,0
31.69,7.17,11.7,0.02,-0.0,1.1,0
28.33,6.69,28.1,0.1,0.03,-3.1,0
28.98,6.88,15.7,-0.02,-0.02,-0.4,0
28.17,7.01,24.8,-0.12,0.03,0.8,0
28.49,6.79,24.0,-0.08,0.01,2.0,0
31.58,6.98,13.7,-0.07,-0.03,0.1,0
32.39,7.39,9.0,0.05,-0.0,1.5,0
27.29,6.87,22.4,0.08,0.01,-0.5,0
26.68,6.61,15.6,-0.02,-0.05,-0.2,0
28.67,6.46,20.5,-0.34,-0.01,-0.2,0
30.07,6.89,14.2,0.01,-0.04,0.6,0
30.57,7.04,11.6,-0.28,-0.04,-0.8,0
32.11,7.46,7.7,0.01,0.02,-0.4,0
29.63,6.66,23.1,-0.04,0.01,-0.0,0
27.47,6.92,3.3,-0.09,0.04,-0.1,0
28.57,6.56,19.0,0.1,-0.0,0.3,0
29.94,7.12,10.1,-0.27,0.03,0.4,0
25.94,6.83,14.7,0.01,-0.02,-0.4,0
25.88,7.12,4.1,0.28,0.04,-0.1,0
28.71,7.15,23.9,-0.17,0.02,0.8,0
30.98,7.19,11.1,0.15,-0.03,-0.5,0
32.49,7.2,12.6,0.04,-0.01,0.7,0
26.23,5.67,22.7,-0.07,-0.1,-0.4,0
31.03,7.24,8.7,-0.11,-0.01,-0.3,0
26.75,6.57,15.4,0.03,-0.1,-0.2,0
27.71,6.85,25.0,-0.18,-0.0,-0.9,0
29.92,6.65,17.0,1.83,-0.01,0.4,0
27.42,6.43,19.9,0.27,0.02,0.4,0
25.76,7.24,6.2,-0.28,-0.01,-0.4,0
27.36,6.7,19.6,0.14,-0.0,-1.9,0
28.16,7.1,9.4,-0.04,-0.03,-0.3,0
31.81,6.47,21.7,-0.02,0.01,0.1,0
32.64,7.11,11.7,0.1,0.01,0.0,0
32.32,7.22,9.1,-0.01,0.0,0.6,0
26.9,6.65,29.1,0.02,0.0,1.5,0
26.61,7.13,6.5,-0.23,0.01,-0.2,0
29.05,6.55,42.9,-0.08,-0.0,20.3,0
32.34,7.53,2.7,-0.13,-0.01,0.6,0
32.15,7.09,16.7,0.02,-0.03,1.8,0
27.39,6.01,4.0,0.0,0.02,0.0,0
33.97,6.64,23.0,-0.17,-0.02,1.5,0
27.4,6.0,4.0,0.1,0.12,0.4,0
32.55,7.34,8.1,0.04,0.03,-0.5,0
25.59,7.15,3.9,0.24,0.03,-0.2,0
28.3,6.97,16.8,-0.16,-0.14,-0.4,0
27.0,6.29,20.8,-0.08,0.01,-1.4,0
32.12,7.52,2.9,-0.11,0.0,0.5,0
30.52,6.68,21.8,-0.14,-0.04,0.8,0
26.84,7.16,22.3,0.09,0.06,2.2,0
27.2,6.2,4.1,-0.01,0.01,-0.1,0
27.34,7.23,24.4,-0.04,0.01,1.8,0
28.59,6.69,22.3,0.0,-0.03,-0.6,0
32.47,7.41,4.5,-0.04,0.0,0.0,0
31.76,7.3,11.2,-0.01,0.0,-1.6,0
32.26,7.4,7.0,0.27,0.02,-0.1,0
21.08,7.17,5.0,0.51,-0.01,0.6,0
26.0,6.43,17.6,-0.2,0.01,0.2,0
32.49,7.16,11.5,0.05,0.01,0.0,0
26.34,6.59,17.2,-0.18,-0.01,-0.3,0
25.97,6.76,12.4,-0.15,-0.02,-0.7,0
32.02,7.5,3.2,0.0,0.0,0.7,0
32.12,7.0,13.5,0.05,-0.02,0.0,0
28.3,6.29,20.9,0.13,-0.04,0.3,0
32.24,7.37,7.4,-0.05,-0.0,-0.4,0
28.12,7.01,24.9,0.04,-0.01,-1.1,0
26.95,6.94,22.7,0.11,-0.02,-1.8,0
28.08,6.65,21.2,0.09,0.03,-0.8,0
26.16,7.16,5.6,-0.13,0.0,-0.7,0
31.8,6.93,14.9,0.06,-0.05,-0.2,0
29.36,6.98,8.3,2.97,-0.02,0.1,0
26.83,6.77,31.1,-0.02,0.01,-0.1,0
27.59,6.63,16.0,-0.06,-1.72,0.4,0
29.06,6.91,14.4,0.03,0.01,-25.6,0
31.94,7.15,13.3,-0.07,0.02,-0.1,0
25.71,7.05,11.1,-0.33,0.03,-0.0,0
28.63,7.2,10.7,-0.12,-0.01,0.6,0
27.17,7.32,22.1,0.14,-0.0,-0.1,0
29.84,6.72,22.8,-0.27,0.03,0.5,0
29.38,7.41,13.3,0.26,-0.01,-0.6,0
26.24,5.69,22.6,-0.05,-0.09,-0.4,0
27.02,6.9,27.1,-0.04,-0.01,1.6,0
27.72,6.92,23.5,-0.03,-0.0,1.2,0
25.98,7.02,12.1,-0.04,0.01,1.1,0
27.8,6.84,31.1,0.24,0.01,-0.7,0
30.96,6.74,17.9,1.68,-0.02,0.1,0
27.27,7.1,10.5,0.84,0.01,0.0,0
27.36,6.84,26.6,-0.31,0.02,1.6,0
29.01,6.91,15.9,-0.06,-0.02,-0.4,0
26.13,6.77,13.4,-0.08,-0.04,0.5,0
31.73,7.15,14.1,0.08,0.02,0.5,0
25.89,7.1,17.5,0.11,-0.0,-2.0,0
30.09,6.85,18.6,0.23,0.06,0.1,0
30.59,7.11,11.7,-0.1,-0.11,-0.9,0
25.74,7.29,4.6,-0.21,0.0,-0.7,0
26.98,6.89,29.5,-0.06,-0.0,0.6,0
27.51,6.7,14.6,0.13,-0.0,0.2,0
29.92,7.18,9.8,-0.29,0.02,0.3,0
25.43,7.18,6.8,-0.14,-0.05,-0.6,0
26.73,6.66,15.6,0.02,-0.01,-0.3,0
27.77,7.19,25.1,-0.21,0.05,-0.6,0
25.77,7.15,7.1,0.2,-0.02,-0.5,0
27.7,6.52,17.6,0.19,0.0,-0.0,0
32.47,7.16,11.5,0.03,0.0,0.1,0
30.93,6.46,19.9,0.13,-0.01,-0.9,0
27.79,6.88,24.3,-0.2,0.04,2.0,0
27.35,6.69,23.1,-0.0,0.01,-2.4,0
25.49,6.45,16.3,-0.05,0.02,-1.3,0
25.93,6.75,22.8,-0.14,-0.01,-1.3,0
31.48,7.32,7.0,0.05,-0.02,-1.9,0
25.81,6.47,17.3,0.21,0.02,0.2,0
28.88,6.54,20.3,-0.01,0.0,-22.1,0
32.05,7.04,13.2,0.16,0.04,0.5,0
32.09,7.04,13.3,-0.15,0.0,-0.0,0
27.38,6.75,26.7,-0.31,-0.02,1.2,0
30.83,6.84,17.3,0.15,-0.03,0.3,0
31.95,6.98,11.7,-0.0,-0.01,0.6,0
28.22,6.98,29.4,-0.15,0.02,-2.3,0
26.39,7.15,4.5,2.75,-0.04,0.3,0
25.14,6.63,16.0,0.03,0.03,-0.2,0
32.47,7.31,8.2,1.74,0.02,0.1,0
25.4,6.75,12.6,-0.39,-0.02,0.2,0
28.34,7.04,7.8,2.67,-0.01,-0.3,0
26.84,6.83,22.3,-0.19,0.07,2.5,0
29.67,6.8,21.4,-0.9,-0.02,2.6,0
29.75,6.7,23.0,-0.16,0.02,0.2,0
32.19,7.45,9.2,0.0,-0.0,1.3,0
31.87,7.07,12.2,-0.17,-0.02,-0.5,0
26.56,6.61,16.0,0.1,-0.0,0.9,0
27.32,6.75,23.8,0.03,0.07,4.2,0
26.08,7.15,7.1,0.05,-0.01,0.1,0
30.33,7.34,9.7,-0.02,-0.01,-0.5,0
28.78,8.0,16.7,-0.11,1.06,1.4,0
25.95,7.3,13.0,-4.77,0.02,2.7,0
26.42,6.65,19.8,-0.06,0.0,-0.2,0
25.53,6.68,16.6,-0.02,-0.03,1.9,0
32.2,7.21,9.4,0.03,0.02,-0.0,0
28.17,6.77,18.0,0.02,-0.02,0.8,0
25.84,6.64,18.2,0.11,0.04,-1.1,0
29.23,6.65,22.3,0.09,0.01,-0.7,0
27.87,6.79,24.2,0.48,0.09,5.8,0
27.82,6.71,17.1,-0.06,-0.02,-1.4,0
25.97,6.73,22.1,-0.12,0.02,1.1,0
26.77,6.57,15.4,0.02,-0.1,-0.2,0
29.28,6.91,18.0,0.3,-0.66,1.4,0
26.67,6.72,13.5,-0.05,0.04,-0.3,0
26.9,7.09,6.2,-0.02,0.04,-0.9,0
27.1,6.6,16.3,-0.31,-0.03,0.0,0
32.32,7.15,11.7,-0.03,0.01,-0.6,0
28.22,6.34,20.6,0.13,-0.01,0.4,0
28.43,6.7,26.0,0.11,0.01,-2.1,0
27.8,6.75,30.3,0.1,-0.0,-0.1,0
30.53,6.67,21.8,-0.14,-0.04,0.7,0
27.66,6.77,30.2,0.11,-0.0,-0.3,0
28.75,6.57,21.7,0.02,-0.04,-0.3,0
26.41,6.7,19.7,-0.04,0.0,-0.2,0
30.21,6.94,15.2,0.06,0.04,1.1,0
26.14,7.17,5.0,-0.01,-0.0,-0.6,0
29.04,7.21,7.4,3.17,-0.01,-0.3,0
30.98,7.19,11.1,0.13,-0.03,-0.5,0
27.73,7.15,3.0,0.36,0.11,-21.6,0
28.23,6.62,17.9,0.11,0.03,0.8,0
29.29,7.46,13.5,0.29,-0.01,-0.7,0
26.21,6.75,26.7,-0.02,0.02,1.7,0
24.91,7.19,15.7,0.02,-0.1,-1.5,0
32.01,7.43,6.8,-0.15,-0.03,-1.1,0
25.39,7.02,14.5,-0.03,0.01,-0.6,0
27.56,7.09,26.4,-0.17,0.18,1.4,0
30.95,6.99,12.6,0.12,-0.04,-0.4,0
25.9,6.4,17.7,-0.1,0.01,0.5,0
27.07,6.68,15.9,-0.11,0.02,-0.6,0
27.26,6.5,20.4,0.08,-0.02,0.2,0
25.85,7.18,8.8,-0.06,0.0,0.1,0
28.03,6.89,23.6,-0.05,0.0,1.6,0
28.67,6.63,24.2,0.05,0.02,2.0,0
28.06,6.63,21.6,-0.04,-0.02,-0.8,0
27.39,6.58,16.2,-0.13,-0.04,0.1,0
31.87,7.13,15.1,-0.08,-0.08,-0.3,0
27.55,6.7,17.6,0.07,-0.02,1.0,0
27.53,7.12,25.2,-0.16,0.03,-0.7,0
28.73,6.54,17.3,0.2,0.05,-1.8,0
26.52,6.62,15.6,0.13,0.0,-0.1,0
26.17,6.66,15.1,-0.1,-0.02,-0.3,0
25.71,6.88,12.3,-0.01,-0.02,0.5,0
26.85,5.85,22.3,0.03,0.07,-0.1,0
29.95,6.84,24.5,-0.1,-0.0,0.8,0
27.68,6.59,17.1,-0.01,-0.01,0.6,0
32.48,7.0,14.2,0.1,-0.05,-1.8,0
27.74,6.56,17.4,0.07,-0.13,-1.2,0
30.01,6.77,20.3,0.26,0.12,1.9,0
29.52,6.73,33.1,-0.02,0.02,16.1,0
29.33,6.66,25.7,-0.03,-0.04,2.0,0
25.64,7.04,11.0,-0.22,0.02,-0.4,0
32.73,7.44,4.3,-0.0,0.03,1.0,0
26.9,5.85,30.7,-0.08,-1.0,-0.4,0
29.77,6.77,17.4,-0.25,0.01,-10.3,0
31.51,7.03,7.7,0.28,0.02,-0.5,0
29.64,7.15,16.3,-0.03,-0.03,0.4,0
31.8,6.48,21.7,0.09,0.0,-0.1,0
25.6,7.07,10.9,0.0,-0.01,-0.2,0
26.3,6.74,12.7,0.09,0.01,-0.2,0
21.5,7.18,5.0,0.53,0.01,0.4,0
26.45,6.49,20.2,-0.08,-0.01,-0.2,0
26.03,7.0,9.9,-0.26,-0.03,-0.2,0
34.18,6.66,23.0,-0.17,-0.03,1.5,0
26.83,6.54,23.4,-0.11,0.04,1.1,0
28.1,6.7,36.0,-0.21,-0.05,19.2,0
27.69,6.62,23.4,0.2,0.0,5.0,0
27.52,6.8,31.1,0.23,0.14,-1.2,0
28.07,6.53,46.1,-0.1,-0.02,26.1,0
31.66,7.39,12.1,-0.11,-0.01,4.1,0
27.26,6.66,13.8,-0.2,-0.03,1.1,0
27.72,7.03,25.3,0.02,0.02,2.8,0
32.84,7.44,3.0,0.27,-0.01,-1.3,0
25.3,7.24,4.1,-0.15,0.03,-0.6,0
21.48,7.08,5.7,-0.43,-0.02,-0.2,0
28.26,6.53,20.4,0.08,-0.0,-0.3,0
28.23,6.45,20.5,0.11,-0.0,-0.0,0
32.42,7.28,8.0,-0.16,-0.0,-0.2,0
26.21,5.72,22.6,-0.05,-0.06,-0.4,0
27.96,6.59,17.0,-0.05,-0.01,0.5,0
30.37,6.39,20.4,0.1,0.01,-0.1,0
31.13,6.98,12.8,-0.1,0.02,-0.5,0
27.33,6.83,26.5,-0.27,0.05,1.5,0
26.67,7.36,4.7,-0.26,-1.33,-0.3,0
30.75,7.04,12.6,0.06,0.02,-0.5,0
26.98,6.82,15.9,0.17,-0.02,3.1,0
27.89,6.77,19.3,-2.64,0.03,-0.6,0
30.82,6.68,18.6,-0.26,-0.02,0.1,0
27.03,6.62,16.0,-0.02,0.03,-0.7,0
25.92,6.42,17.4,0.2,-0.01,1.0,0
29.29,6.62,23.1,0.09,-0.01,-0.4,0
26.69,6.75,13.0,0.08,-0.02,-0.8,0
28.96,6.61,23.6,0.01,-0.1,1.3,0
27.97,6.73,8.3,0.28,-0.45,-0.4,0
27.48,6.57,16.4,-0.43,0.03,-0.4,0
28.21,6.48,20.4,-0.13,-0.0,0.4,0
26.58,6.85,22.2,0.17,0.0,2.8,0
32.54,7.05,14.2,-0.02,0.03,0.2,0
27.65,7.14,23.0,-0.5,-0.01,-0.6,0
27.44,7.17,20.7,-0.06,-0.01,0.0,0
26.04,6.65,18.9,0.17,0.02,0.2,0
26.58,6.47,20.2,0.11,-0.02,-0.3,0
27.17,6.48,20.5,0.07,0.0,-0.5,0
31.22,6.89,14.2,-0.11,-0.05,-1.3,0
29.85,7.11,10.1,-0.28,0.03,0.5,0
27.25,7.26,26.4,-0.29,-0.01,1.8,0
26.76,6.99,29.0,-0.09,0.04,2.8,0
29.02,7.59,17.0,0.05,0.74,1.6,0
25.82,7.02,9.1,0.03,-0.0,-0.3,0
27.75,6.62,17.7,-0.06,0.04,-0.1,0
31.84,7.27,10.4,0.23,0.01,-1.1,0
26.42,7.07,23.2,-0.1,-0.02,-2.3,0
29.93,7.48,15.4,-0.09,0.02,2.4,0
28.34,7.11,24.3,-0.23,0.03,0.5,0
27.17,7.16,26.4,-0.29,0.0,1.6,0
30.7,6.67,19.1,-0.76,-0.05,1.3,0
28.19,6.34,20.5,0.18,-0.01,0.4,0
30.71,6.59,22.2,0.03,-0.08,0.1,0
29.76,6.93,22.5,0.08,0.02,-1.5,0
27.28,6.94,26.2,-0.08,0.01,-0.8,0
27.08,6.34,23.2,-0.15,-0.0,1.1,0
25.79,6.53,18.8,0.42,0.05,-0.1,0
32.17,7.23,11.6,-0.08,-0.07,0.5,0
30.09,6.87,18.6,0.22,0.06,0.1,0
26.99,6.72,15.7,0.13,-0.03,-0.4,0
28.32,6.62,15.4,0.08,0.03,0.0,0
25.44,6.99,12.3,-0.07,-0.01,0.3,0
28.07,6.74,14.9,-0.02,-0.11,0.0,0
28.73,7.02,35.0,-0.24,-0.0,18.0,0
27.32,6.51,23.1,-0.12,-0.03,1.4,0
26.65,6.19,20.7,-0.08,0.06,-1.4,0
26.14,6.54,17.4,-0.27,0.01,-0.4,0
27.3,6.64,16.2,-0.08,0.0,-0.6,0
32.32,7.36,8.0,0.0,0.05,-0.4,0
30.1,7.12,11.3,-0.05,-0.03,-0.6,0
26.93,6.27,21.2,-0.16,-0.01,0.5,0
26.75,5.92,22.9,-0.09,0.06,-3.1,0
28.46,6.63,41.0,-0.08,-0.02,19.7,0
27.29,6.8,22.9,-0.06,0.0,0.0,0
27.22,6.73,30.1,0.09,-0.01,-0.5,0
26.04,6.8,12.8,0.04,-0.0,-0.3,0
31.94,7.15,13.3,-0.07,0.02,-0.1,0
28.99,6.82,15.5,-0.19,-0.04,-1.2,0
26.63,6.74,16.5,-0.2,-0.04,0.1,0
25.5,7.07,7.6,0.12,-0.01,0.2,0
26.65,6.69,19.2,-0.09,0.05,0.0,0
30.76,6.62,24.5,-0.03,0.01,-1.0,0
30.68,7.31,9.3,0.17,-0.04,-0.3,0
32.08,7.03,13.2,0.17,0.03,0.4,0
30.39,6.39,20.4,0.05,0.0,-0.1,0
26.33,6.76,18.5,-0.11,-0.02,1.4,0
27.22,6.85,27.4,0.01,0.01,-1.7,0
30.42,6.72,22.8,0.04,0.04,0.6,0
31.98,7.02,13.7,-0.12,-0.01,0.1,0
25.73,6.88,12.2,-0.03,-0.01,0.6,0
26.72,6.78,15.0,0.21,0.01,0.3,0
32.88,7.23,9.3,0.33,-0.04,0.7,0
27.79,6.77,17.9,-0.07,0.04,-0.1,0
32.65,7.25,8.4,-0.21,0.02,-0.9,0
28.76,6.72,25.0,0.01,0.05,-0.6,0
28.12,7.08,21.7,-0.5,0.02,-1.1,0
32.45,7.16,11.7,0.38,0.04,-0.2,0
28.96,7.25,11.0,-0.26,-0.01,-1.0,0
28.77,6.62,30.8,0.0,-0.01,1.2,0
26.05,6.78,15.0,-0.07,-0.0,0.5,0
26.9,6.82,23.3,-0.19,0.01,0.1,0
28.15,6.6,23.9,-0.48,-0.08,-0.4,0
32.32,7.36,8.0,0.03,0.06,-0.5,0
26.64,6.58,19.5,0.19,-0.01,0.1,0
26.89,6.31,21.5,0.15,0.03,-0.1,0
32.68,7.56,1.9,0.03,0.02,-0.6,0
29.39,6.36,19.8,0.16,-0.01,0.1,0
31.78,7.12,15.6,0.1,-0.04,2.2,0
25.24,7.26,3.9,0.05,0.0,0.1,0
28.93,7.16,22.9,0.15,0.04,-1.8,0
31.7,7.03,11.8,0.35,0.03,0.7,0
26.87,6.8,14.3,1.46,0.01,2.0,0
27.42,7.0,24.6,-0.07,0.17,4.6,0
33.47,6.8,19.1,3.7,0.01,-0.5,0
28.98,6.62,22.1,-0.08,-0.03,-0.7,0
31.81,7.06,13.9,-0.08,-0.01,-0.5,0
27.7,6.82,30.8,0.2,0.0,-0.6,0
25.59,7.03,7.9,0.17,-0.02,0.4,0
26.62,6.57,16.5,0.16,-0.02,-0.1,0
27.47,6.58,13.6,-0.03,0.0,-0.1,0
27.49,6.56,26.8,0.01,-0.02,-1.2,0
27.49,6.87,23.8,0.58,0.08,5.7,0
27.84,6.65,21.4,0.14,0.02,-1.0,0
28.35,6.51,20.4,-0.01,-0.0,-0.3,0
27.71,7.52,18.1,-0.23,-0.17,0.3,0
27.28,6.48,25.8,0.08,0.01,2.6,0
27.29,6.49,21.1,0.1,-0.01,0.7,0
26.5,7.14,7.1,0.04,-0.01,0.3,0
29.46,6.65,23.7,-0.07,-0.02,-2.1,0
25.96,7.18,4.4,0.14,0.05,-0.0,0
32.61,7.02,13.5,0.02,-0.01,-0.7,0
27.26,6.85,20.4,-0.2,-0.01,0.0,0
32.25,7.33,7.4,-0.08,-0.01,-0.5,0
29.41,6.98,8.3,2.99,-0.02,0.1,0
26.27,6.72,27.0,-0.04,-0.04,-0.1,0
27.75,6.49,17.5,0.09,-0.2,-1.5,0
26.74,6.63,16.7,0.17,0.0,2.4,0
27.4,6.0,4.0,0.1,0.12,0.4,0
32.72,7.31,8.2,0.03,0.02,-0.3,0
26.26,6.69,29.1,0.09,-0.01,0.7,0
27.98,7.13,26.3,-0.01,-0.04,1.4,0
30.67,6.68,19.0,-0.94,-0.06,1.4,0
27.51,6.42,22.3,0.22,0.01,1.2,0
32.01,7.13,11.7,-0.14,-0.09,0.7,0
31.93,7.2,13.4,-0.05,0.02,-0.2,0
32.62,7.36,4.2,-0.11,0.03,0.1,0
32.48,7.03,13.0,0.07,0.01,-0.5,0
32.39,7.41,4.6,-0.07,0.02,0.2,0
29.1,6.98,15.9,-0.06,-0.02,-0.3,0
26.81,6.97,22.8,0.06,-0.02,-1.9,0
27.81,7.01,29.9,0.13,-0.01,20.8,0
27.28,6.5,3.3,-0.16,0.27,-0.5,0
30.89,7.28,8.8,-0.12,-0.0,0.0,0
27.77,7.02,29.8,0.15,-0.01,21.1,0
25.7,6.86,12.4,-0.02,-0.02,0.4,0
29.92,7.49,20.2,-0.02,0.5,-2.1,0
27.68,6.59,17.1,-0.04,-0.0,0.3,0
28.72,6.64,21.5,-0.05,-0.01,6.6,0
26.78,6.65,15.7,0.04,0.01,-0.2,0
29.95,6.92,18.1,-0.13,0.03,-0.2,0
31.71,7.37,7.0,0.84,0.02,-0.1,0
25.45,7.23,4.0,0.05,0.02,-0.1,0
28.14,6.57,21.4,0.03,0.02,-0.8,0
27.7,6.54,15.7,-0.09,-0.01,-0.5,0
26.42,6.62,19.0,-0.11,-0.05,0.1,0
27.48,6.57,16.4,-0.19,0.03,-0.4,0
29.51,7.46,4.3,-3.99,-0.01,0.2,0
27.51,6.77,21.8,0.42,-0.01,4.7,0
27.29,6.69,16.9,0.09,0.01,2.4,0
25.27,6.51,19.6,-0.13,-0.05,0.5,0
32.28,7.31,7.4,-0.09,-0.01,-0.5,0
32.13,7.37,7.4,-0.02,-0.01,1.3,0
26.81,6.67,15.6,0.08,-0.01,-0.4,0
27.71,6.81,34.4,0.18,0.03,-0.6,0
30.1,6.7,21.5,-0.13,0.07,1.1,0
28.37,7.09,24.9,0.17,-0.02,-1.2,0
26.06,6.75,15.0,0.0,-0.02,0.3,0
26.25,6.37,20.6,-0.13,0.09,-0.0,0
27.31,7.19,23.1,0.18,0.02,-1.9,0
32.21,7.09,12.2,-0.4,0.03,-0.4,0
26.43,6.52,31.0,-0.22,-0.0,0.3,0
30.79,6.64,24.2,0.02,0.02,-1.1,0
26.7,7.15,29.2,-0.15,0.05,1.8,0
27.19,6.97,28.7,-0.06,-0.01,1.7,0
30.01,7.32,7.3,3.7,-0.01,-0.0,0
25.99,6.84,14.4,-0.09,0.01,-0.2,0
29.22,6.96,9.0,2.98,-0.03,0.7,0
25.87,6.8,13.3,-0.01,-0.04,0.2,0
21.74,7.14,5.2,0.61,-0.01,0.6,0
31.93,6.99,12.9,-0.04,0.03,0.5,0
28.18,6.42,20.4,0.0,-0.0,0.4,0
31.93,7.01,12.8,-0.05,0.04,0.5,0
28.75,6.61,16.8,-0.22,-0.03,-0.9,0
30.54,7.33,9.2,0.2,-0.01,0.7,0
27.24,7.28,35.0,-0.13,0.02,17.1,0
30.7,7.18,11.0,-0.17,-0.01,-0.1,0
28.88,6.7,15.7,0.07,0.01,-24.0,0
28.71,6.76,21.8,-0.32,-0.01,2.4,0
32.66,7.24,12.3,0.18,0.04,-0.3,0
28.22,6.77,18.8,-0.08,-0.01,-0.5,0
27.37,6.75,26.9,-0.26,-0.03,1.0,0
27.54,6.23,16.5,0.07,-0.06,0.4,0
26.77,7.1,19.6,-0.15,-0.0,0.9,0
29.03,7.04,14.9,-0.11,0.04,-1.3,0
31.8,7.03,12.4,-0.13,-0.03,-0.3,0
32.03,7.03,14.3,-0.05,-0.03,-0.5,0
28.33,6.64,17.4,-0.09,0.01,0.4,0
26.89,6.67,15.1,0.0,0.05,0.6,0
29.89,7.32,15.8,-0.14,-0.01,2.2,0
31.91,7.39,6.0,-0.07,-0.01,-2.3,0
30.41,6.63,18.7,0.3,0.01,-0.1,0
25.74,7.33,4.7,-0.12,-0.01,-0.9,0
32.63,7.26,8.2,-0.22,0.02,-1.2,0
31.39,7.39,7.0,0.88,0.02,-0.2,0
27.94,6.69,31.1,0.16,0.07,-1.8,0
27.48,6.93,22.6,-0.09,0.09,2.6,0
28.38,7.03,21.8,-0.05,-0.02,-1.2,0
28.71,7.89,16.5,-0.17,1.0,1.3,0
32.09,7.08,12.2,-0.39,0.02,-0.4,0
26.48,8.06,5.1,-0.02,-0.05,-0.0,0
26.26,6.67,29.1,0.07,-0.01,0.8,0
26.76,6.66,25.8,-0.12,-0.19,-1.8,0
27.34,6.47,20.1,0.16,-0.02,0.2,0
28.39,6.87,23.1,0.23,0.01,-0.7,0
28.53,6.75,21.9,0.08,0.01,-0.7,0
25.35,6.65,17.2,0.07,0.01,-0.3,0
27.36,6.78,23.4,0.04,0.02,-2.0,0
28.98,6.48,43.5,0.18,-0.0,-5.1,0
26.47,6.8,14.5,-0.02,-0.01,-0.2,0
31.82,7.01,13.9,-0.14,-0.03,-0.6,0
27.11,6.53,33.1,0.11,0.02,2.9,0
20.55,7.18,4.5,-5.83,0.0,-0.2,0
31.9,7.22,13.3,-0.08,0.03,-0.2,0
32.62,7.28,8.1,-0.05,0.01,-0.4,0
27.63,6.61,17.2,0.02,-0.01,0.7,0
26.06,7.15,7.3,0.19,-0.0,-0.1,0
25.65,6.87,12.3,-0.08,-0.01,0.1,0
27.36,6.95,24.3,-0.12,0.15,4.4,0
31.89,7.1,14.2,0.06,-0.04,-0.2,0
26.05,6.45,17.6,-0.23,0.01,0.1,0
25.73,6.84,14.5,-0.07,0.0,-0.3,0
29.29,7.51,13.5,0.27,0.11,-0.7,0
26.14,7.17,5.0,-0.01,-0.0,-0.6,0
25.68,7.03,11.7,-0.18,0.01,0.2,0
32.05,7.28,8.8,0.0,0.0,0.4,0
29.28,6.67,16.7,0.05,-0.04,0.9,0
26.83,8.76,5.2,-0.1,1.11,-0.3,0
31.04,7.44,4.9,0.03,-0.0,-0.8,0
28.22,6.74,23.3,-0.13,-0.03,-0.7,0
28.02,6.9,29.3,-0.1,0.02,-2.4,0
31.68,7.14,7.8,0.07,0.01,-0.8,0
29.66,7.22,13.1,-0.01,-0.01,-0.2,0
29.65,6.66,17.6,-1.53,-0.04,-0.9,0
25.78,6.76,13.0,-0.2,-0.04,1.1,0
27.73,7.11,25.8,-0.01,-0.02,-1.3,0
27.95,6.69,22.4,0.13,0.0,1.2,0
27.75,6.76,30.3,0.1,-0.0,-0.2,0
26.92,6.45,20.9,0.02,0.0,0.3,0
32.48,7.32,7.2,0.31,-0.0,-0.1,0
27.79,7.0,10.6,-0.06,-0.01,-0.1,0
27.91,7.07,9.3,-0.17,-0.03,0.0,0
29.37,7.22,10.9,-0.19,-0.01,-1.0,0
27.6,6.78,25.0,-0.13,-0.01,0.7,0
26.69,7.27,4.6,-0.16,-0.99,-0.5,0
27.56,6.54,16.1,0.2,-0.03,0.2,0
31.58,7.08,7.8,0.17,0.02,-0.7,0
27.9,6.98,16.4,-0.16,-1.31,-0.0,0
29.31,6.5,21.8,-0.18,-0.03,0.4,0
32.67,7.29,8.4,0.13,0.04,0.2,0
27.47,6.46,24.3,0.33,-0.03,-1.1,0
26.88,6.74,13.7,-0.09,-0.01,0.1,0
32.15,7.44,7.8,0.02,0.02,0.4,0
26.08,6.73,15.0,-0.01,-0.02,0.2,0
30.0,7.18,18.4,0.01,0.09,0.0,0
26.51,6.8,29.2,-0.06,0.0,0.4,0
28.11,6.76,23.1,-0.06,-0.02,-0.7,0
31.98,7.3,7.8,0.14,-0.01,0.0,0
26.92,7.22,24.1,-0.13,-0.01,1.2,0
29.01,6.69,21.6,-0.16,0.05,2.0,0
28.92,6.79,17.0,-0.16,0.01,-3.9,0
26.96,6.68,29.1,0.01,0.0,1.5,0
26.02,6.74,22.0,-0.03,0.01,0.8,0
31.34,6.71,19.0,2.61,-0.02,0.3,0
26.49,7.35,4.7,-0.24,-0.99,-0.1,0
30.81,6.71,18.6,-0.26,-0.01,0.1,0
28.83,6.82,21.6,-0.26,-0.01,2.2,0
32.32,7.37,8.0,0.03,0.06,-0.5,0
32.75,7.27,12.6,-0.01,0.02,0.4,0
26.09,6.83,14.6,-0.0,-0.02,-0.4,0
27.86,6.49,13.9,0.26,-0.36,-0.1,0
26.47,6.5,20.3,0.15,0.0,-0.4,0
30.44,7.33,9.4,0.05,-0.03,-0.5,0
25.42,7.21,3.9,0.14,0.02,0.0,0
27.62,7.02,28.5,-0.09,-0.01,2.2,0
26.22,6.89,3.8,0.23,0.12,-0.3,0
27.72,6.71,21.5,0.2,-0.01,5.3,0
31.43,7.07,7.6,0.43,0.02,-0.5,0
30.27,6.7,24.3,-0.07,-0.02,2.0,0
28.19,6.52,13.7,0.23,-0.56,-0.3,0
25.73,6.6,15.8,-0.25,0.0,-1.5,0
26.49,6.49,31.9,0.09,0.01,2.2,0
28.73,7.0,15.3,-0.04,0.37,-0.3,0
32.38,7.17,11.5,0.07,0.01,0.1,0
28.87,7.24,9.4,-4.37,0.0,0.4,0
27.79,6.58,17.8,0.32,-0.03,-0.1,0
24.97,7.22,8.4,-0.16,0.03,-3.5,0
25.93,7.24,8.8,-0.08,0.0,0.1,0
32.0,7.03,13.2,0.12,0.03,0.4,0
28.97,6.76,15.2,-0.27,-0.05,-1.8,0
25.99,6.81,15.6,-0.29,-0.03,-1.3,0
30.53,6.62,22.2,0.03,-0.1,0.0,0
27.7,6.88,18.4,0.02,-0.01,0.7,0
25.68,6.58,18.8,0.12,0.01,-0.5,0
30.33,6.95,14.1,0.01,-0.04,0.4,0
27.35,7.27,22.5,0.06,-0.01,0.4,0
27.81,6.31,21.4,0.11,-0.01,-0.7,0
31.98,6.98,9.7,3.39,0.03,-0.4,0
32.31,7.34,7.1,0.47,0.01,0.1,0
31.79,7.31,11.0,-0.01,0.01,-1.6,0
28.18,6.52,20.1,-0.1,0.02,0.5,0
25.82,6.49,18.9,-0.21,-0.06,1.2,0
31.7,6.92,15.2,-0.1,-0.04,1.1,0
26.66,6.97,23.2,-0.17,0.01,0.8,0
29.94,7.33,9.3,-0.34,-0.01,-0.1,0
27.64,7.02,22.0,0.03,-0.01,1.0,0
27.59,7.11,26.4,-0.15,0.18,1.4,0
26.21,7.12,5.3,0.49,-0.01,-0.7,0
27.4,6.61,26.4,-0.03,-0.01,-1.1,0
26.29,6.78,28.4,0.03,0.01,0.7,0
25.9,7.1,17.5,0.11,0.0,-2.0,0
27.69,6.56,17.1,0.0,0.0,0.4,0
28.87,6.57,23.8,0.02,-0.07,1.5,0
27.53,6.76,24.3,0.11,-0.0,-1.1,0
27.31,6.81,29.8,0.06,-0.01,-0.4,0
29.16,6.5,19.9,0.24,-0.04,1.8,0
25.21,6.97,12.6,-2.29,-0.05,1.2,0
28.69,6.64,15.0,0.21,0.01,-0.2,0
27.88,6.78,36.4,-0.22,-0.03,19.3,0
27.14,6.89,23.9,-0.08,0.01,-1.8,0
30.39,6.6,24.0,-0.18,-0.0,-1.4,0
26.0,7.26,4.6,-0.08,-0.01,0.3,0
26.75,6.74,13.6,-0.07,0.02,-0.1,0
32.28,7.31,7.5,-0.12,-0.01,-0.4,0
32.06,7.05,11.9,0.02,0.01,0.5,0
28.63,7.15,27.2,-0.27,0.01,-0.2,0
27.7,7.1,25.5,-0.0,-0.0,2.7,0
32.12,6.99,13.7,0.04,-0.02,0.0,0
29.01,7.47,14.1,0.12,0.04,-1.1,0
28.27,6.88,16.9,-0.11,0.02,-0.3,0
27.39,6.67,23.7,-0.04,-0.01,-2.1,0
26.13,6.44,20.5,0.13,0.23,-0.1,0
31.81,7.22,11.9,-0.12,0.0,1.1,0
31.72,7.25,9.9,0.19,0.03,-1.0,0
30.57,6.77,17.4,0.3,-0.02,0.3,0
26.39,6.67,17.0,0.08,-0.03,-0.2,0
32.35,7.19,8.7,0.25,-0.01,-0.7,0
30.17,6.68,23.9,-0.17,0.02,-1.7,0
27.39,6.45,15.0,0.01,0.71,-1.0,0
26.38,6.52,20.1,-0.05,0.02,-0.3,0
26.07,7.29,13.0,-4.75,0.02,2.7,0
26.45,6.75,19.1,-0.11,0.03,0.2,0
32.5,7.16,13.3,-0.03,-0.03,0.8,0
32.57,7.49,3.5,0.27,0.0,0.2,0
25.95,7.14,8.7,0.19,0.03,0.1,0
28.66,6.72,13.0,0.2,0.05,-22.7,0
28.59,6.84,30.0,-0.05,0.01,-0.7,0
31.14,6.39,19.7,0.16,-0.02,-0.6,0
27.26,7.27,24.5,0.05,0.04,2.0,0
29.69,6.69,23.5,-0.05,-0.03,2.1,0
28.99,6.75,15.3,-0.26,-0.04,-2.0,0
31.8,7.27,10.0,0.17,0.02,-1.2,0
30.46,7.28,11.4,-0.12,0.07,1.1,0
31.24,7.4,5.1,0.06,-0.01,-0.9,0
27.59,7.01,20.6,0.27,0.02,1.4,0
31.78,7.53,6.8,-0.15,-0.01,2.9,0
31.18,6.95,12.6,0.12,-0.08,-0.3,0
32.02,7.42,7.9,-0.04,0.03,-0.4,0
26.38,5.76,23.0,0.09,-0.65,0.2,0
28.81,6.42,20.8,-0.08,-0.03,0.1,0
32.5,7.38,4.4,-0.05,0.02,0.1,0
26.61,6.88,25.7,-0.15,-0.01,1.4,0
32.51,7.07,13.6,0.07,-0.03,0.6,0
31.63,7.15,12.1,-0.13,-0.01,-0.6,0
28.09,6.63,21.2,0.08,0.03,-0.8,0
28.63,6.87,32.7,-0.08,0.01,3.3,0
29.74,7.28,16.1,-0.08,-0.02,1.2,0
30.58,6.39,20.7,0.3,0.01,0.0,0
28.27,6.76,24.7,0.03,0.01,-1.2,0
26.23,6.63,16.9,-0.35,-0.02,1.4,0
27.99,6.76,23.8,0.15,0.07,4.7,0
27.56,6.53,16.4,-0.0,-0.05,0.2,0
28.73,7.07,22.9,0.69,0.07,-0.4,0
26.11,7.2,4.6,0.05,0.02,-0.3,0
26.51,6.48,20.3,0.15,-0.01,-0.2,0
28.87,7.02,15.1,-0.05,0.36,-0.3,0
27.19,6.79,16.3,0.17,-0.01,3.2,0
30.94,6.66,18.6,-0.17,-0.02,-0.0,0
27.39,6.85,24.3,-0.2,-0.01,0.0,0
29.37,6.87,17.6,0.34,-0.16,1.7,0
31.97,7.43,7.4,0.42,0.01,-0.2,0
26.78,7.18,23.2,0.13,0.13,-0.1,0
32.4,7.35,7.1,0.37,0.01,0.1,0
27.33,6.88,22.3,0.12,0.04,-0.3,0
25.94,6.74,15.5,-0.35,-0.02,-1.5,0
28.32,6.8,18.6,-0.13,-0.0,-0.5,0
26.31,6.8,28.2,0.02,0.01,0.7,0
32.85,7.24,8.7,0.3,-0.04,0.5,0
31.74,7.4,7.9,0.08,-0.0,0.8,0
27.82,7.01,10.5,-0.07,-0.02,-0.1,0
28.48,7.61,16.0,-0.32,0.74,0.8,0
27.87,6.98,30.6,-0.14,-0.01,2.8,0
25.38,7.25,4.0,0.04,0.02,0.2,0
32.32,7.19,11.4,-0.06,0.0,0.0,0
32.3,7.04,13.7,-0.02,-0.01,0.3,0
31.99,7.0,11.5,-0.08,-0.07,0.6,0
27.52,6.87,24.2,-0.27,-0.01,0.1,0
30.34,7.34,9.7,-0.02,-0.01,-0.4,0
31.9,7.06,9.5,0.06,-0.08,-0.2,0
32.17,7.02,12.9,0.06,-0.01,0.1,0
32.07,7.31,11.8,-0.38,0.01,0.1,0
30.79,7.28,8.7,0.01,-0.02,0.3,0
31.85,7.36,5.2,0.05,0.03,-3.0,0
28.7,6.74,30.4,-0.03,-0.03,2.4,0
33.85,6.79,19.3,3.98,0.02,-0.4,0
27.66,6.62,17.3,-0.09,0.01,-0.1,0
31.74,7.0,13.7,-0.1,-0.02,0.1,0
28.29,6.69,30.4,-0.04,-0.01,2.2,0
25.7,6.84,14.4,-0.1,0.01,-0.3,0
27.41,6.62,20.8,-0.18,0.02,-0.9,0
26.71,5.6,23.4,-0.14,-0.01,0.4,0
26.75,6.96,22.0,-0.41,-0.03,1.4,0
25.89,6.8,13.2,-0.13,-0.06,0.5,0
31.99,7.54,3.5,0.06,0.01,0.0,0
28.74,7.41,23.1,0.26,0.05,-1.7,0
26.32,6.89,12.2,-0.39,-0.03,0.3,0
29.76,6.63,22.4,-0.12,-0.06,1.0,0
26.94,6.65,28.1,-0.02,0.01,1.8,0
27.29,7.08,22.6,0.09,-0.03,0.0,0
32.39,7.15,11.3,0.16,0.03,-0.2,0
27.36,6.45,24.6,0.13,-0.03,-1.2,0
26.79,6.88,14.6,-0.07,0.0,0.1,0
27.87,6.64,22.5,0.09,0.0,1.4,0
30.2,7.34,9.4,-0.08,-0.02,-0.5,0
27.94,6.53,49.2,-0.28,0.01,-1.9,0
27.72,6.95,22.1,0.04,0.02,0.8,0
26.93,6.99,22.4,-0.09,0.02,2.5,0
27.99,6.83,23.1,0.02,0.01,-1.0,0
32.22,7.44,9.2,0.01,-0.01,1.4,0
25.23,6.47,19.2,0.03,-0.02,-0.4,0
27.87,6.64,21.2,-0.05,-0.02,-1.1,0
27.86,7.04,24.9,-0.07,0.04,0.7,0
27.31,6.18,3.7,-0.09,0.18,-0.3,0
26.91,6.27,21.2,-0.01,0.0,-0.0,0
26.96,6.44,23.3,-0.13,0.02,1.1,0
26.82,7.01,29.4,-0.02,0.0,0.9,0
28.1,6.74,31.3,0.2,0.0,-1.5,0
27.79,7.14,22.2,-0.03,-0.04,0.8,0
32.14,7.45,7.7,0.09,0.01,-0.3,0
31.87,7.04,11.6,-0.07,-0.04,0.8,0
29.34,6.63,25.5,-0.25,-0.05,-0.4,0
26.99,6.85,27.5,-0.14,0.0,0.6,0
25.74,7.03,1.7,-0.13,0.04,-2.2,0
26.17,6.48,20.5,0.24,0.18,-0.1,0
26.78,6.39,15.2,-0.03,-0.32,-0.3,0
27.05,6.81,15.8,-0.26,-0.02,-0.5,0
27.54,6.85,31.3,0.17,0.01,-0.6,0
28.76,7.62,14.3,-0.19,0.76,-0.7,0
27.11,6.35,20.6,0.12,-0.01,-0.2,0
34.64,6.7,23.1,-0.18,-0.04,1.4,0
26.41,6.53,31.1,-0.18,0.02,0.0,0
32.84,7.23,9.3,0.3,-0.04,0.7,0
26.49,6.24,32.6,0.14,-0.01,2.6,0
31.48,6.77,18.8,0.38,-0.04,-0.9,0
27.54,6.87,27.4,0.01,0.01,-1.2,0
30.36,7.39,11.4,-1.88,-0.08,3.7,0
27.65,6.83,25.0,-0.04,0.0,0.9,0
29.78,6.82,17.7,0.01,-0.03,-1.0,0
26.99,6.82,29.7,-0.08,0.0,0.7,0
27.7,6.87,16.0,-0.09,-1.52,0.3,0
28.08,6.65,21.2,0.09,0.03,-0.8,0
31.81,7.19,15.4,0.17,0.05,2.0,0
30.65,7.35,7.7,2.82,-0.02,-1.2,0
31.6,6.99,11.7,0.43,0.05,0.7,0
27.88,6.76,22.4,0.12,-0.01,1.3,0
28.62,6.79,28.2,-0.03,-0.02,-0.8,0
28.76,6.7,18.7,0.0,-0.05,-0.5,0
24.34,7.15,7.1,-3.51,-0.03,-0.3,0
28.1,6.71,34.2,-0.01,0.06,15.6,0
28.98,7.54,15.0,-0.23,0.85,-0.5,0
32.33,7.01,13.5,0.19,0.01,-0.1,0
30.22,6.63,25.7,-0.16,-0.03,-0.8,0
27.36,6.82,20.7,-0.28,0.02,-0.6,0
26.38,6.61,17.1,-0.29,-0.02,-0.3,0
24.98,7.25,6.7,-1.04,-0.08,0.1,0
27.59,7.06,24.2,-0.12,0.03,-1.1,0
27.78,6.76,18.0,-0.07,0.02,0.2,0
28.38,6.51,49.1,-0.02,-0.02,30.2,0
32.18,7.38,11.8,-0.14,-0.01,0.4,0
26.09,6.45,20.3,-0.14,0.08,-1.5,0
26.91,6.81,27.8,-0.1,-0.02,-0.2,0
25.85,7.0,9.6,-0.17,-0.01,-0.0,0
31.73,6.71,18.6,1.95,-0.05,0.2,0
31.73,7.05,15.1,-0.05,-0.07,-0.3,0
30.04,6.78,20.1,-0.06,0.04,-0.6,0
27.68,6.59,17.1,-0.01,-0.01,0.6,0
26.96,6.37,19.6,0.32,-0.0,0.3,0
27.74,6.84,24.5,-0.17,0.04,2.0,0
27.57,7.21,26.0,-0.01,-0.03,2.5,0
25.39,6.72,12.6,-0.84,-0.03,0.0,0
25.72,6.43,16.4,-0.19,0.02,0.2,0
26.47,6.78,27.4,-0.08,-0.05,-0.2,0
26.77,6.67,31.2,0.05,-0.01,-0.1,0
31.59,6.91,15.2,-0.03,-0.04,1.6,0
27.15,7.11,28.5,-0.08,-0.03,1.8,0
26.71,6.97,23.2,-0.17,0.01,0.8,0
33.49,7.15,9.7,3.64,0.02,-0.2,0
29.61,7.18,13.2,-0.06,-0.0,0.1,0
25.7,7.22,7.6,0.27,0.04,1.7,0
27.38,6.52,21.9,-0.12,0.01,-0.6,0
27.48,6.94,22.3,-0.33,0.01,2.7,0
27.0,7.09,25.3,-0.08,-0.0,17.2,0
30.48,7.16,11.5,-0.24,-0.02,0.6,0
29.94,6.75,20.2,-0.12,0.0,-0.0,0
29.02,7.32,9.0,-3.45,0.01,0.2,0
25.77,7.04,10.9,-0.17,0.02,0.0,0
26.41,6.75,26.6,-0.28,0.01,1.9,0
27.33,7.01,22.6,-0.14,0.12,2.7,0
32.08,7.44,8.0,0.11,-0.02,1.1,0
27.58,6.79,24.9,-0.16,-0.01,0.6,0
28.15,7.02,10.9,-0.14,-0.02,-0.1,0
28.18,6.76,25.8,0.09,-0.02,-4.2,0
27.45,6.62,3.6,-0.02,0.08,0.1,0
32.35,7.01,13.7,0.12,-0.03,0.3,0
30.2,6.37,20.5,0.12,-0.03,-0.1,0
27.14,7.23,28.4,-0.09,-0.04,2.0,0
27.82,6.97,25.0,-0.11,-0.02,0.9,0
27.95,7.19,28.0,-0.06,0.01,-1.0,0
29.92,6.65,17.0,1.8,-0.01,0.4,0
32.31,7.15,9.2,0.02,-0.05,0.6,0
26.0,6.95,12.1,0.04,-0.02,1.2,0
26.77,6.7,19.0,-0.26,-0.0,0.6,0
29.89,6.99,23.2,-0.04,0.04,-2.0,0
29.73,6.7,27.0,-0.21,-0.01,-2.0,0
30.65,7.32,9.6,0.13,-0.03,-0.3,0
28.12,6.95,13.9,-0.21,-0.1,-0.4,0
27.91,6.61,7.6,0.15,-0.26,-0.1,0
27.44,6.5,19.2,0.21,-0.02,-1.1,0
29.62,7.19,22.6,-0.01,0.01,-1.9,0
27.65,7.13,18.2,0.27,0.06,-0.4,0
25.99,6.79,15.8,-0.24,-0.02,-1.2,0
25.79,7.19,4.2,0.14,0.05,0.1,0
22.2,7.31,7.3,-5.64,0.02,0.4,0
28.78,6.68,31.2,0.09,0.0,-1.7,0
32.39,7.03,14.5,-0.09,0.02,0.3,0
27.43,6.75,25.8,0.05,-0.02,2.3,0
23.55,7.07,5.7,1.15,-0.01,0.1,0
26.66,6.93,23.2,-0.16,-0.01,0.8,0
27.05,6.61,14.0,-0.07,-0.23,1.2,0
27.52,6.86,27.4,0.01,0.01,-1.2,0
27.52,6.73,14.8,0.08,-0.02,-0.7,0
27.52,7.08,24.4,-0.06,0.04,2.0,0
26.76,6.56,16.3,0.18,-0.02,0.0,0
26.9,6.27,21.2,-0.06,-0.0,0.1,0
28.86,7.22,9.3,3.35,0.01,0.5,0
21.02,7.15,5.2,0.59,-0.01,0.6,0
27.82,6.63,18.0,0.3,-0.02,-0.1,0
27.21,7.36,35.1,-0.14,0.02,17.2,0
27.49,7.16,25.9,0.03,0.0,17.4,0
26.61,5.6,23.3,-0.1,-0.16,0.4,0
32.26,7.43,9.2,0.04,-0.02,1.6,0
26.59,7.1,5.7,0.04,0.01,-1.0,0
29.92,6.81,17.6,-0.78,-0.04,-1.3,0
32.45,7.21,8.6,0.44,-0.02,-0.3,0
28.14,7.18,23.6,0.2,-0.03,-1.9,0
29.78,6.98,14.1,1.1,0.01,-0.9,0
26.46,6.05,20.9,-0.08,0.12,-1.5,0
29.06,6.78,17.9,-2.36,-0.06,-0.4,0
26.19,6.76,12.2,-0.04,0.0,-0.9,0
28.9,7.05,30.4,-0.2,-0.04,3.3,0
25.88,7.02,9.7,-0.06,0.0,-0.4,0
22.95,7.08,5.5,1.45,-0.0,-0.2,0
28.44,6.84,22.1,-0.65,0.0,3.1,0
27.93,6.71,22.4,0.12,0.0,1.2,0
31.74,6.98,15.0,-0.1,-0.06,0.3,0
32.63,7.29,8.3,-0.02,0.04,-0.0,0
26.68,6.98,27.6,-0.03,-0.04,-1.1,0
31.22,6.96,12.6,0.14,-0.03,-0.3,0
29.07,7.13,11.0,-0.3,-0.03,-0.4,0
31.52,6.52,22.5,-0.17,0.03,1.5,0
32.31,7.41,7.5,0.14,-0.01,-0.3,0
32.62,7.4,4.6,0.04,0.02,0.4,0
27.36,7.05,25.9,-0.08,0.0,17.0,0
26.01,6.79,24.0,-0.08,0.0,1.2,0
31.84,7.37,8.1,0.17,-0.01,0.7,0
26.78,7.0,22.0,-0.38,-0.03,1.4,0
28.34,7.05,16.7,-0.25,-0.48,-0.8,0
32.65,7.15,11.2,0.14,-0.0,-0.3,0
29.85,7.44,20.2,-0.05,0.47,-1.6,0
25.56,6.72,12.6,-0.28,-0.01,1.7,0
32.56,7.28,7.5,0.05,-0.01,-0.6,0
32.65,7.24,7.1,0.13,-0.02,-0.9,0
26.87,6.52,4.3,0.0,0.01,-0.2,0
30.21,6.58,20.2,-0.01,0.01,-0.4,0
25.74,7.33,4.8,-0.11,-0.01,-0.9,0
32.77,7.44,4.3,0.01,0.03,1.0,0
26.53,6.9,15.3,-0.1,0.09,0.8,0
27.0,6.82,15.9,0.16,-0.01,3.1,0
26.32,6.92,11.1,0.23,-0.02,0.4,0
29.82,6.68,26.0,-0.07,-0.03,-1.1,0
29.6,7.24,10.9,-0.08,-0.01,-0.8,0
28.3,6.55,19.1,-0.01,0.01,0.3,0
26.42,6.83,19.4,0.02,0.01,-0.2,0
28.61,6.98,24.6,0.68,0.05,-2.2,0
31.14,7.08,13.8,0.09,-0.01,0.1,0
27.08,6.8,15.8,-0.25,-0.02,-0.5,0
25.76,6.75,15.0,-0.22,-0.01,-0.3,0
26.83,5.82,22.3,0.04,0.07,-0.0,0
32.35,7.3,8.5,-0.0,-0.01,0.1,0
23.57,7.07,5.7,1.14,-0.01,0.1,0
28.57,6.86,34.0,-0.14,0.0,17.2,0
30.01,6.94,8.8,3.18,-0.02,0.5,0
26.62,6.45,20.4,0.19,-0.04,-0.4,0
32.19,7.21,9.4,0.03,0.02,-0.0,0
26.58,6.75,16.5,-0.33,-0.07,-0.1,0
32.71,7.31,8.2,0.03,0.03,-0.3,0
28.39,6.93,23.5,-0.08,-0.02,-0.5,0
28.65,6.68,17.2,-0.02,0.0,0.4,0
27.54,7.18,20.7,0.13,0.02,1.4,0
28.53,6.98,9.1,2.81,-0.03,0.8,0
26.73,6.95,14.7,0.05,-0.0,0.2,0
30.43,6.67,22.1,0.06,-0.06,0.2,0
28.13,6.53,17.2,-0.02,-0.14,-1.3,0
26.0,6.59,13.1,-0.23,-0.05,-1.4,0
26.0,7.19,21.8,-0.03,0.03,-0.4,0
28.3,7.17,10.9,-0.22,-0.01,-0.6,0
32.12,7.52,2.9,-0.11,0.0,0.5,0
27.5,6.84,28.6,0.3,0.08,-2.3,0
28.11,7.19,28.5,-0.13,-0.02,-1.1,0
26.35,7.21,26.5,-0.22,0.01,-1.6,0
27.33,7.24,24.4,-0.02,0.01,1.8,0
29.56,6.63,25.7,-0.25,-0.06,-0.6,0
26.78,6.99,23.2,-0.17,-0.01,0.8,0
32.38,7.32,8.5,0.06,0.02,0.4,0
31.77,6.91,15.1,0.07,-0.04,-0.1,0
25.42,7.03,14.7,-0.02,0.01,-0.7,0
31.88,7.31,8.5,-0.15,0.02,-0.4,0
26.5,6.66,23.1,-0.13,-0.06,0.9,0
26.58,7.09,26.3,-0.21,0.01,-1.3,0
27.27,6.68,25.4,0.28,-0.02,-1.5,0
25.54,6.56,19.3,-0.31,-0.08,1.1,0
26.96,6.36,21.3,0.14,-0.01,0.2,0
27.17,7.31,22.4,0.16,-0.07,-0.0,0
27.8,6.99,21.8,-0.24,-0.07,-0.8,0
26.37,6.77,23.1,-0.03,0.01,-0.8,0
27.13,7.07,10.6,1.5,0.02,0.1,0
26.73,6.38,19.5,0.3,-0.01,0.4,0
28.32,6.61,17.0,-0.08,-0.02,0.6,0
31.74,7.15,14.0,0.1,0.02,0.4,0
35.45,6.76,21.5,2.74,0.0,0.5,0
26.07,6.74,15.0,-0.0,-0.02,0.3,0
28.77,6.63,30.4,0.0,-0.02,1.6,0
27.75,6.62,17.7,-0.06,0.04,-0.1,0
27.49,6.94,29.0,0.06,-0.07,0.8,0
28.84,6.67,22.2,0.0,-0.01,-0.5,0
32.68,7.36,4.5,-0.0,0.01,0.0,0
29.5,6.35,20.0,0.22,-0.02,0.3,0
27.35,6.93,26.6,-0.33,-0.0,1.6,0
28.59,6.72,21.9,0.01,-0.01,-0.7,0
28.72,6.67,23.7,-0.05,-0.06,1.6,0
29.28,6.78,23.6,0.01,-0.01,-2.1,0
26.34,6.55,20.1,0.1,0.04,-0.4,0
26.97,6.49,24.5,-0.23,-0.01,0.2,0
27.41,7.06,22.8,0.05,0.04,-2.5,0
26.47,6.94,15.2,-0.14,0.09,0.8,0
32.57,7.34,8.8,0.06,0.02,1.4,0
27.66,6.66,22.5,-0.02,0.01,2.0,0
29.92,6.71,17.8,0.04,-0.05,-0.2,0
30.54,6.7,19.3,3.48,0.02,0.4,0
25.42,6.7,15.6,-0.11,0.03,0.0,0
28.1,6.66,13.8,0.06,-0.34,-0.3,0
30.47,7.34,10.2,0.02,0.0,-0.2,0
25.93,6.81,13.4,0.02,-0.01,0.5,0
25.78,7.24,6.3,-0.33,-0.0,-0.3,0
29.29,6.84,17.5,0.31,0.06,1.9,0
30.66,7.32,9.4,0.17,-0.03,-0.1,0
30.66,7.05,15.4,-0.16,0.03,-0.3,0
32.18,6.98,13.6,0.11,-0.03,-0.0,0
30.85,7.33,8.4,0.24,-0.04,0.9,0
32.55,7.35,4.3,-0.05,0.02,0.1,0
28.33,7.15,23.3,0.15,-0.01,-1.9,0
28.1,7.0,8.7,0.46,-0.17,-0.8,0
26.58,6.8,28.8,0.27,-0.0,0.6,0
25.41,7.03,14.7,-0.02,0.01,-0.7,0
25.88,6.75,12.9,-0.22,-0.03,0.3,0
31.95,7.13,13.3,-0.07,0.01,-0.0,0
24.81,7.03,19.4,-0.16,-0.02,0.7,0
26.59,6.46,20.4,0.16,-0.03,-0.4,0
26.9,6.67,30.6,0.11,0.15,-1.4,0
26.49,6.49,20.5,-0.01,0.01,-0.2,0
22.1,7.2,5.0,0.56,0.02,0.2,0
27.41,6.8,23.6,0.41,0.06,5.2,0
28.2,6.67,31.2,0.14,0.0,-1.9,0
30.39,6.75,31.3,-0.07,0.0,-1.1,0
27.47,6.7,22.6,-0.06,0.01,1.6,0
27.64,6.61,17.3,-0.1,0.01,-0.1,0
28.03,6.71,33.1,0.18,-0.01,-3.1,0
26.16,6.88,15.1,-0.17,0.05,0.9,0
27.43,6.38,22.3,0.24,0.02,1.1,0
26.39,7.16,4.5,2.66,-0.05,0.3,0
27.74,6.47,21.5,0.14,0.0,-0.9,0
28.82,7.07,30.5,-0.2,-0.04,3.3,0
26.91,6.28,21.3,0.0,-0.0,0.0,0
32.25,7.42,8.9,-0.0,-0.02,1.9,0
24.77,6.82,12.3,-1.14,-0.07,0.4,0
30.7,6.56,20.0,0.1,-0.01,-1.1,0
27.72,6.86,18.3,0.02,-0.0,0.6,0
29.4,6.94,17.7,0.27,0.04,1.8,0
29.33,7.45,13.4,0.3,-0.01,-0.7,0
26.69,6.83,15.2,0.32,0.02,0.4,0
32.29,7.15,11.7,0.29,0.03,-0.4,0
26.0,7.26,4.6,-0.08,-0.01,0.3,0
26.9,6.87,27.6,-0.1,-0.01,0.8,0
27.82,6.79,26.5,-0.21,-0.02,1.3,0
27.14,7.02,22.8,0.18,-0.03,-1.7,0
25.08,6.95,19.6,-0.06,-0.03,0.8,0
28.28,6.8,24.0,0.18,0.09,5.0,0
28.27,6.78,23.1,-0.02,-0.02,-0.8,0
26.16,5.79,22.7,-0.06,-0.12,-0.0,0
32.32,7.42,4.7,0.01,0.01,0.2,0
28.39,6.5,47.8,-0.09,-0.0,-3.9,0
28.29,6.6,17.0,-0.08,-0.02,0.6,0
29.85,6.36,20.5,0.17,0.02,0.6,0
30.34,6.71,24.5,0.01,-0.02,1.7,0
26.37,6.58,21.3,-0.06,0.01,0.6,0
28.38,6.49,17.4,0.18,-0.02,-1.9,0
27.33,6.72,25.4,0.23,0.0,-1.3,0
27.16,6.42,20.8,-0.12,0.01,-1.2,0
27.3,6.84,28.4,-0.01,0.0,1.7,0
28.13,7.14,9.4,-0.16,0.0,-0.4,0
30.33,6.71,22.8,0.03,0.04,0.6,0
27.64,6.98,25.0,0.03,-0.0,1.0,0
26.57,6.55,27.6,-0.04,-0.01,-0.1,0
26.5,6.47,20.8,-0.04,0.01,0.4,0
27.76,6.66,21.4,0.04,-0.0,-1.2,0
28.85,6.49,43.1,0.13,0.0,-4.1,0
26.75,7.1,27.3,-0.01,-0.01,-2.0,0
29.82,6.6,23.7,-0.04,-0.01,-0.9,0
31.69,7.29,11.9,0.2,-0.02,-0.4,0
30.21,6.62,23.8,0.07,0.01,-0.8,0
31.67,6.88,15.0,0.04,-0.05,-0.1,0
29.92,6.78,16.7,-0.03,-0.03,0.7,0
31.82,6.48,21.7,0.09,0.01,-0.1,0
30.22,6.71,21.9,0.07,-0.0,0.4,0
29.81,7.0,18.4,-0.03,-0.01,1.4,0
28.35,7.3,9.0,0.21,0.03,-0.6,0
27.29,7.26,24.5,0.03,0.03,1.9,0
25.62,7.21,5.5,-0.01,-0.01,-1.5,0
25.81,7.16,7.5,0.2,0.0,1.5,0
27.17,6.8,28.1,-0.12,-0.0,-0.1,0
27.08,6.95,26.3,-0.28,0.02,1.4,0
26.49,6.66,28.0,-0.02,-0.0,0.3,0
30.85,7.1,11.6,-0.29,-0.06,-0.8,0
28.35,6.63,17.8,0.1,0.03,0.6,0
26.57,6.72,13.6,-0.02,-0.0,0.2,0
29.08,6.66,26.3,0.04,-0.05,-1.1,0
28.81,6.67,17.1,0.11,0.01,0.4,0
27.99,6.72,30.2,0.08,-0.0,-0.3,0
26.81,7.02,25.9,-0.15,0.01,1.4,0
26.93,6.68,16.5,0.1,0.0,2.3,0
28.09,6.81,14.9,-0.09,-0.17,0.1,0
29.32,6.77,17.5,0.09,-0.02,-0.7,0
32.33,7.36,8.0,0.02,0.05,-0.5,0
25.75,7.23,6.3,-0.29,-0.0,-0.4,0
30.16,6.89,16.7,0.08,0.02,0.1,0
27.15,6.89,27.5,-0.04,-0.02,1.1,0
27.28,6.82,30.6,0.08,0.0,-0.2,0
26.86,6.63,30.7,-0.08,-0.01,0.1,0
26.53,6.59,19.0,-0.16,-0.01,0.9,0
31.88,7.27,7.9,-0.12,0.01,-1.0,0
30.59,6.73,21.7,-0.19,0.0,1.0,0
30.31,6.47,20.3,0.02,0.0,-0.2,0
25.58,6.89,14.4,-0.11,0.02,-0.3,0
29.18,6.75,21.9,-0.06,-0.04,6.2,0
28.77,6.62,30.7,0.0,-0.01,0.3,0
32.01,7.38,7.8,0.04,0.02,-0.2,0
26.56,6.83,27.7,0.13,-0.03,-1.2,0
29.91,6.68,17.8,-0.12,-0.05,-0.2,0
31.78,6.47,21.7,-0.06,0.01,0.1,0
26.45,6.5,21.1,-0.11,0.02,0.6,0
29.32,6.71,17.8,-0.02,-0.02,-0.6,0
32.48,7.41,4.5,-0.08,0.01,0.0,0
30.23,6.87,31.3,0.02,0.0,15.7,0
27.65,6.51,16.8,0.03,-0.03,0.4,0
26.8,7.07,18.6,-0.17,0.0,1.3,0
27.46,6.72,22.6,-0.06,0.02,1.6,0
27.96,6.74,18.9,-0.3,0.05,0.6,0
26.25,6.51,16.3,-0.27,-0.11,0.0,0
26.3,6.76,18.9,-0.08,-0.01,0.4,0
25.95,7.15,8.7,0.18,0.03,0.1,0
30.31,6.45,20.4,0.02,0.0,-0.1,0
30.19,6.92,15.0,0.05,0.02,0.9,0
32.19,7.47,7.8,0.01,0.03,0.4,0
30.2,6.37,20.5,0.12,-0.03,-0.1,0
25.28,6.78,16.0,-0.11,0.03,-0.1,0
26.64,6.61,24.7,-0.22,-0.01,-0.3,0
32.09,7.03,13.2,0.17,0.03,0.4,0
27.13,6.39,20.6,-0.07,0.0,-1.1,0
30.7,6.68,18.7,-0.89,-0.06,0.9,0
26.7,6.66,18.9,-0.26,-0.01,0.8,0
28.63,6.79,28.2,-0.03,-0.02,-0.8,0
25.43,7.23,4.3,-0.2,-0.0,-0.1,0
31.51,6.5,22.2,-0.03,0.03,0.9,0
30.05,6.86,17.7,-0.33,-0.04,-1.3,0
30.54,6.61,22.2,0.03,-0.11,0.0,0
28.8,6.6,21.8,-0.06,-0.04,-0.4,0
26.29,5.95,21.8,0.17,0.08,-0.3,0
28.37,7.04,23.4,0.13,-0.03,-1.9,0
31.84,6.97,9.4,0.1,-0.18,-0.1,0
26.49,6.69,15.5,-0.11,-0.03,-0.4,0
28.33,6.72,16.5,0.16,-0.01,-1.5,0
26.29,6.62,16.2,-0.18,-0.09,0.2,0
28.06,6.57,21.4,-0.02,-0.0,-0.9,0
31.46,7.33,10.8,0.1,-0.01,-0.7,0
27.83,6.55,16.8,0.17,-0.01,-0.1,0
28.0,6.66,18.1,0.07,-0.08,-0.2,0
30.78,6.69,21.8,-0.18,0.01,1.1,0
28.72,6.97,25.6,0.08,-0.02,-4.3,0
27.62,7.15,24.6,-0.17,0.04,-0.9,0
30.06,7.72,20.3,-0.03,0.72,-2.6,0
25.86,6.75,12.9,-0.19,-0.02,0.2,0
26.86,6.78,29.8,-0.09,0.01,1.6,0
25.65,6.45,16.4,-0.17,0.02,0.2,0
24.52,6.87,12.1,-1.47,-0.01,0.4,0
26.7,6.55,26.2,-0.29,-0.02,1.5,0
27.82,7.24,15.9,-0.14,-0.53,-0.4,0
31.82,7.29,7.7,-0.07,0.0,-0.2,0
27.38,6.75,26.7,-0.31,-0.02,1.2,0
27.53,6.64,22.4,0.39,0.01,-0.5,0
27.56,7.12,26.4,-0.15,0.18,1.4,0
28.09,7.15,23.6,0.18,-0.02,-1.9,0
25.77,7.24,6.3,-0.33,-0.0,-0.3,0
32.39,7.22,9.4,0.03,-0.01,0.4,0
28.34,6.59,21.0,0.61,0.05,-28.8,0
26.65,6.94,22.2,0.14,0.02,2.6,0
30.97,6.65,22.1,-0.2,0.02,0.9,0
27.59,6.91,27.3,-0.02,0.01,-1.3,0
32.93,7.24,8.8,0.26,-0.06,0.4,0
29.75,6.66,17.7,-1.05,-0.04,-0.7,0
29.54,7.35,9.3,3.81,0.03,0.2,0
29.36,7.13,20.7,-0.29,-0.0,1.9,0
30.51,7.1,11.7,-0.2,-0.1,-0.8,0
26.38,6.83,12.2,-0.26,-0.03,0.1,0
25.43,6.96,14.0,-0.15,0.02,-0.3,0
31.92,7.34,8.3,-0.12,0.02,-0.4,0
29.34,6.8,17.3,0.14,-0.02,-0.7,0
26.82,6.29,14.8,-0.1,-0.46,-0.3,0
31.96,7.31,7.8,0.09,0.0,-0.0,0
26.48,6.47,20.3,0.01,-0.03,-0.3,0
27.31,6.83,28.4,-0.01,0.0,1.7,0
33.26,7.16,9.5,2.35,0.0,-0.3,0
32.08,7.25,9.6,0.05,0.18,1.1,0
30.25,6.73,23.7,-0.25,-0.03,-1.5,0
28.95,7.28,15.4,-0.25,0.58,-0.3,0
26.76,6.57,16.1,0.13,-0.01,0.0,0
27.63,6.97,24.4,-0.08,0.16,4.6,0
28.69,6.57,39.9,0.21,0.01,-3.6,0
30.19,7.22,9.9,-0.1,0.02,0.5,0
27.3,6.84,28.3,-0.06,0.0,0.1,0
28.66,6.68,17.2,-0.02,0.0,0.4,0
25.97,6.45,18.6,-0.12,-0.03,1.2,0
27.61,6.59,14.3,0.13,0.03,0.1,0
31.68,7.17,9.8,0.25,0.05,-0.6,0
32.57,7.1,12.5,0.15,-0.02,0.7,0
31.69,7.41,7.2,0.7,0.01,-0.2,0
26.14,6.73,22.9,-0.08,0.0,-0.8,0
27.7,6.54,16.3,-0.23,-0.0,-0.6,0
27.3,6.64,16.2,-0.08,0.0,-0.6,0
27.41,6.9,29.2,0.0,-0.05,0.8,0
28.53,7.01,29.3,-0.17,-0.02,17.0,0
27.62,6.43,22.1,0.02,0.04,-0.5,0
30.68,6.6,22.2,0.03,-0.09,0.0,0
25.57,6.78,12.6,-0.15,-0.01,0.1,0
27.44,6.9,23.7,-0.14,-0.06,0.7,0
26.93,6.27,21.2,0.02,0.0,-0.0,0
27.42,7.2,22.6,0.13,0.0,-0.8,0
27.06,7.23,22.7,0.15,-0.06,-0.1,0
25.84,7.01,10.8,0.13,-0.02,0.2,0
28.64,6.72,18.7,0.0,-0.05,-0.6,0
25.41,6.7,15.7,-0.12,0.03,0.0,0
26.75,6.7,16.5,-0.17,0.01,0.3,0
27.43,6.92,26.5,-0.29,0.05,1.5,0
32.5,7.34,4.4,-0.01,0.01,0.0,0
26.22,6.69,16.2,-0.06,-0.06,0.4,0
27.05,6.63,16.7,-1.78,-0.01,0.2,0
26.47,6.89,24.3,-0.06,-0.01,1.9,0
28.57,6.72,21.9,-0.16,-0.01,2.0,0
28.82,6.64,24.6,0.06,-0.01,3.0,0
26.65,6.6,16.4,0.07,-0.03,-0.0,0
26.33,6.55,20.1,0.08,0.04,-0.4,0
28.14,7.1,24.7,0.08,-0.01,-1.2,0
25.49,7.28,7.9,0.18,0.11,1.7,0
26.59,6.56,30.9,-0.18,-0.01,0.3,0
31.56,6.97,11.6,0.46,0.05,0.7,0
27.32,6.87,26.5,-0.31,0.0,1.6,0
27.16,7.3,22.4,0.16,-0.07,-0.0,0
28.06,6.3,21.0,0.1,-0.02,-0.1,0
29.9,6.67,17.9,-0.17,-0.04,-0.3,0
27.58,6.89,24.4,0.26,0.13,5.3,0
26.01,7.24,5.2,-0.13,-0.02,-0.0,0
26.53,6.49,31.3,0.07,-0.01,-0.0,0
26.72,6.06,26.2,-0.01,0.12,3.3,0
30.28,6.96,15.4,0.01,0.03,0.9,0
31.72,7.03,15.1,-0.03,-0.06,-0.3,0
27.12,6.71,30.5,-0.09,0.01,1.9,0
29.72,6.89,16.5,0.04,0.02,-26.8,0
27.08,6.94,19.9,0.08,-0.02,-1.4,0
32.14,7.45,7.7,0.08,0.01,-0.3,0
30.47,6.69,21.8,-0.05,-0.02,0.6,0
27.02,7.4,22.3,0.03,0.11,1.8,0
31.5,7.28,10.2,0.03,0.01,-1.7,0
26.97,6.79,27.3,0.12,-0.01,-1.8,0
28.72,6.39,20.8,-0.04,-0.03,0.1,0
32.52,7.29,8.4,-0.03,0.04,0.3,0
26.33,6.64,16.9,-0.29,-0.02,1.6,0
26.34,6.51,30.7,-0.12,0.01,-0.5,0
28.29,6.64,13.8,0.17,-0.57,-0.4,0
28.87,6.69,23.7,-0.03,-0.08,1.2,0
26.95,6.9,11.8,0.14,-0.01,0.3,0
28.99,7.15,10.9,-0.29,-0.02,0.1,0
28.11,6.75,13.8,-0.02,-0.27,-0.3,0
26.9,5.43,32.4,0.08,-0.1,1.9,0
31.39,6.55,22.5,-0.19,0.04,1.1,0
27.27,6.88,27.2,-0.05,0.0,-1.6,0
28.16,8.11,17.1,0.01,1.16,2.2,0
28.72,6.6,18.5,0.1,-0.11,-0.4,0
26.78,6.62,15.5,0.05,-0.06,-0.3,0
31.79,7.11,15.4,0.09,-0.04,2.4,0
27.09,6.97,23.1,0.08,0.05,-2.3,0
25.38,7.31,4.2,-0.09,0.02,-0.8,0
31.81,6.96,11.5,0.11,-0.02,0.6,0
27.68,6.8,24.9,-0.12,-0.0,-0.9,0
32.4,7.35,8.1,0.26,-0.02,0.9,0
27.82,6.74,22.6,0.06,0.01,2.0,0
27.66,6.79,24.2,-0.35,-0.03,-0.1,0
30.9,7.28,8.9,-0.12,-0.0,-0.2,0
28.37,6.75,20.1,0.01,-0.04,-20.5,0
26.68,6.67,23.4,-0.33,0.01,1.6,0
28.14,7.07,24.2,-0.21,0.02,0.5,0
32.29,7.06,13.0,-0.3,0.0,-0.4,0
23.34,7.45,8.3,-5.45,0.03,0.2,0
28.27,7.12,29.5,-0.14,0.03,-1.7,0
26.49,6.62,15.6,0.18,0.0,-0.1,0
31.67,6.99,13.7,-0.09,-0.03,0.1,0
26.51,6.8,28.6,0.21,0.0,0.6,0
25.95,6.81,13.4,-0.01,-0.02,0.6,0
25.58,7.07,10.9,-0.09,-0.02,0.0,0
27.16,7.14,4.3,0.21,0.06,-15.8,0
27.63,7.02,28.0,0.07,-0.09,1.6,0
30.28,7.07,12.7,0.05,0.01,-0.4,0
27.95,6.53,20.0,0.13,0.02,0.5,0
25.88,7.05,8.7,0.29,0.03,0.1,0
25.41,7.31,8.0,0.14,0.14,1.8,0
25.69,6.55,18.9,0.27,0.03,-0.2,0
27.79,6.95,23.4,0.06,0.01,1.5,0
31.38,7.29,2.4,0.04,0.05,-1.0,0
26.0,6.44,18.6,-0.12,-0.04,1.3,0
25.57,7.07,10.9,-0.22,0.01,-0.0,0
27.27,7.09,27.4,0.02,-0.01,1.5,0
32.37,7.31,7.9,-0.17,-0.01,-0.2,0
26.49,6.66,23.1,-0.14,-0.07,0.9,0
28.68,6.67,18.8,0.11,-0.02,0.5,0
33.01,7.4,4.6,-0.01,0.02,0.1,0
27.84,6.3,21.3,0.1,-0.01,-0.5,0
25.27,7.35,8.2,0.08,0.18,1.8,0
29.42,7.16,16.5,0.01,-0.01,0.2,0
27.47,7.1,10.4,0.0,-0.01,-0.1,0
31.15,6.56,20.9,0.14,-0.03,-0.9,0
30.1,6.73,20.6,-0.18,0.0,-1.1,0
25.22,7.25,4.0,-0.12,0.03,-0.6,0
26.01,7.0,23.0,-0.07,0.01,-0.7,0
26.73,6.61,30.3,-0.06,0.0,1.4,0
26.23,6.51,20.3,0.14,0.15,-0.3,0
32.62,7.08,12.1,-0.02,0.0,-0.0,0
30.32,7.06,13.6,-0.01,-0.02,0.9,0
29.64,7.26,9.3,-0.19,-0.02,-0.9,0
25.68,7.02,11.8,-0.13,-0.0,0.2,0
32.25,7.42,8.0,0.17,-0.03,1.1,0
26.71,6.56,16.3,0.16,0.01,0.0,0
26.85,6.99,27.6,0.03,-0.02,-1.8,0
26.34,6.5,30.0,-0.04,-0.01,-1.2,0
29.82,6.77,24.5,-0.33,-0.02,0.9,0
25.81,6.68,15.6,-0.33,-0.01,-1.6,0
27.25,6.83,28.6,0.06,-0.01,-2.0,0
25.06,7.22,7.7,-0.17,0.04,-3.3,0
26.36,5.69,23.0,-0.13,0.07,0.1,0
25.49,6.79,14.4,-0.25,0.01,-0.4,0
26.5,6.94,15.2,-0.12,0.1,0.8,0
30.43,7.14,11.4,-0.23,-0.05,0.3,0
26.89,7.05,24.6,-0.28,-0.04,1.7,0
28.22,6.61,17.8,-0.0,0.02,0.7,0
27.72,6.91,15.2,-0.2,-0.15,-0.8,0
25.2,6.49,19.6,-0.02,-0.03,0.1,0
30.65,6.77,17.5,1.3,-0.01,0.0,0
32.39,7.01,13.5,0.22,0.03,-0.1,0
25.75,6.77,15.3,0.0,0.0,0.5,0
29.06,6.9,33.6,-0.18,-0.01,17.1,0
27.61,7.07,27.2,-0.09,0.01,0.4,0
27.04,7.34,22.2,-0.08,0.04,1.8,0
27.73,6.62,14.8,0.16,0.02,-0.1,0
29.91,6.65,20.3,-0.07,0.01,0.2,0
26.76,6.71,14.7,0.03,0.0,0.0,0
31.95,7.19,15.9,0.15,0.06,1.7,0
32.68,7.13,11.5,0.17,0.01,-0.0,0
30.23,6.94,23.2,-0.25,-0.04,-1.5,0
27.12,6.38,19.8,0.32,0.02,0.3,0
27.77,6.56,22.4,0.18,0.01,1.2,0
27.3,6.92,27.9,0.1,0.03,-1.2,0
27.45,6.81,31.7,0.05,0.11,-1.9,0
26.36,6.73,12.7,0.1,0.01,-0.1,0
25.27,7.19,7.6,-0.04,-0.01,-2.3,0
27.11,7.29,22.3,0.02,0.1,1.8,0
31.93,6.99,15.2,-0.08,-0.04,0.4,0
28.63,6.72,33.8,-0.01,0.05,15.8,0
27.64,6.82,23.3,-0.03,-0.01,1.4,0
29.7,6.66,17.6,-1.29,-0.04,-0.8,0
32.42,7.02,13.5,0.24,0.04,-0.1,0
32.26,7.16,11.5,-0.09,-0.04,0.2,0
28.37,7.12,29.7,-0.11,0.03,-1.1,0
28.46,6.91,21.9,0.03,-0.0,-0.9,0
27.48,6.64,23.5,0.15,0.02,4.5,0
26.28,7.21,26.4,-0.25,0.01,-1.4,0
26.43,6.52,31.0,-0.22,-0.0,0.3,0
29.9,6.75,20.4,-3.57,0.03,-0.1,0
24.9,6.97,19.4,-0.69,-0.01,-0.6,0
26.73,6.67,16.3,-0.02,0.06,0.1,0
29.48,7.25,22.7,0.05,0.03,-1.8,0
26.05,6.72,12.8,-0.12,-0.0,0.1,0
27.81,7.06,23.1,-0.39,-0.01,-0.7,0
25.38,7.17,8.1,0.13,0.08,0.9,0
26.88,6.87,26.9,0.08,0.0,-2.0,0
31.33,7.13,11.9,-0.21,-0.03,-0.7,0
25.81,6.41,17.5,0.09,-0.01,0.9,0
29.04,6.48,42.2,0.21,-0.0,-4.8,0
26.75,7.11,6.5,-0.2,0.03,-0.6,0
26.2,7.18,5.7,-0.17,0.01,-0.7,0
33.1,7.38,4.5,0.07,0.04,0.7,0
27.97,6.66,15.6,-0.15,0.02,0.6,0
29.81,6.84,21.4,-1.19,-0.01,3.0,0
28.81,6.68,17.1,-0.91,-0.03,-0.8,0
25.1,6.8,12.5,-0.71,-0.06,0.3,0
28.14,7.22,10.7,-0.18,-0.01,-0.6,0
29.09,6.61,23.7,-0.12,-0.08,1.1,0
25.64,7.08,8.8,0.16,0.03,-0.0,0
26.91,6.73,24.5,-0.19,-0.01,-0.2,0
27.82,6.89,34.4,-0.05,0.05,16.0,0
24.65,7.34,8.4,-4.18,0.0,-0.1,0
31.2,6.56,20.9,0.13,-0.03,-0.9,0
29.73,7.11,12.9,-0.03,-0.01,-0.3,0
26.64,6.73,14.6,-0.08,0.01,-0.1,0
30.17,7.16,8.1,3.4,0.01,-0.2,0
26.76,6.55,29.4,0.05,0.0,1.6,0
25.94,6.62,18.9,0.05,0.03,-0.6,0
27.74,6.54,15.6,-0.1,-0.01,-0.5,0
28.56,6.63,15.2,0.22,0.03,-0.2,0
27.7,6.87,16.0,-0.09,-1.53,0.3,0
26.09,7.46,5.2,-0.13,-0.03,0.2,0
25.65,6.74,13.3,0.09,-0.08,-1.6,0
32.37,7.17,11.5,0.05,0.01,0.1,0
27.48,6.55,15.9,-0.05,-0.03,-0.5,0
25.86,7.27,4.8,-0.1,-0.01,-0.9,0
25.38,7.1,9.2,-0.02,-0.01,-0.4,0
32.81,7.07,12.7,-0.02,-0.01,0.7,0
26.99,6.5,20.7,0.0,-0.07,0.9,0
27.99,6.49,21.2,0.09,0.02,-0.6,0
27.15,7.29,24.1,0.01,0.01,1.4,0
27.68,6.92,30.6,-0.13,0.0,2.6,0
32.65,7.16,12.2,0.1,0.03,-0.2,0
27.52,6.64,22.4,0.37,0.01,-0.6,0
32.13,7.04,13.7,-0.11,0.01,0.2,0
26.95,6.95,22.7,0.11,-0.02,-1.8,0
26.3,6.73,12.3,-0.01,-0.01,-0.7,0
25.34,6.8,12.5,-0.42,-0.04,0.2,0
27.67,6.67,22.6,-0.01,0.02,2.0,0
27.5,6.6,17.3,-0.12,-0.01,-0.2,0
27.29,6.82,25.5,0.0,-0.01,-0.8,0
32.17,7.38,7.2,-0.02,0.01,-0.4,0
26.4,6.84,19.4,0.04,-0.0,-0.2,0
28.26,6.61,22.8,0.2,-0.02,6.0,0
26.92,7.07,29.0,-0.13,0.03,1.7,0
29.05,7.25,10.9,-0.24,-0.01,-1.0,0
29.68,7.09,20.8,-0.7,-0.03,2.3,0
31.78,7.36,7.8,0.08,-0.0,0.6,0
28.49,6.72,18.6,0.03,-0.06,-0.8,0
32.1,7.1,11.6,-0.19,-0.1,0.4,0
31.83,7.03,15.3,-0.03,0.01,1.1,0
26.81,6.68,15.6,0.08,-0.01,-0.4,0
23.82,7.51,8.6,-5.36,0.04,0.1,0
25.23,6.44,18.8,0.01,-0.05,-0.7,0
27.45,6.8,28.9,0.04,0.0,-2.1,0
27.75,6.52,20.1,0.14,0.0,0.4,0
27.16,6.93,22.8,0.14,0.01,-1.6,0
25.69,7.04,9.4,0.11,0.03,-0.4,0
31.06,7.43,7.1,1.79,-0.0,-0.7,0
27.49,7.26,26.1,0.05,-0.0,2.4,0
27.35,5.69,16.0,0.1,-0.11,0.8,0
25.17,7.11,9.3,-0.01,-0.0,-0.3,0
27.7,6.9,21.8,-0.1,-0.07,-0.8,0
25.73,6.58,19.1,0.05,0.02,-0.5,0
28.92,6.47,20.6,-0.21,-0.02,-0.1,0
26.45,6.72,23.1,-0.14,-0.05,0.9,0
27.42,6.4,3.7,-0.06,0.01,-0.1,0
31.25,6.97,12.9,-0.15,0.02,-0.5,0
26.92,6.61,14.8,-0.08,0.03,0.2,0
31.51,6.48,22.0,-0.12,0.02,0.3,0
27.19,6.76,30.9,0.18,0.24,-1.5,0
31.78,7.4,6.8,-0.02,0.02,0.1,0
27.55,6.56,16.4,-0.16,0.04,-0.5,0
30.39,7.06,15.7,-0.15,-0.04,0.2,0
26.13,7.16,5.1,-0.03,-0.01,-0.7,0
28.06,6.73,22.8,0.03,-0.01,-0.5,0
27.92,7.18,26.9,-0.19,0.01,-1.6,0
30.01,7.23,13.7,0.13,-0.04,-0.4,0
31.6,7.21,2.9,0.14,0.04,-1.7,0
27.8,6.86,24.3,-0.2,0.04,2.0,0
27.7,6.65,21.5,0.13,0.01,-1.1,0
26.79,7.07,24.8,-0.22,-0.03,1.6,0
25.28,7.0,12.6,-2.5,-0.05,1.3,0
29.36,6.71,17.6,-2.29,-0.05,-0.9,0
28.28,6.44,20.6,0.1,-0.01,-0.1,0
27.79,6.7,17.1,-0.04,-0.01,-1.2,0
32.14,7.3,8.7,0.06,0.0,0.4,0
30.11,6.73,20.7,-0.2,0.0,-1.2,0
25.81,7.17,7.5,0.22,0.0,1.6,0
29.78,6.82,18.8,0.01,0.02,-26.0,0
32.02,7.03,13.3,-0.04,-0.0,0.1,0
25.21,7.25,3.8,0.04,0.0,-0.2,0
25.93,6.79,13.3,-0.01,-0.04,0.2,0
30.98,7.15,11.9,1.21,-0.05,-1.5,0
32.3,7.45,3.9,-0.02,0.02,0.1,0
27.53,6.86,29.0,0.03,0.01,-1.9,0
32.03,7.39,7.6,-0.01,0.01,-0.3,0
27.15,6.5,22.0,-0.14,-0.01,-0.5,0
29.04,6.7,17.0,-0.05,-0.03,-0.8,0
28.05,6.69,33.1,0.18,-0.01,-3.2,0
32.69,7.23,9.3,0.21,-0.03,0.5,0
32.23,6.51,21.6,-0.2,0.01,-0.3,0
26.75,6.61,14.4,0.05,-0.37,1.2,0
25.99,7.27,4.7,-0.04,0.01,-0.6,0
25.28,6.66,15.9,-0.08,0.05,-0.1,0
27.55,6.56,16.0,0.16,-0.02,0.2,0
26.13,7.13,13.6,-4.71,-0.03,2.0,0
27.83,7.18,27.6,-0.02,0.03,-1.0,0
28.42,7.79,8.7,-0.04,0.56,-0.9,0
26.05,7.28,8.6,-0.01,0.01,0.1,0
31.69,7.4,6.9,0.12,0.02,0.0,0
27.93,6.66,15.2,-0.19,-0.0,-0.6,0
26.99,6.4,20.8,0.05,-0.01,0.1,0
30.49,6.73,21.6,-0.19,-0.01,0.8,0
25.85,6.73,12.8,-0.3,-0.01,0.2,0
32.44,7.19,11.9,0.39,0.03,-0.4,0
31.98,7.04,12.4,0.24,-0.02,0.3,0
27.14,6.72,30.5,-0.09,0.01,1.9,0
31.25,6.96,12.8,-0.04,-0.03,-0.4,0
28.8,6.9,22.6,0.52,0.04,-0.6,0
30.45,6.39,20.4,0.19,0.02,-0.1,0
32.25,7.36,7.2,-0.06,-0.02,1.5,0
25.63,6.51,16.1,-0.16,0.01,-1.4,0
29.48,6.97,31.8,-0.22,-0.03,17.0,0
29.79,6.72,17.7,0.06,-0.04,-0.2,0
27.38,6.87,22.8,0.02,0.0,0.0,0
29.9,7.06,13.7,-0.05,-0.01,1.0,0
25.64,6.75,15.3,-0.0,-0.01,0.3,0
31.71,7.25,9.9,0.2,0.04,-1.0,0
27.82,7.23,20.6,0.03,-0.02,0.8,0
29.8,6.68,26.0,-0.07,-0.03,-1.1,0
26.65,6.78,25.8,-0.19,-0.01,1.5,0
26.19,6.56,17.0,-0.15,-0.0,1.1,0
25.56,6.74,12.6,-0.81,-0.02,-0.1,0
26.04,7.0,10.2,-0.14,-0.02,-0.4,0
32.36,7.19,11.1,-0.02,0.01,-0.4,0
32.37,7.4,9.0,0.02,0.02,1.2,0
26.75,6.66,23.4,-0.11,0.04,1.1,0
26.99,6.74,27.1,0.14,-0.01,-1.8,0
29.61,6.45,20.4,0.17,-0.02,0.8,0
30.56,6.64,21.9,-0.06,-0.07,0.4,0
27.73,6.92,25.0,0.12,0.02,1.1,0
28.3,6.75,31.1,0.16,0.0,-0.3,0
28.07,7.08,27.8,0.01,-0.07,1.7,0
25.95,6.51,18.8,0.01,0.0,-0.6,0
31.68,7.17,14.0,0.16,0.01,0.3,0
32.23,7.23,9.1,-0.01,0.0,0.6,0
24.7,7.24,19.3,-1.11,-0.02,-0.8,0
31.42,7.29,10.6,-0.29,0.03,0.6,0
27.09,6.26,15.1,0.05,-0.37,0.4,0
26.8,5.61,22.8,0.17,-0.61,0.4,0
27.61,6.79,25.0,-0.11,-0.01,0.7,0
27.04,6.27,20.9,0.1,-0.01,-0.1,0
27.9,6.53,16.6,-0.03,0.0,-0.4,0
30.63,6.74,23.9,-0.07,-0.0,-1.2,0
25.52,7.06,9.0,0.05,0.02,-0.0,0
26.59,6.47,20.4,0.15,-0.02,-0.5,0
28.97,6.8,17.8,-2.26,-0.05,-0.5,0
25.81,7.02,9.6,0.02,0.02,-0.4,0
26.75,6.69,16.4,0.21,-0.01,2.8,0
27.39,6.65,15.5,0.05,-0.0,0.7,0
26.71,6.71,19.1,-0.22,0.02,0.4,0
29.18,6.49,18.5,0.11,0.01,-23.3,0
27.22,6.59,16.3,-0.24,-0.04,0.1,0
30.71,7.29,8.7,0.11,-0.03,0.5,0
30.2,6.59,24.0,-0.23,-0.01,-1.5,0
29.56,7.22,18.5,-0.33,-0.04,1.8,0
31.01,6.76,19.1,3.1,0.0,-0.1,0
31.09,7.12,11.7,-0.26,-0.04,-0.7,0
27.19,7.22,22.0,0.12,0.04,-0.2,0
31.66,7.15,7.7,0.19,0.02,-0.5,0
25.99,6.41,17.4,0.24,0.01,0.8,0
32.0,7.02,15.3,-0.04,-0.03,0.3,0
25.75,7.26,4.6,-0.24,0.0,-0.6,0
30.17,6.75,28.3,-0.23,0.01,3.5,0
28.17,6.55,20.2,-0.21,0.01,0.4,0
27.49,6.41,20.5,0.25,-0.02,1.2,0
28.06,6.63,21.2,0.09,0.03,-0.8,0
31.79,7.14,15.2,-0.11,-0.08,-0.3,0
28.51,7.03,9.5,1.97,0.02,0.5,0
24.24,7.08,11.1,-2.75,0.05,0.3,0
30.16,7.11,12.5,2.44,-0.03,-1.0,0
28.84,7.17,11.0,-0.33,-0.02,-0.5,0
32.06,7.04,11.5,-0.05,-0.03,0.4,0
26.64,7.12,5.8,0.06,0.0,-1.1,0
30.75,7.15,11.4,0.03,-0.08,-0.8,0
29.16,6.93,14.0,0.08,0.6,1.2,0
28.07,6.63,21.9,0.25,0.01,5.4,0
27.56,6.92,24.6,-0.1,0.02,2.0,0
32.12,7.48,7.1,0.08,0.03,-0.3,0
27.66,6.54,17.5,0.06,0.03,-0.0,0
26.5,6.49,20.5,-0.01,0.02,-0.2,0
26.12,6.59,32.4,-2.08,-0.02,-1.0,0
28.67,7.28,11.0,-0.3,-0.01,-1.0,0
24.88,7.11,16.5,0.11,-0.07,-0.4,0
25.98,6.78,12.4,-0.04,-0.01,-1.2,0
25.24,6.55,17.9,0.09,-0.07,1.9,0
32.39,7.3,7.6,-0.09,-0.0,-1.9,0
26.85,7.06,27.0,0.17,-0.01,1.3,0
27.95,6.56,16.8,0.2,-0.01,-0.1,0
29.68,7.02,16.5,-0.05,-0.04,0.6,0
23.11,7.17,5.2,0.69,0.02,0.0,0
30.95,7.15,11.3,-0.04,-0.04,-0.6,0
28.19,7.03,29.1,-0.15,0.0,-2.0,0
28.65,6.67,16.5,0.08,-0.01,-1.1,0
32.34,7.33,7.9,-0.13,-0.01,-0.2,0
29.97,7.24,13.7,0.15,-0.04,-0.4,0
26.32,6.5,30.6,-0.12,0.0,-0.6,0
27.31,6.64,16.2,-0.08,0.0,-0.6,0
28.81,6.79,22.9,-0.0,-0.02,-2.0,0
29.61,6.51,19.8,0.07,0.01,-0.2,0
26.95,6.84,27.1,-0.13,-0.0,1.8,0
27.96,6.76,28.3,0.21,0.06,-2.7,0
32.19,7.36,7.2,-0.04,0.0,-0.4,0
28.87,6.57,40.8,0.21,-0.0,-4.4,0
27.31,6.79,27.2,0.02,0.02,-1.7,0
27.22,6.44,25.0,-0.16,-0.02,-1.3,0
31.41,6.51,22.5,-0.14,-0.0,1.8,0
32.21,7.04,13.7,-0.06,0.01,0.2,0
28.94,6.92,22.9,0.05,0.0,-1.9,0
27.53,6.86,27.4,0.01,0.01,-1.2,0
27.33,6.83,28.5,-0.01,0.0,0.2,0
32.65,7.24,7.1,0.13,-0.02,-0.9,0
27.54,6.75,19.9,-2.8,0.05,-0.6,0
27.91,6.95,26.3,-0.14,0.08,1.4,0
32.26,7.13,11.7,0.25,0.04,-0.5,0
28.41,6.45,19.3,0.11,0.01,0.1,0
28.36,7.31,9.0,0.18,0.03,-0.6,0
28.52,6.61,21.3,-0.21,-0.02,6.6,0
30.09,7.13,11.2,-0.03,-0.02,-0.6,0
27.2,7.32,22.3,0.17,-0.07,-0.0,0
32.62,7.31,8.0,-0.03,0.0,-0.4,0
27.69,7.24,20.7,-0.05,-0.02,0.4,0
27.13,6.75,30.9,0.17,0.23,-1.5,0
26.31,6.66,13.2,-0.25,-0.02,-1.1,0
30.55,7.31,10.4,-0.02,-0.0,-0.2,0
32.44,7.28,8.1,-0.11,0.01,-0.3,0
29.43,6.88,23.9,-0.37,0.0,0.7,0
29.43,7.17,28.2,0.11,0.01,14.0,0
26.24,5.68,22.8,-0.05,-0.21,-0.3,0
25.22,6.71,12.5,-0.86,-0.03,0.2,0
29.18,6.99,33.4,-0.07,0.01,16.7,0
26.05,7.2,6.5,-0.31,-0.01,0.2,0
32.04,7.55,3.8,-0.05,0.01,0.8,0
28.91,6.7,23.6,-0.04,-0.08,1.2,0
28.28,6.85,25.0,0.04,0.01,2.9,0
27.61,7.07,24.2,-0.13,0.03,-1.1,0
27.02,6.95,19.9,0.06,-0.02,-1.4,0
27.57,6.52,16.2,0.19,-0.03,0.2,0
29.71,6.65,25.8,-0.19,-0.05,-0.7,0
25.93,7.02,10.2,-0.22,-0.02,-0.2,0
25.94,6.99,20.4,-0.13,0.01,-1.6,0
26.42,6.5,20.3,0.06,-0.01,-0.3,0
26.29,6.5,20.6,0.28,0.02,0.2,0
30.07,6.67,20.2,-0.03,0.0,-0.5,0
27.49,6.9,23.2,0.15,0.06,-1.4,0
25.76,6.45,17.6,-0.1,0.01,0.2,0
29.75,6.74,22.4,0.22,0.03,-1.2,0
29.06,7.2,23.2,0.17,0.05,-1.9,0
25.9,6.79,14.9,-0.06,-0.01,-0.3,0
30.78,6.5,19.9,0.09,-0.01,-0.6,0
26.13,7.23,4.7,-0.03,0.0,-0.2,0
27.78,6.82,18.3,0.1,-0.0,0.3,0
28.43,6.67,24.6,0.18,0.0,-1.4,0
29.35,6.71,17.6,-2.3,-0.05,-0.8,0
28.83,7.11,23.2,0.03,0.02,0.2,0
28.28,6.57,17.0,-0.05,-0.03,0.5,0
26.09,6.38,20.6,0.02,0.21,-0.0,0
25.98,6.77,12.3,-0.12,-0.03,-2.0,0
26.06,6.46,18.6,-0.12,-0.04,1.2,0
28.29,6.41,20.7,0.11,-0.02,0.0,0
26.93,6.33,21.1,-0.12,-0.01,0.5,0
32.45,7.27,7.2,0.04,-0.01,-0.8,0
25.76,7.05,10.8,-0.37,0.03,-0.1,0
27.64,6.76,15.3,-0.17,-0.04,-0.8,0
26.23,6.71,28.9,-0.06,0.02,-0.2,0
30.32,6.7,24.6,-0.07,-0.03,1.7,0
29.75,6.75,17.5,-1.38,-0.04,-1.2,0
26.95,6.73,23.4,-0.12,-0.02,1.0,0
31.46,7.39,8.0,0.1,-0.01,0.8,0
26.77,6.64,23.3,-0.31,0.02,1.4,0
26.58,6.88,25.0,0.06,0.02,0.9,0
29.17,7.3,9.1,-0.06,0.1,-1.7,0
25.58,7.07,9.1,0.08,0.02,-0.2,0
27.37,6.45,14.9,0.08,0.65,-0.9,0
27.49,6.69,22.4,0.35,0.02,-0.5,0
31.66,7.18,10.1,0.3,0.04,-0.7,0
32.24,7.07,14.7,0.0,-0.04,-0.2,0
26.52,6.8,27.7,0.13,-0.03,-1.0,0
26.28,6.88,23.2,-0.05,0.01,-1.1,0
31.23,6.95,12.7,-0.01,-0.03,-0.4,0
27.88,6.46,19.3,0.27,0.02,-1.8,0
26.39,6.75,12.4,0.01,-0.01,-0.5,0
30.03,6.8,17.7,0.02,-0.04,-0.7,0
30.6,6.7,20.2,-0.13,0.0,0.9,0
32.42,7.02,13.5,0.24,0.04,-0.1,0
25.64,6.73,13.3,0.07,-0.08,-1.6,0
26.43,6.85,14.5,-0.03,-0.01,-0.2,0
27.54,6.95,23.0,0.2,0.06,-1.3,0
26.54,6.66,27.6,-0.06,-0.03,-0.2,0
29.43,6.83,24.3,0.01,-0.01,-2.3,0
26.58,6.47,20.2,0.09,-0.02,-0.3,0
26.56,6.8,23.1,-0.15,-0.04,0.9,0
29.92,6.75,20.2,-0.14,0.0,0.1,0
32.65,7.24,7.1,0.13,-0.02,-0.9,0
26.18,5.72,22.7,-0.09,-0.01,-0.3,0
28.75,6.96,23.9,-0.11,-0.02,0.9,0
26.15,7.21,4.7,0.01,0.01,-0.4,0
26.99,6.62,16.0,0.01,0.02,-0.7,0
25.35,6.62,16.1,-0.03,-0.01,-1.4,0
27.02,6.37,19.7,0.32,0.01,0.3,0
30.43,7.35,10.0,0.01,-0.01,-0.3,0
27.7,7.16,25.3,-0.24,0.04,-0.5,0
30.37,7.31,11.5,-1.88,-0.08,4.0,0
30.94,6.95,14.3,-0.12,-0.04,0.1,0
25.67,7.19,7.2,0.2,-0.0,0.2,0
25.29,7.03,13.9,-0.15,0.02,-0.3,0
27.57,7.08,22.0,0.03,-0.04,1.0,0
32.2,7.53,3.5,0.16,0.01,0.1,0
32.21,7.52,3.0,0.08,0.01,-0.2,0
27.39,6.81,30.5,-0.11,0.02,2.2,0
26.94,6.66,15.8,0.02,0.01,-0.5,0
26.66,6.61,15.6,-0.04,-0.03,-0.2,0
26.04,6.7,20.5,-0.08,0.03,-1.4,0
26.55,6.6,15.5,0.18,-0.03,-0.1,0
26.31,6.75,16.1,0.18,-0.02,2.9,0
30.6,7.33,9.5,0.15,-0.01,0.2,0
32.46,7.41,4.5,-0.15,0.02,0.2,0
25.72,7.12,7.4,0.17,0.0,-0.0,0
29.35,7.3,22.7,0.1,0.04,-1.8,0
30.65,6.6,22.2,0.03,-0.09,0.0,0
32.12,7.44,7.9,0.17,0.02,0.3,0
32.62,7.25,12.4,-0.06,-0.03,0.5,0
27.36,6.99,24.5,-0.14,0.17,4.4,0
28.74,6.64,21.5,-0.04,-0.01,6.6,0
27.88,7.03,10.2,-0.09,-0.02,-0.2,0
30.25,6.71,23.7,-0.25,-0.02,-1.5,0
26.09,7.12,7.3,0.06,-0.01,0.3,0
26.21,6.68,16.2,-0.05,-0.05,0.4,0
31.38,6.51,21.9,-0.02,0.01,0.2,0
27.97,6.64,23.5,0.36,0.01,5.8,0
29.03,6.78,17.8,-2.33,-0.05,-0.4,0
27.98,6.68,36.2,-0.21,-0.05,19.4,0
27.1,7.0,26.3,-0.26,0.01,1.5,0
26.14,5.82,22.5,-0.07,0.12,-0.1,0
29.5,6.65,23.8,-0.07,-0.02,-2.1,0
25.4,6.49,18.6,0.03,-0.03,-0.9,0
28.98,6.8,15.4,-0.21,-0.04,-1.4,0
26.49,6.69,16.4,-0.22,-0.09,-0.1,0
29.66,7.15,13.0,0.01,-0.01,-0.4,0
25.72,6.79,12.5,-0.26,-0.02,-0.9,0
32.65,7.3,8.4,0.03,0.05,0.0,0
26.48,6.54,30.2,-0.0,0.03,-1.2,0
25.81,7.01,8.9,-0.03,-0.01,-0.0,0
32.17,7.02,12.9,0.08,-0.01,0.1,0
26.21,6.4,22.9,-0.08,-0.02,-0.7,0
26.6,6.64,15.6,0.19,0.0,-0.2,0
27.37,6.84,22.8,0.02,0.0,-0.0,0
28.24,6.6,15.0,0.17,0.02,-0.3,0
27.18,6.83,28.8,-0.03,-0.01,-0.0,0
27.1,6.81,15.8,-0.2,-0.03,-0.5,0
26.18,6.48,20.5,0.25,0.17,-0.1,0
27.7,7.5,8.3,-0.17,0.36,0.8,0
32.13,7.25,8.5,0.18,0.0,-0.5,0
26.74,6.45,20.1,0.15,-0.01,-0.1,0
27.21,6.5,15.2,0.32,-0.03,1.1,0
31.94,7.15,9.9,0.04,0.3,0.8,0
32.45,7.52,3.4,0.27,0.0,0.2,0
29.4,6.68,23.7,-0.04,-0.01,-2.2,0
26.45,7.29,21.2,-0.1,-0.01,2.1,0
25.59,6.62,18.9,0.03,0.01,-0.4,0
27.51,6.7,15.7,-0.04,0.0,0.4,0
27.72,7.07,25.4,0.01,0.01,2.8,0
29.38,6.9,20.2,-0.31,-0.01,-10.3,0
27.4,7.02,28.3,0.09,0.02,-1.2,0
27.41,6.79,30.5,-0.11,0.02,2.2,0
27.86,6.64,7.7,0.16,-0.4,0.2,0
30.09,7.14,12.7,2.51,-0.03,-0.9,0
26.73,5.7,22.3,0.06,0.09,-0.0,0
26.96,6.41,20.9,-0.07,-0.05,0.8,0
28.74,7.34,23.0,0.21,0.05,-1.8,0
31.65,7.19,8.3,0.16,-0.03,-0.5,0
24.87,7.17,15.7,0.05,-0.1,-1.5,0
26.06,7.33,8.6,-0.1,0.0,0.1,0
27.43,6.86,24.3,-0.23,-0.01,0.0,0
32.2,7.09,13.2,0.1,0.02,0.6,0
27.01,6.9,27.9,0.06,-0.02,-1.8,0
27.62,6.52,20.1,0.13,-0.01,0.3,0
27.69,6.65,21.6,0.16,0.02,-1.1,0
32.72,7.31,8.1,0.03,0.01,-0.5,0
32.21,7.45,7.6,0.16,0.0,-0.2,0
27.7,6.54,16.3,-0.23,-0.0,-0.6,0
27.69,6.82,34.5,0.18,0.03,-0.5,0
31.63,6.52,21.6,0.1,-0.01,-0.4,0
28.51,7.03,9.5,1.96,0.02,0.5,0
30.16,7.33,9.4,-0.05,-0.02,-0.7,0
28.33,6.62,17.1,-0.07,-0.01,0.6,0
24.96,7.03,16.3,0.07,-0.06,-0.4,0
28.81,6.58,21.7,0.0,-0.04,-0.3,0
28.39,6.38,20.6,-0.05,-0.01,0.2,0
26.34,6.48,20.5,0.08,0.12,-0.2,0
26.66,6.22,21.5,0.12,0.07,-0.3,0
28.69,7.27,11.0,-0.3,-0.01,-1.0,0
26.01,7.29,4.7,-0.18,-0.02,0.3,0
26.35,7.16,6.4,-0.25,0.02,-0.5,0
27.24,7.13,23.0,0.09,0.05,-2.2,0
27.07,6.36,21.2,-0.07,-0.01,0.6,0
26.62,6.77,15.3,0.31,0.02,0.3,0
27.18,6.88,27.4,-0.06,-0.01,1.0,0
28.04,6.83,26.3,-0.15,-0.0,1.4,0
25.69,7.07,9.5,0.18,0.03,-0.4,0
29.02,6.99,20.4,-0.15,0.0,1.9,0
26.14,6.35,20.5,-0.08,0.07,-1.4,0
30.08,6.62,25.0,-0.02,-0.01,4.0,0
31.98,7.26,5.7,0.2,-0.01,-1.0,0
30.45,6.75,18.7,-1.29,-0.08,1.6,0
28.2,6.47,20.0,0.09,0.03,0.6,0
32.0,7.15,11.6,0.14,0.02,-0.5,0
32.63,7.41,4.6,0.05,0.0,-0.0,0
30.5,7.03,12.3,0.0,0.0,-0.6,0
27.47,6.88,3.4,-0.13,0.0,-0.2,0
32.09,7.35,7.1,0.61,0.01,0.0,0
27.3,6.84,20.6,0.15,-0.02,1.2,0
28.39,6.88,16.9,-0.12,0.03,-0.3,0
26.31,6.63,21.5,-0.04,0.0,0.5,0
27.27,6.5,20.8,-0.14,0.02,-1.1,0
29.38,6.87,17.6,0.34,-0.13,1.7,0
26.39,6.48,20.5,0.04,0.09,-0.2,0
25.91,7.17,4.3,0.18,0.06,0.1,0
27.0,6.96,10.9,0.07,-0.02,0.3,0
26.54,5.62,23.2,-0.14,0.02,0.3,0
25.92,7.27,8.7,-0.06,0.01,0.0,0
28.2,6.63,17.3,-0.24,-0.0,0.5,0
25.35,7.26,4.0,0.03,0.01,0.2,0
30.14,6.81,17.0,0.08,0.0,0.1,0
28.78,6.77,18.8,0.1,-0.02,0.5,0
28.02,6.65,21.2,0.06,0.02,-0.9,0
31.23,6.97,12.9,-0.14,0.02,-0.5,0
30.81,6.82,17.4,0.83,-0.02,0.1,0
26.16,6.98,21.6,-0.05,-0.0,0.8,0
25.35,7.11,9.1,0.04,0.01,-0.3,0
29.62,6.7,29.1,-0.16,-0.02,2.7,0
28.13,6.6,18.1,0.09,-0.12,-0.2,0
27.0,6.59,15.1,0.03,0.03,0.6,0
30.31,6.96,15.4,-0.01,0.02,0.8,0
27.22,7.03,20.6,-0.41,0.01,-0.3,0
28.9,7.12,27.6,-0.09,-0.03,2.0,0
29.83,7.55,20.3,-0.09,0.53,-2.0,0
25.66,6.98,17.6,0.04,-0.0,-0.9,0
26.45,6.8,28.5,0.15,0.0,0.6,0
26.0,7.18,6.1,-0.07,-0.0,-0.8,0
27.39,6.48,19.6,0.12,-0.02,-1.0,0
29.06,6.71,25.3,-0.02,0.03,-0.7,0
26.42,6.98,21.1,-0.05,-0.01,0.6,0
30.49,6.75,17.4,0.35,-0.01,0.3,0
32.78,7.13,11.4,0.22,0.0,-0.1,0
32.35,7.32,7.9,-0.17,-0.01,-0.2,0
28.54,7.11,23.8,-0.15,-0.03,-0.2,0
26.89,7.03,27.1,0.13,-0.01,1.3,0
28.57,7.22,27.3,-0.3,0.02,-0.1,0
31.87,7.01,13.3,0.15,0.02,0.5,0
30.07,6.88,17.7,0.02,-0.04,-1.2,0
28.0,6.66,18.1,0.08,-0.08,-0.2,0
26.87,7.06,23.2,0.03,0.1,-0.0,0
26.49,6.66,19.1,-0.13,-0.01,0.1,0
27.54,7.04,26.5,-0.19,0.15,1.3,0
26.51,7.13,4.9,2.84,-0.02,0.1,0
29.81,6.7,29.2,-0.2,-0.03,2.7,0
25.81,7.14,7.6,0.13,0.01,1.4,0
28.93,6.94,18.9,0.04,-0.04,-0.2,0
27.38,6.82,27.3,-0.02,-0.01,-1.8,0
26.53,6.48,20.4,0.03,0.0,-0.2,0
32.2,7.44,7.6,0.16,0.0,-0.2,0
25.96,6.79,13.3,-0.01,-0.03,0.2,0
27.14,6.48,20.6,0.17,0.01,-0.2,0
26.26,7.15,7.1,0.09,-0.01,0.3,0
27.19,7.09,22.9,-0.07,0.03,1.4,0
27.38,6.8,28.9,0.09,0.01,-2.1,0
28.34,5.81,13.1,-0.03,-0.92,0.2,0
28.2,6.86,21.9,-0.06,0.0,-1.2,0
28.64,7.06,9.2,3.0,-0.02,0.7,0
28.1,6.72,21.6,0.18,-0.01,5.6,0
28.61,6.64,14.9,0.19,0.0,-0.2,0
28.06,6.69,32.9,0.19,-0.01,-2.9,0
27.62,6.74,16.2,-0.07,-1.41,0.4,0
31.86,7.32,7.7,-0.06,0.01,-0.3,0
26.29,6.69,16.2,-0.06,-0.05,0.5,0
25.64,7.1,7.5,0.14,0.0,0.1,0
27.97,6.74,18.6,-0.25,0.06,0.7,0
32.67,7.32,3.8,0.28,-0.0,-1.4,0
27.55,6.52,20.1,0.12,-0.02,0.3,0
26.99,6.94,27.9,0.1,0.0,-1.5,0
32.15,7.52,2.9,-0.13,0.0,0.4,0
32.62,7.14,11.5,0.14,0.01,0.0,0
29.96,6.91,23.5,-0.02,0.06,-2.1,0
25.85,7.02,9.6,-0.02,0.01,-0.4,0
32.24,7.37,7.4,-0.05,-0.0,-0.4,0
31.76,7.2,7.8,-0.01,0.01,-0.9,0
32.25,7.42,7.7,0.1,-0.0,-0.2,0
30.14,6.77,20.3,0.27,0.12,1.8,0
29.83,6.67,26.0,-0.12,-0.04,-0.8,0
28.03,6.88,24.9,-0.05,0.01,1.0,0
32.28,7.38,7.3,-0.04,-0.01,1.3,0
28.79,6.62,22.0,-0.16,-0.05,-0.6,0
27.42,6.94,27.3,-0.1,0.0,0.6,0
25.38,7.18,1.9,-0.11,0.0,-2.1,0
27.45,7.2,23.0,0.26,-0.02,-1.7,0
32.0,7.4,6.8,-0.15,-0.04,-1.4,0
26.09,6.74,15.6,0.04,0.01,0.8,0
27.04,6.62,20.7,-0.01,-0.06,0.9,0
27.92,6.96,21.1,0.22,-0.02,-1.6,0
30.52,6.75,21.6,-0.2,0.0,0.9,0
26.37,6.76,29.1,-0.07,0.01,0.2,0
25.77,6.77,12.7,-0.63,-0.02,-0.2,0
27.03,7.21,22.8,0.14,-0.06,-0.1,0
30.72,6.7,21.7,-0.18,0.0,1.1,0
27.16,7.2,26.4,-0.37,-0.01,1.5,0
29.33,6.88,22.7,-0.06,-0.02,-2.0,0
27.71,6.6,22.5,0.01,0.01,1.6,0
26.57,6.94,25.1,0.04,0.02,1.0,0
29.17,6.5,20.4,0.03,-0.02,-22.4,0
30.23,6.74,26.5,0.13,-0.01,-1.4,0
27.22,6.86,22.6,0.01,-0.06,-0.9,0
30.08,6.85,45.3,0.21,-0.05,27.7,0
26.0,7.18,13.7,-4.89,-0.03,2.2,0
28.29,7.18,29.6,-0.13,0.04,-1.4,0
26.99,6.28,21.2,0.13,-0.0,-0.0,0
32.51,7.23,12.3,-0.07,-0.02,0.5,0
26.62,5.59,23.3,-0.14,0.01,0.3,0
32.93,7.37,4.4,0.02,0.04,0.6,0
25.92,6.73,12.8,-0.2,-0.01,0.2,0
28.9,7.03,19.0,0.05,-0.02,0.2,0
30.2,6.71,22.3,-0.14,-0.12,1.1,0
29.93,6.84,24.6,-0.13,-0.01,0.8,0
26.2,7.17,5.2,-0.08,-0.24,-0.7,0
26.6,6.63,15.7,-0.01,-0.01,-0.2,0
32.2,6.99,13.6,0.14,-0.03,-0.0,0
31.95,7.0,15.2,0.03,-0.03,0.0,0
32.35,7.06,14.4,0.0,0.01,-0.1,0
26.04,6.4,17.3,0.27,0.02,0.6,0
28.64,6.8,21.9,-0.55,-0.0,2.8,0
25.59,6.83,12.5,-0.06,-0.01,0.1,0
31.71,7.02,15.0,-0.12,-0.07,0.1,0
27.25,6.56,25.3,-0.0,-0.0,-1.5,0
27.1,6.39,20.6,0.14,-0.0,-0.3,0
31.83,7.21,7.8,0.16,-0.0,-0.0,0
31.08,6.62,22.6,-0.16,0.04,0.8,0
25.95,6.97,12.0,-0.24,-0.01,0.2,0
26.08,6.83,12.7,-0.01,-0.02,-1.0,0
28.4,7.03,24.8,0.17,-0.01,-1.2,0
25.5,6.44,16.3,-0.05,0.02,-1.3,0
30.45,7.32,9.7,0.08,0.01,0.6,0
25.98,6.76,20.2,-0.18,0.05,-1.7,0
27.09,7.26,21.9,-0.25,-0.04,1.7,0
29.26,6.65,31.1,-0.02,0.0,0.2,0
28.86,6.88,18.8,0.1,-0.02,0.4,0
32.08,7.06,15.2,0.0,-0.03,0.1,0
30.89,7.28,8.9,-0.09,-0.0,-0.2,0
32.08,7.06,15.3,0.0,-0.03,0.1,0
25.73,6.85,12.2,-0.06,-0.01,0.7,0
28.97,7.2,23.7,-0.11,0.01,0.8,0
31.49,7.03,13.7,0.11,-0.0,0.6,0
28.49,6.88,16.7,-0.24,-0.31,-0.8,0
27.39,6.73,26.8,-0.31,-0.03,1.1,0
26.72,5.71,22.4,0.07,0.02,0.0,0
32.11,7.42,7.6,0.01,0.01,-0.3,0
26.46,6.49,20.3,-0.08,0.01,-0.2,0
31.83,7.44,6.9,0.15,0.03,-0.1,0
25.82,7.1,7.8,-0.03,0.01,1.2,0
28.81,6.58,21.7,0.02,-0.04,-0.3,0
28.87,6.76,17.5,-1.72,-0.04,-0.7,0
31.88,7.36,8.2,0.21,-0.01,0.7,0
32.45,7.37,4.5,0.04,0.0,-0.0,0
25.88,6.8,13.3,-0.01,-0.04,0.2,0
32.4,7.21,9.2,0.0,-0.0,0.7,0
30.2,7.34,9.7,-0.14,-0.01,-0.1,0
32.18,7.25,11.7,-0.07,-0.07,0.5,0
28.51,6.62,15.2,0.21,0.03,-0.2,0
28.36,6.78,18.6,-0.09,-0.01,-0.6,0
25.91,6.78,13.2,-0.17,-0.05,0.5,0
31.82,7.26,10.5,0.03,0.0,-1.3,0
32.41,7.33,7.6,-0.22,-0.01,-1.7,0
25.54,7.03,7.8,0.19,-0.02,0.2,0
28.68,6.98,26.9,-0.18,-0.01,-0.5,0
25.19,6.57,17.8,0.01,-0.07,1.8,0
28.39,7.28,24.1,0.8,0.04,-2.6,0
32.48,7.31,8.2,1.84,0.03,0.1,0
32.49,7.16,11.5,0.05,0.0,0.1,0
31.91,7.35,8.3,0.24,-0.01,0.7,0
25.41,7.12,7.4,0.15,0.0,0.2,0
25.84,7.12,7.5,0.23,-0.01,-0.1,0
25.68,6.58,18.9,0.11,0.01,-0.4,0
31.25,7.13,11.8,-0.23,-0.03,-0.7,0
30.28,6.93,23.3,-0.24,-0.05,-1.5,0
29.57,6.68,29.7,-0.16,-0.04,2.5,0
29.17,6.87,14.4,0.01,0.0,-25.9,0
25.38,7.14,7.4,0.18,0.0,0.2,0
25.04,7.2,7.2,-2.02,-0.07,-0.0,0
29.36,7.46,9.5,3.94,0.05,0.1,0
25.85,7.2,8.3,0.03,-0.01,0.1,0
30.83,7.13,11.4,-0.25,-0.03,-0.5,0
32.08,7.0,13.0,0.05,0.01,0.3,0
30.97,6.69,19.7,0.16,0.01,1.1,0
25.84,7.02,9.0,0.0,-0.01,-0.2,0
30.11,7.34,9.6,-0.2,-0.01,-0.1,0
25.79,7.17,4.6,-0.27,0.01,-0.2,0
28.95,7.28,9.3,3.5,0.02,0.4,0
31.79,6.48,21.8,0.05,0.02,0.1,0
27.27,6.87,27.2,-0.05,0.01,-1.6,0
25.04,7.29,3.7,-0.05,-0.0,-0.3,0
30.5,7.03,12.3,0.0,0.01,-0.6,0
28.47,6.73,18.7,-0.03,0.01,0.6,0
26.77,6.64,15.7,0.02,0.02,-0.1,0
32.35,7.41,5.3,0.21,0.02,-0.5,0
25.94,6.64,17.0,-0.36,-0.03,1.4,0
27.55,6.58,16.0,0.14,-0.02,0.2,0
26.38,6.83,14.5,-0.03,-0.01,-0.2,0
27.31,6.78,25.4,0.11,-0.0,-1.0,0
26.71,6.74,13.1,0.05,-0.01,-0.8,0
29.33,6.45,19.6,0.13,-0.0,0.0,0
31.99,7.08,14.3,0.03,-0.03,-0.3,0
27.95,6.53,50.4,-0.12,0.0,2.5,0
28.57,6.66,17.3,0.18,0.0,0.4,0
32.54,7.51,3.4,0.31,0.0,0.2,0
32.64,7.13,11.5,0.17,0.01,-0.0,0
26.47,6.48,20.3,0.17,-0.01,-0.2,0
31.97,7.31,8.6,0.17,-0.01,0.6,0
27.32,6.64,16.2,-0.08,-0.0,-0.6,0
32.31,7.01,13.3,0.19,0.02,0.0,0
30.7,6.62,24.7,-0.07,0.0,-0.9,0
28.78,6.77,15.2,-0.26,-0.05,-1.7,0
25.94,6.79,13.3,-0.01,-0.0,0.5,0
30.27,6.99,11.7,-0.26,-0.03,-0.8,0
27.61,6.81,23.6,0.51,0.05,5.7,0
26.91,6.27,21.2,-0.13,-0.01,0.4,0
28.9,6.55,23.7,0.02,-0.09,1.4,0
30.59,7.34,9.5,0.15,-0.01,0.3,0
30.0,7.01,16.6,0.06,0.01,0.1,0
29.12,6.9,33.5,-0.18,-0.01,17.1,0
30.24,6.94,8.8,3.25,-0.02,0.5,0
26.5,6.68,13.1,-0.2,-0.01,-1.0,0
31.88,6.96,14.7,0.04,-0.03,-0.3,0
25.49,7.07,7.6,0.11,-0.01,0.2,0
30.5,7.12,11.5,-0.28,-0.05,0.4,0
25.49,6.72,15.2,-0.02,-0.03,-0.0,0
32.51,7.05,13.7,0.1,-0.03,0.5,0
28.55,6.57,18.4,0.15,-0.14,-0.5,0
30.6,6.73,21.7,-0.19,0.0,1.0,0
31.12,7.2,8.5,0.0,-0.03,-0.3,0
29.13,6.71,17.3,0.16,0.0,-1.1,0
28.95,7.42,15.2,-0.27,0.75,-0.4,0
26.98,6.47,20.8,-0.02,-0.07,0.8,0
27.51,6.53,15.9,-0.05,-0.02,-0.5,0
27.77,7.16,16.1,-0.13,0.24,2.0,0
26.59,7.01,23.5,0.04,0.02,-0.9,0
27.23,6.28,3.4,-0.15,0.27,-0.6,0
26.21,6.47,19.1,-0.01,-0.01,1.2,0
32.06,7.11,16.7,0.06,-0.02,1.6,0
30.99,6.88,17.3,0.05,-0.04,0.3,0
25.63,7.16,12.8,-3.68,-0.01,2.0,0
32.66,7.12,11.4,0.32,0.02,-0.1,0
31.99,7.05,12.3,-0.23,-0.02,-0.4,0
26.89,7.13,23.1,0.12,-0.04,-0.2,0
31.92,7.19,12.1,-0.11,0.04,0.9,0
27.71,6.96,21.8,-0.16,-0.09,-0.7,0
31.78,6.86,9.4,0.13,-0.29,0.0,0
26.02,7.3,4.7,-0.17,-0.02,0.4,0
30.54,7.33,9.2,0.2,-0.01,0.7,0
26.5,6.71,16.3,-0.15,-0.03,0.4,0
28.49,6.57,14.5,-0.09,-0.04,-3.8,0
26.54,6.76,23.2,-0.13,0.02,1.0,0
30.82,6.63,19.9,0.16,0.02,1.0,0
25.57,6.72,12.7,-0.47,-0.02,0.2,0
27.39,6.79,26.7,-0.33,-0.02,1.4,0
33.09,7.39,4.5,0.03,0.03,0.5,0
31.78,7.17,15.4,0.15,0.02,2.1,0
25.7,7.35,4.6,-0.13,0.0,-0.9,0
27.91,6.61,15.7,-0.07,0.01,0.4,0
30.37,6.98,15.4,-0.06,0.01,0.7,0
28.3,6.97,21.9,-0.06,-0.01,-1.2,0
26.41,6.89,26.7,0.17,0.01,1.4,0
30.47,6.9,9.2,2.87,0.03,-0.5,0
25.62,6.56,18.4,0.07,0.0,-1.0,0
25.21,6.83,12.4,-0.51,-0.02,0.3,0
32.53,7.2,13.2,-0.08,-0.03,0.9,0
27.73,6.65,21.4,0.09,0.0,-1.1,0
26.47,6.51,31.1,-0.14,-0.01,0.3,0
26.45,6.78,29.2,-0.07,0.0,0.3,0
31.44,7.11,13.9,0.11,-0.04,-0.1,0
25.36,6.74,12.6,-0.44,-0.02,0.2,0
28.55,6.57,16.7,0.25,0.0,0.8,0
26.48,6.89,23.3,0.0,0.01,-0.9,0
32.62,7.24,12.1,0.05,0.02,-0.5,0
29.49,6.44,19.8,0.1,0.0,-0.1,0
31.97,7.5,7.3,-0.03,-0.02,2.2,0
26.09,7.2,4.6,0.06,0.02,-0.3,0
31.53,6.51,22.0,-0.08,0.01,0.1,0
26.52,6.67,15.5,-0.1,-0.02,-0.3,0
27.21,6.52,25.3,-0.12,-0.01,-1.4,0
26.48,6.52,16.3,-0.09,-0.08,0.0,0
27.51,6.51,26.6,-0.0,-0.03,-1.2,0
25.05,7.29,3.8,-0.05,-0.01,-0.1,0
28.75,6.62,16.8,-0.18,-0.03,-0.9,0
30.31,7.43,7.1,3.32,-0.02,-0.7,0
32.14,7.08,14.8,0.0,-0.06,-0.2,0
25.5,6.55,19.3,-0.3,-0.08,1.0,0
25.88,6.8,13.3,-0.01,-0.04,0.2,0
31.71,6.98,14.9,-0.11,-0.07,0.3,0
31.53,7.27,10.6,-0.23,0.01,0.6,0
28.22,6.66,31.3,0.15,-0.0,-2.0,0
26.77,7.36,6.6,-0.09,0.19,-4.9,0
27.79,6.78,24.6,-0.08,0.03,2.1,0
26.15,7.0,21.5,-0.22,0.02,-0.6,0
28.06,6.69,18.9,-0.21,0.04,0.5,0
25.67,7.02,9.4,0.07,0.02,-0.2,0
31.75,7.14,12.1,-0.21,-0.0,-0.6,0
25.88,6.74,15.5,-0.38,-0.02,-1.7,0
29.98,6.7,19.9,0.14,0.05,1.7,0
26.07,6.27,20.7,-0.2,0.13,0.2,0
26.05,6.99,23.2,-0.11,-0.0,-0.6,0
28.97,6.98,18.9,0.05,-0.04,-0.1,0
26.46,6.49,20.3,-0.08,0.01,-0.2,0
25.9,6.39,17.4,0.15,0.01,0.6,0
28.68,7.03,22.8,0.79,0.07,-0.6,0
31.12,6.53,20.9,0.17,-0.03,-0.8,0
28.51,6.66,17.5,0.11,0.02,0.4,0
28.93,6.51,47.9,-0.01,-0.01,27.8,0
25.98,6.76,15.1,-0.14,-0.01,-0.2,0
27.99,7.17,24.9,-0.04,0.06,0.7,0
27.06,7.06,26.3,-0.48,-0.0,1.2,0
26.29,6.55,27.9,-0.27,-0.03,-0.3,0
28.34,6.61,15.1,0.19,0.02,-0.2,0
32.57,7.22,9.2,0.12,-0.01,0.7,0
29.66,6.61,25.6,-0.29,-0.06,-0.4,0
25.42,6.64,28.0,-0.78,-0.08,-0.7,0
31.85,7.28,10.7,0.07,0.01,-1.6,0
30.13,6.73,24.8,-0.18,-0.04,1.2,0
25.25,7.03,15.6,-0.12,-0.07,-1.6,0
30.56,7.03,13.7,0.03,-0.03,0.8,0
26.61,6.64,15.7,-0.07,-0.01,-0.2,0
32.33,7.29,9.2,-0.01,0.0,0.9,0
25.83,6.74,12.8,-0.5,-0.01,-0.0,0
30.68,6.59,20.1,2.42,0.01,0.2,0
26.65,6.86,27.7,0.11,-0.03,-1.3,0
27.16,6.36,20.5,0.04,-0.02,-0.4,0
32.17,7.46,7.8,0.04,0.03,0.4,0
26.65,6.73,16.5,-0.21,-0.03,0.2,0
26.94,7.1,24.6,-0.22,-0.03,1.8,0
26.05,6.78,15.0,-0.08,0.0,0.5,0
24.8,7.27,17.1,0.07,0.02,0.2,0
30.53,6.62,22.2,0.03,-0.1,0.0,0
27.77,6.7,8.0,0.15,-0.56,0.6,0
26.35,6.73,16.3,-0.13,-0.06,0.2,0
29.67,6.95,8.9,3.09,-0.02,0.6,0
25.56,7.2,4.3,-0.27,-0.0,-0.3,0
26.31,6.61,17.1,0.13,-0.01,-0.0,0
31.58,6.99,13.7,-0.07,-0.03,0.1,0
27.92,7.1,5.2,0.28,0.09,-22.3,0
30.05,7.26,7.6,3.62,-0.01,0.1,0
26.1,6.57,16.2,0.13,-0.03,0.2,0
31.71,6.46,22.4,-0.14,0.03,1.8,0
25.78,7.03,9.6,0.07,0.02,-0.5,0
30.53,7.02,15.6,-0.18,-0.03,0.2,0
27.69,6.77,37.5,0.07,0.03,-0.5,0
27.86,6.68,17.9,-0.11,0.02,-0.1,0
28.18,6.72,17.4,0.03,0.02,1.8,0
27.47,6.9,23.8,-0.14,-0.05,0.6,0
27.52,7.05,26.4,-0.18,0.16,1.4,0
31.98,7.08,12.6,-0.07,0.06,0.6,0
27.5,6.72,15.7,-0.09,0.0,0.4,0
27.69,6.75,38.5,0.04,0.02,-0.6,0
31.96,7.18,16.0,0.14,0.05,1.7,0
27.56,7.25,20.7,-0.06,-0.02,0.2,0
32.35,7.2,8.7,0.25,-0.01,-0.6,0
25.42,7.0,13.4,-0.09,-0.01,-0.1,0
33.11,6.65,21.2,-0.95,-0.04,-1.7,0
27.84,6.76,17.0,0.08,-0.01,-0.2,0
32.4,7.29,8.0,-0.16,-0.01,-0.2,0
29.81,6.68,26.0,-0.07,-0.03,-1.1,0
32.19,7.29,7.7,-0.19,0.0,-1.9,0
29.48,6.89,19.5,-0.3,-0.0,-9.9,0
27.47,6.48,26.6,0.01,-0.03,-1.2,0
28.17,6.62,17.5,-0.19,0.0,0.6,0
27.24,6.74,26.0,-0.15,0.01,-1.1,0
27.68,6.54,17.6,0.02,0.03,-0.0,0
26.4,7.15,5.1,1.37,0.02,-0.3,0
28.13,7.06,14.2,-0.32,-0.04,-0.2,0
25.69,7.08,17.1,0.15,0.02,-2.8,0
32.39,7.09,12.5,0.18,-0.01,0.7,0
27.75,7.01,36.3,-0.19,0.03,18.5,0
29.47,6.84,23.9,-0.42,0.0,0.7,0
30.23,6.88,21.1,-1.26,-0.02,2.8,0
31.73,6.8,9.4,0.16,-0.36,0.1,0
25.67,7.18,4.5,-0.31,0.01,-0.4,0
27.66,6.97,24.4,-0.07,0.16,4.6,0
26.56,7.0,23.5,0.03,0.02,-0.9,0
28.38,6.85,17.8,0.18,-0.07,-20.6,0
27.49,6.58,15.9,0.01,-0.04,-0.5,0
28.27,6.95,25.0,-0.11,0.05,-0.5,0
28.4,6.74,26.0,0.1,0.01,-2.0,0
30.79,7.06,13.8,0.04,-0.03,0.1,0
30.02,6.66,20.3,-0.05,0.01,0.1,0
30.76,7.36,10.5,0.01,-0.0,-0.3,0
27.69,7.27,26.8,-0.06,0.01,0.1,0
26.81,6.15,21.0,-0.08,0.08,-1.6,0
26.14,7.22,4.7,-0.0,0.01,-0.3,0
32.53,7.51,3.4,0.3,0.0,0.2,0
30.33,6.9,9.0,3.1,-0.0,0.2,0
27.93,6.76,18.7,-0.3,0.06,0.6,0
26.54,6.85,15.4,-0.06,0.07,0.8,0
28.5,6.71,16.4,0.27,0.0,-1.4,0
31.45,6.53,22.2,-0.03,0.03,0.2,0
27.37,6.84,26.6,-0.31,0.01,1.6,0
31.82,7.27,11.9,0.24,-0.01,-0.4,0
27.48,6.83,34.9,-0.06,0.04,17.4,0
27.07,6.81,15.8,-0.25,-0.02,-0.5,0
22.22,7.16,5.3,0.34,0.01,-0.2,0
26.84,6.4,24.5,-0.21,-0.01,0.3,0
25.79,7.0,11.3,0.11,-0.01,0.3,0
27.27,6.57,17.3,-0.13,-0.04,-0.2,0
26.84,6.83,22.3,-0.19,0.07,2.5,0
28.35,6.87,22.1,-0.69,0.0,3.1,0
26.76,6.7,24.7,-0.04,0.03,1.0,0
32.19,7.46,7.9,0.04,0.01,0.7,0
25.8,7.15,7.4,0.28,0.01,-0.5,0
27.88,6.59,17.9,0.19,-0.06,-0.1,0
25.39,7.15,8.8,0.0,0.1,0.9,0
27.12,7.36,22.2,0.03,0.07,1.7,0
30.63,6.39,20.7,0.28,-0.01,-0.0,0
26.5,6.78,27.4,-0.08,-0.04,-0.2,0
29.31,7.24,18.4,0.01,-0.24,1.7,0
26.0,7.18,13.7,-4.89,-0.03,2.2,0
27.95,6.9,35.5,-0.13,0.04,17.3,0
27.89,6.81,24.9,-0.15,-0.01,0.8,0
26.19,6.64,16.9,-0.38,-0.02,1.4,0
27.29,5.87,3.6,-0.02,-0.12,-0.7,0
28.89,6.47,20.6,-0.22,-0.02,-0.1,0
32.34,7.35,8.0,0.01,0.05,-0.4,0
27.35,6.57,20.5,-0.11,0.0,-0.8,0
30.08,6.65,20.2,-0.02,0.0,-0.5,0
30.78,6.62,25.5,-0.07,-0.01,3.8,0
31.34,6.97,12.9,-0.18,0.02,-0.5,0
28.57,7.13,24.1,-0.18,0.02,0.7,0
25.97,7.18,6.7,-0.5,-0.04,0.5,0
26.23,5.71,22.7,-0.07,-0.1,-0.4,0
30.69,6.7,24.0,-0.04,0.0,-1.2,0
26.46,6.78,27.5,-0.01,-0.04,-0.5,0
30.9,6.67,18.6,-0.21,-0.02,0.0,0
28.17,7.17,10.1,-3.92,0.01,0.7,0
25.48,6.7,15.1,-0.01,-0.04,0.4,0
28.52,6.7,14.3,0.16,-0.35,-0.3,0
26.29,5.75,23.0,0.06,-0.7,0.1,0
27.34,7.19,23.1,0.2,0.01,-1.9,0
28.05,7.01,34.7,-0.04,-0.01,20.3,0
27.18,6.91,23.5,-0.15,-0.11,0.9,0
31.74,7.27,9.9,0.17,0.03,-1.1,0
27.3,6.44,24.8,-0.0,-0.02,-1.3,0
29.79,6.45,20.5,0.08,0.04,0.7,0
32.06,7.18,12.0,-0.49,0.02,-0.2,0
29.26,6.54,22.5,-0.09,0.03,0.8,0
30.37,6.39,20.4,0.09,0.01,-0.1,0
25.88,6.41,16.2,0.28,0.0,-0.0,0
31.38,7.32,7.1,0.03,-0.02,-2.0,0
32.21,7.24,9.2,0.0,-0.01,0.3,0
25.68,7.16,8.8,0.02,0.01,-0.0,0
27.9,6.73,34.4,-0.02,0.05,16.1,0
26.61,6.72,16.4,-0.12,-0.02,-0.1,0
30.29,6.6,18.7,0.27,0.01,0.1,0
28.45,6.7,26.0,0.11,0.01,-2.1,0
32.33,7.02,13.2,-0.36,-0.01,-0.6,0
26.56,6.71,16.4,-0.16,-0.02,0.4,0
25.85,6.83,12.8,-0.04,-0.01,-0.5,0
28.76,6.8,16.1,0.15,-0.0,-0.9,0
26.56,6.6,16.3,-0.11,-0.02,0.0,0
25.23,7.12,9.5,-0.07,-0.01,-0.5,0
31.76,7.39,8.0,0.11,-0.0,0.8,0
25.96,7.11,7.3,0.07,-0.0,0.2,0
27.9,6.55,14.9,0.12,0.15,-0.4,0
31.75,7.09,14.0,0.05,-0.06,-0.2,0
31.29,6.96,12.8,-0.11,-0.0,-0.5,0
26.78,6.74,13.6,-0.07,0.01,-0.1,0
31.41,6.68,19.1,0.21,-0.04,-0.8,0
25.83,6.79,12.7,-0.51,-0.02,-0.3,0
27.63,7.08,25.1,-0.06,-0.01,0.9,0
27.27,6.85,27.3,-0.11,-0.0,0.7,0
25.74,6.4,17.5,0.02,-0.02,0.8,0
25.58,6.52,17.4,-0.01,0.01,-0.1,0
25.72,7.07,8.8,0.21,0.03,0.0,0
30.35,6.64,26.0,-0.09,-0.01,1.9,0
27.12,6.93,26.3,-0.26,0.02,1.4,0
28.43,7.01,21.8,-0.02,-0.01,-1.1,0
26.31,6.69,16.2,-0.05,-0.05,0.5,0
30.57,6.74,21.6,-0.2,0.0,0.9,0
25.55,6.78,14.6,-0.2,-0.01,-0.6,0
27.71,6.96,23.4,0.08,-0.01,1.4,0
27.85,6.68,18.1,0.29,-0.02,-0.2,0
28.43,6.84,22.1,-0.64,0.0,3.0,0
21.89,7.12,5.5,0.18,-0.0,-0.2,0
29.14,7.31,8.0,-4.99,-0.0,0.4,0
27.45,7.2,22.3,-0.0,-0.01,0.9,0
27.37,6.48,21.5,0.11,0.05,-1.3,0
27.45,6.92,25.5,0.02,-0.02,-1.0,0
27.89,7.16,27.0,-0.18,0.01,-1.5,0
28.36,6.88,16.9,-0.12,0.03,-0.3,0
26.81,6.31,21.4,0.07,0.06,-0.2,0
27.72,6.96,23.4,0.08,-0.01,1.5,0
25.82,7.19,4.6,-0.32,-0.0,-0.2,0
26.41,6.73,12.7,0.1,0.01,-0.2,0
28.77,6.67,29.0,0.0,0.03,2.5,0
28.73,6.58,16.9,-0.11,-0.01,-1.2,0
27.07,6.89,22.7,0.06,-0.04,-1.4,0
27.64,7.29,18.2,0.12,-0.0,-0.2,0
27.44,6.9,3.2,-0.15,-0.05,-0.5,0
26.48,6.75,19.1,-0.12,0.03,0.2,0
25.93,7.04,20.4,-0.11,-0.0,-1.6,0
30.64,7.06,13.6,0.03,-0.03,0.8,0
28.12,6.58,20.3,0.07,0.03,-1.0,0
27.8,6.54,16.8,0.16,-0.01,-0.0,0
28.49,6.66,17.5,0.11,0.02,0.4,0
25.72,6.79,12.5,-0.26,-0.02,-0.9,0
31.53,7.39,7.9,0.09,-0.01,0.8,0
25.99,7.26,4.6,-0.06,0.01,0.3,0
26.15,7.19,4.9,0.0,0.0,-0.5,0
27.03,7.11,24.5,-0.22,-0.03,1.7,0
26.87,6.7,14.7,-0.11,0.02,0.1,0
28.52,7.01,9.3,2.32,-0.0,0.6,0
30.53,7.02,15.6,-0.18,-0.04,0.2,0
27.86,7.18,27.6,-0.03,0.03,-0.9,0
26.54,6.77,19.3,-0.08,0.04,-0.1,0
28.89,6.79,17.6,-1.97,-0.04,-0.6,0
25.71,6.74,15.1,-0.08,-0.02,-0.1,0
32.29,6.99,13.3,-0.3,-0.02,-0.7,0
27.85,6.9,25.0,0.05,0.02,1.1,0
26.03,6.31,20.6,-0.08,0.12,0.2,0
27.62,6.92,23.4,-0.03,-0.03,1.3,0
32.52,7.54,3.6,-0.04,0.03,0.2,0
27.44,7.14,3.7,0.28,0.08,-18.6,0
32.12,7.39,2.0,0.09,0.03,-1.0,0
31.45,7.02,12.5,-0.01,-0.02,-0.2,0
26.56,7.36,4.7,-0.25,-1.14,-0.2,0
30.71,7.17,11.1,-0.18,-0.01,-0.1,0
31.59,6.98,13.7,-0.07,-0.03,0.1,0
27.63,6.78,30.3,0.11,0.0,-0.2,0
32.48,7.29,8.4,-0.03,0.02,0.2,0
27.38,7.09,26.4,-0.28,0.12,1.3,0
28.75,6.68,31.2,0.1,0.0,-1.7,0
27.1,6.28,22.2,-0.07,-0.02,-0.2,0
27.12,7.36,22.2,0.03,0.08,1.7,0
28.09,7.07,25.8,0.01,-0.04,-1.3,0
23.53,7.12,5.5,0.8,0.01,0.2,0
29.17,6.5,20.3,0.04,-0.02,-22.4,0
30.09,6.52,20.6,-0.08,0.03,0.7,0
27.75,6.76,30.3,0.1,-0.0,-0.2,0
35.45,6.76,21.6,2.66,-0.0,0.5,0
26.72,6.37,21.1,-0.15,0.0,0.6,0
26.67,6.52,30.6,-0.04,-0.0,1.3,0
25.09,7.21,8.1,0.05,0.04,-2.9,0
32.59,7.07,13.9,0.29,-0.02,-0.8,0
27.32,6.83,29.9,0.05,0.0,0.0,0
27.35,7.15,26.4,-0.02,0.03,2.0,0
28.22,7.92,16.6,-0.04,0.31,0.5,0
31.63,7.41,7.0,0.25,0.02,-0.0,0
25.44,6.52,16.2,-0.08,0.02,0.0,0
32.21,7.06,14.4,0.0,-0.01,-0.3,0
28.88,6.72,17.3,0.03,0.02,0.2,0
25.39,6.53,18.0,0.05,-0.06,1.8,0
28.12,7.01,14.5,-0.28,-0.13,0.0,0
25.49,6.7,12.5,-0.3,0.0,1.9,0
28.55,6.69,26.1,-0.06,-0.04,-0.8,0
29.64,7.05,16.8,0.1,0.02,1.9,0
30.57,6.75,17.5,1.53,-0.0,0.0,0
31.78,7.23,13.6,0.05,0.03,-0.3,0
27.17,6.97,21.8,-0.04,0.01,-0.5,0
30.13,6.52,20.6,-0.03,-0.03,-0.6,0
25.17,6.8,12.3,0.26,-0.01,-0.1,0
27.17,6.42,21.1,0.0,-0.01,0.7,0
27.58,6.89,25.0,-0.11,-0.02,0.8,0
30.97,7.2,11.0,0.17,-0.03,-0.5,0
26.76,6.61,29.3,0.02,0.0,1.6,0
27.22,6.49,21.1,0.09,-0.01,0.6,0
32.04,7.5,2.8,0.07,0.01,-0.3,0
27.26,6.95,27.7,0.02,-0.05,1.4,0
27.29,7.12,27.4,0.03,-0.01,1.5,0
32.39,7.41,4.6,0.07,-0.01,-0.0,0
27.82,6.96,23.4,0.1,0.01,1.5,0
30.12,7.16,15.3,0.01,0.04,1.6,0
29.16,6.5,20.7,0.02,-0.03,-22.2,0
28.21,6.55,13.7,0.22,-0.56,-0.3,0
26.19,6.74,21.8,0.02,-0.01,0.5,0
27.12,6.98,20.6,-0.12,0.02,0.9,0
26.19,6.47,19.1,-0.0,-0.01,1.2,0
27.91,6.55,7.8,0.16,-0.49,-0.3,0
32.08,7.06,15.3,0.01,-0.03,0.1,0
26.96,6.89,26.2,-0.43,-0.01,1.3,0
32.64,7.14,12.2,0.07,0.02,-0.1,0
32.07,6.98,12.7,0.22,-0.02,0.1,0
29.68,7.12,13.5,1.65,-0.01,-0.1,0
27.4,6.98,24.3,0.09,0.15,4.9,0
32.32,7.21,8.6,0.02,0.0,-0.8,0
26.67,6.64,15.7,-0.03,-0.01,-0.2,0
29.97,6.69,19.8,0.12,0.04,1.7,0
26.97,6.86,28.8,-0.05,-0.02,-0.6,0
26.35,6.7,19.7,0.06,0.02,-0.3,0
27.18,7.2,26.4,-0.3,-0.0,1.6,0
32.41,7.3,8.4,-0.02,0.01,0.2,0
26.25,6.37,20.6,-0.13,0.08,-0.0,0
25.43,6.73,19.0,-0.18,0.0,-0.5,0
27.66,6.8,18.0,0.04,-0.01,0.8,0
23.4,7.08,5.6,1.24,-0.0,0.0,0
26.41,6.66,15.3,-0.16,-0.12,-0.5,0
26.57,6.47,20.2,0.07,-0.01,-0.3,0
26.99,6.52,20.7,0.02,-0.08,0.9,0
31.7,6.99,14.9,-0.12,-0.07,0.2,0
32.74,7.31,8.1,0.04,0.01,-0.5,0
26.84,6.64,23.3,-0.38,0.01,1.5,0
32.29,7.21,9.4,0.03,0.0,0.1,0
27.35,6.97,22.4,0.12,0.03,-0.4,0
29.01,6.51,19.0,0.2,0.02,-24.3,0
26.16,6.78,21.9,-0.12,-0.02,0.4,0
26.76,6.6,23.4,-0.1,0.05,1.1,0
32.61,7.33,8.1,0.04,0.02,-0.5,0
27.41,6.81,28.8,0.14,0.03,-2.2,0
25.96,6.81,15.4,-0.01,0.03,0.7,0
27.21,6.64,14.6,0.05,0.04,0.2,0
32.01,7.13,12.4,-0.08,0.07,0.7,0
29.2,6.66,23.4,-0.04,-0.02,-2.1,0
30.22,7.21,11.1,-0.03,-0.03,-0.1,0
26.61,6.83,26.5,-0.06,0.02,1.4,0
29.22,7.36,22.8,0.16,0.05,-1.8,0
27.06,6.87,29.5,-0.09,-0.0,0.6,0
29.25,6.95,18.1,0.27,-0.82,1.3,0
28.75,6.7,17.4,0.07,0.02,0.3,0
26.05,6.75,15.1,0.0,-0.01,0.4,0
27.46,7.07,27.9,0.08,0.04,-1.1,0
26.74,6.97,14.6,-0.04,-0.01,0.1,0
26.85,7.17,23.2,0.13,0.05,-0.1,0
26.91,6.71,24.6,-0.25,-0.01,-0.3,0
32.12,7.53,2.6,-0.23,0.01,0.2,0
32.36,7.21,12.6,0.08,-0.02,0.8,0
27.31,7.02,26.3,-0.21,0.1,1.4,0
27.48,6.63,22.7,0.17,0.0,-1.0,0
26.65,6.59,24.7,-0.22,-0.01,-0.3,0
27.8,6.6,17.9,0.31,-0.02,-0.1,0
25.41,6.59,17.2,0.07,0.01,-0.3,0
26.82,7.19,24.1,-0.19,-0.01,1.2,0
28.48,6.84,21.9,0.06,0.0,-0.8,0
31.56,6.99,13.7,-0.06,-0.03,0.1,0
27.66,6.91,28.8,0.07,-0.07,0.8,0
27.71,6.98,25.1,-0.02,0.02,2.6,0
29.77,7.24,11.6,-3.19,-0.06,2.7,0
26.15,7.2,23.1,-0.02,0.04,-0.5,0
30.44,6.74,17.6,1.21,-0.01,-0.0,0
27.67,6.85,23.7,0.04,-0.02,-2.0,0
29.94,7.24,13.6,0.12,-0.04,-0.4,0
27.25,7.26,24.5,0.04,0.04,2.0,0
27.35,6.9,24.7,-0.17,0.0,2.0,0
31.42,7.11,7.5,0.52,0.02,-0.5,0
27.18,7.32,22.1,0.14,-0.01,-0.1,0
31.56,7.08,13.1,-0.14,0.02,-0.4,0
28.85,6.63,22.1,-0.1,-0.03,-0.6,0
29.26,6.69,29.0,-0.1,0.01,2.6,0
25.75,6.79,12.5,-0.23,-0.02,-0.9,0
31.47,6.55,21.7,0.05,-0.0,-0.5,0
31.11,6.55,22.1,0.02,-0.02,0.2,0
29.82,7.09,12.9,-0.02,-0.01,-0.3,0
25.06,7.28,3.8,-0.05,0.03,-0.5,0
25.52,6.55,17.2,0.11,0.01,-0.2,0
26.7,6.66,15.6,0.14,-0.0,-0.3,0
32.66,7.24,7.1,0.15,-0.02,-1.0,0
31.7,7.1,15.3,0.1,-0.04,2.2,0
26.95,7.06,23.1,0.06,-0.04,-0.1,0
30.29,6.49,20.3,0.02,0.01,-0.2,0
27.68,6.78,24.2,-0.35,-0.03,-0.1,0
31.64,7.16,9.9,0.28,0.05,-0.6,0
29.64,6.84,29.7,-0.24,-0.05,2.9,0
25.75,6.78,12.6,-0.41,-0.02,-0.7,0
27.52,6.74,26.7,-0.29,-0.03,1.2,0
27.33,6.8,30.5,-0.11,0.02,2.2,0
32.55,7.51,3.4,0.31,0.0,0.2,0
29.49,6.97,8.4,3.01,-0.02,0.2,0
30.92,7.28,8.9,-0.15,0.0,-0.2,0
27.46,6.67,25.1,-0.25,-0.01,-1.1,0
26.76,6.63,23.4,-0.11,0.05,1.1,0
26.22,6.91,12.0,-0.06,0.01,-1.7,0
27.02,6.83,29.2,-0.07,-0.03,-0.5,0
29.26,6.72,17.8,0.01,-0.02,-0.6,0
26.27,5.78,23.0,0.05,-0.66,0.1,0
28.66,6.46,20.5,-0.32,-0.01,-0.2,0
27.46,6.84,22.5,-0.01,0.02,2.4,0
26.73,6.28,21.5,0.09,0.07,-0.3,0
27.37,6.04,3.9,-0.02,0.04,-0.1,0
25.01,7.21,7.2,-1.86,-0.07,0.0,0
32.47,7.54,2.4,-0.03,0.0,-0.6,0
30.01,6.87,23.8,-0.03,0.07,-2.1,0
26.72,6.63,23.4,-0.11,0.05,1.1,0
27.48,7.02,20.6,0.22,0.01,1.3,0
27.39,6.66,25.8,0.08,-0.02,2.3,0
26.11,6.4,20.4,-0.13,0.08,-1.5,0
31.28,7.1,13.9,0.1,-0.02,-0.0,0
21.71,7.1,5.6,0.09,-0.01,-0.3,0
27.33,7.19,23.1,0.2,0.01,-1.9,0
32.01,7.17,12.3,0.04,0.03,0.7,0
32.51,7.13,12.6,0.12,-0.01,0.7,0
28.67,6.73,25.0,-0.02,0.05,-0.5,0
25.12,6.91,16.2,-0.01,-0.02,-0.3,0
25.91,7.17,4.3,0.17,0.06,0.1,0
29.35,7.39,13.4,0.67,-0.01,-0.6,0
25.9,7.16,4.3,0.19,0.06,0.1,0
31.92,7.02,13.0,-0.02,0.01,0.0,0
27.99,7.17,24.9,-0.04,0.06,0.7,0
30.25,6.7,19.3,0.13,0.02,-29.3,0
27.19,7.37,35.0,-0.14,0.02,17.1,0
27.95,6.41,21.1,0.08,0.01,-0.5,0
30.03,7.22,18.5,0.1,0.11,0.1,0
28.71,7.19,9.1,0.27,-0.0,-1.3,0
25.93,7.04,20.4,-0.11,-0.0,-1.6,0
29.04,6.69,24.6,0.05,-0.01,3.4,0
27.96,6.8,31.8,0.25,0.0,-1.5,0
28.86,6.68,14.9,0.25,0.0,-0.2,0
29.45,6.62,25.6,-0.29,-0.06,-0.4,0
28.67,6.46,20.5,-0.33,-0.01,-0.2,0
26.69,6.83,22.3,-0.17,0.04,2.4,0
28.62,6.82,21.9,-0.62,-0.0,2.9,0
27.46,6.67,23.2,0.22,0.03,4.3,0
30.69,6.68,22.7,-0.04,0.04,0.7,0
27.47,6.92,3.3,-0.09,0.04,-0.1,0
26.73,7.22,11.8,-0.02,0.04,2.9,0
28.0,6.94,20.4,-0.11,-0.01,0.6,0
25.78,6.5,19.0,-0.22,-0.06,1.2,0
25.7,6.52,19.1,-0.25,-0.07,1.2,0
28.57,8.01,16.6,-0.09,0.72,1.0,0
28.96,7.71,16.9,0.01,0.85,1.6,0
31.62,7.18,9.9,0.29,0.05,-0.7,0
26.74,6.22,20.7,-0.08,0.04,-1.4,0
25.98,6.46,19.5,0.18,-0.02,1.0,0
26.4,7.16,5.8,-0.12,0.02,-0.8,0
28.28,6.3,20.8,0.14,-0.03,0.3,0
26.75,6.81,29.0,-0.1,-0.02,-0.4,0
28.02,7.19,28.1,-0.09,0.0,-1.1,0
27.22,6.94,17.8,0.0,-0.01,1.3,0
29.73,7.31,11.0,-0.11,0.05,1.1,0
27.37,6.82,27.2,-0.01,-0.0,-1.7,0
26.81,6.35,14.8,-0.09,-0.4,-0.3,0
25.55,7.02,12.0,-0.11,-0.0,0.2,0
27.28,6.82,25.6,-0.01,-0.0,-0.9,0
32.01,7.51,3.2,0.01,0.0,0.6,0
27.11,6.71,27.0,0.12,0.01,-1.8,0
28.53,6.6,22.0,-0.04,-0.0,-21.9,0
25.17,7.37,8.4,0.03,0.21,1.7,0
28.19,7.19,9.0,0.63,0.02,-1.0,0
27.51,6.8,35.0,-0.06,0.04,17.5,0
28.16,7.06,21.7,-0.51,0.03,-1.1,0
27.34,6.88,20.6,0.16,-0.02,1.2,0
27.68,6.86,25.0,-0.11,0.0,0.7,0
31.76,6.95,14.9,-0.14,-0.02,1.1,0
28.41,6.95,16.9,0.15,-0.07,-18.9,0
27.05,7.27,22.1,-0.19,-0.04,1.7,0
28.65,6.69,17.4,0.08,0.02,0.3,0
26.91,6.31,21.5,0.16,0.02,-0.0,0
25.32,6.8,12.5,-0.44,-0.04,0.2,0
29.51,7.29,13.1,0.06,-0.0,-0.4,0
29.45,6.86,17.6,0.31,0.06,1.8,0
27.69,6.79,25.0,-0.14,-0.01,0.7,0
26.93,6.91,29.4,-0.03,-0.01,0.7,0
28.31,7.04,24.5,-0.21,0.02,0.6,0
26.99,6.28,21.2,0.13,-0.0,-0.0,0
25.8,7.19,7.4,0.31,0.0,1.7,0
30.04,7.16,18.5,0.12,0.1,0.1,0
26.86,7.04,27.6,-0.1,-0.02,0.8,0
29.23,6.76,17.8,-1.56,-0.04,-0.5,0
27.75,7.2,20.6,0.12,-0.0,1.0,0
25.91,6.99,12.1,-0.03,-0.0,1.0,0
31.37,7.2,2.3,0.15,0.05,-1.5,0
26.9,5.98,14.9,-0.14,-0.81,-0.4,0
31.52,6.48,22.1,-0.12,0.02,0.3,0
26.24,6.07,20.5,-0.09,0.11,-1.3,0
27.34,5.94,3.8,-0.03,-0.07,-0.4,0
31.63,6.49,22.5,-0.16,0.03,1.7,0
27.78,7.29,18.0,-0.31,-0.15,0.3,0
26.59,6.78,22.2,-0.09,0.03,2.5,0
29.54,7.26,13.1,0.01,-0.0,-0.3,0
27.71,6.86,19.0,-0.22,0.01,0.8,0
31.72,7.34,7.3,0.06,0.01,-0.1,0
26.08,6.59,19.7,0.17,-0.02,0.9,0
27.63,7.01,28.0,0.07,-0.09,1.6,0
29.48,6.57,50.8,0.09,0.0,32.6,0
32.3,7.19,9.4,0.01,0.07,0.7,0
27.83,6.3,21.3,0.1,-0.01,-0.6,0
32.32,7.33,7.9,-0.15,-0.01,-0.2,0
30.07,6.74,20.3,-0.1,0.01,-0.8,0
27.45,6.83,24.3,-0.3,-0.01,0.0,0
29.65,7.12,16.4,-0.03,-0.03,0.5,0
27.9,7.07,9.9,0.3,0.01,-20.8,0
24.85,6.81,12.4,-1.03,-0.09,0.4,0
30.24,6.93,8.8,3.24,-0.02,0.5,0
31.98,7.01,15.2,0.02,-0.03,0.0,0
29.42,6.52,21.7,-0.16,-0.04,0.4,0
27.74,7.05,26.9,-0.01,0.0,18.1,0
25.82,7.0,10.9,0.28,-0.02,0.3,0
27.75,6.93,22.0,0.05,0.02,0.8,0
32.48,7.54,3.5,-0.03,0.03,0.2,0
26.2,6.82,22.0,-1.12,-0.06,-0.3,0
26.41,6.73,12.4,0.02,-0.01,-0.5,0
32.51,7.0,14.2,0.12,-0.05,-1.9,0
25.79,6.91,12.2,-0.03,-0.02,0.6,0
25.13,7.19,7.0,0.35,-0.0,0.2,0
29.45,6.76,19.0,-2.92,-0.02,-0.2,0
28.55,6.35,20.8,0.03,-0.04,0.2,0
27.34,5.66,16.0,0.11,-0.11,0.8,0
25.87,6.81,13.3,-0.01,-0.04,0.2,0
30.0,6.94,8.7,3.17,-0.02,0.4,0
26.65,6.53,30.6,-0.06,-0.0,1.2,0
25.94,7.26,4.7,-0.23,-0.01,0.2,0
26.8,6.66,29.3,-0.0,0.0,1.6,0
30.43,6.71,22.7,0.04,0.02,0.5,0
30.07,6.89,23.6,-0.08,0.04,-1.9,0
26.97,6.91,11.8,0.14,-0.01,0.3,0
28.08,6.62,17.3,-0.31,-0.01,0.5,0
25.28,6.42,18.7,-0.0,-0.06,-0.8,0
27.95,6.8,34.3,-0.03,0.05,15.8,0
27.88,6.75,17.1,-0.0,0.02,2.4,0
31.67,6.91,15.0,-0.0,-0.05,0.0,0
27.39,6.01,4.0,0.03,0.05,0.1,0
28.38,6.83,14.9,-0.06,-0.17,0.2,0
27.65,6.85,24.4,0.4,0.11,5.6,0
32.01,7.33,7.0,0.17,-0.02,-1.9,0
29.85,6.41,20.4,0.17,-0.05,0.7,0
31.99,7.33,7.0,0.17,-0.02,-1.9,0
31.83,7.21,7.8,0.16,-0.0,-0.0,0
32.33,7.26,8.5,0.21,-0.03,-0.1,0
30.52,6.62,22.2,0.04,-0.1,0.0,0
27.24,6.64,22.3,0.04,0.02,-0.3,0
28.24,6.86,39.7,-0.14,0.01,19.3,0
30.31,6.72,22.6,-0.06,-0.04,0.8,0
31.99,7.34,7.9,0.25,-0.0,0.2,0
28.12,6.55,20.2,-0.13,0.01,0.4,0
32.33,7.31,9.2,0.02,-0.01,1.1,0
26.62,7.09,27.7,-0.12,-0.02,0.7,0
30.24,6.86,23.4,-0.25,-0.04,-1.5,0
29.17,6.51,19.9,0.23,-0.04,1.8,0
25.18,6.82,12.4,-1.2,0.01,-0.0,0
31.78,7.24,11.8,0.18,-0.01,-0.4,0
25.2,6.63,16.0,0.04,0.02,-0.2,0
26.05,7.17,4.5,0.14,0.02,-0.3,0
25.87,7.03,8.8,0.08,-0.0,-0.0,0
31.66,6.51,21.6,0.11,-0.02,-0.4,0
31.41,6.94,14.7,-0.15,-0.06,0.2,0
26.44,6.35,32.7,0.15,-0.0,2.7,0
27.29,6.85,25.5,0.02,-0.01,-0.8,0
26.98,6.31,21.1,0.09,0.0,-0.0,0
28.8,7.17,9.2,3.25,-0.0,0.5,0
31.73,7.06,15.1,-0.06,-0.07,-0.3,0
31.87,7.01,13.1,-0.01,0.01,0.1,0
26.65,8.34,5.4,-0.17,1.07,-0.4,0
31.91,7.25,10.4,0.19,0.01,-1.4,0
28.93,6.66,20.1,0.11,-0.0,1.8,0
30.24,6.94,15.3,0.05,0.04,1.0,0
28.73,6.74,21.8,-0.25,-0.01,2.2,0
28.16,6.82,21.9,-0.05,0.01,-1.3,0
25.36,7.15,7.3,0.2,0.0,0.2,0
28.79,6.46,20.6,-0.28,-0.02,-0.1,0
26.71,6.68,31.0,-0.11,-0.01,0.2,0
25.87,7.02,8.9,-0.02,-0.02,-0.1,0
26.09,6.7,15.0,-0.03,-0.02,0.1,0
26.45,6.7,12.6,0.1,0.0,-0.2,0
28.59,6.78,21.6,0.09,-0.03,5.6,0
30.57,6.61,25.2,-0.16,-0.02,-0.7,0
32.2,7.55,3.9,-0.12,0.01,1.1,0
27.76,7.02,36.3,-0.2,0.03,18.5,0
27.49,6.57,15.9,0.01,-0.04,-0.5,0
25.69,6.53,19.4,-0.12,-0.06,1.0,0
27.36,7.08,10.5,1.53,0.03,0.1,0
31.9,7.24,8.4,0.1,-0.0,-0.6,0
28.77,6.84,22.9,0.01,-0.01,-2.0,0
27.57,7.1,23.0,0.27,-0.0,-1.4,0
26.9,6.33,21.1,-0.02,0.0,0.1,0
30.96,7.08,15.4,-0.14,0.02,-0.4,0
26.48,6.73,27.5,-0.07,-0.04,-0.3,0
27.49,6.73,15.6,-0.1,0.01,0.4,0
27.93,6.66,21.2,-0.0,-0.0,-1.0,0
28.25,6.62,18.0,0.07,0.03,0.8,0
26.74,7.17,11.9,0.03,0.02,2.9,0
32.3,7.37,4.4,0.08,0.0,-0.6,0
31.9,6.97,14.1,-0.17,-0.04,-0.6,0
26.82,6.36,21.3,0.08,0.05,-0.1,0
28.16,7.15,9.2,0.21,-0.01,-0.7,0
27.54,6.54,16.1,0.13,-0.04,0.2,0
28.01,6.61,23.1,0.35,-0.01,5.5,0
31.6,6.48,21.9,-0.14,0.0,0.1,0
31.12,6.91,14.5,-0.17,-0.04,0.0,0
31.68,7.42,6.6,-0.2,0.0,1.8,0
25.48,6.52,18.7,0.18,0.05,0.4,0
29.31,6.79,17.3,0.13,-0.02,-0.6,0
30.54,7.34,9.4,0.16,-0.0,0.7,0
27.56,6.91,9.0,-1.38,-0.05,-0.2,0
25.44,7.09,7.6,0.24,-0.02,0.2,0
30.14,6.4,20.5,0.08,-0.04,-0.2,0
32.57,7.29,8.4,-0.03,0.04,0.2,0
27.5,6.54,15.9,-0.04,-0.03,-0.5,0
31.82,7.42,7.8,0.07,-0.01,0.9,0
32.01,7.27,8.5,0.05,0.01,-0.6,0
28.53,6.68,30.6,0.08,-0.0,-0.5,0
29.5,6.57,20.4,0.02,0.01,0.7,0
31.76,6.99,14.9,-0.1,-0.07,0.2,0
25.05,7.29,3.8,-0.05,-0.01,-0.0,0
31.74,7.26,11.8,0.19,-0.01,-0.4,0
30.49,6.72,24.0,0.01,0.04,-1.5,0
30.34,6.72,22.6,-0.02,-0.01,0.8,0
32.03,7.26,8.5,0.07,0.01,-0.6,0
27.47,7.13,24.3,-0.11,0.0,1.8,0
28.32,6.78,18.0,-0.49,-0.0,0.8,0
28.84,6.55,20.5,-0.02,-0.0,-22.0,0
30.45,7.08,11.9,-0.19,-0.14,-1.1,0
28.41,6.76,22.6,0.17,-0.02,-0.6,0
28.91,7.14,23.7,-0.22,0.01,0.8,0
27.89,6.71,17.2,-0.12,0.02,-0.2,0
28.29,6.39,20.7,0.11,-0.02,0.0,0
25.96,6.97,12.0,-0.25,-0.01,0.2,0
32.5,7.21,13.2,-0.09,-0.03,0.9,0
30.77,7.33,15.3,0.01,-0.0,2.4,0
25.81,6.61,27.2,0.43,-0.03,-0.9,0
30.19,6.72,20.5,-0.11,0.0,-1.4,0
26.52,6.63,28.0,-0.02,-0.0,0.2,0
26.09,6.72,15.0,-0.02,-0.02,0.2,0
29.82,6.69,29.5,-0.2,-0.05,2.6,0
27.14,6.44,19.9,0.21,-0.02,0.2,0
28.02,6.68,22.3,0.5,0.02,4.8,0
31.4,7.05,7.9,0.28,-0.02,-0.6,0
28.44,7.59,16.0,-0.29,0.72,0.7,0
28.01,7.02,2.3,0.45,0.16,-0.8,0
30.98,7.37,10.7,0.0,-0.01,-0.3,0
25.34,7.17,7.4,0.46,0.05,-1.6,0
26.82,7.01,29.4,-0.02,0.0,0.9,0
28.87,6.88,18.8,0.1,-0.02,0.4,0
27.12,6.84,20.0,0.05,-0.02,-1.3,0
28.25,7.07,23.0,0.13,0.02,-1.8,0
31.87,7.03,13.1,-0.02,0.01,0.1,0
27.33,7.19,24.5,0.03,0.04,2.0,0
25.28,7.12,9.1,0.03,0.01,-0.3,0
27.67,6.81,8.4,0.04,-0.37,0.7,0
27.98,6.83,33.7,0.01,-0.03,20.8,0
28.29,7.85,16.3,-0.17,0.34,0.5,0
27.96,6.62,22.0,-0.03,0.03,-1.3,0
26.95,6.62,15.1,0.08,0.03,0.6,0
25.91,6.79,14.9,-0.07,-0.01,-0.3,0
30.16,6.89,14.6,0.03,-0.01,0.8,0
30.85,7.18,11.1,0.0,-0.02,-0.3,0
30.26,6.68,18.4,3.07,0.01,0.4,0
29.55,6.68,31.1,-0.03,0.0,-0.2,0
30.1,6.7,20.1,-0.04,0.02,-0.5,0
27.35,6.96,27.8,0.03,-0.06,1.4,0
26.61,6.86,23.2,-0.15,-0.02,0.9,0
27.15,6.99,27.6,0.03,-0.03,1.3,0
26.07,6.74,15.0,0.0,-0.02,0.3,0
30.86,7.17,11.2,0.1,-0.06,-0.6,0
22.06,7.14,5.4,0.26,0.01,-0.2,0
27.76,7.08,16.0,-0.12,-1.02,-0.1,0
25.64,6.7,16.0,-0.1,0.0,-0.1,0
29.77,6.66,25.9,-0.15,-0.05,-0.8,0
27.27,6.84,28.6,-0.03,0.0,1.6,0
27.83,6.54,19.4,0.29,-0.0,-0.9,0
25.32,6.65,17.0,-0.16,-0.04,1.7,0
26.05,6.55,20.3,-0.15,0.07,-1.6,0
27.42,6.65,21.7,-0.01,0.0,-0.9,0
31.38,6.81,18.4,2.5,-0.01,-0.7,0
25.89,7.17,4.3,0.1,0.05,0.0,0
28.34,6.79,25.9,0.09,0.0,-2.0,0
29.61,7.23,16.3,-0.01,-0.03,0.3,0
28.96,7.2,15.5,-0.21,0.43,-0.3,0
26.86,7.12,29.1,-0.14,0.04,1.7,0
25.76,6.59,27.2,0.44,-0.03,-0.9,0
31.52,7.01,12.5,0.02,-0.02,-0.2,0
31.85,7.04,12.3,-0.14,-0.03,-0.4,0
32.23,6.97,13.3,-0.25,-0.03,-0.8,0
27.7,6.52,16.1,0.24,-0.0,0.1,0
26.37,6.84,12.2,-0.29,-0.03,0.1,0
31.96,7.31,8.5,-0.12,0.01,-0.3,0
24.37,7.11,5.9,0.62,-0.01,0.2,0
26.49,6.9,24.4,-0.07,-0.02,1.8,0
32.32,7.23,9.3,0.02,-0.01,0.3,0
25.7,6.84,14.4,-0.09,0.01,-0.3,0
27.0,6.54,24.4,-0.19,-0.01,0.2,0
27.87,7.18,27.7,-0.03,0.02,-1.0,0
25.74,7.31,4.6,-0.18,0.0,-0.8,0
27.03,7.3,22.1,-0.15,-0.01,1.7,0
27.8,6.56,17.8,0.28,-0.04,-0.1,0
26.7,6.53,16.3,0.19,-0.01,0.0,0
28.15,6.8,21.9,-0.05,0.01,-1.3,0
29.86,6.96,32.8,-0.23,-0.04,16.9,0
30.33,6.81,46.3,0.18,-0.02,28.2,0
27.41,7.28,27.5,0.12,-0.01,1.3,0
27.73,6.62,23.4,0.21,0.0,5.1,0
30.07,7.26,10.9,0.11,-0.02,-0.3,0
27.38,6.76,23.8,0.13,0.02,-1.6,0
27.45,7.07,20.7,0.12,0.03,1.2,0
29.71,7.11,29.9,0.01,-0.01,14.7,0
29.81,6.55,20.3,0.08,-0.03,0.4,0
28.69,6.98,9.1,2.85,-0.03,0.8,0
25.72,6.52,16.3,-0.16,0.01,0.1,0
28.32,6.62,17.9,0.1,0.03,0.7,0
29.59,6.6,21.3,-0.05,0.17,1.6,0
30.09,6.46,20.4,0.04,-0.04,-0.1,0
29.53,7.15,28.0,-0.12,-0.02,-0.5,0
26.51,7.04,21.7,0.05,-0.0,2.5,0
32.03,7.08,12.1,0.05,0.08,0.6,0
27.97,6.95,23.5,0.08,0.02,1.7,0
30.26,6.72,24.6,-0.08,-0.02,1.6,0
26.04,7.01,10.5,0.01,-0.01,-0.7,0
28.09,6.9,24.4,0.01,0.02,-1.2,0
26.11,6.77,13.4,-0.09,-0.05,0.5,0
26.81,6.87,11.4,0.12,-0.03,0.4,0
31.69,7.3,7.5,-0.15,-0.01,-2.0,0
25.9,7.15,4.2,0.21,0.06,0.0,0
26.75,6.69,16.4,-0.11,0.03,0.2,0
29.8,6.86,16.5,-0.11,-0.05,1.2,0
28.58,7.72,16.2,-0.26,0.84,1.0,0
30.63,7.32,9.3,0.14,-0.04,-0.4,0
25.06,6.67,19.7,-0.09,-0.04,0.4,0
29.76,7.15,13.6,1.22,-0.02,-0.2,0
31.21,7.07,13.8,0.05,-0.01,0.0,0
25.28,6.7,12.5,-0.58,-0.01,1.1,0
28.26,6.56,45.2,-0.08,-0.02,24.2,0
31.62,7.26,10.3,-0.17,0.1,0.7,0
30.89,7.1,11.6,-0.3,-0.05,-0.8,0
29.85,7.05,18.4,-0.02,0.03,1.2,0
27.44,6.91,23.9,0.42,0.1,5.4,0
32.05,7.48,6.8,0.09,0.04,-0.3,0
27.51,6.54,15.9,-0.03,-0.03,-0.5,0
31.96,7.2,12.4,0.0,0.04,0.8,0
26.38,7.07,26.2,-0.22,-0.05,-1.5,0
32.25,7.32,7.4,-0.09,-0.01,-0.5,0
26.2,6.72,12.7,-0.03,0.0,0.0,0
25.73,7.18,4.6,-0.33,-0.0,-0.3,0
28.05,7.17,26.3,0.02,-0.05,1.4,0
28.74,7.15,23.9,-0.17,0.02,0.8,0
26.76,6.96,11.6,0.12,-0.03,1.7,0
32.3,7.54,2.5,-0.21,0.0,0.1,0
27.14,5.95,3.5,-0.02,-0.17,-0.9,0
27.92,6.87,23.2,-0.27,-0.0,-0.4,0
27.79,6.68,3.7,-2.16,0.22,-0.2,0
30.6,6.39,20.3,0.18,0.01,-0.2,0
32.17,7.0,13.0,0.11,-0.01,0.2,0
26.97,6.27,21.1,0.08,0.0,-0.1,0
32.41,7.35,7.1,0.39,0.01,0.1,0
27.48,6.89,28.9,0.02,-0.05,1.2,0
30.17,6.61,20.3,0.04,0.02,-0.4,0
31.14,7.12,11.8,-0.25,-0.04,-0.7,0
26.18,6.76,13.4,0.03,0.0,0.5,0
30.17,6.87,17.4,0.04,-0.02,-0.8,0
27.67,7.01,27.0,-0.18,-0.01,0.6,0
25.77,7.24,6.3,-0.33,-0.0,-0.3,0
32.39,7.22,8.5,0.41,-0.02,-0.3,0
26.47,6.62,15.6,0.26,0.01,-0.0,0
31.81,7.1,12.2,-0.16,-0.02,-0.5,0
29.42,7.37,9.1,-0.27,0.01,-0.1,0
26.25,6.74,27.5,-0.2,-0.06,-0.4,0
26.1,6.86,2.1,-0.14,0.11,-1.8,0
32.41,7.3,8.1,-0.07,0.03,-0.3,0
25.24,7.05,13.8,-0.15,0.02,-0.3,0
28.61,6.71,21.9,-0.01,-0.01,-0.7,0
28.41,6.45,19.3,0.09,0.01,0.1,0
26.69,6.68,16.5,-0.22,-0.02,0.3,0
27.54,6.67,20.8,-0.16,0.02,-0.8,0
26.26,6.17,20.5,-0.09,0.1,-1.3,0
27.07,6.84,28.6,-0.12,-0.02,-0.3,0
28.47,6.66,17.5,0.11,0.02,0.4,0
26.75,6.6,15.6,0.01,-0.02,-0.1,0
34.84,6.74,23.2,-0.19,-0.05,1.1,0
31.84,7.08,13.9,0.0,-0.04,-0.0,0
28.29,7.22,29.6,-0.13,0.04,-1.2,0
31.89,6.97,15.2,-0.1,-0.04,0.5,0
23.32,7.08,5.6,1.29,-0.0,-0.0,0
27.29,6.4,22.6,0.08,-0.0,1.2,0
27.8,6.88,24.3,-0.2,0.04,2.0,0
28.02,6.76,17.1,-0.02,0.02,2.4,0
32.27,7.32,8.5,0.05,-0.02,0.1,0
27.81,6.81,17.0,0.04,-0.01,-0.2,0
31.42,6.74,18.9,0.19,-0.04,-0.8,0
26.9,6.57,14.7,-0.13,-0.04,0.0,0
31.72,7.25,12.0,0.13,-0.02,-0.4,0
28.07,7.08,9.6,-0.15,-0.04,-0.3,0
32.94,7.12,11.2,0.29,-0.01,-0.3,0
25.88,6.61,18.9,0.07,0.02,-0.5,0
27.73,6.67,22.7,0.45,0.02,4.4,0
31.83,6.94,15.2,-0.14,-0.04,0.6,0
28.18,7.09,30.7,-0.16,-0.03,3.2,0
30.28,6.78,24.0,0.34,0.04,1.2,0
26.26,7.22,12.4,-4.26,0.02,2.2,0
30.46,6.77,21.6,-0.21,0.0,0.8,0
27.24,6.83,28.7,-0.01,-0.01,0.1,0
31.42,7.18,2.3,0.19,0.05,-1.7,0
32.34,7.33,7.9,-0.15,-0.01,-0.2,0
26.68,6.7,15.5,0.01,-0.02,-0.4,0
29.41,7.27,13.4,1.34,-0.01,-0.3,0
26.24,6.73,14.8,-0.06,-0.01,-0.3,0
25.8,6.53,18.8,0.39,0.05,-0.1,0
27.32,6.7,20.3,-0.07,-0.02,0.1,0
27.69,7.09,18.2,0.23,0.04,-0.4,0
28.13,6.63,17.5,-0.07,0.01,0.8,0
27.38,6.82,27.3,-0.02,-0.02,-1.8,0
30.26,7.34,9.4,-0.04,-0.02,-0.6,0
32.41,7.21,8.5,0.45,-0.02,-0.3,0
26.03,6.71,22.3,-0.1,0.0,1.1,0
27.11,7.11,23.0,0.11,0.03,-2.0,0
26.2,6.69,29.0,0.02,0.0,0.3,0
32.42,7.39,4.6,0.07,-0.01,-0.1,0
26.98,6.95,28.6,-0.03,-0.01,3.1,0
25.99,6.84,15.1,-0.16,0.03,0.9,0
25.99,6.78,12.6,-0.29,-0.02,0.2,0
29.87,6.81,16.3,0.0,0.01,-27.4,0
28.17,6.64,18.9,-0.07,0.01,0.5,0
27.19,7.32,22.2,0.15,-0.04,-0.1,0
26.62,6.57,27.7,-0.05,-0.02,-0.1,0
31.32,6.66,21.2,-0.01,0.02,-0.3,0
27.41,6.76,15.9,0.15,-0.06,-0.4,0
30.83,6.38,20.1,0.12,-0.01,-0.4,0
26.76,6.9,29.2,0.11,-0.01,0.7,0
29.84,6.98,32.3,-0.19,-0.03,16.5,0
27.16,6.88,20.8,-0.1,0.01,0.9,0
28.82,7.19,9.1,0.21,-0.01,-1.4,0
26.96,6.86,29.5,-0.09,0.0,0.6,0
26.02,6.75,15.1,0.0,-0.01,0.4,0
27.36,7.33,26.3,0.16,0.04,2.2,0
26.68,6.87,27.7,0.11,-0.03,-1.4,0
26.93,5.99,22.3,0.0,0.04,-0.1,0
32.16,7.0,13.0,0.13,-0.01,0.2,0
27.22,7.01,27.4,-0.11,-0.02,-1.1,0
26.64,6.73,13.6,-0.03,-0.01,0.1,0
26.6,6.9,15.2,0.06,0.07,0.6,0
29.68,6.57,20.1,0.01,-0.02,-24.4,0
28.37,6.85,23.9,-0.14,0.0,1.9,0
29.55,7.22,18.5,-0.32,-0.04,1.8,0
28.99,6.95,21.3,-0.28,-0.02,2.1,0
27.68,6.85,25.0,-0.17,-0.0,-0.9,0
27.36,6.82,23.6,0.06,0.03,-1.8,0
29.65,6.82,24.1,-0.33,0.0,0.7,0
31.96,6.98,11.5,-0.05,-0.04,0.5,0
26.09,6.79,12.6,0.01,-0.01,-0.4,0
32.38,7.02,13.6,0.33,0.0,-0.3,0
27.35,7.22,24.3,-0.07,-0.01,1.7,0
29.02,6.48,42.2,0.21,0.0,-4.3,0
26.56,6.83,27.7,0.13,-0.03,-1.2,0
26.06,6.79,12.2,-0.07,0.01,-1.1,0
32.06,7.04,13.5,-0.08,0.0,0.1,0
29.81,6.8,29.6,-0.25,-0.05,2.8,0
25.1,7.19,7.1,-0.68,-0.06,0.2,0
26.01,7.3,4.9,-0.17,-0.02,0.4,0
29.18,6.83,19.3,0.1,-0.02,0.1,0
25.51,6.93,12.3,-0.08,-0.01,0.4,0
27.39,6.99,22.6,-0.12,0.11,2.7,0
28.77,6.61,30.7,0.0,-0.0,0.2,0
28.25,7.06,29.5,-0.14,0.03,-1.9,0
27.64,7.25,25.1,-0.24,0.05,-0.6,0
27.47,7.3,25.7,-0.13,0.02,-0.3,0
30.85,6.67,19.5,-0.17,-0.01,1.0,0
25.89,6.76,13.0,-0.2,-0.04,0.4,0
32.26,7.04,13.8,-0.09,0.02,0.2,0
28.44,6.64,17.1,-0.07,-0.01,0.5,0
24.98,7.17,9.2,-0.06,-0.0,-1.3,0
30.11,6.71,17.7,0.47,-0.04,-0.1,0
32.08,7.08,12.2,-0.37,0.01,-0.4,0
29.17,7.3,9.1,-0.06,0.1,-1.7,0
28.23,6.6,19.0,-0.06,0.01,0.5,0
26.68,8.48,5.2,-0.13,1.19,-0.3,0
27.57,6.93,19.2,0.02,-0.07,1.0,0
27.19,6.5,15.3,-0.23,-0.07,0.4,0
25.56,7.17,6.9,0.18,-0.03,-0.8,0
28.63,6.63,30.3,0.01,-0.01,-0.4,0
27.49,6.42,20.5,0.25,-0.02,1.2,0
28.25,6.6,15.0,0.18,0.02,-0.3,0
28.71,6.86,27.8,-0.11,-0.01,-0.5,0
31.99,7.37,7.6,-0.03,0.0,-0.2,0
25.07,6.71,12.5,-0.84,-0.03,0.3,0
27.09,6.95,28.9,-0.08,0.02,1.6,0
31.62,6.48,21.8,0.0,0.01,0.2,0
27.67,6.76,14.7,0.04,-0.07,0.3,0
26.44,6.53,20.2,0.09,0.03,-0.6,0
26.96,6.77,14.4,1.28,0.01,2.0,0
29.5,6.61,23.2,0.17,-0.0,-0.5,0
26.04,7.25,4.7,-0.02,0.01,-0.5,0
26.43,6.63,19.0,-0.12,-0.04,0.1,0
26.25,7.08,23.7,-0.24,-0.02,-2.6,0
28.26,6.53,20.4,0.07,0.0,-0.3,0
27.3,6.81,28.7,0.06,-0.0,-2.0,0
27.73,7.09,27.5,-0.0,0.02,-1.1,0
25.67,6.51,17.2,0.16,0.02,0.0,0
32.06,7.4,7.6,-0.01,0.01,-0.3,0
26.27,6.5,20.5,0.33,0.01,0.1,0
32.2,7.52,2.8,0.05,0.0,-0.1,0
27.87,7.06,7.2,2.64,-0.0,-0.4,0
27.64,6.62,22.4,-0.07,0.04,-3.3,0
27.61,6.75,24.1,0.44,0.07,5.5,0
28.08,7.09,9.4,-0.25,-0.04,-0.4,0
28.53,6.8,23.8,-0.11,-0.02,1.8,0
32.08,7.06,15.2,0.26,0.04,1.2,0
28.81,6.64,24.6,0.06,-0.01,3.0,0
26.52,5.65,23.3,-0.04,-0.35,0.3,0
25.0,6.79,19.0,-0.15,0.01,0.7,0
27.6,6.37,22.0,-0.04,0.03,-0.5,0
31.29,7.32,10.5,-0.12,0.02,-1.9,0
26.85,8.75,5.2,-0.06,0.85,-0.3,0
26.92,6.27,21.2,-0.13,-0.01,0.4,0
31.74,7.43,7.0,0.17,0.02,-0.1,0
26.67,6.73,13.0,0.01,-0.02,-0.9,0
30.87,6.44,20.8,0.3,-0.02,-0.3,0
27.84,6.48,16.3,-0.29,0.01,-0.6,0
27.59,7.18,21.2,-0.04,0.01,-1.8,0
25.6,7.02,8.0,0.23,-0.02,0.2,0
28.27,7.05,20.7,-0.07,0.02,-1.1,0
26.6,7.11,24.1,-0.34,-0.03,1.1,0
31.27,6.53,21.1,0.05,-0.02,-0.8,0
32.58,7.04,14.1,0.06,0.01,0.3,0
29.14,7.2,23.7,0.01,0.0,0.8,0
32.03,7.38,8.3,0.22,-0.02,0.9,0
29.89,7.54,20.2,-0.03,0.53,-2.1,0
27.45,6.58,13.6,-0.03,-0.0,-0.1,0
32.76,7.26,8.6,0.12,-0.01,0.4,0
26.79,7.11,23.3,0.07,-0.03,0.0,0
27.38,6.91,23.5,-0.1,-0.08,1.1,0
27.67,6.62,20.2,-2.9,0.01,-0.3,0
28.03,7.07,9.3,-0.37,-0.04,-0.4,0
27.37,6.59,14.5,0.36,-0.01,-0.6,0
30.78,6.62,25.5,-0.07,-0.01,3.8,0
32.26,7.36,7.9,-0.12,0.0,-0.3,0
30.34,6.97,15.4,-0.03,0.01,0.7,0
27.72,7.12,25.4,-0.24,0.03,-0.5,0
28.61,6.89,30.5,-0.09,-0.03,2.8,0
29.9,6.65,17.9,-0.28,-0.04,-0.4,0
31.41,6.59,21.5,0.03,0.01,-0.4,0
26.08,6.79,12.2,-0.06,0.01,-1.1,0
31.4,6.52,21.4,-0.11,0.01,-0.5,0
25.5,6.55,19.3,-0.29,-0.08,1.0,0
26.27,6.74,15.3,-0.2,-0.04,-0.7,0
27.79,7.19,21.1,0.19,-0.01,-1.9,0
25.99,6.75,15.1,-0.1,-0.01,-0.1,0
28.32,6.89,21.7,-0.04,-0.01,-1.1,0
31.25,6.59,22.5,-0.21,0.04,0.8,0
28.32,7.26,9.2,-0.21,-0.0,-0.3,0
28.45,8.14,16.9,-0.05,1.2,2.1,0
32.86,7.38,4.4,-0.05,0.02,0.1,0
32.06,7.45,7.8,-0.01,0.03,-0.4,0
25.55,6.4,17.6,-0.14,-0.02,0.8,0
30.78,7.22,11.4,-0.53,0.06,0.7,0
31.69,6.48,21.7,0.02,0.01,0.2,0
30.55,7.32,9.0,0.23,-0.02,0.8,0
26.24,7.16,4.4,1.94,-0.01,0.2,0
27.43,6.67,22.7,0.12,-0.01,-1.0,0
25.73,7.08,7.7,0.22,-0.02,0.0,0
31.98,7.39,8.1,-0.07,0.03,-0.4,0
25.82,7.16,4.7,-0.31,-0.0,-0.4,0
30.32,6.61,18.7,0.26,0.01,0.0,0
26.61,6.57,27.9,-0.04,-0.01,0.0,0
27.52,6.56,20.5,0.26,-0.01,1.3,0
25.24,7.3,9.2,0.5,0.0,0.2,0
26.57,6.57,29.2,0.06,-0.0,1.3,0
26.59,6.87,22.2,0.16,0.01,2.7,0
28.74,6.55,20.9,0.32,0.01,-25.6,0
29.67,6.58,21.8,-0.09,-0.03,0.4,0
28.77,6.61,30.8,0.0,-0.0,0.4,0
30.48,7.32,9.3,0.04,-0.03,-0.2,0
30.87,7.11,11.5,-0.27,-0.04,-0.6,0
28.16,6.62,17.2,-0.28,-0.01,0.5,0
25.94,6.75,22.1,-0.09,0.02,1.1,0
27.71,6.96,22.0,0.04,0.01,0.9,0
32.33,7.19,11.5,-0.06,0.0,0.1,0
31.63,6.86,15.0,0.07,-0.04,-0.2,0
31.56,6.57,21.4,0.07,-0.01,-0.3,0
28.01,6.54,16.8,0.17,-0.02,-0.1,0
27.14,6.83,20.8,-0.09,-0.0,0.9,0
29.26,7.51,9.5,4.02,0.05,0.1,0
31.41,6.78,18.3,1.76,-0.02,-0.7,0
33.59,6.68,21.0,-1.25,-0.06,-2.1,0
24.9,6.88,19.6,-0.13,-0.04,0.5,0
27.2,6.94,28.1,0.14,0.04,-1.2,0
27.82,6.49,21.3,0.02,-0.02,-1.0,0
30.47,7.24,11.4,-0.15,0.04,0.9,0
30.23,6.8,17.0,0.21,0.01,0.2,0
32.26,7.2,11.1,-0.07,0.01,-0.4,0
28.44,7.16,30.8,-0.17,-0.04,3.5,0
27.09,6.94,19.9,0.08,-0.02,-1.4,0
26.42,6.77,29.1,-0.07,0.01,0.2,0
27.43,5.92,16.2,0.09,-0.09,0.6,0
23.38,7.45,8.4,-5.44,0.03,0.2,0
25.83,6.75,12.7,-0.55,-0.02,-0.1,0
28.67,6.71,24.8,0.08,0.03,-1.0,0
27.45,6.67,15.8,0.1,-0.05,-0.4,0
26.11,5.82,22.5,-0.08,0.12,-0.2,0
27.57,6.91,24.2,0.0,0.01,-1.1,0
27.68,6.83,16.1,-0.08,-1.7,0.4,0
27.21,6.76,23.0,-0.14,0.01,0.1,0
27.2,7.0,22.5,-0.12,0.08,2.6,0
26.2,5.92,22.0,0.09,0.08,-0.4,0
27.52,6.67,15.8,0.01,-0.0,0.3,0
26.4,6.43,19.6,0.26,-0.02,0.6,0
31.72,7.04,15.1,-0.04,-0.06,-0.3,0
26.51,6.52,16.3,-0.06,-0.08,0.0,0
27.7,7.25,2.8,0.03,0.03,-0.5,0
25.86,6.81,12.8,-0.07,-0.01,-0.2,0
26.15,6.75,15.2,-0.15,-0.02,-0.3,0
27.33,6.53,26.7,0.06,-0.02,-1.4,0
27.56,7.14,10.4,-0.03,-0.01,-0.2,0
28.72,6.54,48.3,0.03,-0.01,28.1,0
29.7,7.13,13.5,1.53,-0.02,-0.1,0
31.53,7.11,12.2,-0.08,-0.03,-0.5,0
31.22,7.13,7.4,0.14,0.0,-1.2,0
30.79,6.72,18.6,-0.26,-0.01,0.1,0
31.67,7.18,13.8,0.07,0.02,-0.4,0
28.06,6.58,19.6,0.32,0.01,-0.7,0
28.14,6.77,21.0,0.04,0.03,-0.9,0
25.66,6.38,17.6,-0.13,-0.01,0.6,0
31.92,6.99,12.9,-0.05,0.03,0.5,0
27.76,6.92,23.4,0.01,0.0,1.4,0
29.76,6.85,19.0,-0.32,-0.01,-12.1,0
29.07,6.81,23.6,0.04,-0.02,-0.3,0
27.19,7.29,24.2,0.03,0.02,1.6,0
27.7,6.94,23.4,-0.01,0.0,1.4,0
27.14,6.67,15.3,0.26,-0.0,2.7,0
25.99,6.96,12.0,-0.26,-0.01,0.2,0
25.42,7.17,1.6,-0.12,-0.01,-2.3,0
28.09,6.41,13.5,0.12,-0.21,-0.1,0
27.84,7.01,18.6,-0.39,-0.02,0.6,0
32.81,7.23,8.9,0.2,-0.05,0.5,0
27.8,7.2,15.9,-0.13,-0.65,-0.3,0
28.87,6.64,22.2,-0.08,-0.03,-0.5,0
28.49,7.4,8.9,-0.31,0.04,-0.2,0
26.38,7.27,12.8,-4.74,0.01,2.6,0
27.57,6.64,17.4,0.05,-0.02,0.9,0
28.48,7.21,27.3,-0.26,0.02,-0.2,0
32.09,7.0,13.7,0.01,-0.02,0.0,0
25.57,6.63,17.2,-0.33,-0.04,1.5,0
21.18,7.13,5.3,0.3,-0.01,0.3,0
29.06,7.0,8.2,2.88,-0.01,-0.0,0
29.75,6.6,19.6,0.1,-0.02,1.7,0
25.97,7.23,4.5,0.0,0.02,0.2,0
25.83,6.71,15.6,-0.35,-0.01,-1.7,0
26.38,6.63,19.0,-0.1,-0.05,0.1,0
28.07,6.75,7.8,0.28,0.01,-0.8,0
32.27,7.31,8.5,0.02,-0.03,-0.0,0
27.9,6.61,16.8,0.19,-0.0,-0.2,0
30.34,6.4,20.5,0.17,0.03,0.0,0
27.9,6.77,18.7,-0.34,0.07,0.6,0
32.56,7.24,12.0,-0.12,-0.01,-0.6,0
32.49,7.54,2.5,-0.18,-0.02,0.6,0
26.18,6.65,19.0,-0.02,-0.01,0.7,0
26.8,6.97,22.8,0.05,-0.02,-1.9,0
26.74,6.83,29.3,-0.08,0.0,0.5,0
27.03,6.57,20.7,0.04,-0.07,0.9,0
27.66,6.82,30.7,0.19,0.0,-0.5,0
29.91,6.96,23.3,-0.03,0.05,-2.0,0
26.91,6.62,14.8,-0.1,0.03,0.2,0
34.2,6.71,23.1,-0.2,-0.03,1.1,0
26.9,7.02,27.6,-0.05,-0.03,-1.5,0
27.12,7.28,24.1,-0.02,0.01,1.4,0
26.34,6.8,28.3,0.04,0.01,0.7,0
32.34,7.42,4.7,0.01,0.01,0.2,0
32.89,7.24,8.9,0.24,-0.06,0.4,0
24.94,6.81,12.4,-0.91,-0.08,0.4,0
32.18,7.07,14.7,0.0,-0.05,-0.2,0
32.34,7.39,7.3,0.31,0.01,-0.0,0
27.83,6.66,21.2,-0.06,-0.02,-1.2,0
26.04,7.01,10.3,-0.07,-0.01,-0.6,0
26.78,6.92,19.4,-0.21,-0.01,0.8,0
29.97,7.01,18.2,0.06,0.04,0.0,0
26.51,6.89,26.5,-0.01,-0.03,-0.0,0
30.2,6.87,14.3,0.0,-0.04,0.6,0
26.24,6.85,21.4,-0.45,0.01,-0.7,0
29.87,6.37,20.6,0.15,0.03,0.6,0
26.75,6.66,23.4,-0.11,0.04,1.1,0
26.58,7.13,5.6,0.05,0.01,-9.9,0
29.53,7.46,8.6,3.93,0.03,0.0,0
28.91,6.51,48.5,0.0,-0.01,28.7,0
32.73,7.04,13.6,0.21,0.01,-0.5,0
26.63,7.04,23.5,0.05,0.04,-0.8,0
28.38,6.93,24.6,-0.17,0.01,0.9,0
32.59,7.15,12.0,-0.21,-0.01,-0.5,0
26.61,6.88,25.7,-0.14,-0.01,1.4,0
32.02,7.26,8.9,-0.03,-0.0,0.4,0
29.3,6.72,17.7,-2.32,-0.05,-0.7,0
31.33,6.81,18.1,2.14,-0.02,-0.7,0
26.4,5.91,21.9,0.16,0.08,-0.2,0
29.17,7.21,10.0,-4.57,-0.01,0.8,0
26.08,7.32,8.6,-0.07,0.0,0.1,0
31.76,7.24,3.3,0.11,0.04,-1.8,0
26.56,7.23,26.9,-0.11,0.0,-2.0,0
26.05,7.17,4.5,0.14,0.02,-0.3,0
32.19,7.44,8.0,0.09,-0.03,1.4,0
26.65,6.67,16.5,0.03,0.04,-0.1,0
31.83,7.25,10.5,0.26,0.01,-1.0,0
27.25,7.26,24.2,-0.03,0.0,1.5,0
30.83,7.21,11.1,-0.15,-0.01,-0.2,0
31.54,7.06,7.7,0.26,0.02,-0.6,0
26.77,6.28,3.7,0.09,-0.11,-0.7,0
30.73,6.2,7.4,-0.1,-1.17,-0.4,0
32.28,7.04,13.4,0.15,0.01,0.5,0
26.53,6.49,20.5,-0.01,0.02,-0.2,0
27.27,6.77,25.4,-0.03,-0.01,-0.9,0
26.48,7.14,7.0,-0.0,-0.01,0.3,0
31.25,6.78,18.7,0.18,-0.04,-1.0,0
27.39,6.65,15.5,-0.15,-0.02,0.4,0
30.56,7.13,11.4,-0.25,-0.04,0.3,0
27.03,7.32,22.2,-0.11,0.02,1.7,0
32.2,6.98,13.6,0.12,-0.02,-0.0,0
26.32,6.52,16.3,-0.28,-0.12,0.0,0
28.59,6.72,18.0,0.17,-0.28,1.0,0
27.69,6.77,30.3,0.11,-0.0,-0.2,0
27.51,6.67,27.0,0.01,-0.01,-1.2,0
32.72,7.23,12.5,-0.01,0.02,0.3,0
27.45,6.91,22.7,0.14,0.0,-0.9,0
26.91,6.81,29.1,-0.06,0.01,2.8,0
27.59,6.52,19.2,0.19,-0.03,-0.9,0
30.61,5.92,7.1,-0.19,-1.45,-0.4,0
29.44,6.55,19.8,0.17,-0.03,1.7,0
32.34,7.52,3.5,0.22,0.0,0.2,0
26.61,6.53,27.8,-0.03,-0.01,-0.1,0
32.3,7.19,11.3,-0.06,0.0,-0.1,0
27.69,6.56,17.1,-0.0,-0.0,0.4,0
31.72,6.96,15.0,-0.13,-0.06,0.4,0
27.58,7.14,23.0,0.29,-0.02,-1.4,0
27.31,7.28,22.4,0.09,-0.02,0.3,0
28.71,7.21,27.4,-0.29,0.02,-0.1,0
29.12,6.87,23.3,0.07,0.01,-0.1,0
27.21,6.87,28.8,-0.05,-0.0,1.5,0
28.19,6.55,45.5,-0.08,-0.02,24.9,0
28.19,6.62,19.0,-0.07,0.01,0.4,0
26.77,6.56,29.2,0.05,0.0,1.5,0
29.84,7.21,22.2,-0.06,0.11,-2.0,0
25.92,7.2,23.0,-0.07,0.01,-0.7,0
27.2,7.0,27.3,-0.02,-0.01,1.6,0
30.37,6.41,20.4,0.03,0.0,-0.2,0
29.08,6.52,44.5,-0.06,-0.0,22.8,0
25.44,6.97,12.3,-0.08,-0.01,0.3,0
29.88,6.84,18.9,-0.0,0.0,1.5,0
26.73,6.56,16.1,0.12,0.01,0.0,0
27.87,6.47,16.3,-0.31,0.01,-0.6,0
32.01,7.37,6.9,0.0,-0.03,-1.6,0
27.1,6.84,28.5,-0.12,-0.01,-0.3,0
31.87,7.2,12.0,-0.11,0.02,1.0,0
27.74,6.72,23.7,0.13,0.06,4.5,0
31.98,7.43,6.7,-0.06,0.03,-0.1,0
25.0,7.18,13.5,-0.15,0.02,-0.4,0
26.82,6.4,19.5,0.26,-0.0,0.3,0
28.45,7.14,27.0,0.03,0.01,15.2,0
27.88,6.71,22.5,0.09,0.01,1.7,0
32.18,7.1,14.3,0.38,-0.04,-0.8,0
32.53,7.24,11.9,-0.22,-0.03,-0.7,0
27.28,6.5,20.4,0.08,-0.02,0.2,0
32.04,7.46,6.8,0.01,0.01,-0.6,0
27.68,6.47,16.7,0.06,-0.04,0.3,0
31.74,7.2,13.7,0.07,0.02,-0.3,0
30.65,6.67,18.4,-0.28,-0.02,-0.0,0
27.01,6.91,27.6,0.04,-0.02,-1.7,0
26.65,6.63,16.7,0.07,-0.0,2.2,0
25.31,6.62,28.1,-0.85,-0.08,-0.8,0
25.23,6.44,18.9,0.01,-0.05,-0.7,0
26.84,6.4,19.4,0.25,-0.01,0.3,0
30.94,6.54,7.6,0.03,-0.76,-0.4,0
26.23,7.18,6.5,-0.3,-0.02,0.4,0
31.66,6.99,15.3,0.04,-0.0,1.7,0
26.7,7.0,27.5,-0.06,-0.05,-1.0,0
26.08,7.33,8.6,-0.11,0.0,0.1,0
30.63,6.69,22.7,-0.02,0.04,0.6,0
28.54,6.67,30.6,0.08,-0.0,-0.5,0
28.3,6.6,15.1,0.18,0.02,-0.2,0
25.92,6.78,15.0,-0.09,-0.01,-0.3,0
28.21,6.63,17.3,0.03,0.0,0.8,0
29.73,6.68,26.0,-0.07,-0.03,-1.1,0
27.3,6.88,28.6,-0.03,-0.02,1.5,0
32.18,7.45,8.0,0.1,-0.02,1.0,0
28.3,7.2,16.8,-0.11,0.05,-0.1,0
30.92,7.11,11.6,-0.27,-0.05,-0.8,0
27.53,6.93,23.0,0.18,0.07,-1.3,0
26.34,6.65,32.7,-2.22,-0.03,-1.5,0
28.84,6.84,20.2,-0.04,0.02,1.8,0
25.69,7.13,3.9,0.29,0.04,-0.2,0
32.03,7.04,12.0,0.12,0.08,0.5,0
31.39,6.54,22.3,-0.17,0.03,0.6,0
32.24,7.0,15.4,0.18,0.0,1.4,0
28.45,6.7,31.1,0.1,0.0,0.1,0
27.46,6.52,26.7,0.01,-0.02,-1.3,0
26.7,6.88,29.3,-0.02,-0.01,0.6,0
25.71,7.12,4.0,0.3,0.04,-0.2,0
26.82,6.68,15.6,0.08,-0.01,-0.4,0
27.45,7.02,25.1,-0.05,-0.02,0.9,0
28.75,6.7,22.1,0.03,-0.0,-0.6,0
25.5,6.5,18.8,0.02,-0.03,-0.7,0
27.91,7.04,10.2,-0.1,-0.02,-0.2,0
32.34,6.99,13.2,-0.14,-0.02,-0.7,0
32.6,7.37,4.2,-0.07,0.03,0.1,0
32.61,7.03,13.6,0.22,0.02,-0.4,0
27.93,6.69,31.1,0.16,0.07,-1.8,0
31.82,6.93,15.2,-0.12,-0.04,0.7,0
30.29,6.38,20.5,0.17,0.01,-0.0,0
27.09,6.94,19.9,0.08,-0.02,-1.4,0
32.15,6.98,15.1,0.26,0.01,0.9,0
25.19,6.64,16.0,-0.01,0.04,-0.1,0
27.77,6.66,17.1,0.06,0.0,-0.7,0
29.33,6.67,23.7,-0.04,-0.02,-2.2,0
27.14,6.91,26.3,-0.25,0.03,1.4,0
29.28,6.93,23.8,-0.38,0.0,0.7,0
28.05,6.83,34.4,-0.09,0.02,17.3,0
33.02,6.73,19.9,4.39,0.03,0.2,0
28.03,6.37,20.1,0.16,0.04,-0.9,0
27.68,6.55,16.9,0.0,-0.02,0.4,0
32.58,7.29,8.4,1.49,0.02,-0.0,0
31.81,7.48,2.5,-0.17,0.02,0.2,0
27.99,6.69,18.3,0.18,-0.0,-0.3,0
26.04,6.4,17.3,0.27,0.02,0.6,0
30.2,7.17,13.7,0.09,-0.04,-0.2,0
27.35,6.57,15.9,-0.04,-0.0,-0.6,0
28.31,6.35,20.6,0.11,-0.01,0.3,0
27.19,6.53,20.6,0.09,0.01,-0.4,0
26.38,6.64,15.8,-0.04,-0.03,-1.2,0
29.83,6.99,13.9,-0.04,-0.02,0.9,0
28.16,6.63,17.7,0.13,0.02,1.0,0
25.94,6.41,18.7,-0.04,-0.02,-0.5,0
27.16,7.0,17.9,-0.01,-0.0,1.4,0
30.64,7.34,7.7,2.82,-0.02,-1.2,0
31.87,7.37,5.6,-0.0,0.01,-2.7,0
31.71,6.85,9.5,0.18,-0.3,-0.0,0
28.5,6.6,46.0,-0.03,-0.03,26.6,0
29.02,7.29,23.2,0.21,0.06,-1.8,0
27.43,6.86,24.3,-0.23,-0.01,0.0,0
27.94,7.01,30.7,-0.15,-0.01,2.9,0
28.42,6.65,18.9,-0.0,-0.0,0.5,0
28.36,7.04,21.8,-0.06,-0.01,-1.2,0
27.9,7.15,28.9,-0.15,-0.01,2.5,0
28.41,6.57,44.4,-0.06,-0.01,22.7,0
27.91,6.85,31.4,0.28,0.01,-0.9,0
28.67,7.55,14.3,-0.21,0.66,-0.7,0
27.31,7.03,22.6,0.08,-0.03,0.0,0
32.81,7.12,11.3,0.23,-0.0,-0.2,0
29.49,6.71,17.8,0.02,-0.03,-0.4,0
25.91,6.8,15.4,-0.02,0.02,0.7,0
28.3,7.17,10.9,-0.21,-0.01,-0.6,0
29.25,6.52,22.4,-0.1,0.02,0.7,0
25.89,6.8,13.3,-0.04,-0.05,0.3,0
21.34,7.11,5.5,0.18,-0.02,0.0,0
31.98,7.26,8.3,0.01,0.01,-0.7,0
32.05,7.04,13.2,0.17,0.04,0.5,0
29.35,6.63,22.2,0.1,0.0,-0.8,0
29.68,6.74,47.4,0.17,-0.04,29.7,0
26.92,6.27,21.2,-0.15,-0.01,0.5,0
28.15,6.67,18.4,0.08,-0.01,-0.4,0
33.6,7.48,3.5,2.51,-0.01,-0.2,0
28.9,6.89,17.1,0.02,-0.05,-17.4,0
35.45,6.76,21.2,3.26,0.01,0.4,0
27.36,7.1,27.2,-0.04,-0.01,-3.1,0
27.07,7.0,22.5,-0.1,0.05,2.6,0
27.13,6.84,28.8,-0.04,-0.02,-0.1,0
31.31,6.99,13.6,0.08,-0.02,0.4,0
26.93,7.07,29.0,-0.12,0.03,1.7,0
32.53,7.08,12.1,-0.26,0.01,-0.4,0
29.91,6.46,20.5,0.06,0.04,0.5,0
27.83,7.14,22.2,-0.03,-0.04,0.8,0
27.27,6.63,21.0,0.03,-0.0,0.8,0
27.8,6.49,16.3,-0.28,0.02,-0.6,0
28.23,7.17,23.5,0.17,-0.02,-1.9,0
29.03,6.88,14.0,0.01,0.0,-25.7,0
25.82,7.1,4.0,0.35,0.05,-0.2,0
25.75,6.52,19.5,-0.05,-0.05,1.0,0
24.73,7.14,19.6,-0.25,-0.04,0.6,0
26.83,7.18,23.2,0.13,0.08,-0.1,0
28.85,7.17,27.5,0.09,0.01,15.1,0
30.29,6.68,20.5,-0.29,0.0,0.8,0
27.48,6.94,9.3,-1.18,-0.04,-0.2,0
28.67,6.46,20.5,-0.34,-0.01,-0.2,0
32.44,7.02,13.4,0.19,0.03,-0.2,0
30.02,7.08,13.2,-0.03,-0.02,-0.1,0
31.99,7.03,14.8,0.02,-0.06,-0.3,0
30.62,6.74,23.9,-0.07,-0.0,-1.2,0
26.66,5.69,22.4,0.04,0.06,-0.1,0
26.01,6.76,15.1,-0.14,-0.01,-0.2,0
32.58,7.37,4.3,-0.06,0.02,0.1,0
25.76,6.81,14.6,-0.14,0.01,-0.2,0
28.41,6.66,21.9,0.22,0.0,5.7,0
27.85,6.43,19.3,0.26,0.02,-2.0,0
26.63,6.49,20.5,0.03,0.02,-0.2,0
29.71,6.64,22.5,0.28,0.04,-0.9,0
27.78,7.21,20.6,0.08,-0.01,0.9,0
27.59,6.82,34.3,-0.01,0.03,18.1,0
26.01,6.25,20.7,-0.23,0.15,0.2,0
27.18,7.09,22.9,-0.08,0.03,1.4,0
26.23,5.67,22.7,-0.07,-0.1,-0.4,0
24.88,7.1,16.5,0.11,-0.07,-0.4,0
25.25,6.56,17.5,-0.24,-0.05,1.3,0
34.04,6.65,22.7,-0.19,-0.04,0.8,0
29.28,6.74,17.7,0.04,-0.02,-0.6,0
27.63,6.44,22.2,0.16,0.03,-0.5,0
31.44,6.52,22.2,-0.16,0.03,0.5,0
29.97,6.75,17.8,0.03,-0.05,-0.4,0
29.41,6.62,25.5,-0.27,-0.06,-0.4,0
32.55,7.28,12.2,-0.01,-0.05,4.1,0
27.45,6.64,23.2,-0.08,-0.02,1.4,0
31.77,7.05,14.0,-0.02,-0.06,-0.4,0
30.15,6.71,22.4,-0.17,-0.11,1.0,0
28.14,6.69,18.4,0.03,0.0,-0.4,0
27.91,6.55,7.9,0.16,-0.5,-0.3,0
27.72,6.65,17.5,-0.12,0.02,-0.1,0
27.69,7.0,33.0,0.15,-0.03,-2.6,0
28.19,6.46,16.9,0.11,-0.05,0.2,0
26.66,6.72,13.5,-0.07,0.05,-0.2,0
32.55,7.51,3.4,0.27,0.0,0.2,0
30.58,7.06,12.4,0.01,-0.03,-0.7,0
26.59,6.61,15.7,0.14,0.02,0.0,0
27.53,6.63,22.4,0.39,0.01,-0.5,0
27.65,7.14,23.0,-0.5,-0.01,-0.6,0
31.89,7.0,11.5,-0.06,-0.05,0.7,0
32.5,7.12,13.4,0.01,-0.03,0.7,0
25.92,6.73,15.8,-0.21,-0.02,-1.2,0
32.55,7.08,12.6,0.18,-0.02,0.7,0
30.58,7.37,15.3,-0.01,0.0,2.4,0
31.12,6.95,14.3,-0.11,-0.03,0.0,0
28.76,7.56,17.4,0.19,0.67,2.2,0
26.84,6.75,13.7,-0.07,-0.01,-0.1,0
27.27,6.82,30.6,0.08,0.0,-0.2,0
32.54,7.03,13.1,0.09,0.01,-0.5,0
23.52,7.12,5.5,0.8,0.01,0.2,0
25.84,6.66,12.7,-0.12,-0.04,-1.4,0
30.18,6.36,20.5,0.11,-0.04,-0.2,0
30.51,6.64,18.6,0.0,-0.0,0.1,0
26.27,6.85,12.6,-0.03,-0.0,-0.8,0
27.67,7.19,21.2,0.06,0.0,-1.9,0
31.62,7.11,9.8,0.29,-0.0,-0.5,0
24.81,7.22,15.9,0.06,-0.09,-1.7,0
26.44,6.74,23.1,-0.14,-0.04,0.9,0
25.86,6.44,16.2,0.33,0.01,-0.1,0
28.58,6.84,22.0,-0.75,-0.0,3.1,0
26.55,7.11,25.5,-0.06,-0.0,1.4,0
28.05,6.68,14.6,0.25,0.61,1.7,0
27.6,7.16,26.1,-0.09,0.05,2.1,0
32.58,7.03,13.6,0.23,0.03,-0.3,0
27.63,6.8,28.4,0.0,0.01,2.0,0
32.87,7.26,8.7,0.19,-0.03,0.3,0
28.18,6.72,18.4,-0.01,0.0,-0.4,0
30.34,6.7,17.4,0.79,0.0,0.2,0
27.7,6.56,16.1,0.25,-0.0,0.0,0
25.95,6.46,18.7,-0.16,-0.05,1.3,0
26.89,6.94,29.4,-0.04,-0.0,1.1,0
26.23,6.63,16.9,-0.35,-0.02,1.4,0
29.22,6.69,29.0,-0.09,0.01,2.6,0
27.59,7.13,23.0,-0.47,-0.02,-0.6,0
27.31,6.17,3.7,-0.08,0.17,-0.3,0
24.34,6.9,11.9,-1.72,0.04,0.4,0
31.82,7.3,12.7,0.22,-0.05,1.1,0
29.9,6.38,20.6,0.12,0.05,0.6,0
27.87,6.64,22.5,0.09,0.0,1.4,0
26.96,6.56,15.6,-0.11,-0.02,0.2,0
30.38,6.72,22.5,0.06,0.03,0.5,0
26.7,6.87,11.3,0.13,-0.03,0.5,0
27.02,7.19,27.1,0.2,-0.0,1.3,0
27.27,6.43,20.0,0.23,-0.0,0.3,0
32.27,7.39,7.4,0.0,-0.02,1.4,0
28.82,6.59,21.8,0.02,-0.04,-0.3,0
25.51,7.08,11.0,-0.14,-0.0,0.0,0
27.73,6.97,28.7,-0.03,-0.01,-1.7,0
28.11,6.9,8.2,0.38,0.01,-0.9,0
25.17,6.64,17.3,-0.25,-0.06,1.6,0
28.73,6.61,30.4,0.01,-0.01,-0.5,0
29.69,6.71,17.7,-0.12,-0.03,-0.5,0
26.4,7.18,21.1,-0.02,-0.02,0.6,0
26.5,6.1,21.6,0.16,0.08,-0.3,0
30.41,6.71,21.8,0.0,-0.01,0.5,0
28.77,6.61,30.9,0.0,-0.0,0.6,0
25.91,6.41,17.6,-0.05,0.0,0.6,0
30.25,7.34,9.4,-0.05,-0.02,-0.6,0
26.47,7.15,6.4,-0.24,0.02,-0.5,0
31.93,7.01,13.1,0.01,0.01,0.1,0
32.48,7.34,4.5,0.0,0.01,0.0,0
21.45,7.11,5.9,0.92,-0.01,0.2,0
28.39,7.05,21.8,-0.05,-0.02,-1.2,0
28.73,6.63,16.7,-0.13,-0.02,-1.0,0
25.57,7.02,11.2,-0.07,0.01,-0.7,0
29.42,6.98,20.9,-0.21,0.05,1.8,0
25.59,6.56,19.0,0.11,0.01,-0.4,0
27.75,6.5,17.5,0.08,-0.2,-1.5,0
31.68,6.95,14.9,-0.07,-0.06,0.2,0
28.1,6.97,31.4,0.21,-0.02,22.0,0
27.19,6.64,16.1,-0.07,0.02,-0.6,0
30.83,6.68,19.0,-0.26,-0.02,0.5,0
32.02,6.95,13.7,-0.23,-0.04,-0.7,0
31.13,6.43,19.5,0.14,-0.02,-0.5,0
21.13,7.13,5.2,0.33,-0.01,0.4,0
25.53,7.17,3.9,0.21,0.03,-0.2,0
32.53,7.38,4.4,-0.02,0.01,0.0,0
26.15,6.76,13.4,-0.0,-0.02,0.2,0
27.15,6.34,20.1,0.22,0.0,0.1,0
24.72,7.16,19.6,-0.33,-0.04,0.4,0
27.7,6.88,25.0,-0.11,0.01,0.7,0
29.95,7.52,15.3,-0.08,0.03,2.4,0
27.49,7.01,26.4,-0.2,0.14,1.4,0
30.99,6.38,19.9,0.15,-0.02,-0.5,0
32.83,7.23,9.3,0.29,-0.04,0.7,0
32.27,7.31,7.9,-0.16,-0.01,-0.2,0
30.78,7.07,15.4,-0.15,0.04,-0.4,0
31.5,7.03,7.7,0.26,0.02,-0.6,0
31.36,7.03,13.7,0.0,-0.02,0.1,0
32.38,7.3,8.5,-0.01,-0.0,0.1,0
27.35,6.73,23.2,0.02,0.02,-2.2,0
26.46,6.78,27.5,-0.01,-0.04,-0.5,0
30.32,6.73,24.3,0.11,0.0,1.5,0
28.6,6.68,17.5,0.22,0.02,0.4,0
32.42,7.2,11.9,0.41,0.03,-0.4,0
26.55,6.87,27.4,-0.11,-0.05,-0.5,0
28.3,6.62,17.9,0.1,0.03,0.7,0
26.73,6.68,19.0,-0.25,-0.02,0.6,0
26.78,6.69,24.7,-0.06,0.03,1.0,0
28.53,7.43,14.2,-0.24,0.49,-0.6,0
30.48,6.76,21.6,-0.21,0.0,0.8,0
26.62,6.56,27.7,-0.05,-0.02,-0.1,0
26.02,7.13,6.9,-0.15,-0.01,0.5,0
31.61,6.47,21.9,-0.15,-0.0,0.1,0
29.83,6.42,20.6,0.09,0.04,0.6,0
29.75,7.23,13.3,0.03,-0.02,-0.3,0
25.96,6.74,15.5,-0.34,-0.02,-1.5,0
26.9,7.15,27.5,-0.2,-0.05,-1.0,0
27.52,6.75,24.7,-0.15,0.03,2.0,0
27.33,6.83,26.5,-0.27,0.05,1.5,0
28.56,7.09,23.8,-0.11,-0.03,-0.2,0
26.91,6.52,23.3,-0.32,0.0,1.3,0
26.98,6.05,23.3,-0.15,-0.01,0.9,0
29.07,6.39,19.6,0.13,0.0,0.0,0
27.36,6.38,22.3,0.17,0.02,1.3,0
29.91,6.76,19.1,0.02,-0.0,1.5,0
30.17,6.6,25.5,-0.25,-0.04,-0.5,0
26.99,6.86,29.5,-0.08,-0.0,0.6,0
26.89,7.05,11.3,-3.25,0.02,1.3,0
30.76,7.03,12.6,0.11,-0.0,-0.5,0
31.66,6.86,15.0,0.09,-0.04,-0.2,0
29.48,6.89,19.5,-0.3,-0.0,-9.9,0
25.69,7.06,10.8,-0.12,-0.01,-0.1,0
26.75,6.81,28.8,0.22,0.0,0.5,0
27.48,7.21,22.6,-0.01,0.03,0.6,0
27.59,6.81,25.0,-0.12,-0.01,0.7,0
27.51,6.72,22.4,0.36,0.01,-0.5,0
28.6,6.36,20.8,0.01,-0.04,0.2,0
27.31,6.86,17.7,0.03,-0.01,1.2,0
28.38,6.67,18.5,0.06,-0.02,-0.4,0
25.6,7.02,8.0,0.23,-0.02,0.2,0
29.99,6.63,20.3,-0.06,-0.02,0.0,0
24.58,6.86,12.2,-1.39,-0.02,0.4,0
25.72,7.02,8.9,0.15,0.02,0.2,0
27.18,6.81,15.8,-0.08,-0.04,-0.5,0
27.36,6.66,14.6,0.15,0.04,0.2,0
26.67,6.75,24.8,0.04,0.03,0.8,0
20.57,7.16,4.5,-4.97,-0.0,-0.2,0
27.01,6.6,23.2,-0.29,-0.01,1.5,0
27.61,6.79,15.5,-0.03,0.0,2.0,0
25.76,6.43,16.4,-0.09,0.02,0.1,0
27.64,7.0,24.3,-0.16,0.02,1.9,0
27.56,7.09,26.4,-0.17,0.18,1.4,0
26.83,7.14,29.1,-0.15,0.05,1.7,0
29.28,6.93,14.8,0.16,0.03,-1.3,0
32.04,7.08,13.8,-0.03,0.02,0.3,0
26.79,6.69,31.2,0.05,-0.01,-0.1,0
32.02,7.41,8.0,0.32,0.0,0.2,0
30.16,7.02,20.2,0.01,0.2,-1.8,0
32.2,7.21,9.4,0.03,0.02,-0.0,0
30.46,6.7,21.8,-0.04,-0.02,0.6,0
30.49,6.67,24.8,-0.07,-0.02,2.6,0
30.11,6.87,32.7,-0.15,-0.02,16.8,0
26.43,6.82,14.4,-0.03,-0.01,-0.2,0
32.0,7.17,12.3,0.05,0.03,0.7,0
27.36,5.95,3.9,0.08,0.06,0.1,0
32.61,7.05,14.3,0.03,0.03,0.3,0
28.17,6.59,23.9,-0.46,-0.08,-0.4,0
32.22,7.4,7.7,-0.18,-0.01,3.0,0
26.19,6.17,20.5,-0.1,0.1,-1.4,0
27.77,6.3,21.6,0.07,0.01,-0.6,0
27.25,6.68,22.3,0.06,0.02,-0.3,0
30.61,7.05,13.7,0.01,-0.04,0.4,0
28.67,6.86,13.7,0.03,0.0,-24.5,0
25.58,6.52,18.8,0.02,-0.02,-0.7,0
27.81,6.91,25.9,-0.21,-0.0,-0.3,0
28.07,6.88,24.9,-0.07,0.01,1.0,0
27.16,7.13,20.5,-0.67,0.01,-0.1,0
25.55,7.21,4.3,-0.26,-0.0,-0.3,0
30.66,7.32,9.5,0.14,-0.03,-0.3,0
32.86,7.43,3.1,0.29,-0.01,-1.2,0
28.69,6.72,24.8,0.07,0.03,-0.9,0
26.45,6.71,12.6,0.11,0.01,-0.1,0
28.0,6.62,19.5,0.24,-0.01,-0.5,0
27.83,6.73,24.0,0.49,0.06,5.9,0
30.04,6.71,29.3,-0.25,-0.05,2.7,0
25.98,6.76,15.1,-0.14,-0.01,-0.2,0
29.17,6.5,19.9,0.05,-0.02,-22.6,0
27.27,6.77,31.0,0.19,0.21,-1.4,0
28.67,6.64,21.3,-0.2,-0.02,6.6,0
27.54,6.87,24.2,-0.25,-0.01,0.2,0
27.35,6.86,22.5,0.07,0.02,-0.2,0
28.87,7.01,8.1,2.83,-0.01,-0.1,0
26.9,6.94,22.7,0.09,-0.02,-1.8,0
27.59,6.81,30.5,0.17,0.0,-0.5,0
32.17,7.01,13.0,0.1,-0.01,0.1,0
32.43,7.41,4.6,0.08,-0.01,-0.1,0
32.22,7.03,13.7,0.04,0.01,0.1,0
30.44,6.86,9.4,2.9,0.03,-0.3,0
31.98,7.03,13.2,0.1,0.03,0.3,0
27.01,6.51,20.7,0.03,-0.08,0.9,0
28.1,7.06,26.6,-0.11,0.01,-1.7,0
26.41,7.21,21.1,-0.02,-0.02,0.6,0
31.37,6.49,21.8,-0.04,0.0,0.3,0
28.03,6.71,18.9,-0.23,0.04,0.6,0
29.59,6.64,22.7,-0.19,0.03,0.6,0
32.31,7.42,7.3,0.2,0.01,-0.1,0
29.93,6.75,20.2,-0.13,0.0,-0.0,0
25.26,7.22,2.5,-0.09,-0.01,-1.4,0
26.22,5.78,22.5,-0.09,0.12,-0.1,0
26.91,6.51,17.4,-0.16,-0.1,-0.4,0
29.86,6.9,18.7,-0.02,0.0,1.5,0
26.44,6.77,27.4,-0.07,-0.05,-0.3,0
27.7,6.66,43.4,-0.14,0.02,-0.8,0
28.08,6.89,23.1,-0.19,-0.02,-0.7,0
27.29,6.85,27.4,-0.0,-0.03,-1.8,0
27.79,6.89,24.3,-0.2,0.04,2.0,0
26.56,6.68,16.7,-0.28,-0.01,0.8,0
26.92,7.11,25.1,-0.07,0.0,17.5,0
27.52,6.86,27.4,0.01,0.01,-1.2,0
25.08,7.29,3.9,-0.04,0.0,-0.0,0
28.24,7.87,16.6,-0.04,0.4,0.6,0
29.26,6.76,23.3,0.1,-0.0,-0.2,0
27.33,6.82,27.2,-0.0,0.02,-1.7,0
27.52,6.84,22.9,0.17,0.05,-1.2,0
28.65,6.63,14.8,-0.15,-0.04,-3.1,0
27.69,6.64,17.4,-0.12,0.02,-0.1,0
27.16,7.3,24.1,0.01,0.01,1.4,0
26.42,6.5,20.3,0.06,-0.01,-0.3,0
28.91,6.79,16.3,-0.13,-0.02,-0.6,0
32.05,7.25,8.5,0.08,0.01,-0.6,0
30.7,7.16,11.1,-0.18,-0.01,-0.1,0
30.43,6.67,20.1,0.05,-0.0,-1.5,0
25.78,6.77,12.6,-0.59,-0.02,-0.5,0
27.88,7.01,36.2,-0.19,0.04,18.2,0
26.74,6.99,14.6,-0.04,-0.01,0.1,0
25.42,7.17,7.2,0.37,0.02,-1.4,0
32.33,7.1,12.5,0.17,-0.01,0.7,0
26.76,6.67,23.3,-0.39,0.01,1.5,0
28.47,6.57,20.9,0.51,0.04,-27.7,0
27.94,7.08,9.3,-0.17,-0.03,-0.1,0
28.69,7.92,16.7,-0.09,1.03,1.4,0
25.77,7.18,7.4,0.3,0.0,1.6,0
28.33,6.62,17.1,-0.07,-0.01,0.6,0
32.7,7.26,12.6,0.0,0.01,0.5,0
26.57,6.61,16.0,0.09,0.0,0.9,0
31.54,7.29,10.4,-0.22,0.05,0.6,0
32.11,7.07,11.6,-0.14,-0.12,0.5,0
31.15,7.12,11.8,-0.25,-0.04,-0.7,0
27.87,6.71,15.2,-0.2,-0.02,-0.7,0
32.29,7.2,11.3,-0.07,0.01,-0.2,0
27.82,6.56,21.3,-0.01,-0.02,-1.1,0
32.14,7.09,11.6,-0.13,-0.11,0.5,0
32.12,7.25,11.6,-0.02,-0.03,0.5,0
29.0,7.08,11.9,-4.6,-0.03,1.7,0
25.25,7.25,4.0,-0.14,-0.01,-0.2,0
27.05,6.69,20.9,-0.04,0.01,0.6,0
31.45,7.4,7.0,0.72,0.02,-0.1,0
27.69,6.82,24.6,-0.14,0.03,2.1,0
26.47,6.69,12.4,0.05,-0.02,-0.4,0
27.25,6.54,15.4,-0.21,-0.06,0.4,0
31.72,6.5,21.6,0.13,-0.02,-0.4,0
27.98,7.2,23.3,-0.64,0.01,-0.3,0
30.28,6.65,19.5,-0.06,-0.01,1.4,0
25.23,6.88,12.3,0.15,-0.01,0.0,0
24.24,7.09,11.1,-2.78,0.05,0.3,0
27.56,6.76,14.9,0.01,-0.03,-0.8,0
26.25,6.69,29.1,0.06,-0.01,0.7,0
30.93,6.99,12.6,0.12,-0.04,-0.4,0
27.79,7.14,26.4,-0.08,0.08,1.4,0
26.43,6.79,23.1,-0.15,-0.02,0.9,0
28.95,6.64,22.3,-0.03,-0.01,-0.5,0
31.69,7.27,11.9,-0.13,-0.02,1.8,0
32.39,7.34,7.1,0.4,0.01,0.1,0
32.63,7.41,4.6,0.05,-0.0,-0.0,0
29.68,6.61,22.4,-0.12,-0.05,0.9,0
28.65,7.19,27.1,-0.07,-0.04,1.7,0
28.38,6.67,30.3,0.04,-0.01,-0.4,0
27.93,7.16,29.0,-0.16,-0.02,2.6,0
32.36,7.53,2.6,-0.14,-0.01,0.6,0
25.72,6.82,12.2,-0.08,-0.0,0.7,0
27.3,7.0,22.3,0.13,0.01,-0.2,0
27.3,6.89,24.8,-0.15,0.18,4.3,0
26.08,7.16,23.1,-0.04,0.01,-0.7,0
27.71,6.53,22.4,0.19,0.01,1.2,0
22.63,7.09,5.6,1.34,-0.0,-0.1,0
27.16,6.46,25.2,-0.27,-0.02,-1.4,0
27.37,6.63,25.2,0.33,0.0,-1.4,0
32.3,7.19,11.3,-0.06,0.0,-0.1,0
26.49,7.3,4.9,-0.2,-0.95,-0.4,0
29.09,6.98,23.7,0.01,-0.04,1.0,0
29.25,6.69,29.0,-0.09,0.01,2.6,0
31.9,7.02,13.1,-0.02,0.01,0.1,0
27.28,7.24,21.3,-0.41,-0.04,1.5,0
30.55,7.32,9.0,0.23,-0.02,0.8,0
31.76,7.27,10.2,-0.07,0.01,-1.3,0
28.28,7.08,24.9,0.13,-0.02,-1.2,0
27.04,6.68,26.9,0.16,0.0,-1.9,0
28.01,6.68,14.6,0.25,0.58,1.7,0
26.96,7.03,23.1,0.03,-0.04,-0.1,0
28.93,6.69,21.4,-0.17,-0.03,6.5,0
27.54,6.54,16.3,-0.02,-0.05,0.2,0
32.66,7.24,7.1,0.16,-0.02,-1.0,0
28.96,7.15,23.4,0.01,0.01,0.5,0
25.4,6.97,14.0,-0.15,0.02,-0.3,0
32.17,7.04,13.7,-0.11,0.01,0.2,0
26.91,7.13,22.1,-0.21,-0.02,1.9,0
26.51,6.66,23.1,-0.13,-0.06,0.9,0
26.14,6.83,12.4,-0.05,0.0,-0.9,0
25.79,6.59,18.9,0.09,0.02,-0.5,0
25.31,6.54,18.6,0.0,-0.05,-0.8,0
27.24,6.85,28.7,-0.04,0.0,1.6,0
28.27,6.99,18.3,-1.16,-0.02,0.8,0
27.92,7.19,27.9,-0.05,0.01,-1.0,0
28.66,6.81,30.5,-0.06,-0.03,2.6,0
27.9,6.84,20.3,0.08,-0.0,0.6,0
26.39,6.48,32.4,0.1,0.01,2.4,0
27.22,7.02,23.1,0.08,0.04,-2.2,0
31.3,6.68,21.2,-0.02,0.02,-0.2,0
32.05,6.96,15.1,0.15,-0.01,0.8,0
29.91,6.7,17.8,0.05,-0.05,-0.1,0
27.63,6.83,34.1,0.01,0.03,18.4,0
28.08,7.1,9.5,-0.16,-0.04,-0.4,0
27.28,6.75,22.3,0.08,0.03,-0.3,0
27.94,6.69,15.6,-0.15,0.02,0.7,0
25.58,6.38,17.6,-0.12,-0.02,0.7,0
30.96,6.74,17.9,1.68,-0.02,0.1,0
25.05,7.28,3.8,-0.05,0.02,-0.5,0
32.04,6.97,12.6,0.24,-0.02,0.1,0
26.64,6.62,23.5,-0.09,0.04,1.1,0
29.12,7.39,14.1,0.22,0.04,-1.1,0
30.78,6.61,25.3,-0.06,-0.01,4.5,0
25.49,6.7,15.0,-0.01,-0.04,0.5,0
32.31,7.54,3.6,-0.01,0.02,0.2,0
29.3,6.64,49.4,0.13,-0.03,31.6,0
27.17,6.59,21.9,-0.18,-0.01,-0.6,0
26.16,6.87,20.2,-0.16,0.03,-1.6,0
27.05,6.66,26.9,0.16,-0.0,-1.9,0
30.36,6.64,26.0,-0.09,-0.01,1.9,0
30.13,6.69,17.5,0.34,-0.02,0.2,0
26.62,6.63,31.0,-0.15,-0.01,0.2,0
30.08,6.84,17.7,0.02,-0.04,-1.0,0
25.05,6.96,15.9,0.02,-0.06,-1.4,0
25.68,7.03,11.7,-0.18,0.01,0.2,0
29.45,7.22,16.1,-0.02,-0.02,0.1,0
31.99,7.0,11.5,-0.08,-0.07,0.6,0
26.33,6.68,19.0,-0.09,-0.04,0.2,0
32.68,7.53,2.4,0.16,-0.0,-1.3,0
31.99,7.28,8.8,0.03,-0.0,0.5,0
28.37,7.02,8.4,2.72,-0.02,0.2,0
28.42,7.07,21.8,-0.05,-0.02,-1.2,0
26.98,6.3,21.1,0.09,0.0,-0.0,0
27.65,6.82,24.1,0.58,0.09,5.9,0
26.89,6.73,13.7,-0.07,-0.01,-0.1,0
31.63,7.19,12.0,-0.06,-0.03,-0.9,0
26.14,7.21,4.7,-0.0,0.01,-0.4,0
26.74,6.65,31.2,0.06,-0.01,-0.0,0
30.18,6.77,24.3,0.14,0.01,1.1,0
28.75,6.62,30.3,0.01,-0.01,-0.4,0
27.42,6.89,22.9,0.12,0.02,-1.2,0
28.42,6.85,23.9,-0.13,0.0,1.9,0
28.37,6.85,17.2,0.2,-0.06,-20.9,0
28.31,7.12,25.0,0.15,-0.02,-1.2,0
32.73,7.5,2.6,0.2,-0.0,-1.3,0
30.62,6.69,21.7,-0.16,-0.02,0.9,0
29.94,6.82,17.6,-0.72,-0.04,-1.3,0
30.45,7.33,11.4,-0.08,0.11,1.3,0
28.58,6.69,16.4,0.31,0.01,-1.4,0
28.0,6.65,21.2,0.04,0.01,-0.9,0
27.49,6.49,22.4,0.04,0.01,1.5,0
26.8,6.67,29.3,-0.0,0.0,1.6,0
32.43,7.38,9.0,0.05,0.0,1.5,0
32.08,7.45,7.8,-0.0,0.03,-0.4,0
27.32,7.23,24.3,-0.06,-0.01,1.6,0
27.38,6.58,16.5,-0.87,0.02,-0.2,0
27.11,6.34,22.1,-0.09,-0.02,-0.3,0
28.6,6.64,14.9,0.19,0.0,-0.2,0
27.43,6.67,16.2,-0.04,-0.03,-0.5,0
27.41,6.94,11.0,0.01,-0.02,0.2,0
32.03,7.25,11.9,0.31,0.0,-0.4,0
27.72,7.03,28.0,0.06,-0.09,1.6,0
27.7,6.84,32.1,0.03,0.02,-1.9,0
27.76,7.13,26.4,-0.09,0.1,1.4,0
26.89,6.67,16.6,-0.93,-0.0,0.3,0
28.19,6.55,20.2,-0.15,0.01,0.2,0
27.45,6.85,26.6,-0.31,0.0,1.6,0
25.87,7.02,8.9,-0.0,-0.01,-0.1,0
32.26,7.11,12.6,-0.01,0.0,-0.2,0
30.13,6.88,23.0,-0.13,-0.03,-1.4,0
26.51,6.95,13.9,2.22,-0.0,2.0,0
31.77,6.98,12.4,0.18,-0.03,-0.0,0
29.38,7.39,13.5,0.38,-0.01,-0.7,0
31.91,7.5,7.0,-0.18,-0.01,3.1,0
27.43,6.93,24.0,0.32,0.12,5.3,0
27.33,7.33,26.3,0.16,0.05,2.2,0
25.55,7.08,9.0,0.08,0.02,-0.2,0
28.61,6.64,14.9,0.19,0.0,-0.2,0
28.35,6.74,18.7,-0.1,0.02,0.6,0
29.32,6.72,17.5,-2.21,-0.04,-1.0,0
27.38,6.49,17.5,-0.01,-0.16,-1.0,0
27.55,6.79,20.6,0.26,0.0,1.3,0
31.87,7.01,13.1,-0.01,0.01,0.1,0
27.23,6.67,24.4,-0.27,-0.01,0.1,0
32.32,7.36,8.0,-0.01,0.04,-0.4,0
27.04,6.57,20.7,0.04,-0.07,0.9,0
25.49,6.95,14.4,-0.07,0.02,-0.4,0
25.51,6.49,17.7,0.14,-0.04,1.5,0
31.75,6.49,21.7,0.06,0.01,-0.1,0
24.39,6.92,12.0,-1.96,0.04,0.5,0
26.94,6.85,27.5,-0.14,0.0,0.6,0
30.62,7.04,15.5,-0.16,0.01,-0.1,0
30.19,6.37,20.5,0.12,-0.03,-0.2,0
32.14,7.2,9.5,0.02,0.03,-0.1,0
26.03,6.26,20.7,-0.24,0.14,0.2,0
27.4,6.98,22.7,0.01,0.01,0.2,0
29.66,6.72,20.9,-3.69,0.04,-0.0,0
33.91,7.38,5.9,4.17,0.0,-0.4,0
24.99,6.79,19.5,-0.05,-0.02,0.2,0
26.78,6.89,27.6,-0.14,-0.0,0.6,0
26.52,6.58,16.3,-0.14,-0.04,0.0,0
32.12,7.4,9.1,-0.02,0.01,1.0,0
32.61,7.26,8.3,0.29,0.01,0.5,0
27.75,6.73,23.0,-0.06,-0.01,-0.4,0
25.71,6.75,13.1,0.06,-0.06,-1.5,0
31.92,6.99,15.2,-0.09,-0.04,0.4,0
28.16,6.54,21.4,0.02,0.01,-0.8,0
32.21,7.07,14.7,0.0,-0.05,-0.2,0
27.2,6.75,27.1,0.08,-0.01,-1.9,0
26.65,6.62,23.3,-0.11,0.0,1.0,0
30.74,6.62,18.6,0.13,-0.01,-0.1,0
27.93,6.84,24.3,-0.17,0.04,2.0,0
25.91,6.79,12.3,-0.15,-0.0,-1.0,0
32.64,7.3,8.4,0.0,0.05,0.1,0
31.79,7.3,11.0,-0.01,0.01,-1.6,0
30.67,6.76,17.6,1.6,-0.0,-0.1,0
28.96,6.72,22.2,0.01,-0.04,6.1,0
28.53,6.62,15.2,0.22,0.03,-0.2,0
26.31,5.96,21.8,0.19,0.08,-0.3,0
30.35,6.66,19.6,0.1,-0.0,1.4,0
30.18,6.36,20.5,0.09,-0.04,-0.2,0
28.37,6.72,28.7,0.0,0.03,2.4,0
27.51,6.64,23.4,0.15,0.02,4.6,0
26.7,7.06,25.7,-0.11,0.01,1.4,0
27.3,6.54,26.7,0.07,-0.02,-1.5,0
25.41,6.53,19.2,0.08,0.0,-0.3,0
27.31,6.8,15.8,0.1,-0.06,-0.4,0
27.67,6.68,21.6,0.14,0.01,-1.1,0
25.71,6.81,12.7,-0.03,-0.01,-0.1,0
26.23,7.03,14.5,-4.34,-0.03,1.7,0
27.13,6.6,16.3,-0.3,-0.03,0.0,0
26.99,6.74,27.1,0.14,-0.01,-1.8,0
26.98,6.51,20.7,0.02,-0.07,0.8,0
25.49,6.6,17.2,0.07,0.01,-0.3,0
30.55,6.39,20.7,0.29,0.01,0.0,0
27.11,7.05,10.7,1.42,0.01,0.1,0
28.37,6.79,18.6,-0.12,-0.01,-0.5,0
26.99,6.21,25.6,-0.01,0.16,3.9,0
32.42,7.19,11.8,-0.12,-0.01,-0.6,0
27.9,6.69,15.0,-0.0,-0.01,-0.5,0
28.98,6.66,23.6,0.01,-0.09,1.2,0
26.78,6.77,27.6,-0.13,-0.0,0.4,0
31.15,6.42,20.1,0.16,-0.02,-0.7,0
27.09,6.62,16.6,-1.61,-0.01,0.2,0
28.56,7.0,9.1,2.85,-0.03,0.8,0
32.24,7.54,2.6,-0.24,0.0,0.2,0
29.02,7.11,11.0,-0.32,-0.03,-0.3,0
30.35,6.74,26.4,-0.11,-0.01,1.9,0
28.21,7.15,23.6,0.18,-0.03,-1.9,0
30.71,7.29,9.0,-0.16,-0.0,-0.3,0
25.64,7.18,7.3,0.25,0.0,-0.0,0
27.7,7.09,25.8,-0.02,-0.02,-1.3,0
32.37,7.41,4.6,0.06,-0.0,0.0,0
31.98,6.95,13.8,-0.23,-0.04,-0.7,0
27.27,6.78,22.1,-0.02,0.02,-0.5,0
27.35,6.72,23.6,0.23,0.04,4.6,0
27.78,6.72,7.9,0.16,-0.54,0.6,0
26.67,6.53,30.6,-0.04,-0.0,1.3,0
27.79,6.53,22.1,0.07,0.01,-1.7,0
26.97,6.84,28.9,-0.11,-0.03,-0.4,0
32.13,7.27,11.6,-0.02,-0.03,0.5,0
26.65,6.24,21.0,-0.08,0.1,-1.6,0
26.95,6.38,21.0,0.06,0.0,0.1,0
27.62,6.91,19.2,0.01,-0.06,1.0,0
27.1,6.74,20.8,-0.06,-0.03,0.9,0
26.93,6.45,20.9,0.04,0.0,0.3,0
30.17,6.71,22.3,-0.16,-0.13,1.1,0
31.41,6.49,21.5,-0.11,0.01,-0.6,0
31.12,7.08,13.8,0.09,-0.01,0.0,0
27.65,7.19,25.1,-0.23,0.04,-0.6,0
26.7,6.72,16.5,-0.21,-0.02,0.3,0
27.54,6.75,19.9,-2.81,0.05,-0.6,0
26.76,6.63,15.8,0.01,0.03,-0.0,0
30.34,7.32,9.3,-0.05,-0.03,-0.2,0
30.59,6.69,19.9,-0.28,-0.01,0.9,0
25.91,7.14,7.4,0.23,-0.0,-0.2,0
26.16,7.21,4.7,0.02,0.01,-0.4,0
28.81,6.59,21.8,-0.02,-0.04,-0.4,0
27.54,7.15,26.1,-0.11,-0.01,-0.2,0
28.62,6.67,26.1,0.05,-0.03,-1.5,0
25.94,6.81,26.9,0.2,-0.02,-1.1,0
28.4,7.1,21.8,-0.09,-0.02,-1.2,0
31.65,6.76,18.4,2.12,-0.04,-0.2,0
26.81,6.83,14.6,-0.08,0.01,0.1,0
26.21,7.18,6.5,-0.3,-0.02,0.4,0
25.47,7.09,7.5,0.1,0.0,0.2,0
28.7,6.62,30.3,0.01,-0.01,-0.4,0
30.47,6.73,17.5,1.2,0.0,0.1,0
26.93,6.47,23.0,-0.0,0.06,-2.7,0
27.43,6.86,27.2,-0.03,0.02,-1.7,0
32.22,7.19,8.7,0.09,-0.01,-0.8,0
27.29,6.82,25.4,0.02,-0.01,-0.8,0
31.39,6.52,22.1,0.01,0.03,0.3,0
27.57,6.86,15.9,-0.12,0.0,2.0,0
27.02,6.96,26.2,-0.23,0.02,1.4,0
30.21,6.72,21.5,-0.15,0.05,1.0,0
33.0,7.37,4.5,0.07,0.04,0.7,0
25.92,7.18,5.4,-0.04,-0.05,-0.9,0
27.43,6.89,22.9,0.12,0.03,-1.2,0
28.27,6.78,23.1,-0.02,-0.02,-0.8,0
27.23,7.29,35.0,-0.13,0.02,17.1,0
32.16,7.04,12.8,0.01,-0.01,-0.0,0
27.84,7.11,9.8,-0.1,-0.03,-0.3,0
26.33,6.73,29.2,0.06,-0.01,0.7,0
31.52,7.2,8.3,0.1,-0.04,-0.5,0
27.25,7.06,10.9,-3.32,0.02,1.1,0
29.7,7.27,9.5,3.61,0.04,-0.1,0
30.37,6.41,20.4,0.04,0.0,-0.1,0
26.12,5.81,22.6,-0.1,0.13,-0.1,0
26.36,7.2,26.5,-0.26,-0.0,-1.3,0
32.62,7.08,12.1,-0.05,0.0,-0.1,0
31.75,7.11,14.0,0.09,-0.05,-0.1,0
27.08,6.55,15.1,0.15,0.01,0.8,0
30.82,6.63,24.2,0.02,0.02,-1.1,0
28.77,6.92,32.2,0.11,-0.05,20.8,0
32.69,7.27,8.6,0.18,0.02,-0.2,0
29.12,7.4,9.4,3.79,0.03,0.2,0
31.82,6.85,9.4,0.14,-0.32,0.2,0
28.49,6.73,24.6,0.11,0.01,-1.3,0
32.1,7.07,11.6,-0.13,-0.11,0.5,0
31.75,7.08,14.0,0.04,-0.06,-0.2,0
27.5,6.63,22.6,0.25,0.0,-0.8,0
29.73,6.66,25.9,-0.13,-0.04,-0.9,0
31.38,7.0,14.3,-0.05,-0.05,-0.0,0
25.36,6.6,18.5,0.01,-0.05,-0.9,0
25.77,6.62,17.1,0.07,-0.0,-0.3,0
30.2,6.8,23.9,-0.0,0.07,-1.9,0
27.94,6.75,34.9,-0.1,-0.04,20.2,0
32.25,7.31,7.4,0.01,-0.01,-1.9,0
29.79,6.68,26.0,-0.07,-0.03,-1.1,0
30.87,7.28,9.0,-0.07,-0.01,-0.2,0
25.69,6.45,16.4,-0.2,0.02,0.2,0
32.01,7.19,9.5,0.02,0.05,-0.4,0
27.31,6.66,14.0,-0.11,-0.01,0.9,0
25.46,6.55,19.4,-0.27,-0.07,0.9,0
27.34,6.66,23.3,-0.03,0.0,-2.3,0
28.15,6.92,29.3,-0.11,0.03,-2.5,0
25.51,7.05,7.7,0.14,-0.01,0.2,0
26.54,6.61,31.1,-0.11,0.03,-0.2,0
32.49,7.3,8.4,0.02,0.01,0.0,0
27.74,6.8,32.5,0.01,0.01,-2.4,0
32.01,7.34,8.4,0.24,-0.01,0.6,0
30.2,6.73,20.8,-2.36,0.03,0.3,0
32.09,7.12,11.7,-0.24,-0.09,0.4,0
26.64,7.1,23.5,0.02,0.06,0.1,0
27.84,6.7,18.0,-0.01,0.02,-0.1,0
26.86,6.75,31.2,0.04,-0.01,-0.1,0
32.3,7.0,13.6,0.17,0.0,-0.0,0
32.66,7.3,8.4,0.02,0.05,0.0,0
28.52,7.66,16.0,-0.29,0.78,0.8,0
28.04,7.22,24.9,-0.03,0.07,0.7,0
26.78,7.27,21.2,-0.22,-0.02,1.9,0
25.08,7.3,3.9,-0.04,-0.01,0.2,0
27.88,7.15,27.0,-0.17,0.01,-1.5,0
27.53,7.01,32.5,0.02,-0.0,-2.2,0
32.31,7.0,13.3,-0.33,-0.01,-0.7,0
32.45,7.02,13.1,0.01,0.0,-0.6,0
27.41,6.62,20.7,-0.15,0.01,-0.8,0
26.1,7.2,5.9,-0.22,0.02,-0.6,0
25.49,7.09,9.2,0.01,0.03,-1.5,0
30.2,6.51,20.4,0.08,0.02,0.0,0
25.46,7.0,13.1,-0.07,0.0,-0.4,0
27.6,7.18,26.0,-0.07,-0.01,2.3,0
27.53,6.63,15.9,0.07,-0.01,0.3,0
27.18,6.8,28.1,-0.12,-0.0,-0.1,0
27.03,7.05,29.0,-0.11,-0.01,1.9,0
27.3,6.72,23.6,-0.03,-0.0,-2.1,0
26.03,7.21,6.0,-0.25,0.01,-0.5,0
28.99,6.87,15.1,-0.1,0.03,-1.2,0
26.11,6.38,20.4,-0.13,0.08,-1.5,0
29.16,7.47,13.8,0.21,0.02,-0.9,0
30.36,7.34,9.5,0.02,-0.01,-0.1,0
27.29,6.66,13.9,-0.15,-0.02,1.0,0
27.55,6.97,22.9,0.25,-0.03,-1.3,0
25.51,7.09,7.5,0.1,0.0,0.2,0
27.86,6.65,21.2,-0.05,-0.02,-1.2,0
26.74,6.6,30.0,0.01,-0.03,-0.8,0
28.01,6.54,20.4,-2.14,-0.0,-0.2,0
26.76,7.09,12.0,0.12,-0.01,3.0,0
26.27,6.84,15.1,0.0,0.03,0.7,0
25.69,6.78,12.6,-0.1,-0.01,0.1,0
28.42,6.51,49.4,-0.01,-0.01,30.6,0
29.85,6.64,20.0,-0.0,0.01,-0.4,0
32.03,7.13,16.5,0.08,0.0,1.7,0
32.15,7.07,12.7,-0.09,-0.01,-0.2,0
28.88,6.55,21.4,-0.06,-0.02,-21.5,0
28.86,6.86,20.3,-0.06,0.02,1.8,0
30.28,7.23,10.9,0.03,-0.02,-0.3,0
26.63,6.82,15.2,0.29,0.02,0.4,0
27.29,6.85,31.2,0.1,0.0,-0.4,0
31.57,6.9,15.2,-0.03,-0.04,1.6,0
32.71,7.31,8.2,0.03,0.03,-0.3,0
34.69,6.71,23.1,-0.18,-0.04,1.0,0
30.23,6.71,24.7,-0.13,-0.03,1.5,0
28.24,6.78,23.2,-0.06,-0.02,-0.8,0
28.88,6.72,17.4,0.23,0.02,0.2,0
27.03,6.57,15.1,0.09,0.02,0.7,0
29.74,7.15,13.6,1.31,-0.02,-0.2,0
32.07,6.99,14.9,0.01,0.01,0.7,0
27.55,7.32,27.5,0.12,-0.01,1.3,0
26.02,6.83,13.5,0.29,0.0,0.8,0
26.4,6.79,19.3,0.01,-0.01,-0.1,0
27.85,6.59,8.0,0.16,-0.62,0.0,0
26.33,6.78,12.4,-0.0,-0.01,-0.6,0
30.76,7.15,11.2,-0.21,-0.02,-0.3,0
26.74,6.64,16.0,0.01,0.05,0.0,0
27.07,6.89,22.7,0.06,-0.04,-1.4,0
27.66,6.82,28.5,0.3,0.08,-2.4,0
26.94,6.63,15.1,0.02,0.04,0.6,0
30.93,6.68,19.6,0.0,-0.0,1.1,0
28.21,6.62,19.0,-0.08,0.01,0.5,0
30.54,7.03,15.6,-0.18,-0.03,0.1,0
27.51,7.13,22.0,0.02,-0.05,1.1,0
29.16,7.16,10.8,-4.58,-0.02,1.2,0
31.9,7.38,6.5,-0.23,0.01,0.2,0
26.52,6.67,27.6,-0.06,-0.03,-0.2,0
30.73,6.39,20.8,0.37,-0.01,-0.0,0
25.88,7.1,4.1,0.33,0.05,-0.2,0
30.22,6.72,24.7,-0.14,-0.03,1.5,0
29.53,6.69,26.8,-0.17,-0.02,-1.8,0
27.09,6.57,24.6,-0.28,0.03,1.6,0
28.24,7.1,24.2,-0.22,0.02,0.5,0
26.03,6.82,15.1,-0.14,0.02,0.8,0
28.68,6.79,14.3,0.24,1.11,1.2,0
25.62,6.93,14.7,0.02,-0.01,-0.6,0
27.24,7.14,21.1,-0.32,-0.02,1.3,0
26.14,6.83,14.4,-0.07,-0.0,-0.2,0
25.77,6.5,18.8,0.47,0.05,-0.0,0
28.54,7.1,23.9,-0.12,-0.02,-0.1,0
32.05,7.46,7.3,0.09,0.01,-0.2,0
28.98,6.79,15.3,-0.23,-0.04,-1.5,0
27.26,6.69,21.8,-0.19,-0.02,-0.7,0
26.85,6.85,27.6,-0.15,0.0,0.6,0
27.67,6.81,24.2,0.58,0.09,5.9,0
30.54,6.61,22.2,0.03,-0.11,0.0,0
28.19,6.63,17.8,0.12,0.02,0.9,0
28.03,6.63,17.9,0.09,0.02,0.9,0
31.77,7.11,14.0,0.07,-0.05,-0.1,0
30.19,6.87,17.2,0.06,-0.0,-0.4,0
26.77,6.62,23.4,-0.18,0.04,1.2,0
26.36,6.83,12.7,-0.01,-0.01,-0.8,0
26.4,6.53,17.4,-0.31,-0.01,-0.4,0
26.94,7.15,22.4,-0.04,0.05,2.2,0
25.93,6.84,14.4,-0.1,0.01,-0.2,0
25.99,6.73,24.1,0.07,0.01,1.6,0
27.86,6.72,14.0,-0.01,0.49,1.2,0
31.99,7.54,3.5,0.06,0.01,0.0,0
28.34,6.64,17.4,-0.07,0.01,0.4,0
25.94,7.26,4.7,-0.23,-0.01,0.2,0
27.44,6.86,24.3,-0.25,-0.01,0.0,0
25.63,6.74,12.7,-0.8,-0.02,-0.2,0
28.83,6.46,20.6,-0.25,-0.02,-0.1,0
32.51,7.34,4.5,0.01,0.01,0.0,0
27.71,7.09,25.6,0.01,-0.02,-1.2,0
30.94,7.14,11.4,-0.09,-0.04,-0.7,0
31.75,6.49,21.6,0.12,-0.01,-0.3,0
26.69,6.53,29.9,0.01,0.0,1.4,0
26.8,6.84,29.4,-0.08,0.0,0.5,0
32.28,7.2,11.1,-0.06,0.01,-0.4,0
26.21,7.1,12.0,-0.23,0.05,2.4,0
34.73,7.4,3.6,4.66,-0.03,-1.1,0
26.38,6.83,14.5,-0.03,-0.01,-0.2,0
26.92,6.31,21.5,0.16,0.01,-0.0,0
26.59,6.53,31.3,0.08,-0.02,-0.0,0
32.71,7.45,3.5,0.35,-0.01,-0.3,0
28.15,7.02,10.9,-0.14,-0.02,-0.1,0
30.06,6.66,17.7,0.07,-0.02,-0.1,0
32.33,7.42,4.7,0.02,0.01,0.2,0
31.04,6.42,19.8,0.15,-0.02,-0.7,0
25.65,6.75,13.2,0.04,-0.07,-1.5,0
32.05,7.04,11.6,-0.11,-0.1,0.5,0
26.9,6.34,21.1,-0.02,0.0,0.1,0
27.42,7.21,22.6,0.13,0.0,-0.8,0
27.17,6.92,21.8,-0.07,0.01,-0.5,0
25.96,7.11,23.0,-0.07,0.01,-0.7,0
22.06,7.13,5.3,0.66,-0.01,0.5,0
32.22,7.46,7.6,0.14,0.0,-0.2,0
31.81,7.29,10.9,0.07,0.01,-1.4,0
27.42,6.6,24.1,0.24,-0.01,-1.3,0
27.8,6.91,25.0,0.08,0.02,1.1,0
32.19,7.09,16.7,0.01,-0.02,2.0,0
26.11,6.73,18.9,-0.08,-0.0,0.4,0
31.68,7.19,10.1,0.29,0.03,-0.8,0
26.69,6.65,25.7,-0.12,-0.21,-1.9,0
26.05,6.7,15.6,-0.26,-0.02,-1.5,0
26.17,6.48,20.5,0.18,0.23,-0.2,0
27.27,6.99,23.4,0.09,0.04,-1.9,0
26.8,6.58,16.0,0.12,-0.02,-0.8,0
28.19,6.77,23.2,-0.06,-0.02,-0.8,0
26.74,6.61,15.8,0.03,0.02,-0.1,0
28.22,7.21,29.0,-0.14,0.01,-1.1,0
32.17,7.34,8.0,-0.01,0.04,-0.7,0
27.33,7.34,26.2,-0.02,-0.01,-0.1,0
28.06,6.55,49.4,0.05,0.0,4.2,0
27.45,7.22,22.5,-0.01,0.03,0.7,0
28.25,6.89,32.3,0.2,-0.05,21.7,0
28.02,6.54,20.1,0.01,0.02,0.5,0
27.7,6.94,25.0,0.09,0.01,1.1,0
28.6,7.03,9.1,2.92,-0.02,0.7,0
26.38,6.46,20.4,0.19,0.1,-0.3,0
27.63,7.18,24.7,-0.2,0.04,-0.8,0
31.26,6.79,18.6,2.69,-0.01,-0.5,0
28.25,7.07,24.9,0.11,-0.02,-1.1,0
28.53,7.06,23.7,-0.1,-0.03,-0.3,0
29.04,6.7,28.7,-0.04,0.04,2.8,0
32.65,7.27,8.3,0.21,0.02,0.3,0
24.98,6.78,19.7,-0.11,-0.04,0.5,0
28.28,6.75,30.9,0.16,0.0,-0.7,0
28.32,6.78,15.1,0.0,-0.12,0.1,0
27.45,6.85,24.3,-0.31,-0.01,-0.0,0
30.55,6.64,22.0,-0.05,-0.07,0.3,0
27.11,6.29,20.6,0.09,-0.02,-0.2,0
27.47,6.88,27.1,-0.05,0.02,-1.7,0
25.79,7.04,8.5,0.29,0.02,0.1,0
28.63,7.03,23.1,0.08,0.0,-2.0,0
29.34,6.69,20.8,-3.57,0.03,-0.1,0
30.52,6.92,18.6,-0.14,0.04,0.1,0
28.87,6.74,16.4,-0.15,-0.03,-0.7,0
26.54,6.46,20.4,0.19,-0.0,-0.4,0
32.45,7.03,13.7,0.08,-0.02,0.4,0
30.49,7.08,11.9,-0.22,-0.13,-1.1,0
27.65,7.01,28.1,0.07,-0.09,1.5,0
26.48,7.25,21.8,0.04,0.03,-0.3,0
20.51,7.13,5.5,-5.89,0.0,0.5,0
26.33,6.6,23.8,-0.19,-0.03,-0.4,0
28.65,6.67,16.5,0.09,-0.01,-1.1,0
26.24,6.82,12.6,-0.09,-0.0,-0.8,0
25.25,7.28,8.6,0.01,0.17,1.4,0
31.48,6.76,18.9,0.22,-0.04,-0.9,0
28.4,6.51,45.8,-0.07,0.0,-2.9,0
27.73,6.83,15.1,-0.22,-0.04,-0.9,0
26.94,6.66,26.6,0.1,-0.05,-1.9,0
26.43,7.21,11.8,-0.15,0.07,2.2,0
30.56,7.23,10.9,0.18,-0.03,-0.5,0
25.66,6.57,13.0,-0.18,-0.07,-1.6,0
27.36,6.87,28.8,-0.01,-0.03,1.3,0
29.96,6.68,18.0,0.1,-0.03,-0.1,0
32.32,7.22,11.5,-0.05,-0.0,0.2,0
29.98,6.73,17.8,-0.18,-0.04,-0.7,0
32.61,7.23,6.9,0.19,-0.02,-1.1,0
26.73,6.96,27.7,-0.13,-0.01,0.7,0
25.18,7.13,14.8,0.03,-0.01,-0.9,0
32.39,7.08,16.2,-0.04,0.0,2.8,0
30.62,6.65,25.7,-0.1,-0.01,1.9,0
27.86,6.88,18.7,-0.38,0.04,0.6,0
33.32,7.36,6.8,3.34,0.02,-0.1,0
30.64,7.23,11.6,-1.05,0.01,2.1,0
28.97,6.59,16.7,0.97,-0.0,0.7,0
27.7,6.54,16.3,-0.23,-0.0,-0.6,0
27.7,6.31,22.1,0.0,0.04,-0.5,0
32.13,7.51,3.3,-0.01,0.01,0.6,0
27.41,6.54,22.9,-0.1,-0.02,1.5,0
26.84,7.06,22.1,-0.34,-0.03,1.5,0
22.56,7.21,5.0,0.58,0.03,-0.0,0
27.95,6.63,45.3,0.09,0.01,2.9,0
32.17,7.51,3.3,-0.01,0.01,0.6,0
29.96,6.42,20.6,0.05,0.04,0.6,0
26.74,6.63,16.3,0.06,0.05,0.0,0
32.6,7.16,12.2,-0.05,-0.02,0.3,0
31.74,6.5,21.6,0.12,-0.01,-0.3,0
27.75,6.66,21.1,-0.09,-0.01,-1.1,0
32.41,7.45,4.3,-0.23,0.02,0.6,0
27.03,6.57,24.4,-0.19,-0.01,0.2,0
31.74,7.1,15.2,-0.09,-0.07,-0.3,0
33.0,7.35,3.6,0.4,-0.02,-1.2,0
27.84,7.14,27.0,-0.17,0.0,-1.6,0
30.52,6.71,21.7,-0.17,-0.02,0.7,0
31.66,7.18,10.0,0.3,0.04,-0.7,0
26.59,6.78,22.2,-0.08,0.03,2.5,0
29.79,6.73,23.6,-0.06,0.01,2.4,0
28.93,6.81,17.7,-2.18,-0.04,-0.6,0
27.6,6.69,20.1,-2.85,0.03,-0.4,0
26.67,6.72,13.5,-0.05,0.04,-0.3,0
32.47,7.14,11.6,0.36,0.04,-0.1,0
32.15,7.18,12.3,-0.09,0.06,0.7,0
29.95,6.71,17.8,0.04,-0.05,-0.1,0
28.99,7.46,14.1,0.11,0.04,-1.1,0
32.51,7.03,13.5,0.23,0.03,-0.2,0
27.88,6.68,17.9,-0.08,-0.0,-0.1,0
28.34,6.71,13.9,0.14,-0.57,-0.4,0
27.64,6.92,9.0,-1.77,-0.05,-0.2,0
29.04,7.0,15.0,-0.13,0.04,-1.4,0
27.27,6.81,20.7,0.13,-0.03,1.1,0
28.19,7.09,9.9,0.89,0.04,0.2,0
29.17,6.51,19.9,0.23,-0.04,1.7,0
30.0,6.77,24.8,-0.22,-0.04,1.0,0
25.06,7.14,9.4,-0.01,-0.01,-0.5,0
31.93,6.97,11.5,-0.06,-0.05,0.6,0
26.1,7.2,5.9,-0.22,0.02,-0.6,0
