timestamp,node_name,temperature,ph_level,turbidity,temp_delta,ph_delta,turb_delta,after_gap,param_fail,rate_fail,unsafe_now,will_fail_60min,in_model_set
2026-06-04 06:53:00,Node A,26.87,7.19,2.6,,,,True,False,False,False,False,False
2026-06-04 06:53:00,Node B,27.34,6.91,13.8,,,,True,False,False,False,False,False
2026-06-04 07:08:00,Node A,26.99,7.17,2.2,0.12,-0.02,-0.4,False,False,False,False,False,True
2026-06-04 07:08:00,Node B,27.61,6.92,13.4,0.27,0.01,-0.4,False,False,False,False,False,True
2026-06-04 07:23:00,Node A,27.09,7.19,2.5,0.1,0.02,0.3,False,False,False,False,False,True
2026-06-04 07:23:00,Node B,27.67,6.92,13.3,0.06,0.0,-0.1,False,False,False,False,False,True
2026-06-04 07:38:00,Node A,27.31,7.2,2.8,0.22,0.01,0.3,False,False,False,False,False,True
2026-06-04 07:38:00,Node B,27.81,6.91,13.2,0.14,-0.01,-0.1,False,False,False,False,False,True
2026-06-04 07:53:00,Node A,27.36,7.23,2.9,0.05,0.03,0.1,False,False,False,False,False,True
2026-06-04 07:53:00,Node B,27.84,6.92,13.5,0.03,0.01,0.3,False,False,False,False,False,True
2026-06-04 08:08:00,Node A,27.5,7.23,3.2,0.14,0.0,0.3,False,False,False,False,False,True
2026-06-04 08:08:00,Node B,27.87,6.93,13.2,0.03,0.01,-0.3,False,False,False,False,False,True
2026-06-04 08:23:00,Node A,27.69,7.23,3.2,0.19,0.0,0.0,False,False,False,False,False,True
2026-06-04 08:23:00,Node B,28.06,6.92,13.3,0.19,-0.01,0.1,False,False,False,False,False,True
2026-06-04 08:38:00,Node A,27.78,7.23,2.9,0.09,0.0,-0.3,False,False,False,False,False,True
2026-06-04 08:38:00,Node B,28.17,6.94,13.7,0.11,0.02,0.4,False,False,False,False,False,True
2026-06-04 08:53:00,Node A,27.89,7.22,2.9,0.11,-0.01,0.0,False,False,False,False,False,True
2026-06-04 08:53:00,Node B,28.46,6.92,13.6,0.29,-0.02,-0.1,False,False,False,False,False,True
2026-06-04 09:08:00,Node A,27.96,7.2,2.9,0.07,-0.02,0.0,False,False,False,False,False,True
2026-06-04 09:08:00,Node B,28.54,6.93,13.8,0.08,0.01,0.2,False,False,False,False,False,True
2026-06-04 09:23:00,Node A,28.18,7.18,3.0,0.22,-0.02,0.1,False,False,False,False,False,True
2026-06-04 09:23:00,Node B,28.61,6.95,14.0,0.07,0.02,0.2,False,False,False,False,False,True
2026-06-04 09:38:00,Node A,28.35,7.17,2.4,0.17,-0.01,-0.6,False,False,False,False,False,True
2026-06-04 09:38:00,Node B,28.83,6.92,14.3,0.22,-0.03,0.3,False,False,False,False,False,True
2026-06-04 09:53:00,Node A,28.4,7.18,2.4,0.05,0.01,0.0,False,False,False,False,False,True
2026-06-04 09:53:00,Node B,28.94,6.9,13.6,0.11,-0.02,-0.7,False,False,False,False,False,True
2026-06-04 10:08:00,Node A,28.42,7.21,2.5,0.02,0.03,0.1,False,False,False,False,False,True
2026-06-04 10:08:00,Node B,29.05,6.96,13.5,0.11,0.06,-0.1,False,False,False,False,False,True
2026-06-04 10:23:00,Node A,28.6,7.22,2.7,0.18,0.01,0.2,False,False,False,False,False,True
2026-06-04 10:23:00,Node B,29.24,6.93,13.8,0.19,-0.03,0.3,False,False,False,False,False,True
2026-06-04 10:38:00,Node A,28.8,7.21,2.9,0.2,-0.01,0.2,False,False,False,False,False,True
2026-06-04 10:38:00,Node B,29.43,6.97,14.0,0.19,0.04,0.2,False,False,False,False,False,True
2026-06-04 10:53:00,Node A,28.89,7.21,2.8,0.09,0.0,-0.1,False,False,False,False,False,True
2026-06-04 10:53:00,Node B,29.68,6.98,13.8,0.25,0.01,-0.2,False,False,False,False,False,True
2026-06-04 11:08:00,Node A,28.97,7.27,2.7,0.08,0.06,-0.1,False,False,False,False,False,True
2026-06-04 11:08:00,Node B,29.73,7.0,13.8,0.05,0.02,0.0,False,False,False,False,False,True
2026-06-04 11:23:00,Node A,29.05,7.31,2.7,0.08,0.04,0.0,False,False,False,False,False,True
2026-06-04 11:23:00,Node B,29.96,7.02,13.6,0.23,0.02,-0.2,False,False,False,False,False,True
2026-06-04 11:38:00,Node A,29.03,7.35,3.0,-0.02,0.04,0.3,False,False,False,False,False,True
2026-06-04 11:38:00,Node B,30.1,7.05,14.2,0.14,0.03,0.6,False,False,False,False,False,True
2026-06-04 11:53:00,Node A,29.23,7.38,2.6,0.2,0.03,-0.4,False,False,False,False,False,True
2026-06-04 11:53:00,Node B,30.23,7.03,14.4,0.13,-0.02,0.2,False,False,False,False,False,True
2026-06-04 12:08:00,Node A,29.43,7.32,2.7,0.2,-0.06,0.1,False,False,False,False,False,True
2026-06-04 12:08:00,Node B,30.29,7.03,14.2,0.06,0.0,-0.2,False,False,False,False,False,True
2026-06-04 12:23:00,Node A,29.42,7.31,2.6,-0.01,-0.01,-0.1,False,False,False,False,False,True
2026-06-04 12:23:00,Node B,30.49,7.04,14.3,0.2,0.01,0.1,False,False,False,False,False,True
2026-06-04 12:38:00,Node A,29.42,7.32,2.7,0.0,0.01,0.1,False,False,False,False,False,True
2026-06-04 12:38:00,Node B,30.44,7.07,14.3,-0.05,0.03,0.0,False,False,False,False,False,True
2026-06-04 12:53:00,Node A,29.52,7.34,2.8,0.1,0.02,0.1,False,False,False,False,False,True
2026-06-04 12:53:00,Node B,30.69,7.05,14.1,0.25,-0.02,-0.2,False,False,False,False,False,True
2026-06-04 13:08:00,Node A,29.54,7.32,2.8,0.02,-0.02,0.0,False,False,False,False,False,True
2026-06-04 13:08:00,Node B,30.8,7.07,14.2,0.11,0.02,0.1,False,False,False,False,False,True
2026-06-04 13:23:00,Node A,29.72,7.29,2.8,0.18,-0.03,0.0,False,False,False,False,False,True
2026-06-04 13:23:00,Node B,30.93,7.09,14.5,0.13,0.02,0.3,False,False,False,False,False,True
2026-06-04 13:38:00,Node A,29.85,7.29,2.7,0.13,0.0,-0.1,False,False,False,False,False,True
2026-06-04 13:38:00,Node B,30.89,7.12,14.7,-0.04,0.03,0.2,False,False,False,False,False,True
2026-06-04 14:08:00,Node A,29.76,7.34,2.5,,,,True,False,False,False,False,False
2026-06-04 14:08:00,Node B,30.65,7.15,14.3,,,,True,False,False,False,False,False
2026-06-04 14:23:00,Node A,29.83,7.32,2.7,0.07,-0.02,0.2,False,False,False,False,False,True
2026-06-04 14:23:00,Node B,30.79,7.15,14.0,0.14,0.0,-0.3,False,False,False,False,False,True
2026-06-04 14:38:00,Node A,29.84,7.35,3.0,0.01,0.03,0.3,False,False,False,False,False,True
2026-06-04 14:38:00,Node B,30.71,7.11,14.2,-0.08,-0.04,0.2,False,False,False,False,False,True
2026-06-04 14:53:00,Node A,29.85,7.35,3.1,0.01,0.0,0.1,False,False,False,False,False,True
2026-06-04 14:53:00,Node B,30.72,7.1,14.6,0.01,-0.01,0.4,False,False,False,False,False,True
2026-06-04 15:08:00,Node A,29.88,7.37,3.4,0.03,0.02,0.3,False,False,False,False,False,True
2026-06-04 15:08:00,Node B,30.79,7.07,14.7,0.07,-0.03,0.1,False,False,False,False,False,True
2026-06-04 15:23:00,Node A,29.88,7.37,3.8,0.0,0.0,0.4,False,False,False,False,False,True
2026-06-04 15:23:00,Node B,30.71,7.04,14.8,-0.08,-0.03,0.1,False,False,False,False,False,True
2026-06-04 15:38:00,Node A,29.77,7.36,3.7,-0.11,-0.01,-0.1,False,False,False,False,False,True
2026-06-04 15:38:00,Node B,30.61,7.05,15.0,-0.1,0.01,0.2,False,False,False,False,False,True
2026-06-04 15:53:00,Node A,29.72,7.34,3.6,-0.05,-0.02,-0.1,False,False,False,False,False,True
2026-06-04 15:53:00,Node B,30.53,7.07,15.3,-0.08,0.02,0.3,False,False,False,False,False,True
2026-06-04 16:23:00,Node A,29.53,7.33,3.5,,,,True,False,False,False,False,False
2026-06-04 16:23:00,Node B,30.57,7.05,15.3,,,,True,False,False,False,False,False
2026-06-04 16:38:00,Node A,29.54,7.34,3.4,0.01,0.01,-0.1,False,False,False,False,False,True
2026-06-04 16:38:00,Node B,30.56,7.04,15.1,-0.01,-0.01,-0.2,False,False,False,False,False,True
2026-06-04 16:53:00,Node A,29.58,7.38,3.5,0.04,0.04,0.1,False,False,False,False,False,True
2026-06-04 16:53:00,Node B,30.56,7.04,14.7,0.0,0.0,-0.4,False,False,False,False,False,True
2026-06-04 17:08:00,Node A,29.44,7.34,3.3,-0.14,-0.04,-0.2,False,False,False,False,False,True
2026-06-04 17:08:00,Node B,30.36,7.06,14.9,-0.2,0.02,0.2,False,False,False,False,False,True
2026-06-04 17:23:00,Node A,29.43,7.33,3.1,-0.01,-0.01,-0.2,False,False,False,False,False,True
2026-06-04 17:23:00,Node B,30.45,7.01,14.9,0.09,-0.05,0.0,False,False,False,False,False,True
2026-06-04 17:38:00,Node A,29.54,7.32,3.0,0.11,-0.01,-0.1,False,False,False,False,False,True
2026-06-04 17:38:00,Node B,30.29,7.0,14.7,-0.16,-0.01,-0.2,False,False,False,False,False,True
2026-06-04 17:53:00,Node A,29.33,7.36,3.5,-0.21,0.04,0.5,False,False,False,False,False,True
2026-06-04 17:53:00,Node B,30.16,7.01,15.0,-0.13,0.01,0.3,False,False,False,False,False,True
2026-06-04 18:08:00,Node A,29.16,7.34,3.1,-0.17,-0.02,-0.4,False,False,False,False,False,True
2026-06-04 18:08:00,Node B,29.99,7.06,15.1,-0.17,0.05,0.1,False,False,False,False,False,True
2026-06-04 18:23:00,Node A,28.89,7.3,3.2,-0.27,-0.04,0.1,False,False,False,False,False,True
2026-06-04 18:23:00,Node B,29.94,7.08,15.0,-0.05,0.02,-0.1,False,False,False,False,False,True
2026-06-04 18:38:00,Node A,28.81,7.32,3.2,-0.08,0.02,0.0,False,False,False,False,False,True
2026-06-04 18:38:00,Node B,29.86,7.12,15.3,-0.08,0.04,0.3,False,False,False,False,False,True
2026-06-04 18:53:00,Node A,28.71,7.32,3.5,-0.1,0.0,0.3,False,False,False,False,False,True
2026-06-04 18:53:00,Node B,29.73,7.11,15.0,-0.13,-0.01,-0.3,False,False,False,False,False,True
2026-06-04 19:08:00,Node A,28.7,7.31,3.4,-0.01,-0.01,-0.1,False,False,False,False,False,True
2026-06-04 19:08:00,Node B,29.59,7.11,14.7,-0.14,0.0,-0.3,False,False,False,False,False,True
2026-06-04 19:23:00,Node A,28.6,7.3,3.6,-0.1,-0.01,0.2,False,False,False,False,False,True
2026-06-04 19:23:00,Node B,29.41,7.09,14.8,-0.18,-0.02,0.1,False,False,False,False,False,True
2026-06-04 19:38:00,Node A,28.56,7.3,3.7,-0.04,0.0,0.1,False,False,False,False,False,True
2026-06-04 19:38:00,Node B,29.34,7.08,15.0,-0.07,-0.01,0.2,False,False,False,False,False,True
2026-06-04 19:53:00,Node A,28.5,7.3,3.9,-0.06,0.0,0.2,False,False,False,False,False,True
2026-06-04 19:53:00,Node B,29.04,7.07,15.1,-0.3,-0.01,0.1,False,False,False,False,False,True
2026-06-04 21:38:00,Node A,27.9,7.26,3.3,,,,True,False,False,False,False,False
2026-06-04 21:38:00,Node B,28.2,7.01,15.6,,,,True,False,False,False,False,False
2026-06-04 21:53:00,Node A,27.76,7.28,3.5,-0.14,0.02,0.2,False,False,False,False,False,True
2026-06-04 21:53:00,Node B,28.13,7.05,15.2,-0.07,0.04,-0.4,False,False,False,False,False,True
2026-06-04 22:53:00,Node A,27.13,7.28,3.6,,,,True,False,False,False,False,False
2026-06-04 22:53:00,Node B,27.72,7.65,21.8,,,,True,False,False,False,False,False
2026-06-04 23:08:00,Node A,26.92,7.25,3.5,-0.21,-0.03,-0.1,False,False,False,False,False,True
2026-06-04 23:08:00,Node B,27.56,7.65,22.2,-0.16,0.0,0.4,False,False,False,False,False,True
2026-06-04 23:23:00,Node A,26.77,7.22,3.7,-0.15,-0.03,0.2,False,False,False,False,False,True
2026-06-04 23:23:00,Node B,27.49,7.64,22.3,-0.07,-0.01,0.1,False,False,False,False,False,True
2026-06-04 23:38:00,Node A,26.66,7.21,3.7,-0.11,-0.01,0.0,False,False,False,False,False,True
2026-06-04 23:38:00,Node B,27.41,7.64,22.3,-0.08,0.0,0.0,False,False,False,False,False,True
2026-06-04 23:53:00,Node A,26.56,7.22,4.0,-0.1,0.01,0.3,False,False,False,False,False,True
2026-06-04 23:53:00,Node B,27.2,7.64,22.5,-0.21,0.0,0.2,False,False,False,False,False,True
2026-06-05 00:08:00,Node A,26.71,7.21,4.0,0.15,-0.01,0.0,False,False,False,False,False,True
2026-06-05 00:08:00,Node B,27.02,7.58,22.5,-0.18,-0.06,0.0,False,False,False,False,False,True
2026-06-05 00:23:00,Node A,26.61,7.21,3.7,-0.1,0.0,-0.3,False,False,False,False,False,True
2026-06-05 00:23:00,Node B,26.79,7.52,22.2,-0.23,-0.06,-0.3,False,False,False,False,False,True
2026-06-05 00:38:00,Node A,26.57,7.21,3.8,-0.04,0.0,0.1,False,False,False,False,False,True
2026-06-05 00:38:00,Node B,26.62,7.44,21.7,-0.17,-0.08,-0.5,False,False,False,False,False,True
2026-06-05 01:23:00,Node A,26.53,7.16,3.5,,,,True,False,False,False,False,False
2026-06-05 01:23:00,Node B,26.4,7.2,18.9,,,,True,False,False,False,False,False
2026-06-05 01:38:00,Node A,26.49,7.18,3.8,-0.04,0.02,0.3,False,False,False,False,False,True
2026-06-05 01:38:00,Node B,26.37,7.1,18.1,-0.03,-0.1,-0.8,False,False,False,False,False,True
2026-06-05 01:53:00,Node A,26.37,7.18,3.8,-0.12,0.0,0.0,False,False,False,False,False,True
2026-06-05 01:53:00,Node B,26.51,6.98,17.2,0.14,-0.12,-0.9,False,False,False,False,False,True
2026-06-05 02:08:00,Node A,26.25,7.19,3.7,-0.12,0.01,-0.1,False,False,False,False,False,True
2026-06-05 02:08:00,Node B,26.6,6.92,16.6,0.09,-0.06,-0.6,False,False,False,False,False,True
2026-06-05 02:23:00,Node A,26.14,7.15,4.0,-0.11,-0.04,0.3,False,False,False,False,False,True
2026-06-05 02:23:00,Node B,26.44,6.86,16.1,-0.16,-0.06,-0.5,False,False,False,False,False,True
2026-06-05 02:38:00,Node A,26.14,7.2,4.5,0.0,0.05,0.5,False,False,False,False,False,True
2026-06-05 02:38:00,Node B,26.33,6.86,15.6,-0.11,0.0,-0.5,False,False,False,False,False,True
2026-06-05 02:53:00,Node A,26.12,7.19,4.5,-0.02,-0.01,0.0,False,False,False,False,False,True
2026-06-05 02:53:00,Node B,26.32,6.87,15.1,-0.01,0.01,-0.5,False,False,False,False,False,True
2026-06-05 03:08:00,Node A,26.3,7.19,4.7,0.18,0.0,0.2,False,False,False,False,False,True
2026-06-05 03:08:00,Node B,26.42,6.91,14.9,0.1,0.04,-0.2,False,False,False,False,False,True
2026-06-05 03:23:00,Node A,26.22,7.21,4.2,-0.08,0.02,-0.5,False,False,False,False,False,True
2026-06-05 03:23:00,Node B,26.48,6.86,14.8,0.06,-0.05,-0.1,False,False,False,False,False,True
2026-06-05 03:38:00,Node A,26.22,7.17,3.8,0.0,-0.04,-0.4,False,False,False,False,False,True
2026-06-05 03:38:00,Node B,26.5,6.89,14.9,0.02,0.03,0.1,False,False,False,False,False,True
2026-06-05 03:53:00,Node A,26.28,7.15,4.0,0.06,-0.02,0.2,False,False,False,False,False,True
2026-06-05 03:53:00,Node B,26.51,6.94,14.9,0.01,0.05,0.0,False,False,False,False,False,True
2026-06-05 04:23:00,Node A,26.17,7.13,3.8,,,,True,False,False,False,False,False
2026-06-05 04:23:00,Node B,26.42,6.93,15.1,,,,True,False,False,False,False,False
2026-06-05 04:38:00,Node A,26.26,7.13,3.8,0.09,0.0,0.0,False,False,False,False,False,True
2026-06-05 04:38:00,Node B,26.54,6.9,15.4,0.12,-0.03,0.3,False,False,False,False,False,True
2026-06-05 04:53:00,Node A,26.36,7.09,3.5,0.1,-0.04,-0.3,False,False,False,False,False,True
2026-06-05 04:53:00,Node B,26.68,6.9,14.9,0.14,0.0,-0.5,False,False,False,False,False,True
2026-06-05 05:08:00,Node A,26.49,7.1,3.7,0.13,0.01,0.2,False,False,False,False,False,True
2026-06-05 05:08:00,Node B,26.69,6.88,14.9,0.01,-0.02,0.0,False,False,False,False,False,True
2026-06-05 05:23:00,Node A,26.54,7.14,4.1,0.05,0.04,0.4,False,False,False,False,False,True
2026-06-05 05:23:00,Node B,26.74,6.88,15.1,0.05,0.0,0.2,False,False,False,False,False,True
2026-06-05 05:38:00,Node A,26.52,7.15,4.2,-0.02,0.01,0.1,False,False,False,False,False,True
2026-06-05 05:38:00,Node B,26.81,6.82,15.0,0.07,-0.06,-0.1,False,False,False,False,False,True
2026-06-05 05:53:00,Node A,26.57,7.15,3.6,0.05,0.0,-0.6,False,False,False,False,False,True
2026-06-05 05:53:00,Node B,27.04,6.82,14.7,0.23,0.0,-0.3,False,False,False,False,False,True
2026-06-05 06:08:00,Node A,26.63,7.16,3.7,0.06,0.01,0.1,False,False,False,False,False,True
2026-06-05 06:08:00,Node B,27.22,6.84,15.2,0.18,0.02,0.5,False,False,False,False,False,True
2026-06-05 06:23:00,Node A,26.66,7.2,3.6,0.03,0.04,-0.1,False,False,False,False,False,True
2026-06-05 06:23:00,Node B,27.24,6.86,15.6,0.02,0.02,0.4,False,False,False,False,False,True
2026-06-05 06:38:00,Node A,26.72,7.19,3.5,0.06,-0.01,-0.1,False,False,False,False,False,True
2026-06-05 06:38:00,Node B,27.27,6.87,15.6,0.03,0.01,0.0,False,False,False,False,False,True
2026-06-05 07:08:00,Node A,26.98,7.14,4.4,,,,True,False,False,False,False,False
2026-06-05 07:08:00,Node B,27.4,6.89,15.4,,,,True,False,False,False,False,False
2026-06-05 07:23:00,Node A,27.22,7.15,4.5,0.24,0.01,0.1,False,False,False,False,False,True
2026-06-05 07:23:00,Node B,27.48,6.91,15.2,0.08,0.02,-0.2,False,False,False,False,False,True
2026-06-05 07:38:00,Node A,27.2,7.17,4.4,-0.02,0.02,-0.1,False,False,False,False,False,True
2026-06-05 07:38:00,Node B,27.58,6.89,15.6,0.1,-0.02,0.4,False,False,False,False,False,True
2026-06-05 07:53:00,Node A,27.37,7.17,4.6,0.17,0.0,0.2,False,False,False,False,False,True
2026-06-05 07:53:00,Node B,27.82,6.91,15.3,0.24,0.02,-0.3,False,False,False,False,False,True
2026-06-05 08:08:00,Node A,27.58,7.19,4.9,0.21,0.02,0.3,False,False,False,False,False,True
2026-06-05 08:08:00,Node B,28.0,6.91,15.8,0.18,0.0,0.5,False,False,False,False,False,True
2026-06-05 08:23:00,Node A,27.69,7.21,5.0,0.11,0.02,0.1,False,False,False,False,False,True
2026-06-05 08:23:00,Node B,28.1,6.89,15.7,0.1,-0.02,-0.1,False,False,False,False,False,True
2026-06-05 08:38:00,Node A,27.83,7.22,4.7,0.14,0.01,-0.3,False,False,False,False,False,True
2026-06-05 08:38:00,Node B,28.22,6.93,15.9,0.12,0.04,0.2,False,False,False,False,False,True
2026-06-05 08:53:00,Node A,27.96,7.24,4.8,0.13,0.02,0.1,False,False,False,False,False,True
2026-06-05 08:53:00,Node B,28.39,6.94,16.3,0.17,0.01,0.4,False,False,False,False,False,True
2026-06-05 09:08:00,Node A,28.15,7.23,5.1,0.19,-0.01,0.3,False,False,False,False,False,True
2026-06-05 09:08:00,Node B,28.66,6.96,16.2,0.27,0.02,-0.1,False,False,False,False,False,True
2026-06-05 09:23:00,Node A,28.3,7.18,5.0,0.15,-0.05,-0.1,False,False,False,False,False,True
2026-06-05 09:23:00,Node B,28.8,6.95,16.0,0.14,-0.01,-0.2,False,False,False,False,False,True
2026-06-05 09:38:00,Node A,28.19,7.23,4.6,-0.11,0.05,-0.4,False,False,False,False,False,True
2026-06-05 09:38:00,Node B,28.98,6.96,15.9,0.18,0.01,-0.1,False,False,False,False,False,True
2026-06-05 10:38:00,Node A,28.86,7.29,4.6,,,,True,False,False,False,False,False
2026-06-05 10:38:00,Node B,29.57,6.96,15.6,,,,True,False,False,False,False,False
2026-06-05 10:53:00,Node A,28.82,7.26,4.7,-0.04,-0.03,0.1,False,False,False,False,False,True
2026-06-05 10:53:00,Node B,29.71,6.99,15.8,0.14,0.03,0.2,False,False,False,False,False,True
2026-06-05 11:23:00,Node A,29.07,7.28,4.9,,,,True,False,False,False,False,False
2026-06-05 11:23:00,Node B,29.96,6.99,16.5,,,,True,False,False,False,False,False
2026-06-05 11:53:00,Node A,29.35,7.3,4.2,,,,True,False,False,False,False,False
2026-06-05 11:53:00,Node B,30.26,7.03,16.1,,,,True,False,False,False,False,False
2026-06-05 12:23:00,Node A,29.44,7.29,4.7,,,,True,False,False,False,False,False
2026-06-05 12:23:00,Node B,30.39,7.04,16.4,,,,True,False,False,False,False,False
2026-06-05 12:38:00,Node A,29.75,7.32,4.9,0.31,0.03,0.2,False,False,False,False,False,True
2026-06-05 12:38:00,Node B,30.41,7.04,16.1,0.02,0.0,-0.3,False,False,False,False,False,True
2026-06-05 12:53:00,Node A,29.99,7.32,5.0,0.24,0.0,0.1,False,False,False,False,False,True
2026-06-05 12:53:00,Node B,30.5,7.03,16.0,0.09,-0.01,-0.1,False,False,False,False,False,True
2026-06-05 13:08:00,Node A,30.08,7.31,5.2,0.09,-0.01,0.2,False,False,False,False,False,True
2026-06-05 13:08:00,Node B,30.5,7.04,16.2,0.0,0.01,0.2,False,False,False,False,False,True
2026-06-05 13:23:00,Node A,29.98,7.3,5.1,-0.1,-0.01,-0.1,False,False,False,False,False,True
2026-06-05 13:23:00,Node B,30.56,7.09,16.0,0.06,0.05,-0.2,False,False,False,False,False,True
2026-06-05 13:38:00,Node A,29.74,7.33,5.3,-0.24,0.03,0.2,False,False,False,False,False,True
2026-06-05 13:38:00,Node B,30.66,7.11,15.8,0.1,0.02,-0.2,False,False,False,False,False,True
2026-06-05 13:53:00,Node A,29.84,7.37,5.2,0.1,0.04,-0.1,False,False,False,False,False,True
2026-06-05 13:53:00,Node B,30.58,7.1,16.0,-0.08,-0.01,0.2,False,False,False,False,False,True
2026-06-05 14:08:00,Node A,29.8,7.36,5.2,-0.04,-0.01,0.0,False,False,False,False,False,True
2026-06-05 14:08:00,Node B,30.59,7.09,16.3,0.01,-0.01,0.3,False,False,False,False,False,True
2026-06-05 14:23:00,Node A,29.83,7.4,5.3,0.03,0.04,0.1,False,False,False,False,False,True
2026-06-05 14:23:00,Node B,30.54,7.1,16.2,-0.05,0.01,-0.1,False,False,False,False,False,True
2026-06-05 14:38:00,Node A,29.9,7.38,5.6,0.07,-0.02,0.3,False,False,False,False,False,True
2026-06-05 14:38:00,Node B,30.63,7.09,16.2,0.09,-0.01,0.0,False,False,False,False,False,True
2026-06-05 14:53:00,Node A,29.94,7.39,5.6,0.04,0.01,0.0,False,False,False,False,False,True
2026-06-05 14:53:00,Node B,30.65,7.1,16.0,0.02,0.01,-0.2,False,False,False,False,False,True
2026-06-05 15:08:00,Node A,29.94,7.39,5.7,0.0,0.0,0.1,False,False,False,False,False,True
2026-06-05 15:08:00,Node B,30.77,7.11,15.8,0.12,0.01,-0.2,False,False,False,False,False,True
2026-06-05 15:23:00,Node A,29.81,7.37,5.7,-0.13,-0.02,0.0,False,False,False,False,False,True
2026-06-05 15:23:00,Node B,30.77,7.1,16.2,0.0,-0.01,0.4,False,False,False,False,False,True
2026-06-05 15:53:00,Node A,29.91,7.4,5.2,,,,True,False,False,False,False,False
2026-06-05 15:53:00,Node B,30.83,7.09,16.2,,,,True,False,False,False,False,False
2026-06-05 16:08:00,Node A,29.86,7.37,5.3,-0.05,-0.03,0.1,False,False,False,False,False,True
2026-06-05 16:08:00,Node B,30.89,7.1,16.1,0.06,0.01,-0.1,False,False,False,False,False,True
2026-06-05 16:23:00,Node A,29.9,7.38,4.7,0.04,0.01,-0.6,False,False,False,False,False,True
2026-06-05 16:23:00,Node B,30.9,7.1,16.5,0.01,0.0,0.4,False,False,False,False,False,True
2026-06-05 16:38:00,Node A,29.78,7.39,4.9,-0.12,0.01,0.2,False,False,False,False,False,True
2026-06-05 16:38:00,Node B,30.74,7.11,16.8,-0.16,0.01,0.3,False,False,False,False,False,True
2026-06-05 16:53:00,Node A,29.83,7.37,4.9,0.05,-0.02,0.0,False,False,False,False,False,True
2026-06-05 16:53:00,Node B,30.68,7.1,16.3,-0.06,-0.01,-0.5,False,False,False,False,False,True
2026-06-05 17:08:00,Node A,29.77,7.35,4.8,-0.06,-0.02,-0.1,False,False,False,False,False,True
2026-06-05 17:08:00,Node B,30.68,7.09,16.3,0.0,-0.01,0.0,False,False,False,False,False,True
2026-06-05 17:38:00,Node A,29.76,7.36,4.5,,,,True,False,False,False,False,False
2026-06-05 17:38:00,Node B,30.52,7.12,16.3,,,,True,False,False,False,False,False
2026-06-05 17:53:00,Node A,29.75,7.3,4.6,-0.01,-0.06,0.1,False,False,False,False,False,True
2026-06-05 17:53:00,Node B,30.51,7.1,16.7,-0.01,-0.02,0.4,False,False,False,False,False,True
2026-06-05 18:08:00,Node A,29.47,7.3,4.6,-0.28,0.0,0.0,False,False,False,False,False,True
2026-06-05 18:08:00,Node B,30.33,7.1,16.8,-0.18,0.0,0.1,False,False,False,False,False,True
2026-06-05 18:23:00,Node A,29.33,7.32,4.8,-0.14,0.02,0.2,False,False,False,False,False,True
2026-06-05 18:23:00,Node B,30.24,7.09,16.9,-0.09,-0.01,0.1,False,False,False,False,False,True
2026-06-05 18:38:00,Node A,29.21,7.34,4.7,-0.12,0.02,-0.1,False,False,False,False,False,True
2026-06-05 18:38:00,Node B,30.21,7.07,16.9,-0.03,-0.02,0.0,False,False,False,False,False,True
2026-06-05 18:53:00,Node A,29.06,7.33,4.7,-0.15,-0.01,0.0,False,False,False,False,False,True
2026-06-05 18:53:00,Node B,30.07,7.07,16.5,-0.14,0.0,-0.4,False,False,False,False,False,True
2026-06-05 19:08:00,Node A,28.84,7.31,4.7,-0.22,-0.02,0.0,False,False,False,False,False,True
2026-06-05 19:08:00,Node B,29.87,7.07,16.7,-0.2,0.0,0.2,False,False,False,False,False,True
2026-06-05 19:23:00,Node A,28.83,7.3,5.0,-0.01,-0.01,0.3,False,False,False,False,False,True
2026-06-05 19:23:00,Node B,29.69,7.1,16.4,-0.18,0.03,-0.3,False,False,False,False,False,True
2026-06-05 19:38:00,Node A,28.87,7.31,5.2,0.04,0.01,0.2,False,False,False,False,False,True
2026-06-05 19:38:00,Node B,29.48,7.07,16.1,-0.21,-0.03,-0.3,False,False,False,False,False,True
2026-06-05 19:53:00,Node A,28.8,7.34,5.2,-0.07,0.03,0.0,False,False,False,False,False,True
2026-06-05 19:53:00,Node B,29.43,7.07,16.7,-0.05,0.0,0.6,False,False,False,False,False,True
2026-06-05 20:08:00,Node A,28.58,7.32,5.7,-0.22,-0.02,0.5,False,False,False,False,False,True
2026-06-05 20:08:00,Node B,29.34,7.05,16.8,-0.09,-0.02,0.1,False,False,False,False,False,True
2026-06-05 20:23:00,Node A,28.53,7.31,5.4,-0.05,-0.01,-0.3,False,False,False,False,False,True
2026-06-05 20:23:00,Node B,29.1,7.0,16.6,-0.24,-0.05,-0.2,False,False,False,False,False,True
2026-06-05 20:38:00,Node A,28.49,7.29,5.7,-0.04,-0.02,0.3,False,False,False,False,False,True
2026-06-05 20:38:00,Node B,28.83,7.03,16.5,-0.27,0.03,-0.1,False,False,False,False,False,True
2026-06-05 20:53:00,Node A,28.19,7.29,5.7,-0.3,0.0,0.0,False,False,False,False,False,True
2026-06-05 20:53:00,Node B,28.62,7.02,16.4,-0.21,-0.01,-0.1,False,False,False,False,False,True
2026-06-05 21:08:00,Node A,28.0,7.27,5.8,-0.19,-0.02,0.1,False,False,False,False,False,True
2026-06-05 21:08:00,Node B,28.52,6.97,16.5,-0.1,-0.05,0.1,False,False,False,False,False,True
2026-06-05 21:23:00,Node A,27.75,7.26,5.6,-0.25,-0.01,-0.2,False,False,False,False,False,True
2026-06-05 21:23:00,Node B,28.43,6.96,16.3,-0.09,-0.01,-0.2,False,False,False,False,False,True
2026-06-05 21:38:00,Node A,27.75,7.26,5.7,0.0,0.0,0.1,False,False,False,False,False,True
2026-06-05 21:38:00,Node B,28.42,6.92,16.4,-0.01,-0.04,0.1,False,False,False,False,False,True
2026-06-05 21:53:00,Node A,27.66,7.25,5.8,-0.09,-0.01,0.1,False,False,False,False,False,True
2026-06-05 21:53:00,Node B,28.36,6.96,16.3,-0.06,0.04,-0.1,False,False,False,False,False,True
2026-06-05 22:08:00,Node A,27.3,7.26,6.2,-0.36,0.01,0.4,False,False,False,False,False,True
2026-06-05 22:08:00,Node B,28.29,6.94,16.4,-0.07,-0.02,0.1,False,False,False,False,False,True
2026-06-05 22:23:00,Node A,27.01,7.22,5.8,-0.29,-0.04,-0.4,False,False,False,False,False,True
2026-06-05 22:23:00,Node B,28.23,6.98,16.2,-0.06,0.04,-0.2,False,False,False,False,False,True
2026-06-05 22:38:00,Node A,27.19,7.19,6.0,0.18,-0.03,0.2,False,False,False,False,False,True
2026-06-05 22:38:00,Node B,27.72,6.98,16.3,-0.51,0.0,0.1,False,False,False,False,False,True
2026-06-05 22:53:00,Node A,27.02,7.21,6.1,-0.17,0.02,0.1,False,False,False,False,False,True
2026-06-05 22:53:00,Node B,27.7,6.98,16.6,-0.02,0.0,0.3,False,False,False,False,False,True
2026-06-05 23:08:00,Node A,27.0,7.19,5.8,-0.02,-0.02,-0.3,False,False,False,False,False,True
2026-06-05 23:08:00,Node B,27.46,6.95,16.7,-0.24,-0.03,0.1,False,False,False,False,False,True
2026-06-06 00:38:00,Node A,26.58,7.17,5.9,,,,True,False,False,False,False,False
2026-06-06 00:38:00,Node B,26.88,6.9,17.3,,,,True,False,False,False,False,False
2026-06-06 00:53:00,Node A,26.6,7.16,5.5,0.02,-0.01,-0.4,False,False,False,False,False,True
2026-06-06 00:53:00,Node B,26.74,6.91,17.4,-0.14,0.01,0.1,False,False,False,False,False,True
2026-06-06 01:08:00,Node A,26.41,7.18,5.7,-0.19,0.02,0.2,False,False,False,False,False,True
2026-06-06 01:08:00,Node B,26.76,6.88,17.2,0.02,-0.03,-0.2,False,False,False,False,False,True
2026-06-06 01:23:00,Node A,26.28,7.2,5.8,-0.13,0.02,0.1,False,False,False,False,False,True
2026-06-06 01:23:00,Node B,26.66,6.88,17.1,-0.1,0.0,-0.1,False,False,False,False,False,True
2026-06-06 01:38:00,Node A,26.29,7.19,5.9,0.01,-0.01,0.1,False,False,False,False,False,True
2026-06-06 01:38:00,Node B,26.73,6.88,17.4,0.07,0.0,0.3,False,False,False,False,False,True
2026-06-06 02:53:00,Node A,26.38,7.17,5.5,,,,True,False,False,False,False,False
2026-06-06 02:53:00,Node B,26.64,6.89,17.3,,,,True,False,False,False,False,False
2026-06-06 03:08:00,Node A,26.47,7.16,5.6,0.09,-0.01,0.1,False,False,False,False,False,True
2026-06-06 03:08:00,Node B,26.56,6.89,17.3,-0.08,0.0,0.0,False,False,False,False,False,True
2026-06-06 03:23:00,Node A,26.54,7.17,5.2,0.07,0.01,-0.4,False,False,False,False,False,True
2026-06-06 03:23:00,Node B,26.51,6.91,17.1,-0.05,0.02,-0.2,False,False,False,False,False,True
2026-06-06 03:38:00,Node A,26.69,7.18,5.5,0.15,0.01,0.3,False,False,False,False,False,True
2026-06-06 03:38:00,Node B,26.5,6.9,17.2,-0.01,-0.01,0.1,False,False,False,False,False,True
2026-06-06 03:53:00,Node A,26.63,7.17,5.3,-0.06,-0.01,-0.2,False,False,False,False,False,True
2026-06-06 03:53:00,Node B,26.48,6.91,17.0,-0.02,0.01,-0.2,False,False,False,False,False,True
2026-06-06 04:08:00,Node A,26.73,7.21,5.1,0.1,0.04,-0.2,False,False,False,False,False,True
2026-06-06 04:08:00,Node B,26.49,6.92,16.8,0.01,0.01,-0.2,False,False,False,False,False,True
2026-06-06 04:23:00,Node A,26.98,7.18,4.4,0.25,-0.03,-0.7,False,False,False,False,False,True
2026-06-06 04:23:00,Node B,26.58,6.93,17.0,0.09,0.01,0.2,False,False,False,False,False,True
2026-06-06 04:38:00,Node A,27.09,7.18,4.7,0.11,0.0,0.3,False,False,False,False,False,True
2026-06-06 04:38:00,Node B,26.62,6.95,17.2,0.04,0.02,0.2,False,False,False,False,False,True
2026-06-06 04:53:00,Node A,27.19,7.18,5.2,0.1,0.0,0.5,False,False,False,False,False,True
2026-06-06 04:53:00,Node B,26.79,6.92,17.1,0.17,-0.03,-0.1,False,False,False,False,False,True
2026-06-06 05:08:00,Node A,27.36,7.17,5.3,0.17,-0.01,0.1,False,False,False,False,False,True
2026-06-06 05:08:00,Node B,26.71,6.92,17.2,-0.08,0.0,0.1,False,False,False,False,False,True
2026-06-06 05:23:00,Node A,27.6,7.21,5.7,0.24,0.04,0.4,False,False,False,False,False,True
2026-06-06 05:23:00,Node B,26.74,6.89,17.2,0.03,-0.03,0.0,False,False,False,False,False,True
2026-06-06 05:38:00,Node A,27.67,7.2,5.7,0.07,-0.01,0.0,False,False,False,False,False,True
2026-06-06 05:38:00,Node B,27.02,6.87,17.2,0.28,-0.02,0.0,False,False,False,False,False,True
2026-06-06 05:53:00,Node A,27.78,7.19,5.6,0.11,-0.01,-0.1,False,False,False,False,False,True
2026-06-06 05:53:00,Node B,26.89,6.89,17.3,-0.13,0.02,0.1,False,False,False,False,False,True
2026-06-06 06:08:00,Node A,27.86,7.21,5.8,0.08,0.02,0.2,False,False,False,False,False,True
2026-06-06 06:08:00,Node B,26.89,6.91,17.3,0.0,0.02,0.0,False,False,False,False,False,True
2026-06-06 06:23:00,Node A,28.09,7.21,6.1,0.23,0.0,0.3,False,False,False,False,False,True
2026-06-06 06:23:00,Node B,27.09,6.93,17.5,0.2,0.02,0.2,False,False,False,False,False,True
2026-06-06 06:38:00,Node A,28.4,7.2,6.1,0.31,-0.01,0.0,False,False,False,False,False,True
2026-06-06 06:38:00,Node B,27.21,6.93,17.5,0.12,0.0,0.0,False,False,False,False,False,True
2026-06-06 06:53:00,Node A,28.48,7.21,5.9,0.08,0.01,-0.2,False,False,False,False,False,True
2026-06-06 06:53:00,Node B,27.43,6.93,17.4,0.22,0.0,-0.1,False,False,False,False,False,True
2026-06-06 07:08:00,Node A,28.73,7.18,6.2,0.25,-0.03,0.3,False,False,False,False,False,True
2026-06-06 07:08:00,Node B,27.43,6.94,17.6,0.0,0.01,0.2,False,False,False,False,False,True
2026-06-06 07:23:00,Node A,28.88,7.19,5.8,0.15,0.01,-0.4,False,False,False,False,False,True
2026-06-06 07:23:00,Node B,27.71,6.92,17.3,0.28,-0.02,-0.3,False,False,False,False,False,True
2026-06-06 07:38:00,Node A,28.96,7.2,6.2,0.08,0.01,0.4,False,False,False,False,False,True
2026-06-06 07:38:00,Node B,27.89,6.91,17.2,0.18,-0.01,-0.1,False,False,False,False,False,True
2026-06-06 07:53:00,Node A,29.07,7.23,5.7,0.11,0.03,-0.5,False,False,False,False,False,True
2026-06-06 07:53:00,Node B,27.87,6.93,17.1,-0.02,0.02,-0.1,False,False,False,False,False,True
2026-06-06 08:08:00,Node A,29.24,7.24,6.0,0.17,0.01,0.3,False,False,False,False,False,True
2026-06-06 08:08:00,Node B,28.21,6.92,17.3,0.34,-0.01,0.2,False,False,False,False,False,True
2026-06-06 08:38:00,Node A,29.42,7.21,6.0,,,,True,False,False,False,False,False
2026-06-06 08:38:00,Node B,28.56,6.98,17.2,,,,True,False,False,False,False,False
2026-06-06 08:53:00,Node A,29.75,7.17,5.8,0.33,-0.04,-0.2,False,False,False,False,False,True
2026-06-06 08:53:00,Node B,28.6,7.02,17.1,0.04,0.04,-0.1,False,False,False,False,False,True
2026-06-06 09:23:00,Node A,29.75,7.18,5.8,,,,True,False,False,False,False,False
2026-06-06 09:23:00,Node B,29.05,6.97,17.2,,,,True,False,False,False,False,False
2026-06-06 09:38:00,Node A,29.98,7.21,6.9,0.23,0.03,1.1,False,False,False,False,False,True
2026-06-06 09:38:00,Node B,28.93,6.93,17.4,-0.12,-0.04,0.2,False,False,False,False,False,True
2026-06-06 09:53:00,Node A,30.15,7.26,8.1,0.17,0.05,1.2,False,False,False,False,True,True
2026-06-06 09:53:00,Node B,28.94,6.99,17.7,0.01,0.06,0.3,False,False,False,False,False,True
2026-06-06 10:08:00,Node A,30.3,7.24,9.3,0.15,-0.02,1.2,False,False,False,False,True,True
2026-06-06 10:08:00,Node B,29.13,6.99,17.9,0.19,0.0,0.2,False,False,False,False,False,True
2026-06-06 10:23:00,Node A,30.29,7.24,11.0,-0.01,0.0,1.7,False,False,False,False,True,True
2026-06-06 10:23:00,Node B,29.36,6.97,17.8,0.23,-0.02,-0.1,False,False,False,False,False,True
2026-06-06 10:38:00,Node A,30.28,7.25,11.0,-0.01,0.01,0.0,False,False,False,False,True,True
2026-06-06 10:38:00,Node B,29.6,6.97,17.6,0.24,0.0,-0.2,False,False,False,False,False,True
2026-06-06 10:53:00,Node A,30.45,6.57,10.8,0.17,-0.68,-0.2,False,False,True,True,False,False
2026-06-06 10:53:00,Node B,29.8,6.99,17.9,0.2,0.02,0.3,False,False,False,False,False,True
2026-06-06 11:08:00,Node A,30.61,6.56,10.7,0.16,-0.01,-0.1,False,False,False,False,False,True
2026-06-06 11:08:00,Node B,29.93,7.03,17.9,0.13,0.04,0.0,False,False,False,False,False,True
2026-06-06 11:23:00,Node A,30.61,6.54,10.9,0.0,-0.02,0.2,False,False,False,False,False,True
2026-06-06 11:23:00,Node B,29.97,7.03,18.2,0.04,0.0,0.3,False,False,False,False,False,True
2026-06-06 11:38:00,Node A,30.86,6.62,10.9,0.25,0.08,0.0,False,False,False,False,False,True
2026-06-06 11:38:00,Node B,30.15,7.0,18.2,0.18,-0.03,0.0,False,False,False,False,False,True
2026-06-06 11:53:00,Node A,30.88,6.71,10.5,0.02,0.09,-0.4,False,False,False,False,False,True
2026-06-06 11:53:00,Node B,30.14,6.99,18.0,-0.01,-0.01,-0.2,False,False,False,False,False,True
2026-06-06 12:08:00,Node A,31.0,6.75,9.9,0.12,0.04,-0.6,False,False,False,False,False,True
2026-06-06 12:08:00,Node B,30.17,6.99,18.9,0.03,0.0,0.9,False,False,False,False,True,True
2026-06-06 12:23:00,Node A,31.17,6.83,9.6,0.17,0.08,-0.3,False,False,False,False,False,True
2026-06-06 12:23:00,Node B,30.36,6.97,16.1,0.19,-0.02,-2.8,False,False,False,False,True,True
2026-06-06 12:38:00,Node A,31.21,6.94,9.4,0.04,0.11,-0.2,False,False,False,False,False,True
2026-06-06 12:38:00,Node B,30.57,7.01,17.5,0.21,0.04,1.4,False,False,False,False,True,True
2026-06-06 12:53:00,Node A,31.41,7.03,9.2,0.2,0.09,-0.2,False,False,False,False,False,True
2026-06-06 12:53:00,Node B,30.72,7.02,18.9,0.15,0.01,1.4,False,False,False,False,True,True
2026-06-06 13:08:00,Node A,31.54,7.13,8.6,0.13,0.1,-0.6,False,False,False,False,False,True
2026-06-06 13:08:00,Node B,30.72,6.27,19.0,0.0,-0.75,0.1,False,True,False,True,True,False
2026-06-06 13:23:00,Node A,31.73,7.17,8.8,0.19,0.04,0.2,False,False,False,False,False,True
2026-06-06 13:23:00,Node B,30.58,6.28,19.4,-0.14,0.01,0.4,False,True,False,True,True,False
2026-06-06 13:38:00,Node A,31.75,7.25,8.0,0.02,0.08,-0.8,False,False,False,False,False,True
2026-06-06 13:38:00,Node B,30.75,6.27,19.8,0.17,-0.01,0.4,False,True,False,True,True,False
2026-06-06 13:53:00,Node A,31.71,7.34,7.4,-0.04,0.09,-0.6,False,False,False,False,True,True
2026-06-06 13:53:00,Node B,30.76,6.3,19.2,0.01,0.03,-0.6,False,True,False,True,True,False
2026-06-06 14:08:00,Node A,31.68,7.35,7.1,-0.03,0.01,-0.3,False,False,False,False,True,True
2026-06-06 14:08:00,Node B,30.88,6.32,19.5,0.12,0.02,0.3,False,True,False,True,True,False
2026-06-06 14:23:00,Node A,31.61,7.33,7.1,-0.07,-0.02,0.0,False,False,False,False,True,True
2026-06-06 14:23:00,Node B,30.88,6.42,18.9,0.0,0.1,-0.6,False,True,False,True,False,False
2026-06-06 14:38:00,Node A,31.77,7.33,6.8,0.16,0.0,-0.3,False,False,False,False,True,True
2026-06-06 14:38:00,Node B,30.76,6.54,18.7,-0.12,0.12,-0.2,False,False,False,False,False,True
2026-06-06 14:53:00,Node A,32.06,7.35,6.9,0.29,0.02,0.1,False,True,False,True,False,False
2026-06-06 14:53:00,Node B,30.69,6.64,18.2,-0.07,0.1,-0.5,False,False,False,False,False,True
2026-06-06 15:08:00,Node A,31.88,7.34,6.7,-0.18,-0.01,-0.2,False,False,False,False,False,True
2026-06-06 15:08:00,Node B,30.79,6.74,17.6,0.1,0.1,-0.6,False,False,False,False,False,True
2026-06-06 15:23:00,Node A,31.81,7.36,6.9,-0.07,0.02,0.2,False,False,False,False,False,True
2026-06-06 15:23:00,Node B,30.78,6.86,17.1,-0.01,0.12,-0.5,False,False,False,False,False,True
2026-06-06 15:38:00,Node A,31.74,7.37,6.7,-0.07,0.01,-0.2,False,False,False,False,False,True
2026-06-06 15:38:00,Node B,30.86,6.98,16.2,0.08,0.12,-0.9,False,False,False,False,False,True
2026-06-06 15:53:00,Node A,31.68,7.37,6.8,-0.06,0.0,0.1,False,False,False,False,False,True
2026-06-06 15:53:00,Node B,30.72,7.08,15.9,-0.14,0.1,-0.3,False,False,False,False,False,True
2026-06-06 16:08:00,Node A,31.4,7.37,6.7,-0.28,0.0,-0.1,False,False,False,False,False,True
2026-06-06 16:08:00,Node B,30.82,7.07,15.7,0.1,-0.01,-0.2,False,False,False,False,False,True
2026-06-06 16:23:00,Node A,31.29,7.4,6.6,-0.11,0.03,-0.1,False,False,False,False,False,True
2026-06-06 16:23:00,Node B,30.79,7.07,15.8,-0.03,0.0,0.1,False,False,False,False,False,True
2026-06-06 16:38:00,Node A,31.33,7.37,7.1,0.04,-0.03,0.5,False,False,False,False,False,True
2026-06-06 16:38:00,Node B,30.72,7.1,15.7,-0.07,0.03,-0.1,False,False,False,False,False,True
2026-06-06 16:53:00,Node A,31.17,7.34,6.8,-0.16,-0.03,-0.3,False,False,False,False,False,True
2026-06-06 16:53:00,Node B,30.8,7.1,15.3,0.08,0.0,-0.4,False,False,False,False,False,True
2026-06-06 17:08:00,Node A,31.06,7.32,6.8,-0.11,-0.02,0.0,False,False,False,False,False,True
2026-06-06 17:08:00,Node B,30.71,7.11,14.6,-0.09,0.01,-0.7,False,False,False,False,False,True
2026-06-06 17:23:00,Node A,31.07,7.31,7.0,0.01,-0.01,0.2,False,False,False,False,False,True
2026-06-06 17:23:00,Node B,30.58,7.13,14.2,-0.13,0.02,-0.4,False,False,False,False,False,True
2026-06-06 17:38:00,Node A,31.19,7.32,6.7,0.12,0.01,-0.3,False,False,False,False,False,True
2026-06-06 17:38:00,Node B,30.49,7.08,14.1,-0.09,-0.05,-0.1,False,False,False,False,False,True
2026-06-06 17:53:00,Node A,30.92,7.32,6.7,-0.27,0.0,0.0,False,False,False,False,False,True
2026-06-06 17:53:00,Node B,30.52,7.06,14.4,0.03,-0.02,0.3,False,False,False,False,False,True
2026-06-06 18:08:00,Node A,30.84,7.3,6.4,-0.08,-0.02,-0.3,False,False,False,False,False,True
2026-06-06 18:08:00,Node B,30.45,7.04,14.7,-0.07,-0.02,0.3,False,False,False,False,False,True
2026-06-06 18:23:00,Node A,30.54,7.3,6.2,-0.3,0.0,-0.2,False,False,False,False,False,True
2026-06-06 18:23:00,Node B,30.13,7.02,14.7,-0.32,-0.02,0.0,False,False,False,False,False,True
2026-06-06 18:53:00,Node A,30.08,7.34,6.4,,,,True,False,False,False,False,False
2026-06-06 18:53:00,Node B,29.9,7.02,14.3,,,,True,False,False,False,False,False
2026-06-06 19:08:00,Node A,30.06,7.31,6.8,-0.02,-0.03,0.4,False,False,False,False,False,True
2026-06-06 19:08:00,Node B,29.81,7.04,14.2,-0.09,0.02,-0.1,False,False,False,False,False,True
2026-06-06 19:23:00,Node A,29.74,7.31,6.6,-0.32,0.0,-0.2,False,False,False,False,False,True
2026-06-06 19:23:00,Node B,29.7,7.03,14.0,-0.11,-0.01,-0.2,False,False,False,False,False,True
2026-06-06 19:38:00,Node A,29.67,7.31,6.4,-0.07,0.0,-0.2,False,False,False,False,False,True
2026-06-06 19:38:00,Node B,29.42,7.02,14.2,-0.28,-0.01,0.2,False,False,False,False,False,True
2026-06-06 19:53:00,Node A,29.59,7.34,6.6,-0.08,0.03,0.2,False,False,False,False,False,True
2026-06-06 19:53:00,Node B,29.32,7.02,14.3,-0.1,0.0,0.1,False,False,False,False,False,True
2026-06-06 20:08:00,Node A,29.31,7.34,6.8,-0.28,0.0,0.2,False,False,False,False,False,True
2026-06-06 20:08:00,Node B,29.19,7.01,14.3,-0.13,-0.01,0.0,False,False,False,False,False,True
2026-06-06 20:23:00,Node A,29.2,7.33,6.8,-0.11,-0.01,0.0,False,False,False,False,False,True
2026-06-06 20:23:00,Node B,29.15,6.97,14.2,-0.04,-0.04,-0.1,False,False,False,False,False,True
2026-06-06 20:38:00,Node A,29.02,7.26,6.8,-0.18,-0.07,0.0,False,False,False,False,False,True
2026-06-06 20:38:00,Node B,28.95,6.99,13.9,-0.2,0.02,-0.3,False,False,False,False,False,True
2026-06-06 20:53:00,Node A,28.89,7.32,7.3,-0.13,0.06,0.5,False,False,False,False,False,True
2026-06-06 20:53:00,Node B,28.77,6.96,14.2,-0.18,-0.03,0.3,False,False,False,False,False,True
2026-06-06 21:08:00,Node A,28.64,7.32,6.9,-0.25,0.0,-0.4,False,False,False,False,False,True
2026-06-06 21:08:00,Node B,28.7,6.94,14.1,-0.07,-0.02,-0.1,False,False,False,False,False,True
2026-06-06 21:23:00,Node A,28.42,7.3,7.0,-0.22,-0.02,0.1,False,False,False,False,False,True
2026-06-06 21:23:00,Node B,28.56,6.97,14.2,-0.14,0.03,0.1,False,False,False,False,False,True
2026-06-06 21:38:00,Node A,28.28,7.29,6.8,-0.14,-0.01,-0.2,False,False,False,False,False,True
2026-06-06 21:38:00,Node B,28.51,6.97,14.5,-0.05,0.0,0.3,False,False,False,False,False,True
2026-06-06 21:53:00,Node A,28.03,7.25,7.2,-0.25,-0.04,0.4,False,False,False,False,False,True
2026-06-06 21:53:00,Node B,28.42,6.97,13.8,-0.09,0.0,-0.7,False,False,False,False,False,True
2026-06-06 22:08:00,Node A,27.91,7.25,7.5,-0.12,0.0,0.3,False,False,False,False,False,True
2026-06-06 22:08:00,Node B,28.39,6.97,13.6,-0.03,0.0,-0.2,False,False,False,False,False,True
2026-06-06 22:23:00,Node A,27.61,7.24,7.3,-0.3,-0.01,-0.2,False,False,False,False,False,True
2026-06-06 22:23:00,Node B,28.16,6.94,13.7,-0.23,-0.03,0.1,False,False,False,False,False,True
2026-06-06 22:38:00,Node A,27.44,7.23,7.5,-0.17,-0.01,0.2,False,False,False,False,False,True
2026-06-06 22:38:00,Node B,28.04,6.94,13.9,-0.12,0.0,0.2,False,False,False,False,False,True
2026-06-06 22:53:00,Node A,27.43,7.21,7.5,-0.01,-0.02,0.0,False,False,False,False,False,True
2026-06-06 22:53:00,Node B,27.84,6.96,14.1,-0.2,0.02,0.2,False,False,False,False,False,True
2026-06-06 23:08:00,Node A,27.18,7.16,7.4,-0.25,-0.05,-0.1,False,False,False,False,False,True
2026-06-06 23:08:00,Node B,27.71,6.96,14.3,-0.13,0.0,0.2,False,False,False,False,False,True
2026-06-06 23:23:00,Node A,27.11,7.14,7.5,-0.07,-0.02,0.1,False,False,False,False,False,True
2026-06-06 23:23:00,Node B,27.61,6.96,14.4,-0.1,0.0,0.1,False,False,False,False,False,True
2026-06-06 23:38:00,Node A,26.91,7.17,7.4,-0.2,0.03,-0.1,False,False,False,False,False,True
2026-06-06 23:38:00,Node B,27.58,6.96,14.5,-0.03,0.0,0.1,False,False,False,False,False,True
2026-06-06 23:53:00,Node A,26.88,7.17,7.5,-0.03,0.0,0.1,False,False,False,False,False,True
2026-06-06 23:53:00,Node B,27.27,6.92,14.3,-0.31,-0.04,-0.2,False,False,False,False,False,True
2026-06-07 01:08:00,Node A,26.35,7.16,7.2,,,,True,False,False,False,False,False
2026-06-07 01:08:00,Node B,26.55,6.92,24.2,,,,True,False,False,False,True,False
2026-06-07 01:23:00,Node A,26.25,7.13,6.9,-0.1,-0.03,-0.3,False,False,False,False,False,True
2026-06-07 01:23:00,Node B,25.95,6.8,24.0,-0.6,-0.12,-0.2,False,False,False,False,True,True
2026-06-07 01:38:00,Node A,26.19,7.12,7.1,-0.06,-0.01,0.2,False,False,False,False,False,True
2026-06-07 01:38:00,Node B,25.91,6.54,24.0,-0.04,-0.26,0.0,False,False,False,False,True,True
2026-06-07 01:53:00,Node A,26.29,7.14,7.0,0.1,0.02,-0.1,False,False,False,False,False,True
2026-06-07 01:53:00,Node B,25.71,6.24,24.0,-0.2,-0.3,0.0,False,True,False,True,True,False
2026-06-07 02:08:00,Node A,26.24,7.13,7.0,-0.05,-0.01,0.0,False,False,False,False,False,True
2026-06-07 02:08:00,Node B,25.69,5.9,24.1,-0.02,-0.34,0.1,False,True,False,True,True,False
2026-06-07 02:23:00,Node A,26.22,7.14,6.3,-0.02,0.01,-0.7,False,False,False,False,False,True
2026-06-07 02:23:00,Node B,25.8,5.9,23.9,0.11,0.0,-0.2,False,True,False,True,True,False
2026-06-07 02:38:00,Node A,26.14,7.15,6.6,-0.08,0.01,0.3,False,False,False,False,False,True
2026-06-07 02:38:00,Node B,25.8,5.9,24.3,0.0,0.0,0.4,False,True,False,True,True,False
2026-06-07 02:53:00,Node A,26.1,7.13,6.8,-0.04,-0.02,0.2,False,False,False,False,False,True
2026-06-07 02:53:00,Node B,26.02,5.9,24.5,0.22,0.0,0.2,False,True,False,True,True,False
2026-06-07 03:08:00,Node A,26.14,7.12,6.6,0.04,-0.01,-0.2,False,False,False,False,False,True
2026-06-07 03:08:00,Node B,26.11,5.9,24.5,0.09,0.0,0.0,False,True,False,True,True,False
2026-06-07 03:23:00,Node A,25.97,7.14,6.1,-0.17,0.02,-0.5,False,False,False,False,False,True
2026-06-07 03:23:00,Node B,26.28,5.9,24.9,0.17,0.0,0.4,False,True,False,True,True,False
2026-06-07 03:38:00,Node A,26.03,7.15,6.1,0.06,0.01,0.0,False,False,False,False,False,True
2026-06-07 03:38:00,Node B,26.3,5.96,24.3,0.02,0.06,-0.6,False,True,False,True,True,False
2026-06-07 03:53:00,Node A,26.07,7.13,6.2,0.04,-0.02,0.1,False,False,False,False,False,True
2026-06-07 03:53:00,Node B,26.34,6.06,23.2,0.04,0.1,-1.1,False,True,False,True,True,False
2026-06-07 04:08:00,Node A,26.02,7.14,6.4,-0.05,0.01,0.2,False,False,False,False,False,True
2026-06-07 04:08:00,Node B,26.48,6.15,22.4,0.14,0.09,-0.8,False,True,False,True,True,False
2026-06-07 04:23:00,Node A,26.14,7.18,6.5,0.12,0.04,0.1,False,False,False,False,False,True
2026-06-07 04:23:00,Node B,26.88,6.23,21.9,0.4,0.08,-0.5,False,True,False,True,True,False
2026-06-07 04:38:00,Node A,26.26,7.18,6.6,0.12,0.0,0.1,False,False,False,False,False,True
2026-06-07 04:38:00,Node B,27.21,6.33,21.5,0.33,0.1,-0.4,False,True,False,True,False,False
2026-06-07 05:38:00,Node A,26.39,7.22,6.8,,,,True,False,False,False,False,False
2026-06-07 05:38:00,Node B,27.76,6.68,19.5,,,,True,False,False,False,False,False
2026-06-07 05:53:00,Node A,26.46,7.17,7.1,0.07,-0.05,0.3,False,False,False,False,True,True
2026-06-07 05:53:00,Node B,27.97,6.77,18.5,0.21,0.09,-1.0,False,False,False,False,False,True
2026-06-07 06:08:00,Node A,26.5,7.2,8.4,0.04,0.03,1.3,False,False,False,False,True,True
2026-06-07 06:08:00,Node B,28.19,6.82,18.0,0.22,0.05,-0.5,False,False,False,False,False,True
2026-06-07 06:23:00,Node A,26.44,7.18,10.5,-0.06,-0.02,2.1,False,False,False,False,True,True
2026-06-07 06:23:00,Node B,28.3,6.85,17.6,0.11,0.03,-0.4,False,False,False,False,False,True
2026-06-07 06:38:00,Node A,26.62,7.2,10.8,0.18,0.02,0.3,False,False,False,False,True,True
2026-06-07 06:38:00,Node B,28.39,6.87,16.4,0.09,0.02,-1.2,False,False,False,False,False,True
2026-06-07 06:53:00,Node A,26.85,6.35,11.1,0.23,-0.85,0.3,False,True,False,True,True,False
2026-06-07 06:53:00,Node B,28.61,6.86,15.5,0.22,-0.01,-0.9,False,False,False,False,False,True
2026-06-07 07:08:00,Node A,27.02,6.37,11.0,0.17,0.02,-0.1,False,True,False,True,True,False
2026-06-07 07:08:00,Node B,28.69,6.88,15.0,0.08,0.02,-0.5,False,False,False,False,False,True
2026-06-07 07:23:00,Node A,27.21,6.33,10.7,0.19,-0.04,-0.3,False,True,False,True,True,False
2026-06-07 07:23:00,Node B,28.84,6.84,14.8,0.15,-0.04,-0.2,False,False,False,False,False,True
2026-06-07 07:38:00,Node A,27.11,6.36,10.4,-0.1,0.03,-0.3,False,True,False,True,True,False
2026-06-07 07:38:00,Node B,28.95,6.86,15.0,0.11,0.02,0.2,False,False,False,False,False,True
2026-06-07 07:53:00,Node A,27.38,6.38,10.7,0.27,0.02,0.3,False,True,False,True,False,False
2026-06-07 07:53:00,Node B,29.26,6.87,15.1,0.31,0.01,0.1,False,False,False,False,False,True
2026-06-07 08:08:00,Node A,27.43,6.56,10.5,0.05,0.18,-0.2,False,False,False,False,False,True
2026-06-07 08:08:00,Node B,29.6,6.9,15.0,0.34,0.03,-0.1,False,False,False,False,False,True
2026-06-07 08:23:00,Node A,27.5,6.78,10.0,0.07,0.22,-0.5,False,False,False,False,False,True
2026-06-07 08:23:00,Node B,29.84,6.89,14.8,0.24,-0.01,-0.2,False,False,False,False,False,True
2026-06-07 08:38:00,Node A,27.77,6.99,9.8,0.27,0.21,-0.2,False,False,False,False,False,True
2026-06-07 08:38:00,Node B,30.06,6.86,14.9,0.22,-0.03,0.1,False,False,False,False,False,True
2026-06-07 08:53:00,Node A,27.88,7.11,9.8,0.11,0.12,0.0,False,False,False,False,False,True
2026-06-07 08:53:00,Node B,30.24,6.87,14.2,0.18,0.01,-0.7,False,False,False,False,False,True
2026-06-07 09:08:00,Node A,28.14,7.27,9.6,0.26,0.16,-0.2,False,False,False,False,False,True
2026-06-07 09:08:00,Node B,30.35,6.92,14.4,0.11,0.05,0.2,False,False,False,False,False,True
2026-06-07 09:23:00,Node A,28.31,7.26,9.3,0.17,-0.01,-0.3,False,False,False,False,False,True
2026-06-07 09:23:00,Node B,30.48,6.9,14.7,0.13,-0.02,0.3,False,False,False,False,False,True
2026-06-07 09:38:00,Node A,28.39,7.21,8.8,0.08,-0.05,-0.5,False,False,False,False,False,True
2026-06-07 09:38:00,Node B,30.63,6.9,14.7,0.15,0.0,0.0,False,False,False,False,False,True
2026-06-07 09:53:00,Node A,28.49,7.25,8.8,0.1,0.04,0.0,False,False,False,False,False,True
2026-06-07 09:53:00,Node B,30.73,6.93,15.1,0.1,0.03,0.4,False,False,False,False,False,True
2026-06-07 10:08:00,Node A,28.58,7.27,8.6,0.09,0.02,-0.2,False,False,False,False,False,True
2026-06-07 10:08:00,Node B,30.91,6.95,15.2,0.18,0.02,0.1,False,False,False,False,False,True
2026-06-07 10:23:00,Node A,28.71,7.26,8.2,0.13,-0.01,-0.4,False,False,False,False,False,True
2026-06-07 10:23:00,Node B,30.99,6.96,15.5,0.08,0.01,0.3,False,False,False,False,False,True
2026-06-07 10:38:00,Node A,28.83,7.29,8.1,0.12,0.03,-0.1,False,False,False,False,False,True
2026-06-07 10:38:00,Node B,31.26,6.95,15.1,0.27,-0.01,-0.4,False,False,False,False,False,True
2026-06-07 11:08:00,Node A,29.18,7.29,8.2,,,,True,False,False,False,False,False
2026-06-07 11:08:00,Node B,31.56,6.96,14.7,,,,True,False,False,False,True,False
2026-06-07 11:23:00,Node A,29.24,7.3,8.3,0.06,0.01,0.1,False,False,False,False,False,True
2026-06-07 11:23:00,Node B,31.69,6.95,14.6,0.13,-0.01,-0.1,False,False,False,False,True,True
2026-06-07 11:38:00,Node A,29.3,7.31,7.8,0.06,0.01,-0.5,False,False,False,False,False,True
2026-06-07 11:38:00,Node B,31.78,6.98,14.7,0.09,0.03,0.1,False,False,False,False,True,True
2026-06-07 11:53:00,Node A,29.4,7.32,7.6,0.1,0.01,-0.2,False,False,False,False,False,True
2026-06-07 11:53:00,Node B,31.94,6.99,14.3,0.16,0.01,-0.4,False,False,False,False,True,True
2026-06-07 12:08:00,Node A,29.49,7.32,7.7,0.09,0.0,0.1,False,False,False,False,False,True
2026-06-07 12:08:00,Node B,32.03,6.98,14.6,0.09,-0.01,0.3,False,True,False,True,True,False
2026-06-07 12:23:00,Node A,29.68,7.38,7.6,0.19,0.06,-0.1,False,False,False,False,False,True
2026-06-07 12:23:00,Node B,32.1,6.99,14.9,0.07,0.01,0.3,False,True,False,True,True,False
2026-06-07 12:38:00,Node A,29.91,7.35,7.3,0.23,-0.03,-0.3,False,False,False,False,False,True
2026-06-07 12:38:00,Node B,32.16,6.99,14.8,0.06,0.0,-0.1,False,True,False,True,True,False
2026-06-07 12:53:00,Node A,29.96,7.36,7.3,0.05,0.01,0.0,False,False,False,False,False,True
2026-06-07 12:53:00,Node B,32.11,6.99,14.8,-0.05,0.0,0.0,False,True,False,True,True,False
2026-06-07 13:08:00,Node A,29.96,7.32,7.4,0.0,-0.04,0.1,False,False,False,False,False,True
2026-06-07 13:08:00,Node B,32.26,7.02,14.7,0.15,0.03,-0.1,False,True,False,True,True,False
2026-06-07 13:23:00,Node A,29.95,7.34,7.2,-0.01,0.02,-0.2,False,False,False,False,False,True
2026-06-07 13:23:00,Node B,32.44,7.01,15.0,0.18,-0.01,0.3,False,True,False,True,True,False
2026-06-07 13:38:00,Node A,30.01,7.34,7.3,0.06,0.0,0.1,False,False,False,False,False,True
2026-06-07 13:38:00,Node B,32.52,7.01,14.8,0.08,0.0,-0.2,False,True,False,True,True,False
2026-06-07 13:53:00,Node A,30.05,7.33,7.0,0.04,-0.01,-0.3,False,False,False,False,False,True
2026-06-07 13:53:00,Node B,32.52,7.04,15.2,0.0,0.03,0.4,False,True,False,True,True,False
2026-06-07 14:08:00,Node A,30.06,7.34,7.3,0.01,0.01,0.3,False,False,False,False,False,True
2026-06-07 14:08:00,Node B,32.49,7.02,15.0,-0.03,-0.02,-0.2,False,True,False,True,True,False
2026-06-07 14:23:00,Node A,30.09,7.33,7.8,0.03,-0.01,0.5,False,False,False,False,False,True
2026-06-07 14:23:00,Node B,32.63,7.04,15.1,0.14,0.02,0.1,False,True,False,True,True,False
2026-06-07 14:38:00,Node A,29.86,7.32,9.2,-0.23,-0.01,1.4,False,False,False,False,False,True
2026-06-07 14:38:00,Node B,32.74,7.05,15.0,0.11,0.01,-0.1,False,True,False,True,True,False
2026-06-07 14:53:00,Node A,29.39,7.35,9.9,-0.47,0.03,0.7,False,False,False,False,False,True
2026-06-07 14:53:00,Node B,32.83,7.08,14.9,0.09,0.03,-0.1,False,True,False,True,True,False
2026-06-07 15:08:00,Node A,28.7,7.36,11.2,-0.69,0.01,1.3,False,False,False,False,False,True
2026-06-07 15:08:00,Node B,32.76,7.08,15.3,-0.07,0.0,0.4,False,True,False,True,True,False
2026-06-07 15:23:00,Node A,28.71,7.34,12.7,0.01,-0.02,1.5,False,False,False,False,False,True
2026-06-07 15:23:00,Node B,32.71,7.11,15.3,-0.05,0.03,0.0,False,True,False,True,True,False
2026-06-07 15:38:00,Node A,28.8,7.2,12.7,0.09,-0.14,0.0,False,False,False,False,False,True
2026-06-07 15:38:00,Node B,32.51,7.11,15.0,-0.2,0.0,-0.3,False,True,False,True,True,False
2026-06-07 15:53:00,Node A,28.65,6.92,12.9,-0.15,-0.28,0.2,False,False,False,False,False,True
2026-06-07 15:53:00,Node B,32.5,7.14,16.6,-0.01,0.03,1.6,False,True,False,True,True,False
2026-06-07 16:08:00,Node A,28.61,6.53,13.3,-0.04,-0.39,0.4,False,False,False,False,False,True
2026-06-07 16:08:00,Node B,32.0,7.13,19.3,-0.5,-0.01,2.7,False,False,False,False,True,True
2026-06-07 16:23:00,Node A,28.7,6.53,12.7,0.09,0.0,-0.6,False,False,False,False,False,True
2026-06-07 16:23:00,Node B,31.41,7.12,22.9,-0.59,-0.01,3.6,False,False,False,False,True,True
2026-06-07 16:38:00,Node A,28.67,6.59,12.9,-0.03,0.06,0.2,False,False,False,False,False,True
2026-06-07 16:38:00,Node B,30.82,7.1,27.1,-0.59,-0.02,4.2,False,True,False,True,True,False
2026-06-07 16:53:00,Node A,28.86,6.57,13.0,0.19,-0.02,0.1,False,False,False,False,False,True
2026-06-07 16:53:00,Node B,30.81,6.77,27.3,-0.01,-0.33,0.2,False,True,False,True,True,False
2026-06-07 17:08:00,Node A,29.06,6.54,12.7,0.2,-0.03,-0.3,False,False,False,False,False,True
2026-06-07 17:08:00,Node B,30.8,6.12,27.2,-0.01,-0.65,-0.1,False,True,False,True,True,False
2026-06-07 17:23:00,Node A,29.13,6.62,12.6,0.07,0.08,-0.1,False,False,False,False,False,True
2026-06-07 17:23:00,Node B,30.75,6.09,27.3,-0.05,-0.03,0.1,False,True,False,True,True,False
2026-06-07 17:38:00,Node A,29.31,6.71,12.5,0.18,0.09,-0.1,False,False,False,False,True,True
2026-06-07 17:38:00,Node B,30.72,6.08,26.8,-0.03,-0.01,-0.5,False,True,False,True,True,False
2026-06-07 17:53:00,Node A,29.5,6.74,14.2,0.19,0.03,1.7,False,False,False,False,True,True
2026-06-07 17:53:00,Node B,30.53,6.08,26.6,-0.19,0.0,-0.2,False,True,False,True,True,False
2026-06-07 18:08:00,Node A,29.53,6.76,16.6,0.03,0.02,2.4,False,False,False,False,True,True
2026-06-07 18:08:00,Node B,30.61,6.22,26.5,0.08,0.14,-0.1,False,True,False,True,True,False
2026-06-07 18:23:00,Node A,29.55,6.94,18.5,0.02,0.18,1.9,False,False,False,False,True,True
2026-06-07 18:23:00,Node B,30.7,6.34,26.9,0.09,0.12,0.4,False,True,False,True,False,False
2026-06-07 19:08:00,Node A,29.5,8.99,17.4,,,,True,True,False,True,True,False
2026-06-07 19:08:00,Node B,30.56,6.63,23.7,,,,True,False,False,False,False,False
2026-06-07 19:38:00,Node A,29.61,9.4,18.3,,,,True,True,False,True,True,False
2026-06-07 19:38:00,Node B,30.52,6.8,21.4,,,,True,False,False,False,False,False
2026-06-07 19:53:00,Node A,29.63,9.4,18.2,0.02,0.0,-0.1,False,True,False,True,True,False
2026-06-07 19:53:00,Node B,30.66,6.87,20.6,0.14,0.07,-0.8,False,False,False,False,False,True
2026-06-07 20:08:00,Node A,29.62,9.4,18.1,-0.01,0.0,-0.1,False,True,False,True,True,False
2026-06-07 20:08:00,Node B,30.58,6.99,19.9,-0.08,0.12,-0.7,False,False,False,False,False,True
2026-06-07 20:23:00,Node A,29.65,9.4,17.5,0.03,0.0,-0.6,False,True,False,True,True,False
2026-06-07 20:23:00,Node B,30.42,7.02,18.7,-0.16,0.03,-1.2,False,False,False,False,False,True
2026-06-07 20:38:00,Node A,29.78,9.4,17.0,0.13,0.0,-0.5,False,True,False,True,True,False
2026-06-07 20:38:00,Node B,30.55,7.01,17.4,0.13,-0.01,-1.3,False,False,False,False,False,True
2026-06-07 20:53:00,Node A,29.81,9.4,16.0,0.03,0.0,-1.0,False,True,False,True,True,False
2026-06-07 20:53:00,Node B,30.38,7.01,16.6,-0.17,0.0,-0.8,False,False,False,False,False,True
2026-06-07 21:08:00,Node A,29.69,9.4,15.4,-0.12,0.0,-0.6,False,True,False,True,True,False
2026-06-07 21:08:00,Node B,30.03,6.96,15.4,-0.35,-0.05,-1.2,False,False,False,False,False,True
2026-06-07 21:23:00,Node A,29.68,9.4,14.4,-0.01,0.0,-1.0,False,True,False,True,True,False
2026-06-07 21:23:00,Node B,30.03,6.98,15.8,0.0,0.02,0.4,False,False,False,False,False,True
2026-06-07 21:38:00,Node A,29.7,9.4,13.8,0.02,0.0,-0.6,False,True,False,True,True,False
2026-06-07 21:38:00,Node B,29.95,6.97,15.6,-0.08,-0.01,-0.2,False,False,False,False,False,True
2026-06-07 21:53:00,Node A,29.51,9.31,12.9,-0.19,-0.09,-0.9,False,True,False,True,True,False
2026-06-07 21:53:00,Node B,29.67,7.01,15.6,-0.28,0.04,0.0,False,False,False,False,False,True
2026-06-07 22:08:00,Node A,29.29,9.15,12.0,-0.22,-0.16,-0.9,False,True,False,True,True,False
2026-06-07 22:08:00,Node B,29.42,6.96,15.7,-0.25,-0.05,0.1,False,False,False,False,False,True
2026-06-07 22:23:00,Node A,29.17,9.02,11.4,-0.12,-0.13,-0.6,False,True,False,True,True,False
2026-06-07 22:23:00,Node B,29.29,6.95,15.4,-0.13,-0.01,-0.3,False,False,False,False,False,True
2026-06-07 22:38:00,Node A,29.03,8.89,11.3,-0.14,-0.13,-0.1,False,True,False,True,True,False
2026-06-07 22:38:00,Node B,29.14,6.96,15.6,-0.15,0.01,0.2,False,False,False,False,False,True
2026-06-07 22:53:00,Node A,28.77,8.58,11.0,-0.26,-0.31,-0.3,False,True,False,True,False,False
2026-06-07 22:53:00,Node B,28.99,6.97,15.5,-0.15,0.01,-0.1,False,False,False,False,False,True
2026-06-07 23:08:00,Node A,28.63,8.41,10.4,-0.14,-0.17,-0.6,False,False,False,False,False,True
2026-06-07 23:08:00,Node B,28.93,6.99,15.4,-0.06,0.02,-0.1,False,False,False,False,False,True
2026-06-07 23:23:00,Node A,28.39,8.22,10.2,-0.24,-0.19,-0.2,False,False,False,False,False,True
2026-06-07 23:23:00,Node B,28.64,6.97,15.4,-0.29,-0.02,0.0,False,False,False,False,False,True
2026-06-08 00:38:00,Node A,27.97,7.34,10.5,,,,True,False,False,False,False,False
2026-06-08 00:38:00,Node B,27.94,6.96,15.3,,,,True,False,False,False,False,False
2026-06-08 00:53:00,Node A,27.8,7.17,10.0,-0.17,-0.17,-0.5,False,False,False,False,False,True
2026-06-08 00:53:00,Node B,27.81,6.95,15.3,-0.13,-0.01,0.0,False,False,False,False,False,True
2026-06-08 01:08:00,Node A,27.78,7.19,9.4,-0.02,0.02,-0.6,False,False,False,False,False,True
2026-06-08 01:08:00,Node B,27.73,6.89,15.4,-0.08,-0.06,0.1,False,False,False,False,False,True
2026-06-08 01:23:00,Node A,27.68,7.17,8.8,-0.1,-0.02,-0.6,False,False,False,False,False,True
2026-06-08 01:23:00,Node B,27.59,6.86,15.6,-0.14,-0.03,0.2,False,False,False,False,False,True
2026-06-08 01:38:00,Node A,27.59,7.22,8.8,-0.09,0.05,0.0,False,False,False,False,False,True
2026-06-08 01:38:00,Node B,27.62,6.85,15.7,0.03,-0.01,0.1,False,False,False,False,False,True
2026-06-08 01:53:00,Node A,27.51,7.21,8.6,-0.08,-0.01,-0.2,False,False,False,False,False,True
2026-06-08 01:53:00,Node B,27.47,6.84,15.5,-0.15,-0.01,-0.2,False,False,False,False,False,True
2026-06-08 02:08:00,Node A,27.28,7.2,8.6,-0.23,-0.01,0.0,False,False,False,False,False,True
2026-06-08 02:08:00,Node B,27.4,6.85,15.4,-0.07,0.01,-0.1,False,False,False,False,False,True
2026-06-08 02:23:00,Node A,27.29,7.19,8.6,0.01,-0.01,0.0,False,False,False,False,False,True
2026-06-08 02:23:00,Node B,27.42,6.85,15.6,0.02,0.0,0.2,False,False,False,False,False,True
2026-06-08 02:38:00,Node A,27.26,7.2,8.5,-0.03,0.01,-0.1,False,False,False,False,False,True
2026-06-08 02:38:00,Node B,27.29,6.87,15.9,-0.13,0.02,0.3,False,False,False,False,False,True
2026-06-08 02:53:00,Node A,27.29,7.18,8.3,0.03,-0.02,-0.2,False,False,False,False,False,True
2026-06-08 02:53:00,Node B,27.37,6.89,16.1,0.08,0.02,0.2,False,False,False,False,False,True
2026-06-08 03:08:00,Node A,27.32,7.17,8.2,0.03,-0.01,-0.1,False,False,False,False,False,True
2026-06-08 03:08:00,Node B,27.32,6.87,15.9,-0.05,-0.02,-0.2,False,False,False,False,False,True
2026-06-08 03:23:00,Node A,27.19,7.17,8.2,-0.13,0.0,0.0,False,False,False,False,False,True
2026-06-08 03:23:00,Node B,27.4,6.85,15.4,0.08,-0.02,-0.5,False,False,False,False,False,True
2026-06-08 03:38:00,Node A,27.14,7.18,8.0,-0.05,0.01,-0.2,False,False,False,False,False,True
2026-06-08 03:38:00,Node B,27.27,6.83,15.6,-0.13,-0.02,0.2,False,False,False,False,False,True
2026-06-08 03:53:00,Node A,27.1,7.19,8.4,-0.04,0.01,0.4,False,False,False,False,False,True
2026-06-08 03:53:00,Node B,27.23,6.82,15.4,-0.04,-0.01,-0.2,False,False,False,False,False,True
2026-06-08 04:08:00,Node A,26.97,7.14,8.7,-0.13,-0.05,0.3,False,False,False,False,False,True
2026-06-08 04:08:00,Node B,27.34,6.86,15.3,0.11,0.04,-0.1,False,False,False,False,False,True
2026-06-08 04:23:00,Node A,27.02,7.12,9.0,0.05,-0.02,0.3,False,False,False,False,False,True
2026-06-08 04:23:00,Node B,27.26,6.85,15.6,-0.08,-0.01,0.3,False,False,False,False,False,True
2026-06-08 04:38:00,Node A,27.15,7.12,9.0,0.13,0.0,0.0,False,False,False,False,False,True
2026-06-08 04:38:00,Node B,27.31,6.83,15.5,0.05,-0.02,-0.1,False,False,False,False,False,True
2026-06-08 04:53:00,Node A,27.16,7.15,9.0,0.01,0.03,0.0,False,False,False,False,False,True
2026-06-08 04:53:00,Node B,27.56,6.84,15.8,0.25,0.01,0.3,False,False,False,False,False,True
2026-06-08 05:08:00,Node A,27.15,7.15,8.6,-0.01,0.0,-0.4,False,False,False,False,False,True
2026-06-08 05:08:00,Node B,27.59,6.84,16.1,0.03,0.0,0.3,False,False,False,False,False,True
2026-06-08 05:23:00,Node A,27.05,7.17,8.6,-0.1,0.02,0.0,False,False,False,False,False,True
2026-06-08 05:23:00,Node B,27.42,6.87,15.9,-0.17,0.03,-0.2,False,False,False,False,False,True
2026-06-08 05:38:00,Node A,27.22,7.16,8.6,0.17,-0.01,0.0,False,False,False,False,False,True
2026-06-08 05:38:00,Node B,27.53,6.84,16.0,0.11,-0.03,0.1,False,False,False,False,False,True
2026-06-08 05:53:00,Node A,27.22,7.17,8.7,0.0,0.01,0.1,False,False,False,False,False,True
2026-06-08 05:53:00,Node B,27.68,6.85,16.0,0.15,0.01,0.0,False,False,False,False,False,True
2026-06-08 06:08:00,Node A,27.32,7.19,8.5,0.1,0.02,-0.2,False,False,False,False,False,True
2026-06-08 06:08:00,Node B,27.77,6.85,16.0,0.09,0.0,0.0,False,False,False,False,False,True
2026-06-08 06:23:00,Node A,27.27,7.21,8.1,-0.05,0.02,-0.4,False,False,False,False,False,True
2026-06-08 06:23:00,Node B,27.74,6.87,16.3,-0.03,0.02,0.3,False,False,False,False,False,True
2026-06-08 06:38:00,Node A,27.54,7.22,8.5,0.27,0.01,0.4,False,False,False,False,False,True
2026-06-08 06:38:00,Node B,27.88,6.9,16.5,0.14,0.03,0.2,False,False,False,False,False,True
2026-06-08 06:53:00,Node A,27.72,7.2,8.4,0.18,-0.02,-0.1,False,False,False,False,False,True
2026-06-08 06:53:00,Node B,28.03,6.9,16.4,0.15,0.0,-0.1,False,False,False,False,False,True
2026-06-08 07:08:00,Node A,27.67,7.15,8.5,-0.05,-0.05,0.1,False,False,False,False,False,True
2026-06-08 07:08:00,Node B,28.08,6.9,16.2,0.05,0.0,-0.2,False,False,False,False,False,True
2026-06-08 07:23:00,Node A,27.75,7.2,8.2,0.08,0.05,-0.3,False,False,False,False,False,True
2026-06-08 07:23:00,Node B,28.39,6.91,16.0,0.31,0.01,-0.2,False,False,False,False,False,True
2026-06-08 07:38:00,Node A,27.82,7.17,8.2,0.07,-0.03,0.0,False,False,False,False,False,True
2026-06-08 07:38:00,Node B,28.47,6.9,15.9,0.08,-0.01,-0.1,False,False,False,False,False,True
2026-06-08 07:53:00,Node A,27.91,7.16,8.1,0.09,-0.01,-0.1,False,False,False,False,False,True
2026-06-08 07:53:00,Node B,28.59,6.9,15.8,0.12,0.0,-0.1,False,False,False,False,False,True
2026-06-08 08:08:00,Node A,27.97,7.18,8.5,0.06,0.02,0.4,False,False,False,False,False,True
2026-06-08 08:08:00,Node B,28.68,6.91,16.0,0.09,0.01,0.2,False,False,False,False,False,True
2026-06-08 08:23:00,Node A,28.15,7.16,8.8,0.18,-0.02,0.3,False,False,False,False,False,True
2026-06-08 08:23:00,Node B,28.77,6.94,16.3,0.09,0.03,0.3,False,False,False,False,False,True
2026-06-08 08:38:00,Node A,28.24,7.17,8.9,0.09,0.01,0.1,False,False,False,False,False,True
2026-06-08 08:38:00,Node B,28.85,6.98,16.1,0.08,0.04,-0.2,False,False,False,False,False,True
2026-06-08 08:53:00,Node A,28.27,7.21,9.1,0.03,0.04,0.2,False,False,False,False,False,True
2026-06-08 08:53:00,Node B,28.92,6.98,16.2,0.07,0.0,0.1,False,False,False,False,False,True
2026-06-08 09:08:00,Node A,28.56,7.23,9.3,0.29,0.02,0.2,False,False,False,False,False,True
2026-06-08 09:08:00,Node B,29.08,6.98,16.3,0.16,0.0,0.1,False,False,False,False,False,True
2026-06-08 09:23:00,Node A,28.75,7.25,9.3,0.19,0.02,0.0,False,False,False,False,False,True
2026-06-08 09:23:00,Node B,29.37,6.97,16.5,0.29,-0.01,0.2,False,False,False,False,False,True
2026-06-08 09:38:00,Node A,28.83,7.25,9.6,0.08,0.0,0.3,False,False,False,False,False,True
2026-06-08 09:38:00,Node B,29.44,7.01,16.7,0.07,0.04,0.2,False,False,False,False,False,True
2026-06-08 09:53:00,Node A,28.9,7.26,9.4,0.07,0.01,-0.2,False,False,False,False,False,True
2026-06-08 09:53:00,Node B,29.56,6.99,16.8,0.12,-0.02,0.1,False,False,False,False,False,True
2026-06-08 10:08:00,Node A,29.09,7.23,9.5,0.19,-0.03,0.1,False,False,False,False,False,True
2026-06-08 10:08:00,Node B,29.7,7.0,16.4,0.14,0.01,-0.4,False,False,False,False,False,True
2026-06-08 10:23:00,Node A,29.18,7.24,9.6,0.09,0.01,0.1,False,False,False,False,False,True
2026-06-08 10:23:00,Node B,29.79,6.99,16.7,0.09,-0.01,0.3,False,False,False,False,False,True
2026-06-08 10:38:00,Node A,29.16,7.23,9.3,-0.02,-0.01,-0.3,False,False,False,False,False,True
2026-06-08 10:38:00,Node B,30.08,7.03,17.0,0.29,0.04,0.3,False,False,False,False,False,True
2026-06-08 10:53:00,Node A,29.16,7.24,9.5,0.0,0.01,0.2,False,False,False,False,False,True
2026-06-08 10:53:00,Node B,30.16,7.05,17.1,0.08,0.02,0.1,False,False,False,False,False,True
2026-06-08 11:08:00,Node A,29.37,7.24,9.2,0.21,0.0,-0.3,False,False,False,False,False,True
2026-06-08 11:08:00,Node B,30.35,7.05,17.4,0.19,0.0,0.3,False,False,False,False,False,True
2026-06-08 11:23:00,Node A,29.45,7.26,8.9,0.08,0.02,-0.3,False,False,False,False,False,True
2026-06-08 11:23:00,Node B,30.44,7.1,17.5,0.09,0.05,0.1,False,False,False,False,False,True
2026-06-08 11:38:00,Node A,29.57,7.26,9.0,0.12,0.0,0.1,False,False,False,False,False,True
2026-06-08 11:38:00,Node B,30.5,7.08,17.2,0.06,-0.02,-0.3,False,False,False,False,False,True
2026-06-08 11:53:00,Node A,29.55,7.25,8.7,-0.02,-0.01,-0.3,False,False,False,False,False,True
2026-06-08 11:53:00,Node B,30.54,7.1,17.1,0.04,0.02,-0.1,False,False,False,False,False,True
2026-06-08 12:08:00,Node A,29.66,7.25,8.7,0.11,0.0,0.0,False,False,False,False,False,True
2026-06-08 12:08:00,Node B,30.59,7.1,16.9,0.05,0.0,-0.2,False,False,False,False,False,True
2026-06-08 12:23:00,Node A,29.71,7.25,8.7,0.05,0.0,0.0,False,False,False,False,False,True
2026-06-08 12:23:00,Node B,30.77,7.09,16.4,0.18,-0.01,-0.5,False,False,False,False,False,True
2026-06-08 12:38:00,Node A,29.71,7.31,8.7,0.0,0.06,0.0,False,False,False,False,False,True
2026-06-08 12:38:00,Node B,31.06,7.08,16.6,0.29,-0.01,0.2,False,False,False,False,False,True
2026-06-08 12:53:00,Node A,29.83,7.32,9.1,0.12,0.01,0.4,False,False,False,False,False,True
2026-06-08 12:53:00,Node B,31.21,7.08,16.9,0.15,0.0,0.3,False,False,False,False,False,True
2026-06-08 13:08:00,Node A,29.87,7.34,9.3,0.04,0.02,0.2,False,False,False,False,False,True
2026-06-08 13:08:00,Node B,31.28,7.1,16.5,0.07,0.02,-0.4,False,False,False,False,False,True
2026-06-08 13:23:00,Node A,30.09,7.34,9.4,0.22,0.0,0.1,False,False,False,False,False,True
2026-06-08 13:23:00,Node B,31.29,7.11,16.5,0.01,0.01,0.0,False,False,False,False,False,True
2026-06-08 13:38:00,Node A,29.91,7.35,9.4,-0.18,0.01,0.0,False,False,False,False,False,True
2026-06-08 13:38:00,Node B,31.49,7.08,16.4,0.2,-0.03,-0.1,False,False,False,False,False,True
2026-06-08 13:53:00,Node A,30.02,7.32,9.8,0.11,-0.03,0.4,False,False,False,False,False,True
2026-06-08 13:53:00,Node B,31.44,7.05,16.5,-0.05,-0.03,0.1,False,False,False,False,False,True
2026-06-08 14:08:00,Node A,30.17,7.33,9.9,0.15,0.01,0.1,False,False,False,False,False,True
2026-06-08 14:08:00,Node B,31.54,7.08,16.6,0.1,0.03,0.1,False,False,False,False,False,True
2026-06-08 14:23:00,Node A,30.01,7.34,9.9,-0.16,0.01,0.0,False,False,False,False,False,True
2026-06-08 14:23:00,Node B,31.69,7.08,16.3,0.15,0.0,-0.3,False,False,False,False,False,True
2026-06-08 14:38:00,Node A,30.01,7.38,9.8,0.0,0.04,-0.1,False,False,False,False,False,True
2026-06-08 14:38:00,Node B,31.57,7.09,16.3,-0.12,0.01,0.0,False,False,False,False,False,True
2026-06-08 15:08:00,Node A,30.04,7.36,9.8,,,,True,False,False,False,False,False
2026-06-08 15:08:00,Node B,31.75,7.09,16.3,,,,True,False,False,False,False,False
2026-06-08 15:23:00,Node A,30.01,7.35,9.5,-0.03,-0.01,-0.3,False,False,False,False,False,True
2026-06-08 15:23:00,Node B,31.78,7.07,16.5,0.03,-0.02,0.2,False,False,False,False,False,True
2026-06-08 15:38:00,Node A,30.11,7.34,9.4,0.1,-0.01,-0.1,False,False,False,False,False,True
2026-06-08 15:38:00,Node B,31.65,7.08,16.7,-0.13,0.01,0.2,False,False,False,False,True,True
2026-06-08 16:08:00,Node A,30.06,7.35,9.3,,,,True,False,False,False,False,False
2026-06-08 16:08:00,Node B,31.73,7.07,18.9,,,,True,False,False,False,True,False
2026-06-08 16:23:00,Node A,29.95,7.33,9.6,-0.11,-0.02,0.3,False,False,False,False,False,True
2026-06-08 16:23:00,Node B,31.47,7.06,20.9,-0.26,-0.01,2.0,False,False,False,False,True,True
2026-06-08 17:08:00,Node A,30.15,7.39,9.3,,,,True,False,False,False,False,False
2026-06-08 17:08:00,Node B,31.52,6.29,23.7,,,,True,True,False,True,True,False
2026-06-08 17:23:00,Node A,30.02,7.38,9.2,-0.13,-0.01,-0.1,False,False,False,False,False,True
2026-06-08 17:23:00,Node B,31.58,6.31,23.4,0.06,0.02,-0.3,False,True,False,True,True,False
2026-06-08 17:38:00,Node A,29.82,7.36,9.5,-0.2,-0.02,0.3,False,False,False,False,False,True
2026-06-08 17:38:00,Node B,31.39,6.3,23.1,-0.19,-0.01,-0.3,False,True,False,True,True,False
2026-06-08 17:53:00,Node A,29.78,7.35,9.3,-0.04,-0.01,-0.2,False,False,False,False,False,True
2026-06-08 17:53:00,Node B,31.25,6.4,22.4,-0.14,0.1,-0.7,False,True,False,True,True,False
2026-06-08 18:08:00,Node A,29.6,7.37,9.2,-0.18,0.02,-0.1,False,False,False,False,False,True
2026-06-08 18:08:00,Node B,31.2,6.48,22.2,-0.05,0.08,-0.2,False,True,False,True,False,False
2026-06-08 18:23:00,Node A,29.52,7.37,9.5,-0.08,0.0,0.3,False,False,False,False,False,True
2026-06-08 18:23:00,Node B,31.11,6.57,21.5,-0.09,0.09,-0.7,False,False,False,False,False,True
2026-06-08 18:38:00,Node A,29.24,7.32,9.6,-0.28,-0.05,0.1,False,False,False,False,False,True
2026-06-08 18:38:00,Node B,31.02,6.69,21.2,-0.09,0.12,-0.3,False,False,False,False,False,True
2026-06-08 18:53:00,Node A,29.08,7.33,9.8,-0.16,0.01,0.2,False,False,False,False,False,True
2026-06-08 18:53:00,Node B,30.86,6.76,20.8,-0.16,0.07,-0.4,False,False,False,False,False,True
2026-06-08 19:08:00,Node A,28.99,7.34,9.6,-0.09,0.01,-0.2,False,False,False,False,False,True
2026-06-08 19:08:00,Node B,30.79,6.85,20.1,-0.07,0.09,-0.7,False,False,False,False,False,True
2026-06-08 19:23:00,Node A,28.88,7.32,10.1,-0.11,-0.02,0.5,False,False,False,False,False,True
2026-06-08 19:23:00,Node B,30.55,6.98,19.5,-0.24,0.13,-0.6,False,False,False,False,False,True
2026-06-08 20:23:00,Node A,28.58,7.27,10.1,,,,True,False,False,False,False,False
2026-06-08 20:23:00,Node B,30.18,7.03,17.7,,,,True,False,False,False,False,False
2026-06-08 20:38:00,Node A,28.55,7.28,9.7,-0.03,0.01,-0.4,False,False,False,False,False,True
2026-06-08 20:38:00,Node B,30.21,7.04,17.9,0.03,0.01,0.2,False,False,False,False,False,True
2026-06-08 20:53:00,Node A,28.49,7.3,10.2,-0.06,0.02,0.5,False,False,False,False,False,True
2026-06-08 20:53:00,Node B,30.01,7.03,17.4,-0.2,-0.01,-0.5,False,False,False,False,False,True
2026-06-08 21:08:00,Node A,28.27,7.25,10.1,-0.22,-0.05,-0.1,False,False,False,False,False,True
2026-06-08 21:08:00,Node B,29.92,7.02,17.6,-0.09,-0.01,0.2,False,False,False,False,False,True
2026-06-08 21:23:00,Node A,28.2,7.23,10.2,-0.07,-0.02,0.1,False,False,False,False,False,True
2026-06-08 21:23:00,Node B,29.76,7.0,17.9,-0.16,-0.02,0.3,False,False,False,False,False,True
2026-06-08 21:38:00,Node A,28.05,7.23,9.9,-0.15,0.0,-0.3,False,False,False,False,False,True
2026-06-08 21:38:00,Node B,29.56,6.96,18.1,-0.2,-0.04,0.2,False,False,False,False,False,True
2026-06-08 21:53:00,Node A,27.9,7.19,10.1,-0.15,-0.04,0.2,False,False,False,False,False,True
2026-06-08 21:53:00,Node B,29.34,6.94,18.2,-0.22,-0.02,0.1,False,False,False,False,False,True
2026-06-08 22:08:00,Node A,27.7,7.24,10.4,-0.2,0.05,0.3,False,False,False,False,False,True
2026-06-08 22:08:00,Node B,29.23,6.94,18.8,-0.11,0.0,0.6,False,False,False,False,False,True
2026-06-08 22:23:00,Node A,27.52,7.22,10.8,-0.18,-0.02,0.4,False,False,False,False,False,True
2026-06-08 22:23:00,Node B,29.18,6.98,19.1,-0.05,0.04,0.3,False,False,False,False,True,True
2026-06-08 22:38:00,Node A,27.37,7.23,10.7,-0.15,0.01,-0.1,False,False,False,False,False,True
2026-06-08 22:38:00,Node B,29.17,6.97,16.8,-0.01,-0.01,-2.3,False,False,False,False,True,True
2026-06-08 22:53:00,Node A,27.43,7.22,10.8,0.06,-0.01,0.1,False,False,False,False,False,True
2026-06-08 22:53:00,Node B,29.26,7.22,17.2,0.09,0.25,0.4,False,False,False,False,True,True
2026-06-08 23:08:00,Node A,27.43,7.19,10.6,0.0,-0.03,-0.2,False,False,False,False,False,True
2026-06-08 23:08:00,Node B,29.34,7.63,17.7,0.08,0.41,0.5,False,False,False,False,True,True
2026-06-08 23:23:00,Node A,27.26,7.22,10.6,-0.17,0.03,0.0,False,False,False,False,False,True
2026-06-08 23:23:00,Node B,29.18,8.17,18.3,-0.16,0.54,0.6,False,False,True,True,False,False
2026-06-08 23:38:00,Node A,27.1,7.22,10.2,-0.16,0.0,-0.4,False,False,False,False,False,True
2026-06-08 23:38:00,Node B,29.33,8.19,18.8,0.15,0.02,0.5,False,False,False,False,False,True
2026-06-08 23:53:00,Node A,26.85,7.25,10.2,-0.25,0.03,0.0,False,False,False,False,False,True
2026-06-08 23:53:00,Node B,29.47,8.2,19.1,0.14,0.01,0.3,False,False,False,False,False,True
2026-06-09 00:08:00,Node A,26.71,7.24,10.1,-0.14,-0.01,-0.1,False,False,False,False,False,True
2026-06-09 00:08:00,Node B,29.35,8.13,19.1,-0.12,-0.07,0.0,False,False,False,False,False,True
2026-06-09 00:23:00,Node A,26.63,7.25,9.9,-0.08,0.01,-0.2,False,False,False,False,False,True
2026-06-09 00:23:00,Node B,29.33,8.15,19.3,-0.02,0.02,0.2,False,False,False,False,False,True
2026-06-09 00:38:00,Node A,26.61,7.24,9.8,-0.02,-0.01,-0.1,False,False,False,False,False,True
2026-06-09 00:38:00,Node B,29.36,8.16,19.0,0.03,0.01,-0.3,False,False,False,False,False,True
2026-06-09 00:53:00,Node A,26.64,7.23,9.5,0.03,-0.01,-0.3,False,False,False,False,False,True
2026-06-09 00:53:00,Node B,29.44,8.15,19.0,0.08,-0.01,0.0,False,False,False,False,False,True
2026-06-09 01:08:00,Node A,26.54,7.2,10.0,-0.1,-0.03,0.5,False,False,False,False,False,True
2026-06-09 01:08:00,Node B,29.49,7.96,19.0,0.05,-0.19,0.0,False,False,False,False,False,True
2026-06-09 01:23:00,Node A,26.48,7.19,9.4,-0.06,-0.01,-0.6,False,False,False,False,False,True
2026-06-09 01:23:00,Node B,29.58,7.8,19.0,0.09,-0.16,0.0,False,False,False,False,False,True
2026-06-09 01:38:00,Node A,26.39,7.2,9.5,-0.09,0.01,0.1,False,False,False,False,False,True
2026-06-09 01:38:00,Node B,29.5,7.63,19.2,-0.08,-0.17,0.2,False,False,False,False,False,True
2026-06-09 01:53:00,Node A,26.34,7.19,9.4,-0.05,-0.01,-0.1,False,False,False,False,False,True
2026-06-09 01:53:00,Node B,29.37,7.47,19.3,-0.13,-0.16,0.1,False,False,False,False,False,True
2026-06-09 02:08:00,Node A,26.35,7.19,9.8,0.01,0.0,0.4,False,False,False,False,False,True
2026-06-09 02:08:00,Node B,29.4,7.3,19.3,0.03,-0.17,0.0,False,False,False,False,False,True
2026-06-09 02:23:00,Node A,26.27,7.22,9.9,-0.08,0.03,0.1,False,False,False,False,False,True
2026-06-09 02:23:00,Node B,29.24,7.13,18.6,-0.16,-0.17,-0.7,False,False,False,False,False,True
2026-06-09 02:38:00,Node A,26.23,7.2,9.9,-0.04,-0.02,0.0,False,False,False,False,False,True
2026-06-09 02:38:00,Node B,29.01,6.95,18.5,-0.23,-0.18,-0.1,False,False,False,False,False,True
2026-06-09 02:53:00,Node A,26.27,7.18,10.1,0.04,-0.02,0.2,False,False,False,False,False,True
2026-06-09 02:53:00,Node B,28.95,6.91,18.7,-0.06,-0.04,0.2,False,False,False,False,False,True
2026-06-09 03:08:00,Node A,26.32,7.17,10.2,0.05,-0.01,0.1,False,False,False,False,False,True
2026-06-09 03:08:00,Node B,28.97,6.87,18.8,0.02,-0.04,0.1,False,False,False,False,False,True
2026-06-09 03:23:00,Node A,26.28,7.18,10.5,-0.04,0.01,0.3,False,False,False,False,False,True
2026-06-09 03:23:00,Node B,29.17,6.87,18.7,0.2,0.0,-0.1,False,False,False,False,True,True
2026-06-09 03:38:00,Node A,26.24,7.19,10.6,-0.04,0.01,0.1,False,False,False,False,False,True
2026-06-09 03:38:00,Node B,29.19,6.9,19.2,0.02,0.03,0.5,False,False,False,False,True,True
2026-06-09 03:53:00,Node A,26.24,7.19,10.5,0.0,0.0,-0.1,False,False,False,False,False,True
2026-06-09 03:53:00,Node B,29.2,6.87,20.3,0.01,-0.03,1.1,False,False,False,False,True,True
2026-06-09 04:08:00,Node A,26.36,7.18,10.4,0.12,-0.01,-0.1,False,False,False,False,False,True
2026-06-09 04:08:00,Node B,29.34,6.85,22.5,0.14,-0.02,2.2,False,False,False,False,True,True
2026-06-09 04:23:00,Node A,26.38,7.16,10.7,0.02,-0.02,0.3,False,False,False,False,False,True
2026-06-09 04:23:00,Node B,29.24,6.19,22.3,-0.1,-0.66,-0.2,False,True,False,True,True,False
2026-06-09 04:38:00,Node A,26.33,7.12,10.6,-0.05,-0.04,-0.1,False,False,False,False,False,True
2026-06-09 04:38:00,Node B,29.27,6.22,22.0,0.03,0.03,-0.3,False,True,False,True,True,False
2026-06-09 04:53:00,Node A,26.54,7.15,10.5,0.21,0.03,-0.1,False,False,False,False,False,True
2026-06-09 04:53:00,Node B,29.36,6.21,22.1,0.09,-0.01,0.1,False,True,False,True,True,False
2026-06-09 05:08:00,Node A,26.73,7.16,10.8,0.19,0.01,0.3,False,False,False,False,False,True
2026-06-09 05:08:00,Node B,29.44,6.3,22.4,0.08,0.09,0.3,False,True,False,True,True,False
2026-06-09 05:23:00,Node A,26.85,7.18,10.7,0.12,0.02,-0.1,False,False,False,False,False,True
2026-06-09 05:23:00,Node B,29.64,6.39,21.9,0.2,0.09,-0.5,False,True,False,True,True,False
2026-06-09 05:38:00,Node A,26.8,7.18,10.8,-0.05,0.0,0.1,False,False,False,False,False,True
2026-06-09 05:38:00,Node B,29.77,6.46,21.7,0.13,0.07,-0.2,False,True,False,True,False,False
2026-06-09 06:08:00,Node A,26.92,7.22,10.6,,,,True,False,False,False,False,False
2026-06-09 06:08:00,Node B,29.74,6.59,20.1,,,,True,False,False,False,False,False
2026-06-09 06:23:00,Node A,27.2,7.25,10.7,0.28,0.03,0.1,False,False,False,False,False,True
2026-06-09 06:23:00,Node B,29.79,6.66,19.6,0.05,0.07,-0.5,False,False,False,False,False,True
2026-06-09 06:38:00,Node A,27.12,7.25,10.5,-0.08,0.0,-0.2,False,False,False,False,False,True
2026-06-09 06:38:00,Node B,29.81,6.74,19.4,0.02,0.08,-0.2,False,False,False,False,False,True
2026-06-09 06:53:00,Node A,27.04,7.25,10.7,-0.08,0.0,0.2,False,False,False,False,False,True
2026-06-09 06:53:00,Node B,29.82,6.79,19.2,0.01,0.05,-0.2,False,False,False,False,False,True
2026-06-09 07:08:00,Node A,27.12,7.26,10.4,0.08,0.01,-0.3,False,False,False,False,False,True
2026-06-09 07:08:00,Node B,29.75,6.9,18.9,-0.07,0.11,-0.3,False,False,False,False,False,True
2026-06-09 07:23:00,Node A,27.21,7.27,10.8,0.09,0.01,0.4,False,False,False,False,False,True
2026-06-09 07:23:00,Node B,29.77,6.93,18.2,0.02,0.03,-0.7,False,False,False,False,False,True
2026-06-09 07:38:00,Node A,27.29,7.24,10.5,0.08,-0.03,-0.3,False,False,False,False,False,True
2026-06-09 07:38:00,Node B,29.77,6.94,17.7,0.0,0.01,-0.5,False,False,False,False,False,True
2026-06-09 07:53:00,Node A,27.31,7.23,11.0,0.02,-0.01,0.5,False,False,False,False,False,True
2026-06-09 07:53:00,Node B,29.96,6.93,17.4,0.19,-0.01,-0.3,False,False,False,False,False,True
2026-06-09 08:08:00,Node A,27.39,7.24,10.8,0.08,0.01,-0.2,False,False,False,False,False,True
2026-06-09 08:08:00,Node B,30.07,6.96,17.0,0.11,0.03,-0.4,False,False,False,False,False,True
2026-06-09 08:23:00,Node A,27.68,7.27,10.5,0.29,0.03,-0.3,False,False,False,False,False,True
2026-06-09 08:23:00,Node B,30.22,6.97,16.7,0.15,0.01,-0.3,False,False,False,False,False,True
2026-06-09 08:38:00,Node A,27.94,7.27,10.5,0.26,0.0,0.0,False,False,False,False,False,True
2026-06-09 08:38:00,Node B,30.05,6.94,16.5,-0.17,-0.03,-0.2,False,False,False,False,False,True
2026-06-09 08:53:00,Node A,28.06,7.27,10.6,0.12,0.0,0.1,False,False,False,False,False,True
2026-06-09 08:53:00,Node B,29.92,6.92,16.4,-0.13,-0.02,-0.1,False,False,False,False,False,True
2026-06-09 09:08:00,Node A,28.16,7.23,10.7,0.1,-0.04,0.1,False,False,False,False,False,True
2026-06-09 09:08:00,Node B,30.02,6.91,16.3,0.1,-0.01,-0.1,False,False,False,False,False,True
2026-06-09 09:23:00,Node A,28.34,7.24,10.7,0.18,0.01,0.0,False,False,False,False,False,True
2026-06-09 09:23:00,Node B,30.06,6.89,16.2,0.04,-0.02,-0.1,False,False,False,False,False,True
2026-06-09 09:38:00,Node A,28.43,7.24,10.5,0.09,0.0,-0.2,False,False,False,False,False,True
2026-06-09 09:38:00,Node B,29.97,6.93,16.3,-0.09,0.04,0.1,False,False,False,False,False,True
2026-06-09 09:53:00,Node A,28.52,7.25,10.3,0.09,0.01,-0.2,False,False,False,False,False,True
2026-06-09 09:53:00,Node B,29.97,6.98,16.3,0.0,0.05,0.0,False,False,False,False,False,True
2026-06-09 10:08:00,Node A,28.63,7.26,10.3,0.11,0.01,0.0,False,False,False,False,False,True
2026-06-09 10:08:00,Node B,30.17,6.98,16.3,0.2,0.0,0.0,False,False,False,False,False,True
2026-06-09 10:23:00,Node A,28.85,7.28,10.6,0.22,0.02,0.3,False,False,False,False,False,True
2026-06-09 10:23:00,Node B,30.33,7.02,15.9,0.16,0.04,-0.4,False,False,False,False,False,True
2026-06-09 10:38:00,Node A,28.99,7.28,10.5,0.14,0.0,-0.1,False,False,False,False,False,True
2026-06-09 10:38:00,Node B,30.39,7.03,16.0,0.06,0.01,0.1,False,False,False,False,False,True
2026-06-09 10:53:00,Node A,29.07,7.33,10.7,0.08,0.05,0.2,False,False,False,False,False,True
2026-06-09 10:53:00,Node B,30.68,7.06,15.8,0.29,0.03,-0.2,False,False,False,False,False,True
2026-06-09 11:08:00,Node A,29.35,7.34,10.5,0.28,0.01,-0.2,False,False,False,False,False,True
2026-06-09 11:08:00,Node B,30.78,7.02,15.9,0.1,-0.04,0.1,False,False,False,False,False,True
2026-06-09 11:23:00,Node A,29.38,7.34,10.5,0.03,0.0,0.0,False,False,False,False,False,True
2026-06-09 11:23:00,Node B,31.0,7.02,15.8,0.22,0.0,-0.1,False,False,False,False,False,True
2026-06-09 11:38:00,Node A,29.41,7.34,10.2,0.03,0.0,-0.3,False,False,False,False,False,True
2026-06-09 11:38:00,Node B,31.1,7.04,15.8,0.1,0.02,0.0,False,False,False,False,False,True
2026-06-09 11:53:00,Node A,29.51,7.32,10.5,0.1,-0.02,0.3,False,False,False,False,False,True
2026-06-09 11:53:00,Node B,31.2,7.05,15.9,0.1,0.01,0.1,False,False,False,False,True,True
2026-06-09 12:08:00,Node A,29.61,7.32,10.7,0.1,0.0,0.2,False,False,False,False,False,True
2026-06-09 12:08:00,Node B,31.38,7.05,16.9,0.18,0.0,1.0,False,False,False,False,True,True
2026-06-09 12:23:00,Node A,29.71,7.32,10.9,0.1,0.0,0.2,False,False,False,False,False,True
2026-06-09 12:23:00,Node B,31.55,7.05,17.4,0.17,0.0,0.5,False,False,False,False,True,True
2026-06-09 12:38:00,Node A,29.69,7.34,11.0,-0.02,0.02,0.1,False,False,False,False,False,True
2026-06-09 12:38:00,Node B,31.99,7.05,18.1,0.44,0.0,0.7,False,False,False,False,True,True
2026-06-09 12:53:00,Node A,29.91,7.36,10.9,0.22,0.02,-0.1,False,False,False,False,False,True
2026-06-09 12:53:00,Node B,32.15,7.05,18.7,0.16,0.0,0.6,False,True,False,True,True,False
2026-06-09 13:08:00,Node A,30.17,7.37,11.1,0.26,0.01,0.2,False,False,False,False,False,True
2026-06-09 13:08:00,Node B,32.37,7.03,18.9,0.22,-0.02,0.2,False,True,False,True,True,False
2026-06-09 13:23:00,Node A,30.15,7.34,11.1,-0.02,-0.03,0.0,False,False,False,False,False,True
2026-06-09 13:23:00,Node B,32.55,7.2,19.4,0.18,0.17,0.5,False,True,False,True,True,False
2026-06-09 13:38:00,Node A,30.19,7.34,11.3,0.04,0.0,0.2,False,False,False,False,False,True
2026-06-09 13:38:00,Node B,32.77,7.49,20.1,0.22,0.29,0.7,False,True,False,True,True,False
2026-06-09 13:53:00,Node A,30.1,7.33,11.7,-0.09,-0.01,0.4,False,False,False,False,False,True
2026-06-09 13:53:00,Node B,32.82,7.85,20.4,0.05,0.36,0.3,False,True,False,True,True,False
2026-06-09 14:08:00,Node A,30.04,7.35,11.4,-0.06,0.02,-0.3,False,False,False,False,False,True
2026-06-09 14:08:00,Node B,32.89,8.26,20.4,0.07,0.41,0.0,False,True,False,True,True,False
2026-06-09 14:23:00,Node A,30.13,7.33,11.5,0.09,-0.02,0.1,False,False,False,False,False,True
2026-06-09 14:23:00,Node B,32.82,8.28,20.2,-0.07,0.02,-0.2,False,True,False,True,True,False
2026-06-09 14:38:00,Node A,29.95,7.35,11.0,-0.18,0.02,-0.5,False,False,False,False,False,True
2026-06-09 14:38:00,Node B,32.92,8.29,20.3,0.1,0.01,0.1,False,True,False,True,True,False
2026-06-09 14:53:00,Node A,29.91,7.38,11.3,-0.04,0.03,0.3,False,False,False,False,False,True
2026-06-09 14:53:00,Node B,32.99,8.25,20.9,0.07,-0.04,0.6,False,True,False,True,True,False
2026-06-09 15:08:00,Node A,30.03,7.34,11.1,0.12,-0.04,-0.2,False,False,False,False,False,True
2026-06-09 15:08:00,Node B,32.82,8.25,21.0,-0.17,0.0,0.1,False,True,False,True,True,False
2026-06-09 15:23:00,Node A,30.03,7.33,11.5,0.0,-0.01,0.4,False,False,False,False,False,True
2026-06-09 15:23:00,Node B,32.75,8.25,20.5,-0.07,0.0,-0.5,False,True,False,True,True,False
2026-06-09 15:38:00,Node A,29.98,7.34,11.7,-0.05,0.01,0.2,False,False,False,False,False,True
2026-06-09 15:38:00,Node B,32.84,8.2,21.6,0.09,-0.05,1.1,False,True,False,True,True,False
2026-06-09 15:53:00,Node A,29.99,7.34,11.7,0.01,0.0,0.0,False,False,False,False,False,True
2026-06-09 15:53:00,Node B,32.76,8.15,23.7,-0.08,-0.05,2.1,False,True,False,True,True,False
2026-06-09 16:08:00,Node A,29.94,7.34,11.2,-0.05,0.0,-0.5,False,False,False,False,False,True
2026-06-09 16:08:00,Node B,32.49,8.05,26.5,-0.27,-0.1,2.8,False,True,False,True,True,False
2026-06-09 16:38:00,Node A,30.07,7.35,11.3,,,,True,False,False,False,False,False
2026-06-09 16:38:00,Node B,31.67,7.56,29.1,,,,True,True,False,True,True,False
2026-06-09 16:53:00,Node A,29.99,7.29,11.3,-0.08,-0.06,0.0,False,False,False,False,False,True
2026-06-09 16:53:00,Node B,31.61,6.88,29.0,-0.06,-0.68,-0.1,False,True,False,True,True,False
2026-06-09 17:08:00,Node A,29.85,7.33,11.1,-0.14,0.04,-0.2,False,False,False,False,False,True
2026-06-09 17:08:00,Node B,31.47,6.77,28.5,-0.14,-0.11,-0.5,False,True,False,True,True,False
2026-06-09 17:23:00,Node A,29.85,7.33,11.7,0.0,0.0,0.6,False,False,False,False,False,True
2026-06-09 17:23:00,Node B,31.43,6.68,28.3,-0.04,-0.09,-0.2,False,True,False,True,True,False
2026-06-09 17:38:00,Node A,29.65,7.34,11.6,-0.2,0.01,-0.1,False,False,False,False,False,True
2026-06-09 17:38:00,Node B,31.43,6.62,28.6,0.0,-0.06,0.3,False,True,False,True,True,False
2026-06-09 17:53:00,Node A,29.48,7.32,11.6,-0.17,-0.02,0.0,False,False,False,False,False,True
2026-06-09 17:53:00,Node B,31.27,6.64,28.5,-0.16,0.02,-0.1,False,True,False,True,True,False
2026-06-09 18:08:00,Node A,29.55,7.31,11.2,0.07,-0.01,-0.4,False,False,False,False,False,True
2026-06-09 18:08:00,Node B,31.36,6.69,28.2,0.09,0.05,-0.3,False,True,False,True,True,False
2026-06-09 18:23:00,Node A,29.46,7.3,11.4,-0.09,-0.01,0.2,False,False,False,False,False,True
2026-06-09 18:23:00,Node B,31.27,6.73,27.6,-0.09,0.04,-0.6,False,True,False,True,True,False
2026-06-09 18:38:00,Node A,29.36,7.31,11.2,-0.1,0.01,-0.2,False,False,False,False,False,True
2026-06-09 18:38:00,Node B,31.23,6.78,27.5,-0.04,0.05,-0.1,False,True,False,True,True,False
2026-06-09 18:53:00,Node A,29.29,7.33,11.6,-0.07,0.02,0.4,False,False,False,False,False,True
2026-06-09 18:53:00,Node B,31.11,6.83,27.1,-0.12,0.05,-0.4,False,True,False,True,True,False
2026-06-09 19:08:00,Node A,29.21,7.34,11.4,-0.08,0.01,-0.2,False,False,False,False,False,True
2026-06-09 19:08:00,Node B,31.26,6.84,26.3,0.15,0.01,-0.8,False,True,False,True,True,False
2026-06-09 19:23:00,Node A,28.95,7.32,11.6,-0.26,-0.02,0.2,False,False,False,False,False,True
2026-06-09 19:23:00,Node B,31.08,6.83,25.4,-0.18,-0.01,-0.9,False,True,False,True,False,False
2026-06-09 19:53:00,Node A,28.65,7.33,11.3,,,,True,False,False,False,False,False
2026-06-09 19:53:00,Node B,30.75,7.05,24.1,,,,True,False,False,False,False,False
2026-06-09 20:08:00,Node A,28.67,7.35,11.1,0.02,0.02,-0.2,False,False,False,False,False,True
2026-06-09 20:08:00,Node B,30.55,7.03,23.4,-0.2,-0.02,-0.7,False,False,False,False,False,True
2026-06-09 20:23:00,Node A,28.55,7.34,11.1,-0.12,-0.01,0.0,False,False,False,False,False,True
2026-06-09 20:23:00,Node B,30.26,7.02,22.3,-0.29,-0.01,-1.1,False,False,False,False,False,True
2026-06-09 20:38:00,Node A,28.43,7.27,11.0,-0.12,-0.07,-0.1,False,False,False,False,False,True
2026-06-09 20:38:00,Node B,30.04,7.0,21.5,-0.22,-0.02,-0.8,False,False,False,False,False,True
2026-06-09 20:53:00,Node A,28.36,7.28,10.9,-0.07,0.01,-0.1,False,False,False,False,False,True
2026-06-09 20:53:00,Node B,29.86,6.98,20.9,-0.18,-0.02,-0.6,False,False,False,False,False,True
2026-06-09 21:23:00,Node A,28.12,7.29,11.2,,,,True,False,False,False,False,False
2026-06-09 21:23:00,Node B,29.56,6.97,19.8,,,,True,False,False,False,False,False
2026-06-09 21:38:00,Node A,27.91,7.32,11.1,-0.21,0.03,-0.1,False,False,False,False,False,True
2026-06-09 21:38:00,Node B,29.46,6.94,19.2,-0.1,-0.03,-0.6,False,False,False,False,False,True
2026-06-09 21:53:00,Node A,27.72,7.32,10.9,-0.19,0.0,-0.2,False,False,False,False,False,True
2026-06-09 21:53:00,Node B,29.24,6.95,18.6,-0.22,0.01,-0.6,False,False,False,False,False,True
2026-06-09 22:08:00,Node A,27.7,7.31,10.9,-0.02,-0.01,0.0,False,False,False,False,False,True
2026-06-09 22:08:00,Node B,28.89,6.95,17.8,-0.35,0.0,-0.8,False,False,False,False,False,True
2026-06-09 22:53:00,Node A,27.27,7.27,11.8,,,,True,False,False,False,False,False
2026-06-09 22:53:00,Node B,28.34,6.95,17.3,,,,True,False,False,False,False,False
2026-06-09 23:08:00,Node A,27.16,7.26,11.9,-0.11,-0.01,0.1,False,False,False,False,False,True
2026-06-09 23:08:00,Node B,28.13,6.93,17.7,-0.21,-0.02,0.4,False,False,False,False,False,True
2026-06-09 23:23:00,Node A,27.04,7.25,11.8,-0.12,-0.01,-0.1,False,False,False,False,False,True
2026-06-09 23:23:00,Node B,27.97,6.95,17.5,-0.16,0.02,-0.2,False,False,False,False,False,True
2026-06-09 23:38:00,Node A,26.99,7.25,12.5,-0.05,0.0,0.7,False,False,False,False,False,True
2026-06-09 23:38:00,Node B,27.8,6.97,17.7,-0.17,0.02,0.2,False,False,False,False,False,True
2026-06-09 23:53:00,Node A,26.81,7.23,13.7,-0.18,-0.02,1.2,False,False,False,False,False,True
2026-06-09 23:53:00,Node B,27.63,6.96,17.1,-0.17,-0.01,-0.6,False,False,False,False,False,True
2026-06-10 00:08:00,Node A,26.49,7.27,15.1,-0.32,0.04,1.4,False,False,False,False,False,True
2026-06-10 00:08:00,Node B,27.45,6.92,17.7,-0.18,-0.04,0.6,False,False,False,False,False,True
2026-06-10 00:23:00,Node A,26.24,7.24,17.2,-0.25,-0.03,2.1,False,False,False,False,True,True
2026-06-10 00:23:00,Node B,27.2,6.92,18.0,-0.25,0.0,0.3,False,False,False,False,False,True
2026-06-10 00:38:00,Node A,25.92,7.18,19.7,-0.32,-0.06,2.5,False,False,False,False,True,True
2026-06-10 00:38:00,Node B,27.17,6.88,18.2,-0.03,-0.04,0.2,False,False,False,False,False,True
2026-06-10 00:53:00,Node A,25.49,7.02,19.5,-0.43,-0.16,-0.2,False,False,False,False,True,True
2026-06-10 00:53:00,Node B,27.03,6.89,18.1,-0.14,0.01,-0.1,False,False,False,False,False,True
2026-06-10 01:08:00,Node A,25.36,6.69,19.7,-0.13,-0.33,0.2,False,False,False,False,True,True
2026-06-10 01:08:00,Node B,27.0,6.86,18.2,-0.03,-0.03,0.1,False,False,False,False,False,True
2026-06-10 01:23:00,Node A,25.33,6.26,20.0,-0.03,-0.43,0.3,False,True,False,True,True,False
2026-06-10 01:23:00,Node B,26.94,6.88,17.8,-0.06,0.02,-0.4,False,False,False,False,False,True
2026-06-10 01:38:00,Node A,25.51,5.9,20.0,0.18,-0.36,0.0,False,True,False,True,True,False
2026-06-10 01:38:00,Node B,26.73,6.87,17.8,-0.21,-0.01,0.0,False,False,False,False,False,True
2026-06-10 01:53:00,Node A,25.62,5.9,19.9,0.11,0.0,-0.1,False,True,False,True,True,False
2026-06-10 01:53:00,Node B,26.65,6.86,18.0,-0.08,-0.01,0.2,False,False,False,False,False,True
2026-06-10 02:08:00,Node A,25.88,5.9,19.8,0.26,0.0,-0.1,False,True,False,True,True,False
2026-06-10 02:08:00,Node B,26.49,6.88,18.0,-0.16,0.02,0.0,False,False,False,False,False,True
2026-06-10 02:23:00,Node A,26.04,5.9,19.6,0.16,0.0,-0.2,False,True,False,True,True,False
2026-06-10 02:23:00,Node B,26.45,6.85,17.8,-0.04,-0.03,-0.2,False,False,False,False,False,True
2026-06-10 02:38:00,Node A,26.23,5.98,19.0,0.19,0.08,-0.6,False,True,False,True,True,False
2026-06-10 02:38:00,Node B,26.57,6.86,17.6,0.12,0.01,-0.2,False,False,False,False,False,True
2026-06-10 02:53:00,Node A,26.5,6.29,19.0,0.27,0.31,0.0,False,True,False,True,False,False
2026-06-10 02:53:00,Node B,26.65,6.87,17.3,0.08,0.01,-0.3,False,False,False,False,False,True
2026-06-10 03:08:00,Node A,26.58,6.66,18.9,0.08,0.37,-0.1,False,False,False,False,False,True
2026-06-10 03:08:00,Node B,26.54,6.91,17.4,-0.11,0.04,0.1,False,False,False,False,False,True
2026-06-10 03:23:00,Node A,26.84,7.11,18.3,0.26,0.45,-0.6,False,False,False,False,False,True
2026-06-10 03:23:00,Node B,26.52,6.93,16.9,-0.02,0.02,-0.5,False,False,False,False,False,True
2026-06-10 03:38:00,Node A,27.24,7.59,18.6,0.4,0.48,0.3,False,False,False,False,False,True
2026-06-10 03:38:00,Node B,26.42,6.9,17.0,-0.1,-0.03,0.1,False,False,False,False,False,True
2026-06-10 03:53:00,Node A,27.42,7.73,18.8,0.18,0.14,0.2,False,False,False,False,False,True
2026-06-10 03:53:00,Node B,26.43,6.88,17.0,0.01,-0.02,0.0,False,False,False,False,False,True
2026-06-10 04:08:00,Node A,27.57,7.86,18.3,0.15,0.13,-0.5,False,False,False,False,False,True
2026-06-10 04:08:00,Node B,26.5,6.88,17.1,0.07,0.0,0.1,False,False,False,False,False,True
2026-06-10 04:23:00,Node A,27.74,8.02,17.7,0.17,0.16,-0.6,False,False,False,False,False,True
2026-06-10 04:23:00,Node B,26.51,6.9,17.2,0.01,0.02,0.1,False,False,False,False,False,True
2026-06-10 04:38:00,Node A,27.94,8.12,17.4,0.2,0.1,-0.3,False,False,False,False,False,True
2026-06-10 04:38:00,Node B,26.67,6.86,17.6,0.16,-0.04,0.4,False,False,False,False,False,True
2026-06-10 04:53:00,Node A,28.03,8.23,16.7,0.09,0.11,-0.7,False,False,False,False,False,True
2026-06-10 04:53:00,Node B,26.78,6.87,17.7,0.11,0.01,0.1,False,False,False,False,False,True
2026-06-10 05:08:00,Node A,28.07,8.25,16.1,0.04,0.02,-0.6,False,False,False,False,False,True
2026-06-10 05:08:00,Node B,26.74,6.87,18.1,-0.04,0.0,0.4,False,False,False,False,False,True
2026-06-10 05:23:00,Node A,28.14,8.28,15.4,0.07,0.03,-0.7,False,False,False,False,False,True
2026-06-10 05:23:00,Node B,26.82,6.88,18.0,0.08,0.01,-0.1,False,False,False,False,False,True
2026-06-10 07:08:00,Node A,28.76,7.69,14.5,,,,True,False,False,False,False,False
2026-06-10 07:08:00,Node B,27.67,6.94,18.2,,,,True,False,False,False,False,False
2026-06-10 07:23:00,Node A,28.92,7.61,14.2,0.16,-0.08,-0.3,False,False,False,False,False,True
2026-06-10 07:23:00,Node B,27.79,6.95,18.2,0.12,0.01,0.0,False,False,False,False,False,True
2026-06-10 07:38:00,Node A,28.88,7.49,14.0,-0.04,-0.12,-0.2,False,False,False,False,False,True
2026-06-10 07:38:00,Node B,27.96,6.96,18.2,0.17,0.01,0.0,False,False,False,False,False,True
2026-06-10 07:53:00,Node A,29.01,7.44,13.7,0.13,-0.05,-0.3,False,False,False,False,False,True
2026-06-10 07:53:00,Node B,28.07,6.97,18.2,0.11,0.01,0.0,False,False,False,False,False,True
2026-06-10 08:08:00,Node A,29.11,7.36,13.5,0.1,-0.08,-0.2,False,False,False,False,False,True
2026-06-10 08:08:00,Node B,28.46,6.98,18.0,0.39,0.01,-0.2,False,False,False,False,False,True
2026-06-10 08:23:00,Node A,29.33,7.3,13.3,0.22,-0.06,-0.2,False,False,False,False,False,True
2026-06-10 08:23:00,Node B,28.62,6.94,17.9,0.16,-0.04,-0.1,False,False,False,False,False,True
2026-06-10 08:38:00,Node A,29.55,7.2,13.1,0.22,-0.1,-0.2,False,False,False,False,False,True
2026-06-10 08:38:00,Node B,28.8,6.96,17.9,0.18,0.02,0.0,False,False,False,False,False,True
2026-06-10 08:53:00,Node A,29.61,7.2,12.4,0.06,0.0,-0.7,False,False,False,False,False,True
2026-06-10 08:53:00,Node B,28.92,6.96,17.9,0.12,0.0,0.0,False,False,False,False,True,True
2026-06-10 09:08:00,Node A,29.59,7.2,11.9,-0.02,0.0,-0.5,False,False,False,False,False,True
2026-06-10 09:08:00,Node B,28.96,6.99,18.0,0.04,0.03,0.1,False,False,False,False,True,True
2026-06-10 09:23:00,Node A,29.7,7.23,11.8,0.11,0.03,-0.1,False,False,False,False,False,True
2026-06-10 09:23:00,Node B,29.08,6.99,20.2,0.12,0.0,2.2,False,False,False,False,True,True
2026-06-10 09:38:00,Node A,29.72,7.25,11.6,0.02,0.02,-0.2,False,False,False,False,False,True
2026-06-10 09:38:00,Node B,29.2,7.01,23.6,0.12,0.02,3.4,False,False,False,False,True,True
2026-06-10 09:53:00,Node A,29.94,7.23,11.6,0.22,-0.02,0.0,False,False,False,False,False,True
2026-06-10 09:53:00,Node B,29.04,7.01,28.1,-0.16,0.0,4.5,False,True,False,True,True,False
2026-06-10 10:08:00,Node A,29.95,7.23,11.6,0.01,0.0,0.0,False,False,False,False,False,True
2026-06-10 10:08:00,Node B,28.54,7.06,28.5,-0.5,0.05,0.4,False,True,False,True,True,False
2026-06-10 10:23:00,Node A,29.97,7.22,11.7,0.02,-0.01,0.1,False,False,False,False,False,True
2026-06-10 10:23:00,Node B,28.76,7.06,28.2,0.22,0.0,-0.3,False,True,False,True,True,False
2026-06-10 10:38:00,Node A,30.12,7.22,12.1,0.15,0.0,0.4,False,False,False,False,False,True
2026-06-10 10:38:00,Node B,28.9,6.9,28.3,0.14,-0.16,0.1,False,True,False,True,True,False
2026-06-10 10:53:00,Node A,30.31,7.24,12.0,0.19,0.02,-0.1,False,False,False,False,False,True
2026-06-10 10:53:00,Node B,28.91,6.59,27.9,0.01,-0.31,-0.4,False,True,False,True,True,False
2026-06-10 11:08:00,Node A,30.35,7.25,12.4,0.04,0.01,0.4,False,False,False,False,False,True
2026-06-10 11:08:00,Node B,29.01,6.16,27.9,0.1,-0.43,0.0,False,True,False,True,True,False
2026-06-10 11:23:00,Node A,30.35,7.25,12.1,0.0,0.0,-0.3,False,False,False,False,False,True
2026-06-10 11:23:00,Node B,29.3,6.14,27.9,0.29,-0.02,0.0,False,True,False,True,True,False
2026-06-10 11:38:00,Node A,30.48,7.27,12.2,0.13,0.02,0.1,False,False,False,False,False,True
2026-06-10 11:38:00,Node B,29.52,6.13,28.0,0.22,-0.01,0.1,False,True,False,True,True,False
2026-06-10 11:53:00,Node A,30.42,7.3,12.0,-0.06,0.03,-0.2,False,False,False,False,False,True
2026-06-10 11:53:00,Node B,29.85,6.13,28.3,0.33,0.0,0.3,False,True,False,True,True,False
2026-06-10 12:08:00,Node A,30.52,7.27,12.2,0.1,-0.03,0.2,False,False,False,False,False,True
2026-06-10 12:08:00,Node B,30.25,6.16,28.5,0.4,0.03,0.2,False,True,False,True,True,False
2026-06-10 12:23:00,Node A,30.49,7.28,12.2,-0.03,0.01,0.0,False,False,False,False,False,True
2026-06-10 12:23:00,Node B,30.6,6.43,27.9,0.35,0.27,-0.6,False,True,False,True,True,False
2026-06-10 12:38:00,Node A,30.55,7.28,12.1,0.06,0.0,-0.1,False,False,False,False,False,True
2026-06-10 12:38:00,Node B,30.93,6.9,27.6,0.33,0.47,-0.3,False,True,False,True,True,False
2026-06-10 12:53:00,Node A,30.58,7.31,12.1,0.03,0.03,0.0,False,False,False,False,False,True
2026-06-10 12:53:00,Node B,31.41,7.56,24.0,0.48,0.66,-3.6,False,False,True,True,True,False
2026-06-10 13:08:00,Node A,30.56,7.33,12.3,-0.02,0.02,0.2,False,False,False,False,False,True
2026-06-10 13:08:00,Node B,31.37,7.7,27.4,-0.04,0.14,3.4,False,True,False,True,True,False
2026-06-10 13:23:00,Node A,30.65,7.34,12.4,0.09,0.01,0.1,False,False,False,False,False,True
2026-06-10 13:23:00,Node B,31.02,7.83,31.5,-0.35,0.13,4.1,False,True,False,True,True,False
2026-06-10 13:38:00,Node A,30.74,7.35,12.1,0.09,0.01,-0.3,False,False,False,False,False,True
2026-06-10 13:38:00,Node B,31.35,7.69,30.4,0.33,-0.14,-1.1,False,True,False,True,True,False
2026-06-10 13:53:00,Node A,30.79,7.37,12.2,0.05,0.02,0.1,False,False,False,False,False,True
2026-06-10 13:53:00,Node B,31.44,7.28,29.6,0.09,-0.41,-0.8,False,True,False,True,True,False
2026-06-10 14:08:00,Node A,30.57,7.38,12.2,-0.22,0.01,0.0,False,False,False,False,False,True
2026-06-10 14:08:00,Node B,31.6,7.3,28.7,0.16,0.02,-0.9,False,True,False,True,True,False
2026-06-10 14:23:00,Node A,30.55,7.37,12.1,-0.02,-0.01,-0.1,False,False,False,False,False,True
2026-06-10 14:23:00,Node B,31.52,7.25,28.0,-0.08,-0.05,-0.7,False,True,False,True,True,False
2026-06-10 14:38:00,Node A,30.64,7.39,12.1,0.09,0.02,0.0,False,False,False,False,False,True
2026-06-10 14:38:00,Node B,31.69,7.2,26.3,0.17,-0.05,-1.7,False,True,False,True,True,False
2026-06-10 14:53:00,Node A,30.51,7.36,12.1,-0.13,-0.03,0.0,False,False,False,False,False,True
2026-06-10 14:53:00,Node B,31.56,7.2,25.1,-0.13,0.0,-1.2,False,True,False,True,False,False
2026-06-10 15:08:00,Node A,30.42,7.34,12.1,-0.09,-0.02,0.0,False,False,False,False,False,True
2026-06-10 15:08:00,Node B,31.78,7.25,24.1,0.22,0.05,-1.0,False,False,False,False,True,True
2026-06-10 15:53:00,Node A,30.4,7.37,12.7,,,,True,False,False,False,False,False
2026-06-10 15:53:00,Node B,31.97,7.33,22.7,,,,True,False,False,False,True,False
2026-06-10 16:08:00,Node A,30.37,7.39,12.1,-0.03,0.02,-0.6,False,False,False,False,False,True
2026-06-10 16:08:00,Node B,32.03,7.39,22.8,0.06,0.06,0.1,False,True,False,True,True,False
2026-06-10 16:23:00,Node A,30.36,7.37,12.0,-0.01,-0.02,-0.1,False,False,False,False,False,True
2026-06-10 16:23:00,Node B,32.03,7.42,23.0,0.0,0.03,0.2,False,True,False,True,True,False
2026-06-10 16:38:00,Node A,30.2,7.4,11.5,-0.16,0.03,-0.5,False,False,False,False,False,True
2026-06-10 16:38:00,Node B,31.96,7.32,23.7,-0.07,-0.1,0.7,False,False,False,False,True,True
2026-06-10 16:53:00,Node A,30.24,7.4,11.8,0.04,0.0,0.3,False,False,False,False,False,True
2026-06-10 16:53:00,Node B,31.99,8.11,22.8,0.03,0.79,-0.9,False,False,True,True,False,False
2026-06-10 17:08:00,Node A,30.09,7.34,12.1,-0.15,-0.06,0.3,False,False,False,False,False,True
2026-06-10 17:08:00,Node B,31.94,8.03,22.2,-0.05,-0.08,-0.6,False,False,False,False,False,True
2026-06-10 17:23:00,Node A,29.97,7.35,12.3,-0.12,0.01,0.2,False,False,False,False,False,True
2026-06-10 17:23:00,Node B,31.68,7.98,21.0,-0.26,-0.05,-1.2,False,False,False,False,False,True
2026-06-10 17:38:00,Node A,30.1,7.35,12.4,0.13,0.0,0.1,False,False,False,False,False,True
2026-06-10 17:38:00,Node B,31.59,7.94,20.8,-0.09,-0.04,-0.2,False,False,False,False,False,True
2026-06-10 17:53:00,Node A,29.99,7.33,12.4,-0.11,-0.02,0.0,False,False,False,False,False,True
2026-06-10 17:53:00,Node B,31.36,7.93,20.2,-0.23,-0.01,-0.6,False,False,False,False,False,True
2026-06-10 18:08:00,Node A,29.93,7.31,12.8,-0.06,-0.02,0.4,False,False,False,False,False,True
2026-06-10 18:08:00,Node B,31.21,7.7,18.9,-0.15,-0.23,-1.3,False,False,False,False,False,True
2026-06-10 18:23:00,Node A,29.82,7.32,13.0,-0.11,0.01,0.2,False,False,False,False,False,True
2026-06-10 18:23:00,Node B,31.27,7.44,18.5,0.06,-0.26,-0.4,False,False,False,False,False,True
2026-06-10 18:38:00,Node A,29.67,7.32,12.9,-0.15,0.0,-0.1,False,False,False,False,False,True
2026-06-10 18:38:00,Node B,31.21,7.26,18.1,-0.06,-0.18,-0.4,False,False,False,False,False,True
2026-06-10 18:53:00,Node A,29.43,7.33,13.3,-0.24,0.01,0.4,False,False,False,False,False,True
2026-06-10 18:53:00,Node B,31.18,7.04,17.7,-0.03,-0.22,-0.4,False,False,False,False,False,True
2026-06-10 19:08:00,Node A,29.35,7.34,13.2,-0.08,0.01,-0.1,False,False,False,False,False,True
2026-06-10 19:08:00,Node B,30.96,7.02,17.4,-0.22,-0.02,-0.3,False,False,False,False,False,True
2026-06-10 19:23:00,Node A,29.22,7.32,13.1,-0.13,-0.02,-0.1,False,False,False,False,False,True
2026-06-10 19:23:00,Node B,30.85,7.01,16.7,-0.11,-0.01,-0.7,False,False,False,False,False,True
2026-06-10 19:38:00,Node A,29.12,7.33,13.1,-0.1,0.01,0.0,False,False,False,False,False,True
2026-06-10 19:38:00,Node B,30.65,7.02,16.4,-0.2,0.01,-0.3,False,False,False,False,False,True
2026-06-10 19:53:00,Node A,28.88,7.3,13.0,-0.24,-0.03,-0.1,False,False,False,False,False,True
2026-06-10 19:53:00,Node B,30.41,7.02,15.9,-0.24,0.0,-0.5,False,False,False,False,False,True
2026-06-10 20:08:00,Node A,28.78,7.27,12.8,-0.1,-0.03,-0.2,False,False,False,False,False,True
2026-06-10 20:08:00,Node B,30.25,7.02,15.2,-0.16,0.0,-0.7,False,False,False,False,False,True
2026-06-10 20:23:00,Node A,28.64,7.26,12.9,-0.14,-0.01,0.1,False,False,False,False,False,True
2026-06-10 20:23:00,Node B,30.1,7.01,15.5,-0.15,-0.01,0.3,False,False,False,False,False,True
2026-06-10 20:38:00,Node A,28.46,7.26,12.9,-0.18,0.0,0.0,False,False,False,False,False,True
2026-06-10 20:38:00,Node B,29.85,7.04,14.6,-0.25,0.03,-0.9,False,False,False,False,False,True
2026-06-10 20:53:00,Node A,28.34,7.26,12.8,-0.12,0.0,-0.1,False,False,False,False,False,True
2026-06-10 20:53:00,Node B,29.53,7.02,14.5,-0.32,-0.02,-0.1,False,False,False,False,False,True
2026-06-10 21:08:00,Node A,28.42,7.26,12.7,0.08,0.0,-0.1,False,False,False,False,False,True
2026-06-10 21:08:00,Node B,29.41,7.02,14.7,-0.12,0.0,0.2,False,False,False,False,False,True
2026-06-10 21:23:00,Node A,28.28,7.26,12.8,-0.14,0.0,0.1,False,False,False,False,False,True
2026-06-10 21:23:00,Node B,29.11,7.01,14.7,-0.3,-0.01,0.0,False,False,False,False,False,True
2026-06-10 21:38:00,Node A,28.2,7.28,13.0,-0.08,0.02,0.2,False,False,False,False,False,True
2026-06-10 21:38:00,Node B,29.0,7.0,14.5,-0.11,-0.01,-0.2,False,False,False,False,False,True
2026-06-10 21:53:00,Node A,28.03,7.31,13.3,-0.17,0.03,0.3,False,False,False,False,False,True
2026-06-10 21:53:00,Node B,28.85,6.98,14.5,-0.15,-0.02,0.0,False,False,False,False,False,True
2026-06-10 22:08:00,Node A,27.9,7.31,13.4,-0.13,0.0,0.1,False,False,False,False,False,True
2026-06-10 22:08:00,Node B,28.77,6.95,14.5,-0.08,-0.03,0.0,False,False,False,False,False,True
2026-06-10 22:23:00,Node A,27.77,7.27,13.0,-0.13,-0.04,-0.4,False,False,False,False,False,True
2026-06-10 22:23:00,Node B,28.63,6.94,14.5,-0.14,-0.01,0.0,False,False,False,False,False,True
2026-06-10 22:53:00,Node A,27.42,7.27,13.3,,,,True,False,False,False,False,False
2026-06-10 22:53:00,Node B,28.06,6.95,14.1,,,,True,False,False,False,False,False
2026-06-10 23:08:00,Node A,27.31,7.26,13.2,-0.11,-0.01,-0.1,False,False,False,False,False,True
2026-06-10 23:08:00,Node B,28.18,6.95,14.3,0.12,0.0,0.2,False,False,False,False,False,True
2026-06-10 23:23:00,Node A,27.14,7.25,13.4,-0.17,-0.01,0.2,False,False,False,False,False,True
2026-06-10 23:23:00,Node B,28.06,6.94,14.0,-0.12,-0.01,-0.3,False,False,False,False,False,True
2026-06-10 23:38:00,Node A,27.09,7.24,13.7,-0.05,-0.01,0.3,False,False,False,False,False,True
2026-06-10 23:38:00,Node B,27.89,6.97,14.2,-0.17,0.03,0.2,False,False,False,False,False,True
2026-06-10 23:53:00,Node A,27.06,7.22,13.2,-0.03,-0.02,-0.5,False,False,False,False,False,True
2026-06-10 23:53:00,Node B,27.61,6.95,14.3,-0.28,-0.02,0.1,False,False,False,False,False,True
2026-06-11 00:08:00,Node A,27.05,7.23,13.5,-0.01,0.01,0.3,False,False,False,False,False,True
2026-06-11 00:08:00,Node B,27.46,6.91,14.3,-0.15,-0.04,0.0,False,False,False,False,False,True
2026-06-11 00:23:00,Node A,26.89,7.2,13.1,-0.16,-0.03,-0.4,False,False,False,False,False,True
2026-06-11 00:23:00,Node B,27.34,6.89,14.0,-0.12,-0.02,-0.3,False,False,False,False,False,True
2026-06-11 00:38:00,Node A,26.76,7.17,12.9,-0.13,-0.03,-0.2,False,False,False,False,False,True
2026-06-11 00:38:00,Node B,27.31,6.9,14.5,-0.03,0.01,0.5,False,False,False,False,False,True
2026-06-11 00:53:00,Node A,26.66,7.17,12.8,-0.1,0.0,-0.1,False,False,False,False,False,True
2026-06-11 00:53:00,Node B,27.07,6.92,14.6,-0.24,0.02,0.1,False,False,False,False,False,True
2026-06-11 01:08:00,Node A,26.52,7.15,12.6,-0.14,-0.02,-0.2,False,False,False,False,False,True
2026-06-11 01:08:00,Node B,26.95,6.9,14.4,-0.12,-0.02,-0.2,False,False,False,False,False,True
2026-06-11 01:23:00,Node A,26.55,7.15,13.0,0.03,0.0,0.4,False,False,False,False,False,True
2026-06-11 01:23:00,Node B,26.82,6.9,14.8,-0.13,0.0,0.4,False,False,False,False,False,True
2026-06-11 01:38:00,Node A,26.46,7.18,13.2,-0.09,0.03,0.2,False,False,False,False,False,True
2026-06-11 01:38:00,Node B,26.73,6.89,15.0,-0.09,-0.01,0.2,False,False,False,False,False,True
2026-06-11 01:53:00,Node A,26.4,7.21,13.1,-0.06,0.03,-0.1,False,False,False,False,False,True
2026-06-11 01:53:00,Node B,26.68,6.83,15.0,-0.05,-0.06,0.0,False,False,False,False,False,True
2026-06-11 02:08:00,Node A,26.5,7.18,13.6,0.1,-0.03,0.5,False,False,False,False,False,True
2026-06-11 02:08:00,Node B,26.74,6.79,15.3,0.06,-0.04,0.3,False,False,False,False,False,True
2026-06-11 02:23:00,Node A,26.45,7.16,13.8,-0.05,-0.02,0.2,False,False,False,False,False,True
2026-06-11 02:23:00,Node B,26.65,6.84,15.4,-0.09,0.05,0.1,False,False,False,False,False,True
2026-06-11 02:38:00,Node A,26.44,7.18,13.8,-0.01,0.02,0.0,False,False,False,False,False,True
2026-06-11 02:38:00,Node B,26.69,6.87,15.2,0.04,0.03,-0.2,False,False,False,False,False,True
2026-06-11 03:08:00,Node A,26.44,7.2,13.4,,,,True,False,False,False,False,False
2026-06-11 03:08:00,Node B,26.63,6.87,15.4,,,,True,False,False,False,False,False
2026-06-11 03:23:00,Node A,26.37,7.22,15.5,-0.07,0.02,2.1,False,False,False,False,True,True
2026-06-11 03:23:00,Node B,26.65,6.86,15.5,0.02,-0.01,0.1,False,False,False,False,False,True
2026-06-11 03:38:00,Node A,26.4,7.17,18.5,0.03,-0.05,3.0,False,False,False,False,True,True
2026-06-11 03:38:00,Node B,26.7,6.86,15.4,0.05,0.0,-0.1,False,False,False,False,False,True
2026-06-11 03:53:00,Node A,26.32,7.16,18.5,-0.08,-0.01,0.0,False,False,False,False,True,True
2026-06-11 03:53:00,Node B,26.76,6.87,15.1,0.06,0.01,-0.3,False,False,False,False,False,True
2026-06-11 04:08:00,Node A,26.27,7.17,18.2,-0.05,0.01,-0.3,False,False,False,False,True,True
2026-06-11 04:08:00,Node B,26.77,6.86,15.2,0.01,-0.01,0.1,False,False,False,False,False,True
2026-06-11 04:23:00,Node A,26.43,6.51,18.3,0.16,-0.66,0.1,False,False,True,True,True,False
2026-06-11 04:23:00,Node B,26.71,6.85,15.5,-0.06,-0.01,0.3,False,False,False,False,False,True
2026-06-11 04:38:00,Node A,26.42,6.46,18.4,-0.01,-0.05,0.1,False,True,False,True,True,False
2026-06-11 04:38:00,Node B,26.85,6.84,15.3,0.14,-0.01,-0.2,False,False,False,False,False,True
2026-06-11 04:53:00,Node A,26.56,6.46,18.2,0.14,0.0,-0.2,False,True,False,True,True,False
2026-06-11 04:53:00,Node B,26.88,6.83,15.5,0.03,-0.01,0.2,False,False,False,False,False,True
2026-06-11 05:08:00,Node A,26.64,6.48,17.4,0.08,0.02,-0.8,False,True,False,True,False,False
2026-06-11 05:08:00,Node B,26.95,6.83,15.7,0.07,0.0,0.2,False,False,False,False,False,True
2026-06-11 05:23:00,Node A,26.61,6.5,17.3,-0.03,0.02,-0.1,False,False,False,False,False,True
2026-06-11 05:23:00,Node B,26.98,6.88,15.8,0.03,0.05,0.1,False,False,False,False,False,True
2026-06-11 05:38:00,Node A,26.75,6.66,16.8,0.14,0.16,-0.5,False,False,False,False,False,True
2026-06-11 05:38:00,Node B,27.24,6.85,15.7,0.26,-0.03,-0.1,False,False,False,False,False,True
2026-06-11 06:08:00,Node A,26.91,6.92,16.2,,,,True,False,False,False,False,False
2026-06-11 06:08:00,Node B,27.49,6.9,15.6,,,,True,False,False,False,False,False
2026-06-11 06:23:00,Node A,26.95,7.06,16.1,0.04,0.14,-0.1,False,False,False,False,False,True
2026-06-11 06:23:00,Node B,27.69,6.9,15.5,0.2,0.0,-0.1,False,False,False,False,False,True
2026-06-11 06:38:00,Node A,27.14,7.15,15.9,0.19,0.09,-0.2,False,False,False,False,False,True
2026-06-11 06:38:00,Node B,27.97,6.9,15.1,0.28,0.0,-0.4,False,False,False,False,False,True
2026-06-11 06:53:00,Node A,27.18,7.17,15.2,0.04,0.02,-0.7,False,False,False,False,False,True
2026-06-11 06:53:00,Node B,28.01,6.88,15.5,0.04,-0.02,0.4,False,False,False,False,False,True
2026-06-11 07:08:00,Node A,27.38,7.21,14.7,0.2,0.04,-0.5,False,False,False,False,False,True
2026-06-11 07:08:00,Node B,28.08,6.91,15.5,0.07,0.03,0.0,False,False,False,False,False,True
2026-06-11 07:23:00,Node A,27.42,7.22,14.7,0.04,0.01,0.0,False,False,False,False,False,True
2026-06-11 07:23:00,Node B,28.31,6.91,15.3,0.23,0.0,-0.2,False,False,False,False,False,True
2026-06-11 07:38:00,Node A,27.52,7.23,14.7,0.1,0.01,0.0,False,False,False,False,False,True
2026-06-11 07:38:00,Node B,28.39,6.88,15.2,0.08,-0.03,-0.1,False,False,False,False,False,True
2026-06-11 07:53:00,Node A,27.77,7.21,14.0,0.25,-0.02,-0.7,False,False,False,False,False,True
2026-06-11 07:53:00,Node B,28.54,6.91,15.2,0.15,0.03,0.0,False,False,False,False,False,True
2026-06-11 08:08:00,Node A,27.95,7.19,13.8,0.18,-0.02,-0.2,False,False,False,False,False,True
2026-06-11 08:08:00,Node B,28.63,6.92,15.4,0.09,0.01,0.2,False,False,False,False,False,True
2026-06-11 08:23:00,Node A,28.14,7.23,13.9,0.19,0.04,0.1,False,False,False,False,False,True
2026-06-11 08:23:00,Node B,28.79,6.93,16.6,0.16,0.01,1.2,False,False,False,False,False,True
2026-06-11 08:38:00,Node A,28.21,7.24,13.8,0.07,0.01,-0.1,False,False,False,False,False,True
2026-06-11 08:38:00,Node B,28.4,6.89,18.4,-0.39,-0.04,1.8,False,False,False,False,False,True
2026-06-11 08:53:00,Node A,28.25,7.23,13.7,0.04,-0.01,-0.1,False,False,False,False,False,True
2026-06-11 08:53:00,Node B,27.72,6.95,20.5,-0.68,0.06,2.1,False,False,False,False,False,True
2026-06-11 09:08:00,Node A,28.37,7.23,13.7,0.12,0.0,0.0,False,False,False,False,False,True
2026-06-11 09:08:00,Node B,27.93,6.92,23.3,0.21,-0.03,2.8,False,False,False,False,True,True
2026-06-11 09:23:00,Node A,28.65,7.26,13.5,0.28,0.03,-0.2,False,False,False,False,False,True
2026-06-11 09:23:00,Node B,28.03,6.93,23.6,0.1,0.01,0.3,False,False,False,False,True,True
2026-06-11 09:38:00,Node A,28.7,7.27,13.9,0.05,0.01,0.4,False,False,False,False,False,True
2026-06-11 09:38:00,Node B,28.16,6.79,23.4,0.13,-0.14,-0.2,False,False,False,False,True,True
2026-06-11 09:53:00,Node A,28.88,7.27,14.1,0.18,0.0,0.2,False,False,False,False,False,True
2026-06-11 09:53:00,Node B,28.35,6.53,23.5,0.19,-0.26,0.1,False,False,False,False,True,True
2026-06-11 10:08:00,Node A,28.93,7.27,14.1,0.05,0.0,0.0,False,False,False,False,False,True
2026-06-11 10:08:00,Node B,28.57,6.12,23.6,0.22,-0.41,0.1,False,True,False,True,True,False
2026-06-11 10:23:00,Node A,29.07,7.3,14.1,0.14,0.03,0.0,False,False,False,False,False,True
2026-06-11 10:23:00,Node B,28.85,6.12,24.3,0.28,0.0,0.7,False,True,False,True,True,False
2026-06-11 10:38:00,Node A,29.3,7.31,14.4,0.23,0.01,0.3,False,False,False,False,False,True
2026-06-11 10:38:00,Node B,29.16,6.16,24.0,0.31,0.04,-0.3,False,True,False,True,True,False
2026-06-11 10:53:00,Node A,29.34,7.3,14.1,0.04,-0.01,-0.3,False,False,False,False,False,True
2026-06-11 10:53:00,Node B,29.44,6.17,23.8,0.28,0.01,-0.2,False,True,False,True,True,False
2026-06-11 11:08:00,Node A,29.58,7.31,14.2,0.24,0.01,0.1,False,False,False,False,False,True
2026-06-11 11:08:00,Node B,29.76,6.14,23.6,0.32,-0.03,-0.2,False,True,False,True,True,False
2026-06-11 11:38:00,Node A,29.73,7.27,14.5,,,,True,False,False,False,False,False
2026-06-11 11:38:00,Node B,30.41,6.19,22.8,,,,True,True,False,True,True,False
2026-06-11 11:53:00,Node A,29.7,7.24,14.6,-0.03,-0.03,0.1,False,False,False,False,False,True
2026-06-11 11:53:00,Node B,30.78,6.28,21.6,0.37,0.09,-1.2,False,True,False,True,True,False
2026-06-11 12:08:00,Node A,29.8,7.28,14.4,0.1,0.04,-0.2,False,False,False,False,False,True
2026-06-11 12:08:00,Node B,30.96,6.35,19.9,0.18,0.07,-1.7,False,True,False,True,True,False
2026-06-11 12:23:00,Node A,29.83,7.29,14.3,0.03,0.01,-0.1,False,False,False,False,False,True
2026-06-11 12:23:00,Node B,31.12,6.44,19.1,0.16,0.09,-0.8,False,True,False,True,False,False
2026-06-11 12:38:00,Node A,29.82,7.31,14.1,-0.01,0.02,-0.2,False,False,False,False,False,True
2026-06-11 12:38:00,Node B,31.13,6.54,18.5,0.01,0.1,-0.6,False,False,False,False,False,True
2026-06-11 12:53:00,Node A,29.93,7.31,13.9,0.11,0.0,-0.2,False,False,False,False,False,True
2026-06-11 12:53:00,Node B,31.27,6.62,18.2,0.14,0.08,-0.3,False,False,False,False,False,True
2026-06-11 13:08:00,Node A,30.04,7.32,14.1,0.11,0.01,0.2,False,False,False,False,False,True
2026-06-11 13:08:00,Node B,31.55,6.73,17.2,0.28,0.11,-1.0,False,False,False,False,True,True
2026-06-11 13:23:00,Node A,30.0,7.3,14.4,-0.04,-0.02,0.3,False,False,False,False,False,True
2026-06-11 13:23:00,Node B,31.72,6.9,17.1,0.17,0.17,-0.1,False,False,False,False,True,True
2026-06-11 13:38:00,Node A,30.07,7.29,14.4,0.07,-0.01,0.0,False,False,False,False,False,True
2026-06-11 13:38:00,Node B,31.89,7.1,17.5,0.17,0.2,0.4,False,False,False,False,True,True
2026-06-11 13:53:00,Node A,30.11,7.32,14.4,0.04,0.03,0.0,False,False,False,False,False,True
2026-06-11 13:53:00,Node B,31.97,7.33,18.3,0.08,0.23,0.8,False,False,False,False,True,True
2026-06-11 14:08:00,Node A,30.05,7.29,14.6,-0.06,-0.03,0.2,False,False,False,False,False,True
2026-06-11 14:08:00,Node B,32.07,7.64,19.1,0.1,0.31,0.8,False,True,False,True,True,False
2026-06-11 14:23:00,Node A,30.1,7.29,14.2,0.05,0.0,-0.4,False,False,False,False,False,True
2026-06-11 14:23:00,Node B,32.26,7.98,19.7,0.19,0.34,0.6,False,True,False,True,True,False
2026-06-11 14:38:00,Node A,30.23,7.3,14.3,0.13,0.01,0.1,False,False,False,False,False,True
2026-06-11 14:38:00,Node B,32.37,8.25,19.6,0.11,0.27,-0.1,False,True,False,True,True,False
2026-06-11 14:53:00,Node A,30.31,7.35,14.5,0.08,0.05,0.2,False,False,False,False,False,True
2026-06-11 14:53:00,Node B,32.4,8.28,19.9,0.03,0.03,0.3,False,True,False,True,True,False
2026-06-11 15:23:00,Node A,30.42,7.39,14.7,,,,True,False,False,False,False,False
2026-06-11 15:23:00,Node B,32.41,8.28,21.1,,,,True,True,False,True,True,False
2026-06-11 15:38:00,Node A,30.43,7.39,15.0,0.01,0.0,0.3,False,False,False,False,False,True
2026-06-11 15:38:00,Node B,32.37,8.31,22.0,-0.04,0.03,0.9,False,True,False,True,True,False
2026-06-11 15:53:00,Node A,30.46,7.38,14.8,0.03,-0.01,-0.2,False,False,False,False,False,True
2026-06-11 15:53:00,Node B,32.43,8.37,23.0,0.06,0.06,1.0,False,True,False,True,True,False
2026-06-11 16:08:00,Node A,30.43,7.37,15.0,-0.03,-0.01,0.2,False,False,False,False,False,True
2026-06-11 16:08:00,Node B,32.42,8.51,24.1,-0.01,0.14,1.1,False,True,False,True,True,False
2026-06-11 16:23:00,Node A,30.48,7.37,15.3,0.05,0.0,0.3,False,False,False,False,False,True
2026-06-11 16:23:00,Node B,32.57,8.55,23.6,0.15,0.04,-0.5,False,True,False,True,True,False
2026-06-11 16:38:00,Node A,30.49,7.47,15.4,0.01,0.1,0.1,False,False,False,False,True,True
2026-06-11 16:38:00,Node B,32.6,8.58,23.5,0.03,0.03,-0.1,False,True,False,True,True,False
2026-06-11 16:53:00,Node A,30.63,7.65,15.7,0.14,0.18,0.3,False,False,False,False,True,True
2026-06-11 16:53:00,Node B,32.63,8.64,23.7,0.03,0.06,0.2,False,True,False,True,True,False
2026-06-11 17:08:00,Node A,30.72,7.87,16.0,0.09,0.22,0.3,False,False,False,False,True,True
2026-06-11 17:08:00,Node B,32.73,8.77,23.5,0.1,0.13,-0.2,False,True,False,True,True,False
2026-06-11 17:23:00,Node A,30.69,8.15,16.4,-0.03,0.28,0.4,False,False,False,False,True,True
2026-06-11 17:23:00,Node B,32.69,8.59,23.3,-0.04,-0.18,-0.2,False,True,False,True,True,False
2026-06-11 17:53:00,Node A,30.7,8.76,17.3,,,,True,True,False,True,True,False
2026-06-11 17:53:00,Node B,32.49,8.26,23.3,,,,True,True,False,True,True,False
2026-06-11 18:08:00,Node A,30.63,8.76,17.5,-0.07,0.0,0.2,False,True,False,True,True,False
2026-06-11 18:08:00,Node B,32.38,8.25,22.9,-0.11,-0.01,-0.4,False,True,False,True,True,False
2026-06-11 18:23:00,Node A,30.69,8.76,17.5,0.06,0.0,0.0,False,True,False,True,True,False
2026-06-11 18:23:00,Node B,32.34,8.13,22.4,-0.04,-0.12,-0.5,False,True,False,True,True,False
2026-06-11 18:38:00,Node A,30.6,8.75,17.5,-0.09,-0.01,0.0,False,True,False,True,True,False
2026-06-11 18:38:00,Node B,32.21,8.06,22.1,-0.13,-0.07,-0.3,False,True,False,True,True,False
2026-06-11 18:53:00,Node A,30.54,8.77,17.7,-0.06,0.02,0.2,False,True,False,True,True,False
2026-06-11 18:53:00,Node B,32.21,7.94,22.0,0.0,-0.12,-0.1,False,True,False,True,True,False
2026-06-11 19:08:00,Node A,30.42,8.77,17.9,-0.12,0.0,0.2,False,True,False,True,True,False
2026-06-11 19:08:00,Node B,32.21,7.87,21.9,0.0,-0.07,-0.1,False,True,False,True,False,False
2026-06-11 19:23:00,Node A,30.25,8.79,17.9,-0.17,0.02,0.0,False,True,False,True,True,False
2026-06-11 19:23:00,Node B,31.8,7.77,21.8,-0.41,-0.1,-0.1,False,False,False,False,False,True
2026-06-11 19:38:00,Node A,30.17,8.65,18.2,-0.08,-0.14,0.3,False,True,False,True,False,False
2026-06-11 19:38:00,Node B,31.58,7.66,21.3,-0.22,-0.11,-0.5,False,False,False,False,False,True
2026-06-11 19:53:00,Node A,30.08,8.49,18.3,-0.09,-0.16,0.1,False,False,False,False,False,True
2026-06-11 19:53:00,Node B,31.36,7.59,20.9,-0.22,-0.07,-0.4,False,False,False,False,False,True
2026-06-11 20:08:00,Node A,30.04,8.35,18.4,-0.04,-0.14,0.1,False,False,False,False,False,True
2026-06-11 20:08:00,Node B,31.31,7.48,20.4,-0.05,-0.11,-0.5,False,False,False,False,False,True
2026-06-11 20:23:00,Node A,29.91,8.24,18.2,-0.13,-0.11,-0.2,False,False,False,False,False,True
2026-06-11 20:23:00,Node B,31.15,7.4,20.2,-0.16,-0.08,-0.2,False,False,False,False,False,True
2026-06-11 20:38:00,Node A,29.64,8.07,18.0,-0.27,-0.17,-0.2,False,False,False,False,False,True
2026-06-11 20:38:00,Node B,30.93,7.3,19.5,-0.22,-0.1,-0.7,False,False,False,False,False,True
2026-06-11 20:53:00,Node A,29.51,7.88,17.7,-0.13,-0.19,-0.3,False,False,False,False,False,True
2026-06-11 20:53:00,Node B,30.86,7.2,19.2,-0.07,-0.1,-0.3,False,False,False,False,False,True
2026-06-11 21:08:00,Node A,29.27,7.77,17.8,-0.24,-0.11,0.1,False,False,False,False,False,True
2026-06-11 21:08:00,Node B,30.71,7.09,18.8,-0.15,-0.11,-0.4,False,False,False,False,False,True
2026-06-11 21:23:00,Node A,29.14,7.64,17.9,-0.13,-0.13,0.1,False,False,False,False,False,True
2026-06-11 21:23:00,Node B,30.57,6.97,18.5,-0.14,-0.12,-0.3,False,False,False,False,False,True
2026-06-11 21:38:00,Node A,29.02,7.51,17.5,-0.12,-0.13,-0.4,False,False,False,False,False,True
2026-06-11 21:38:00,Node B,30.33,6.98,18.4,-0.24,0.01,-0.1,False,False,False,False,False,True
2026-06-11 21:53:00,Node A,28.99,7.37,17.6,-0.03,-0.14,0.1,False,False,False,False,False,True
2026-06-11 21:53:00,Node B,29.85,6.96,18.1,-0.48,-0.02,-0.3,False,False,False,False,False,True
2026-06-11 22:08:00,Node A,28.88,7.25,17.3,-0.11,-0.12,-0.3,False,False,False,False,False,True
2026-06-11 22:08:00,Node B,29.62,6.93,17.9,-0.23,-0.03,-0.2,False,False,False,False,False,True
2026-06-11 22:23:00,Node A,28.82,7.21,17.0,-0.06,-0.04,-0.3,False,False,False,False,False,True
2026-06-11 22:23:00,Node B,29.39,6.94,17.7,-0.23,0.01,-0.2,False,False,False,False,False,True
2026-06-11 22:38:00,Node A,28.71,7.2,16.6,-0.11,-0.01,-0.4,False,False,False,False,False,True
2026-06-11 22:38:00,Node B,29.1,6.94,17.3,-0.29,0.0,-0.4,False,False,False,False,False,True
2026-06-12 00:23:00,Node A,28.13,7.27,18.9,,,,True,False,False,False,False,False
2026-06-12 00:23:00,Node B,27.58,6.91,15.8,,,,True,False,False,False,False,False
2026-06-12 00:53:00,Node A,28.18,7.73,18.6,,,,True,False,False,False,False,False
2026-06-12 00:53:00,Node B,27.31,6.92,15.8,,,,True,False,False,False,False,False
2026-06-12 01:08:00,Node A,28.04,8.02,18.3,-0.14,0.29,-0.3,False,False,False,False,False,True
2026-06-12 01:08:00,Node B,27.14,6.91,16.0,-0.17,-0.01,0.2,False,False,False,False,False,True
2026-06-12 01:23:00,Node A,27.98,8.37,18.2,-0.06,0.35,-0.1,False,False,False,False,False,True
2026-06-12 01:23:00,Node B,27.0,6.88,15.6,-0.14,-0.03,-0.4,False,False,False,False,False,True
2026-06-12 01:38:00,Node A,27.98,8.37,18.3,0.0,0.0,0.1,False,False,False,False,False,True
2026-06-12 01:38:00,Node B,26.82,6.88,15.8,-0.18,0.0,0.2,False,False,False,False,False,True
2026-06-12 01:53:00,Node A,28.04,8.38,18.0,0.06,0.01,-0.3,False,False,False,False,False,True
2026-06-12 01:53:00,Node B,26.98,6.91,15.9,0.16,0.03,0.1,False,False,False,False,False,True
2026-06-12 02:08:00,Node A,28.16,8.34,17.3,0.12,-0.04,-0.7,False,False,False,False,False,True
2026-06-12 02:08:00,Node B,27.02,6.91,16.0,0.04,0.0,0.1,False,False,False,False,False,True
2026-06-12 02:23:00,Node A,28.17,8.33,17.5,0.01,-0.01,0.2,False,False,False,False,False,True
2026-06-12 02:23:00,Node B,26.93,6.95,16.0,-0.09,0.04,0.0,False,False,False,False,False,True
2026-06-12 02:38:00,Node A,28.15,8.29,17.2,-0.02,-0.04,-0.3,False,False,False,False,False,True
2026-06-12 02:38:00,Node B,26.82,6.94,16.0,-0.11,-0.01,0.0,False,False,False,False,False,True
2026-06-12 02:53:00,Node A,27.96,8.23,17.1,-0.19,-0.06,-0.1,False,False,False,False,False,True
2026-06-12 02:53:00,Node B,26.82,6.91,16.1,0.0,-0.03,0.1,False,False,False,False,False,True
2026-06-12 03:08:00,Node A,27.89,8.16,16.8,-0.07,-0.07,-0.3,False,False,False,False,False,True
2026-06-12 03:08:00,Node B,27.01,6.9,16.2,0.19,-0.01,0.1,False,False,False,False,False,True
2026-06-12 03:38:00,Node A,27.85,7.99,15.9,,,,True,False,False,False,False,False
2026-06-12 03:38:00,Node B,26.81,6.87,17.0,,,,True,False,False,False,False,False
2026-06-12 03:53:00,Node A,27.75,7.93,15.3,-0.1,-0.06,-0.6,False,False,False,False,False,True
2026-06-12 03:53:00,Node B,26.91,6.88,16.5,0.1,0.01,-0.5,False,False,False,False,False,True
2026-06-12 04:08:00,Node A,27.78,7.84,14.9,0.03,-0.09,-0.4,False,False,False,False,False,True
2026-06-12 04:08:00,Node B,26.94,6.91,16.7,0.03,0.03,0.2,False,False,False,False,False,True
2026-06-12 04:23:00,Node A,27.9,7.77,14.7,0.12,-0.07,-0.2,False,False,False,False,False,True
2026-06-12 04:23:00,Node B,27.01,6.92,16.7,0.07,0.01,0.0,False,False,False,False,False,True
2026-06-12 04:38:00,Node A,27.86,7.68,14.6,-0.04,-0.09,-0.1,False,False,False,False,False,True
2026-06-12 04:38:00,Node B,27.12,6.94,16.8,0.11,0.02,0.1,False,False,False,False,False,True
2026-06-12 04:53:00,Node A,27.89,7.59,14.8,0.03,-0.09,0.2,False,False,False,False,False,True
2026-06-12 04:53:00,Node B,27.14,6.91,16.7,0.02,-0.03,-0.1,False,False,False,False,False,True
2026-06-12 05:08:00,Node A,27.85,7.51,14.8,-0.04,-0.08,0.0,False,False,False,False,False,True
2026-06-12 05:08:00,Node B,27.25,6.9,16.8,0.11,-0.01,0.1,False,False,False,False,False,True
2026-06-12 05:23:00,Node A,28.06,7.4,14.9,0.21,-0.11,0.1,False,False,False,False,False,True
2026-06-12 05:23:00,Node B,27.26,6.89,16.6,0.01,-0.01,-0.2,False,False,False,False,False,True
2026-06-12 05:38:00,Node A,28.0,7.31,15.0,-0.06,-0.09,0.1,False,False,False,False,False,True
2026-06-12 05:38:00,Node B,27.32,6.89,16.6,0.06,0.0,0.0,False,False,False,False,False,True
2026-06-12 05:53:00,Node A,27.84,7.24,14.9,-0.16,-0.07,-0.1,False,False,False,False,True,True
2026-06-12 05:53:00,Node B,27.51,6.91,16.3,0.19,0.02,-0.3,False,False,False,False,False,True
2026-06-12 06:08:00,Node A,27.84,7.16,15.7,0.0,-0.08,0.8,False,False,False,False,True,True
2026-06-12 06:08:00,Node B,27.66,6.89,16.5,0.15,-0.02,0.2,False,False,False,False,False,True
2026-06-12 06:23:00,Node A,27.85,7.17,16.8,0.01,0.01,1.1,False,False,False,False,True,True
2026-06-12 06:23:00,Node B,27.59,6.89,16.3,-0.07,0.0,-0.2,False,False,False,False,False,True
2026-06-12 06:38:00,Node A,28.12,7.16,18.4,0.27,-0.01,1.6,False,False,False,False,True,True
2026-06-12 06:38:00,Node B,27.7,6.91,16.5,0.11,0.02,0.2,False,False,False,False,False,True
2026-06-12 06:53:00,Node A,28.34,7.82,18.3,0.22,0.66,-0.1,False,False,True,True,False,False
2026-06-12 06:53:00,Node B,27.83,6.92,16.7,0.13,0.01,0.2,False,False,False,False,False,True
2026-06-12 07:08:00,Node A,28.42,7.83,18.5,0.08,0.01,0.2,False,False,False,False,True,True
2026-06-12 07:08:00,Node B,28.01,6.93,16.9,0.18,0.01,0.2,False,False,False,False,False,True
2026-06-12 07:23:00,Node A,28.47,7.85,19.5,0.05,0.02,1.0,False,False,False,False,True,True
2026-06-12 07:23:00,Node B,28.03,6.88,16.5,0.02,-0.05,-0.4,False,False,False,False,False,True
2026-06-12 07:38:00,Node A,28.68,7.89,21.1,0.21,0.04,1.6,False,False,False,False,True,True
2026-06-12 07:38:00,Node B,28.12,6.9,16.7,0.09,0.02,0.2,False,False,False,False,False,True
2026-06-12 07:53:00,Node A,28.7,7.87,23.6,0.02,-0.02,2.5,False,False,False,False,True,True
2026-06-12 07:53:00,Node B,28.16,6.89,16.7,0.04,-0.01,0.0,False,False,False,False,False,True
2026-06-12 08:08:00,Node A,28.86,7.78,11.7,0.16,-0.09,-11.9,False,False,True,True,True,False
2026-06-12 08:08:00,Node B,28.35,6.9,16.7,0.19,0.01,0.0,False,False,False,False,False,True
2026-06-12 08:23:00,Node A,28.95,7.69,11.4,0.09,-0.09,-0.3,False,False,False,False,True,True
2026-06-12 08:23:00,Node B,28.56,6.91,16.3,0.21,0.01,-0.4,False,False,False,False,False,True
2026-06-12 08:38:00,Node A,29.12,6.84,11.4,0.17,-0.85,0.0,False,False,True,True,True,False
2026-06-12 08:38:00,Node B,28.77,6.9,16.6,0.21,-0.01,0.3,False,False,False,False,False,True
2026-06-12 08:53:00,Node A,29.25,6.73,12.6,0.13,-0.11,1.2,False,False,False,False,True,True
2026-06-12 08:53:00,Node B,28.79,6.89,17.0,0.02,-0.01,0.4,False,False,False,False,False,True
2026-06-12 09:08:00,Node A,29.19,6.64,13.4,-0.06,-0.09,0.8,False,False,False,False,True,True
2026-06-12 09:08:00,Node B,28.97,6.92,16.7,0.18,0.03,-0.3,False,False,False,False,False,True
2026-06-12 09:23:00,Node A,28.94,6.45,14.6,-0.25,-0.19,1.2,False,True,False,True,True,False
2026-06-12 09:23:00,Node B,29.11,6.94,16.4,0.14,0.02,-0.3,False,False,False,False,False,True
2026-06-12 09:38:00,Node A,28.8,6.03,15.9,-0.14,-0.42,1.3,False,True,False,True,True,False
2026-06-12 09:38:00,Node B,29.37,6.97,16.6,0.26,0.03,0.2,False,False,False,False,False,True
2026-06-12 09:53:00,Node A,28.6,5.9,15.2,-0.2,-0.13,-0.7,False,True,False,True,True,False
2026-06-12 09:53:00,Node B,29.42,6.96,16.7,0.05,-0.01,0.1,False,False,False,False,False,True
2026-06-12 10:08:00,Node A,28.7,5.9,14.5,0.1,0.0,-0.7,False,True,False,True,True,False
2026-06-12 10:08:00,Node B,29.86,6.99,16.8,0.44,0.03,0.1,False,False,False,False,False,True
2026-06-12 10:38:00,Node A,28.72,5.9,14.0,,,,True,True,False,True,True,False
2026-06-12 10:38:00,Node B,30.03,6.97,16.9,,,,True,False,False,False,False,False
2026-06-12 10:53:00,Node A,28.75,5.9,13.7,0.03,0.0,-0.3,False,True,False,True,True,False
2026-06-12 10:53:00,Node B,30.22,6.99,16.5,0.19,0.02,-0.4,False,False,False,False,False,True
2026-06-12 11:08:00,Node A,28.88,5.9,13.5,0.13,0.0,-0.2,False,True,False,True,True,False
2026-06-12 11:08:00,Node B,30.22,6.99,19.1,0.0,0.0,2.6,False,False,False,False,True,True
2026-06-12 11:23:00,Node A,29.1,5.9,13.0,0.22,0.0,-0.5,False,True,False,True,True,False
2026-06-12 11:23:00,Node B,30.35,6.98,22.6,0.13,-0.01,3.5,False,False,False,False,True,True
2026-06-12 11:38:00,Node A,29.3,5.9,12.2,0.2,0.0,-0.8,False,True,False,True,True,False
2026-06-12 11:38:00,Node B,30.41,7.0,22.7,0.06,0.02,0.1,False,False,False,False,True,True
2026-06-12 11:53:00,Node A,29.33,6.1,12.4,0.03,0.2,0.2,False,True,False,True,True,False
2026-06-12 11:53:00,Node B,30.51,7.02,22.6,0.1,0.02,-0.1,False,False,False,False,True,True
2026-06-12 12:08:00,Node A,29.78,6.2,11.7,0.45,0.1,-0.7,False,True,False,True,True,False
2026-06-12 12:08:00,Node B,30.66,6.33,22.5,0.15,-0.69,-0.1,False,True,False,True,True,False
2026-06-12 12:23:00,Node A,29.94,6.37,10.2,0.16,0.17,-1.5,False,True,False,True,True,False
2026-06-12 12:23:00,Node B,30.68,6.36,22.3,0.02,0.03,-0.2,False,True,False,True,True,False
2026-06-12 12:38:00,Node A,30.02,6.48,9.5,0.08,0.11,-0.7,False,True,False,True,False,False
2026-06-12 12:38:00,Node B,30.76,6.39,22.5,0.08,0.03,0.2,False,True,False,True,False,False
2026-06-12 12:53:00,Node A,30.13,6.62,8.2,0.11,0.14,-1.3,False,False,False,False,False,True
2026-06-12 12:53:00,Node B,30.95,6.57,22.5,0.19,0.18,0.0,False,False,False,False,False,True
2026-06-12 13:08:00,Node A,30.42,6.74,8.4,0.29,0.12,0.2,False,False,False,False,False,True
2026-06-12 13:08:00,Node B,31.11,6.74,22.5,0.16,0.17,0.0,False,False,False,False,False,True
2026-06-12 13:38:00,Node A,30.52,6.97,8.1,,,,True,False,False,False,False,False
2026-06-12 13:38:00,Node B,31.24,7.08,22.5,,,,True,False,False,False,False,False
2026-06-12 13:53:00,Node A,30.51,6.52,8.1,-0.01,-0.45,0.0,False,False,False,False,False,True
2026-06-12 13:53:00,Node B,31.25,7.04,22.2,0.01,-0.04,-0.3,False,False,False,False,False,True
2026-06-12 14:08:00,Node A,30.51,6.64,8.4,0.0,0.12,0.3,False,False,False,False,False,True
2026-06-12 14:08:00,Node B,31.42,7.04,21.9,0.17,0.0,-0.3,False,False,False,False,False,True
2026-06-12 14:23:00,Node A,30.33,6.78,8.2,-0.18,0.14,-0.2,False,False,False,False,False,True
2026-06-12 14:23:00,Node B,31.49,7.05,21.6,0.07,0.01,-0.3,False,False,False,False,False,True
2026-06-12 14:38:00,Node A,30.35,6.77,8.1,0.02,-0.01,-0.1,False,False,False,False,False,True
2026-06-12 14:38:00,Node B,31.45,7.08,21.2,-0.04,0.03,-0.4,False,False,False,False,False,True
2026-06-12 14:53:00,Node A,30.4,6.79,8.0,0.05,0.02,-0.1,False,False,False,False,False,True
2026-06-12 14:53:00,Node B,31.42,7.09,20.9,-0.03,0.01,-0.3,False,False,False,False,False,True
2026-06-12 15:08:00,Node A,30.31,6.84,7.5,-0.09,0.05,-0.5,False,False,False,False,False,True
2026-06-12 15:08:00,Node B,31.4,7.07,20.6,-0.02,-0.02,-0.3,False,False,False,False,False,True
2026-06-12 15:23:00,Node A,30.34,6.92,7.4,0.03,0.08,-0.1,False,False,False,False,False,True
2026-06-12 15:23:00,Node B,31.22,7.04,19.9,-0.18,-0.03,-0.7,False,False,False,False,False,True
2026-06-12 15:38:00,Node A,30.29,6.98,7.2,-0.05,0.06,-0.2,False,False,False,False,False,True
2026-06-12 15:38:00,Node B,31.2,7.05,19.4,-0.02,0.01,-0.5,False,False,False,False,False,True
2026-06-12 16:23:00,Node A,30.29,7.15,6.5,,,,True,False,False,False,False,False
2026-06-12 16:23:00,Node B,31.3,7.08,19.7,,,,True,False,False,False,False,False
2026-06-12 16:38:00,Node A,30.17,7.2,6.5,-0.12,0.05,0.0,False,False,False,False,False,True
2026-06-12 16:38:00,Node B,31.3,7.04,19.6,0.0,-0.04,-0.1,False,False,False,False,False,True
2026-06-12 16:53:00,Node A,30.2,7.26,6.5,0.03,0.06,0.0,False,False,False,False,False,True
2026-06-12 16:53:00,Node B,31.42,7.08,19.7,0.12,0.04,0.1,False,False,False,False,False,True
2026-06-12 17:08:00,Node A,30.08,7.36,5.8,-0.12,0.1,-0.7,False,False,False,False,False,True
2026-06-12 17:08:00,Node B,31.4,7.2,20.0,-0.02,0.12,0.3,False,False,False,False,False,True
2026-06-12 17:23:00,Node A,29.9,7.4,5.5,-0.18,0.04,-0.3,False,False,False,False,False,True
2026-06-12 17:23:00,Node B,31.29,7.39,20.2,-0.11,0.19,0.2,False,False,False,False,False,True
2026-06-12 17:38:00,Node A,29.99,7.41,5.2,0.09,0.01,-0.3,False,False,False,False,False,True
2026-06-12 17:38:00,Node B,31.24,7.64,20.6,-0.05,0.25,0.4,False,False,False,False,False,True
2026-06-12 17:53:00,Node A,29.86,7.42,5.2,-0.13,0.01,0.0,False,False,False,False,False,True
2026-06-12 17:53:00,Node B,31.29,7.97,20.8,0.05,0.33,0.2,False,False,False,False,False,True
2026-06-12 18:08:00,Node A,29.8,7.39,5.0,-0.06,-0.03,-0.2,False,False,False,False,False,True
2026-06-12 18:08:00,Node B,31.14,8.34,20.7,-0.15,0.37,-0.1,False,False,False,False,False,True
2026-06-12 19:08:00,Node A,29.43,7.38,5.1,,,,True,False,False,False,False,False
2026-06-12 19:08:00,Node B,31.16,8.32,20.9,,,,True,False,False,False,False,False
2026-06-12 19:23:00,Node A,29.37,7.35,4.7,-0.06,-0.03,-0.4,False,False,False,False,False,True
2026-06-12 19:23:00,Node B,31.09,8.23,21.4,-0.07,-0.09,0.5,False,False,False,False,False,True
2026-06-12 19:38:00,Node A,29.27,7.33,4.5,-0.1,-0.02,-0.2,False,False,False,False,False,True
2026-06-12 19:38:00,Node B,30.97,8.15,21.4,-0.12,-0.08,0.0,False,False,False,False,False,True
2026-06-12 19:53:00,Node A,29.23,7.34,4.6,-0.04,0.01,0.1,False,False,False,False,False,True
2026-06-12 19:53:00,Node B,30.64,8.06,21.4,-0.33,-0.09,0.0,False,False,False,False,False,True
2026-06-12 20:08:00,Node A,29.13,7.33,4.4,-0.1,-0.01,-0.2,False,False,False,False,False,True
2026-06-12 20:08:00,Node B,30.54,7.94,21.1,-0.1,-0.12,-0.3,False,False,False,False,False,True
2026-06-12 20:23:00,Node A,29.04,7.35,4.3,-0.09,0.02,-0.1,False,False,False,False,False,True
2026-06-12 20:23:00,Node B,30.19,7.81,21.0,-0.35,-0.13,-0.1,False,False,False,False,False,True
2026-06-12 20:53:00,Node A,28.49,7.27,4.3,,,,True,False,False,False,False,False
2026-06-12 20:53:00,Node B,30.01,7.61,20.9,,,,True,False,False,False,False,False
2026-06-12 21:08:00,Node A,28.34,7.24,4.4,-0.15,-0.03,0.1,False,False,False,False,False,True
2026-06-12 21:08:00,Node B,29.91,7.51,20.5,-0.1,-0.1,-0.4,False,False,False,False,False,True
2026-06-12 21:23:00,Node A,28.3,7.28,5.0,-0.04,0.04,0.6,False,False,False,False,False,True
2026-06-12 21:23:00,Node B,29.86,7.4,20.4,-0.05,-0.11,-0.1,False,False,False,False,False,True
2026-06-12 21:38:00,Node A,28.0,7.24,4.8,-0.3,-0.04,-0.2,False,False,False,False,False,True
2026-06-12 21:38:00,Node B,29.73,7.33,20.5,-0.13,-0.07,0.1,False,False,False,False,False,True
2026-06-12 21:53:00,Node A,27.83,7.22,4.8,-0.17,-0.02,0.0,False,False,False,False,False,True
2026-06-12 21:53:00,Node B,29.64,7.2,20.3,-0.09,-0.13,-0.2,False,False,False,False,False,True
2026-06-12 22:08:00,Node A,27.67,7.22,4.4,-0.16,0.0,-0.4,False,False,False,False,False,True
2026-06-12 22:08:00,Node B,29.43,7.1,20.2,-0.21,-0.1,-0.1,False,False,False,False,False,True
2026-06-12 22:23:00,Node A,27.54,7.22,4.2,-0.13,0.0,-0.2,False,False,False,False,False,True
2026-06-12 22:23:00,Node B,29.28,6.96,19.7,-0.15,-0.14,-0.5,False,False,False,False,False,True
2026-06-12 22:38:00,Node A,27.47,7.22,4.3,-0.07,0.0,0.1,False,False,False,False,False,True
2026-06-12 22:38:00,Node B,29.17,6.96,19.3,-0.11,0.0,-0.4,False,False,False,False,False,True
2026-06-12 22:53:00,Node A,27.43,7.19,4.6,-0.04,-0.03,0.3,False,False,False,False,False,True
2026-06-12 22:53:00,Node B,28.91,6.98,19.1,-0.26,0.02,-0.2,False,False,False,False,False,True
2026-06-12 23:08:00,Node A,27.24,7.2,4.9,-0.19,0.01,0.3,False,False,False,False,False,True
2026-06-12 23:08:00,Node B,28.84,6.96,18.7,-0.07,-0.02,-0.4,False,False,False,False,False,True
2026-06-12 23:23:00,Node A,27.13,7.22,5.3,-0.11,0.02,0.4,False,False,False,False,False,True
2026-06-12 23:23:00,Node B,28.78,6.97,18.2,-0.06,0.01,-0.5,False,False,False,False,False,True
2026-06-12 23:38:00,Node A,27.01,7.21,5.2,-0.12,-0.01,-0.1,False,False,False,False,False,True
2026-06-12 23:38:00,Node B,28.65,6.94,18.0,-0.13,-0.03,-0.2,False,False,False,False,False,True
2026-06-12 23:53:00,Node A,26.73,7.2,5.2,-0.28,-0.01,0.0,False,False,False,False,False,True
2026-06-12 23:53:00,Node B,28.46,6.94,18.2,-0.19,0.0,0.2,False,False,False,False,False,True
2026-06-13 00:08:00,Node A,26.71,7.19,5.2,-0.02,-0.01,0.0,False,False,False,False,False,True
2026-06-13 00:08:00,Node B,28.37,6.9,18.2,-0.09,-0.04,0.0,False,False,False,False,False,True
2026-06-13 00:23:00,Node A,26.78,7.17,5.1,0.07,-0.02,-0.1,False,False,False,False,False,True
2026-06-13 00:23:00,Node B,28.13,6.93,18.0,-0.24,0.03,-0.2,False,False,False,False,True,True
2026-06-13 01:08:00,Node A,26.7,7.19,5.1,,,,True,False,False,False,False,False
2026-06-13 01:08:00,Node B,27.91,6.87,22.1,,,,True,False,False,False,True,False
2026-06-13 01:23:00,Node A,26.78,7.19,4.8,0.08,0.0,-0.3,False,False,False,False,False,True
2026-06-13 01:23:00,Node B,27.74,6.2,23.5,-0.17,-0.67,1.4,False,True,False,True,True,False
2026-06-13 01:38:00,Node A,26.7,7.19,4.8,-0.08,0.0,0.0,False,False,False,False,False,True
2026-06-13 01:38:00,Node B,27.63,6.19,23.8,-0.11,-0.01,0.3,False,True,False,True,True,False
2026-06-13 01:53:00,Node A,26.62,7.16,4.3,-0.08,-0.03,-0.5,False,False,False,False,False,True
2026-06-13 01:53:00,Node B,27.52,6.17,20.1,-0.11,-0.02,-3.7,False,True,False,True,True,False
2026-06-13 02:08:00,Node A,26.65,7.15,4.7,0.03,-0.01,0.4,False,False,False,False,False,True
2026-06-13 02:08:00,Node B,27.4,6.18,19.9,-0.12,0.01,-0.2,False,True,False,True,True,False
2026-06-13 02:23:00,Node A,26.51,7.16,4.9,-0.14,0.01,0.2,False,False,False,False,False,True
2026-06-13 02:23:00,Node B,27.39,6.36,20.3,-0.01,0.18,0.4,False,True,False,True,False,False
2026-06-13 03:23:00,Node A,26.59,7.15,5.0,,,,True,False,False,False,False,False
2026-06-13 03:23:00,Node B,27.27,6.81,19.1,,,,True,False,False,False,False,False
2026-06-13 03:38:00,Node A,26.56,7.17,5.3,-0.03,0.02,0.3,False,False,False,False,False,True
2026-06-13 03:38:00,Node B,27.33,6.84,18.4,0.06,0.03,-0.7,False,False,False,False,False,True
2026-06-13 03:53:00,Node A,26.5,7.18,5.5,-0.06,0.01,0.2,False,False,False,False,False,True
2026-06-13 03:53:00,Node B,27.35,6.87,17.6,0.02,0.03,-0.8,False,False,False,False,False,True
2026-06-13 04:08:00,Node A,26.57,7.2,5.8,0.07,0.02,0.3,False,False,False,False,False,True
2026-06-13 04:08:00,Node B,27.39,6.84,16.8,0.04,-0.03,-0.8,False,False,False,False,False,True
2026-06-13 04:23:00,Node A,26.68,7.19,5.6,0.11,-0.01,-0.2,False,False,False,False,False,True
2026-06-13 04:23:00,Node B,27.49,6.84,16.4,0.1,0.0,-0.4,False,False,False,False,False,True
2026-06-13 04:38:00,Node A,26.74,7.19,6.1,0.06,0.0,0.5,False,False,False,False,True,True
2026-06-13 04:38:00,Node B,27.35,6.85,15.7,-0.14,0.01,-0.7,False,False,False,False,False,True
2026-06-13 04:53:00,Node A,26.28,7.18,7.2,-0.46,-0.01,1.1,False,False,False,False,True,True
2026-06-13 04:53:00,Node B,27.35,6.9,14.7,0.0,0.05,-1.0,False,False,False,False,False,True
2026-06-13 05:08:00,Node A,25.58,7.19,8.6,-0.7,0.01,1.4,False,False,False,False,True,True
2026-06-13 05:08:00,Node B,27.29,6.89,15.1,-0.06,-0.01,0.4,False,False,False,False,False,True
2026-06-13 05:23:00,Node A,25.63,6.86,10.0,0.05,-0.33,1.4,False,False,False,False,True,True
2026-06-13 05:23:00,Node B,27.47,6.88,14.9,0.18,-0.01,-0.2,False,False,False,False,False,True
2026-06-13 05:38:00,Node A,25.7,6.24,10.1,0.07,-0.62,0.1,False,True,False,True,True,False
2026-06-13 05:38:00,Node B,27.44,6.86,15.1,-0.03,-0.02,0.2,False,False,False,False,False,True
2026-06-13 05:53:00,Node A,25.9,6.23,10.3,0.2,-0.01,0.2,False,True,False,True,True,False
2026-06-13 05:53:00,Node B,27.51,6.88,14.8,0.07,0.02,-0.3,False,False,False,False,False,True
2026-06-13 06:08:00,Node A,26.07,6.23,10.0,0.17,0.0,-0.3,False,True,False,True,True,False
2026-06-13 06:08:00,Node B,27.62,6.88,15.0,0.11,0.0,0.2,False,False,False,False,False,True
2026-06-13 06:23:00,Node A,26.29,6.2,10.3,0.22,-0.03,0.3,False,True,False,True,True,False
2026-06-13 06:23:00,Node B,27.66,6.9,15.2,0.04,0.02,0.2,False,False,False,False,False,True
2026-06-13 06:53:00,Node A,26.89,6.3,9.0,,,,True,True,False,True,True,False
2026-06-13 06:53:00,Node B,27.82,6.88,15.3,,,,True,False,False,False,False,False
2026-06-13 07:08:00,Node A,26.95,6.37,8.0,0.06,0.07,-1.0,False,True,False,True,True,False
2026-06-13 07:08:00,Node B,28.0,6.92,15.2,0.18,0.04,-0.1,False,False,False,False,False,True
2026-06-13 07:23:00,Node A,27.21,6.47,7.2,0.26,0.1,-0.8,False,True,False,True,False,False
2026-06-13 07:23:00,Node B,28.26,6.94,14.8,0.26,0.02,-0.4,False,False,False,False,False,True
2026-06-13 07:38:00,Node A,27.4,6.59,6.7,0.19,0.12,-0.5,False,False,False,False,False,True
2026-06-13 07:38:00,Node B,28.18,6.93,14.5,-0.08,-0.01,-0.3,False,False,False,False,False,True
2026-06-13 07:53:00,Node A,27.54,6.71,6.1,0.14,0.12,-0.6,False,False,False,False,False,True
2026-06-13 07:53:00,Node B,28.31,6.93,14.9,0.13,0.0,0.4,False,False,False,False,False,True
2026-06-13 08:08:00,Node A,27.96,6.8,5.3,0.42,0.09,-0.8,False,False,False,False,False,True
2026-06-13 08:08:00,Node B,28.52,6.94,14.9,0.21,0.01,0.0,False,False,False,False,False,True
2026-06-13 08:23:00,Node A,28.11,6.89,6.3,0.15,0.09,1.0,False,False,False,False,False,True
2026-06-13 08:23:00,Node B,28.49,6.91,14.8,-0.03,-0.03,-0.1,False,False,False,False,False,True
2026-06-13 08:38:00,Node A,27.95,6.96,7.7,-0.16,0.07,1.4,False,False,False,False,False,True
2026-06-13 08:38:00,Node B,28.66,6.91,15.4,0.17,0.0,0.6,False,False,False,False,False,True
2026-06-13 08:53:00,Node A,27.6,7.07,9.9,-0.35,0.11,2.2,False,False,False,False,False,True
2026-06-13 08:53:00,Node B,29.0,6.91,15.3,0.34,0.0,-0.1,False,False,False,False,False,True
2026-06-13 09:08:00,Node A,27.17,7.16,12.1,-0.43,0.09,2.2,False,False,False,False,False,True
2026-06-13 09:08:00,Node B,29.11,6.97,15.2,0.11,0.06,-0.1,False,False,False,False,False,True
2026-06-13 09:23:00,Node A,27.3,7.16,12.4,0.13,0.0,0.3,False,False,False,False,False,True
2026-06-13 09:23:00,Node B,29.26,6.98,15.2,0.15,0.01,0.0,False,False,False,False,False,True
2026-06-13 09:38:00,Node A,27.28,6.88,12.4,-0.02,-0.28,0.0,False,False,False,False,False,True
2026-06-13 09:38:00,Node B,29.49,7.01,15.2,0.23,0.03,0.0,False,False,False,False,False,True
2026-06-13 09:53:00,Node A,27.32,6.57,12.2,0.04,-0.31,-0.2,False,False,False,False,False,True
2026-06-13 09:53:00,Node B,29.7,7.01,15.2,0.21,0.0,0.0,False,False,False,False,False,True
2026-06-13 10:08:00,Node A,27.46,6.55,12.1,0.14,-0.02,-0.1,False,False,False,False,False,True
2026-06-13 10:08:00,Node B,29.9,7.0,15.7,0.2,-0.01,0.5,False,False,False,False,False,True
2026-06-13 10:23:00,Node A,27.78,6.55,12.1,0.32,0.0,0.0,False,False,False,False,False,True
2026-06-13 10:23:00,Node B,30.03,7.02,15.5,0.13,0.02,-0.2,False,False,False,False,False,True
2026-06-13 10:38:00,Node A,27.93,6.57,12.0,0.15,0.02,-0.1,False,False,False,False,False,True
2026-06-13 10:38:00,Node B,30.12,7.01,15.0,0.09,-0.01,-0.5,False,False,False,False,False,True
2026-06-13 10:53:00,Node A,28.08,6.56,12.4,0.15,-0.01,0.4,False,False,False,False,False,True
2026-06-13 10:53:00,Node B,30.29,7.0,15.3,0.17,-0.01,0.3,False,False,False,False,False,True
2026-06-13 11:08:00,Node A,28.32,6.59,12.3,0.24,0.03,-0.1,False,False,False,False,False,True
2026-06-13 11:08:00,Node B,30.45,7.02,15.4,0.16,0.02,0.1,False,False,False,False,False,True
2026-06-13 11:23:00,Node A,28.41,6.67,11.4,0.09,0.08,-0.9,False,False,False,False,False,True
2026-06-13 11:23:00,Node B,30.55,7.01,15.5,0.1,-0.01,0.1,False,False,False,False,False,True
2026-06-13 11:38:00,Node A,28.62,6.73,10.7,0.21,0.06,-0.7,False,False,False,False,False,True
2026-06-13 11:38:00,Node B,30.57,7.01,15.7,0.02,0.0,0.2,False,False,False,False,False,True
2026-06-13 11:53:00,Node A,28.97,6.8,9.7,0.35,0.07,-1.0,False,False,False,False,False,True
2026-06-13 11:53:00,Node B,30.72,7.06,15.6,0.15,0.05,-0.1,False,False,False,False,False,True
2026-06-13 12:08:00,Node A,29.25,6.86,8.7,0.28,0.06,-1.0,False,False,False,False,False,True
2026-06-13 12:08:00,Node B,30.84,7.04,15.3,0.12,-0.02,-0.3,False,False,False,False,False,True
2026-06-13 12:23:00,Node A,29.27,6.94,8.1,0.02,0.08,-0.6,False,False,False,False,False,True
2026-06-13 12:23:00,Node B,30.81,7.04,15.6,-0.03,0.0,0.3,False,False,False,False,False,True
2026-06-13 12:38:00,Node A,29.54,7.01,7.7,0.27,0.07,-0.4,False,False,False,False,False,True
2026-06-13 12:38:00,Node B,30.96,7.03,15.5,0.15,-0.01,-0.1,False,False,False,False,False,True
2026-06-13 12:53:00,Node A,29.72,7.08,7.0,0.18,0.07,-0.7,False,False,False,False,False,True
2026-06-13 12:53:00,Node B,30.98,7.04,15.6,0.02,0.01,0.1,False,False,False,False,False,True
2026-06-13 13:08:00,Node A,29.85,7.16,6.0,0.13,0.08,-1.0,False,False,False,False,False,True
2026-06-13 13:08:00,Node B,31.05,7.05,16.9,0.07,0.01,1.3,False,False,False,False,True,True
2026-06-13 13:23:00,Node A,30.03,7.24,5.5,0.18,0.08,-0.5,False,False,False,False,False,True
2026-06-13 13:23:00,Node B,30.97,7.04,18.5,-0.08,-0.01,1.6,False,False,False,False,True,True
2026-06-13 13:38:00,Node A,30.18,7.31,5.8,0.15,0.07,0.3,False,False,False,False,False,True
2026-06-13 13:38:00,Node B,31.19,7.0,20.6,0.22,-0.04,2.1,False,False,False,False,True,True
2026-06-13 13:53:00,Node A,30.4,7.3,5.7,0.22,-0.01,-0.1,False,False,False,False,False,True
2026-06-13 13:53:00,Node B,31.29,7.01,20.7,0.1,0.01,0.1,False,False,False,False,True,True
2026-06-13 14:08:00,Node A,30.36,7.3,5.6,-0.04,0.0,-0.1,False,False,False,False,False,True
2026-06-13 14:08:00,Node B,31.29,6.26,20.0,0.0,-0.75,-0.7,False,True,False,True,True,False
2026-06-13 14:38:00,Node A,30.46,7.34,5.4,,,,True,False,False,False,False,False
2026-06-13 14:38:00,Node B,31.42,6.27,17.9,,,,True,True,False,True,True,False
2026-06-13 14:53:00,Node A,30.4,7.32,5.7,-0.06,-0.02,0.3,False,False,False,False,False,True
2026-06-13 14:53:00,Node B,31.52,6.37,17.8,0.1,0.1,-0.1,False,True,False,True,True,False
2026-06-13 15:08:00,Node A,30.4,7.35,5.5,0.0,0.03,-0.2,False,False,False,False,False,True
2026-06-13 15:08:00,Node B,31.36,6.49,17.9,-0.16,0.12,0.1,False,True,False,True,False,False
2026-06-13 15:23:00,Node A,30.51,7.4,6.6,0.11,0.05,1.1,False,False,False,False,False,True
2026-06-13 15:23:00,Node B,31.34,6.6,17.8,-0.02,0.11,-0.1,False,False,False,False,False,True
2026-06-13 15:38:00,Node A,30.48,7.39,8.8,-0.03,-0.01,2.2,False,False,False,False,False,True
2026-06-13 15:38:00,Node B,31.29,6.65,17.3,-0.05,0.05,-0.5,False,False,False,False,False,True
2026-06-13 15:53:00,Node A,30.46,7.37,8.6,-0.02,-0.02,-0.2,False,False,False,False,False,True
2026-06-13 15:53:00,Node B,31.32,6.79,16.5,0.03,0.14,-0.8,False,False,False,False,False,True
2026-06-13 16:08:00,Node A,30.25,7.39,9.1,-0.21,0.02,0.5,False,False,False,False,False,True
2026-06-13 16:08:00,Node B,31.34,6.88,16.0,0.02,0.09,-0.5,False,False,False,False,False,True
2026-06-13 16:23:00,Node A,30.24,7.41,8.7,-0.01,0.02,-0.4,False,False,False,False,False,True
2026-06-13 16:23:00,Node B,31.28,6.95,16.2,-0.06,0.07,0.2,False,False,False,False,False,True
2026-06-13 16:53:00,Node A,29.96,7.98,8.7,,,,True,False,False,False,False,False
2026-06-13 16:53:00,Node B,31.1,7.12,16.1,,,,True,False,False,False,False,False
2026-06-13 17:08:00,Node A,29.93,7.97,8.3,-0.03,-0.01,-0.4,False,False,False,False,False,True
2026-06-13 17:08:00,Node B,31.01,7.12,15.5,-0.09,0.0,-0.6,False,False,False,False,False,True
2026-06-13 17:23:00,Node A,29.9,8.0,8.1,-0.03,0.03,-0.2,False,False,False,False,False,True
2026-06-13 17:23:00,Node B,31.0,7.11,15.5,-0.01,-0.01,0.0,False,False,False,False,False,True
2026-06-13 17:38:00,Node A,29.87,7.84,8.0,-0.03,-0.16,-0.1,False,False,False,False,False,True
2026-06-13 17:38:00,Node B,31.02,7.11,15.6,0.02,0.0,0.1,False,False,False,False,False,True
2026-06-13 18:08:00,Node A,29.73,7.59,7.5,,,,True,False,False,False,False,False
2026-06-13 18:08:00,Node B,30.55,7.07,15.1,,,,True,False,False,False,False,False
2026-06-13 18:38:00,Node A,29.42,7.38,7.2,,,,True,False,False,False,False,False
2026-06-13 18:38:00,Node B,30.48,7.05,14.8,,,,True,False,False,False,False,False
2026-06-13 18:53:00,Node A,29.36,7.37,6.8,-0.06,-0.01,-0.4,False,False,False,False,False,True
2026-06-13 18:53:00,Node B,30.35,7.05,14.3,-0.13,0.0,-0.5,False,False,False,False,False,True
2026-06-13 19:08:00,Node A,29.27,7.36,6.5,-0.09,-0.01,-0.3,False,False,False,False,False,True
2026-06-13 19:08:00,Node B,30.28,7.05,15.0,-0.07,0.0,0.7,False,False,False,False,True,True
2026-06-13 19:23:00,Node A,29.18,7.37,6.7,-0.09,0.01,0.2,False,False,False,False,False,True
2026-06-13 19:23:00,Node B,30.05,7.0,16.8,-0.23,-0.05,1.8,False,False,False,False,True,True
2026-06-13 19:38:00,Node A,29.36,7.35,6.9,0.18,-0.02,0.2,False,False,False,False,False,True
2026-06-13 19:38:00,Node B,29.78,7.01,19.1,-0.27,0.01,2.3,False,False,False,False,True,True
2026-06-13 19:53:00,Node A,29.4,7.43,7.1,0.04,0.08,0.2,False,False,False,False,False,True
2026-06-13 19:53:00,Node B,29.38,6.99,22.0,-0.4,-0.02,2.9,False,False,False,False,True,True
2026-06-13 20:08:00,Node A,29.37,7.62,7.5,-0.03,0.19,0.4,False,False,False,False,False,True
2026-06-13 20:08:00,Node B,28.61,6.85,25.3,-0.77,-0.14,3.3,False,True,False,True,True,False
2026-06-13 20:23:00,Node A,29.26,7.87,8.1,-0.11,0.25,0.6,False,False,False,False,False,True
2026-06-13 20:23:00,Node B,27.86,6.63,25.0,-0.75,-0.22,-0.3,False,False,False,False,True,True
2026-06-13 20:38:00,Node A,29.21,8.14,8.1,-0.05,0.27,0.0,False,False,False,False,False,True
2026-06-13 20:38:00,Node B,27.67,6.29,25.3,-0.19,-0.34,0.3,False,True,False,True,True,False
2026-06-13 20:53:00,Node A,29.07,8.15,8.5,-0.14,0.01,0.4,False,False,False,False,False,True
2026-06-13 20:53:00,Node B,27.63,5.9,25.4,-0.04,-0.39,0.1,False,True,False,True,True,False
2026-06-13 22:23:00,Node A,28.84,8.0,9.7,,,,True,False,False,False,False,False
2026-06-13 22:23:00,Node B,27.33,6.25,17.4,,,,True,True,False,True,True,False
2026-06-13 22:38:00,Node A,28.71,7.95,9.7,-0.13,-0.05,0.0,False,False,False,False,False,True
2026-06-13 22:38:00,Node B,27.27,6.38,16.1,-0.06,0.13,-1.3,False,True,False,True,False,False
2026-06-13 22:53:00,Node A,28.64,7.88,9.9,-0.07,-0.07,0.2,False,False,False,False,False,True
2026-06-13 22:53:00,Node B,27.37,6.51,14.5,0.1,0.13,-1.6,False,False,False,False,False,True
2026-06-14 00:08:00,Node A,28.32,7.56,9.3,,,,True,False,False,False,False,False
2026-06-14 00:08:00,Node B,27.43,6.91,14.5,,,,True,False,False,False,False,False
2026-06-14 00:23:00,Node A,28.1,7.54,9.1,-0.22,-0.02,-0.2,False,False,False,False,False,True
2026-06-14 00:23:00,Node B,27.35,6.9,14.7,-0.08,-0.01,0.2,False,False,False,False,False,True
2026-06-14 00:38:00,Node A,27.9,7.53,8.7,-0.2,-0.01,-0.4,False,False,False,False,False,True
2026-06-14 00:38:00,Node B,27.32,6.89,14.5,-0.03,-0.01,-0.2,False,False,False,False,False,True
2026-06-14 00:53:00,Node A,27.84,7.44,8.5,-0.06,-0.09,-0.2,False,False,False,False,False,True
2026-06-14 00:53:00,Node B,27.24,6.9,14.4,-0.08,0.01,-0.1,False,False,False,False,False,True
2026-06-14 01:08:00,Node A,27.78,7.38,8.3,-0.06,-0.06,-0.2,False,False,False,False,False,True
2026-06-14 01:08:00,Node B,27.26,6.92,14.1,0.02,0.02,-0.3,False,False,False,False,False,True
2026-06-14 01:23:00,Node A,27.68,7.3,8.0,-0.1,-0.08,-0.3,False,False,False,False,False,True
2026-06-14 01:23:00,Node B,27.27,6.93,13.8,0.01,0.01,-0.3,False,False,False,False,False,True
2026-06-14 01:38:00,Node A,27.52,7.19,7.5,-0.16,-0.11,-0.5,False,False,False,False,False,True
2026-06-14 01:38:00,Node B,27.29,6.91,14.0,0.02,-0.02,0.2,False,False,False,False,False,True
2026-06-14 01:53:00,Node A,27.49,7.15,7.2,-0.03,-0.04,-0.3,False,False,False,False,False,True
2026-06-14 01:53:00,Node B,27.11,6.93,13.8,-0.18,0.02,-0.2,False,False,False,False,False,True
2026-06-14 02:08:00,Node A,27.43,7.14,7.0,-0.06,-0.01,-0.2,False,False,False,False,False,True
2026-06-14 02:08:00,Node B,26.93,6.93,14.1,-0.18,0.0,0.3,False,False,False,False,False,True
2026-06-14 02:23:00,Node A,27.4,7.14,7.6,-0.03,0.0,0.6,False,False,False,False,False,True
2026-06-14 02:23:00,Node B,26.91,6.92,14.3,-0.02,-0.01,0.2,False,False,False,False,False,True
2026-06-14 02:38:00,Node A,27.37,7.15,7.6,-0.03,0.01,0.0,False,False,False,False,False,True
2026-06-14 02:38:00,Node B,26.75,6.86,14.6,-0.16,-0.06,0.3,False,False,False,False,False,True
2026-06-14 02:53:00,Node A,27.28,7.13,7.5,-0.09,-0.02,-0.1,False,False,False,False,False,True
2026-06-14 02:53:00,Node B,26.77,6.83,14.5,0.02,-0.03,-0.1,False,False,False,False,False,True
2026-06-14 03:08:00,Node A,27.3,7.16,7.2,0.02,0.03,-0.3,False,False,False,False,False,True
2026-06-14 03:08:00,Node B,26.67,6.84,14.6,-0.1,0.01,0.1,False,False,False,False,False,True
2026-06-14 03:23:00,Node A,27.16,7.14,7.2,-0.14,-0.02,0.0,False,False,False,False,False,True
2026-06-14 03:23:00,Node B,26.67,6.88,14.3,0.0,0.04,-0.3,False,False,False,False,False,True
2026-06-14 03:53:00,Node A,27.22,7.15,6.9,,,,True,False,False,False,False,False
2026-06-14 03:53:00,Node B,26.73,6.89,14.1,,,,True,False,False,False,False,False
2026-06-14 04:08:00,Node A,27.16,7.22,7.6,-0.06,0.07,0.7,False,False,False,False,False,True
2026-06-14 04:08:00,Node B,26.92,6.92,14.3,0.19,0.03,0.2,False,False,False,False,False,True
2026-06-14 04:23:00,Node A,27.09,7.46,8.0,-0.07,0.24,0.4,False,False,False,False,False,True
2026-06-14 04:23:00,Node B,27.02,6.9,14.1,0.1,-0.02,-0.2,False,False,False,False,False,True
2026-06-14 04:38:00,Node A,27.24,7.73,8.6,0.15,0.27,0.6,False,False,False,False,False,True
2026-06-14 04:38:00,Node B,27.03,6.92,14.1,0.01,0.02,0.0,False,False,False,False,False,True
2026-06-14 04:53:00,Node A,27.29,7.99,8.6,0.05,0.26,0.0,False,False,False,False,False,True
2026-06-14 04:53:00,Node B,27.18,6.93,14.2,0.15,0.01,0.1,False,False,False,False,False,True
2026-06-14 05:23:00,Node A,27.43,7.97,8.4,,,,True,False,False,False,False,False
2026-06-14 05:23:00,Node B,27.2,6.95,14.2,,,,True,False,False,False,False,False
2026-06-14 05:38:00,Node A,27.53,8.01,8.5,0.1,0.04,0.1,False,False,False,False,False,True
2026-06-14 05:38:00,Node B,27.29,6.95,14.1,0.09,0.0,-0.1,False,False,False,False,False,True
2026-06-14 05:53:00,Node A,27.71,8.0,8.6,0.18,-0.01,0.1,False,False,False,False,False,True
2026-06-14 05:53:00,Node B,27.2,6.93,14.2,-0.09,-0.02,0.1,False,False,False,False,False,True
2026-06-14 06:08:00,Node A,27.8,7.94,8.7,0.09,-0.06,0.1,False,False,False,False,False,True
2026-06-14 06:08:00,Node B,27.26,6.94,14.1,0.06,0.01,-0.1,False,False,False,False,False,True
2026-06-14 06:23:00,Node A,28.0,7.95,8.6,0.2,0.01,-0.1,False,False,False,False,False,True
2026-06-14 06:23:00,Node B,27.44,6.96,14.1,0.18,0.02,0.0,False,False,False,False,False,True
2026-06-14 06:38:00,Node A,28.24,7.9,9.1,0.24,-0.05,0.5,False,False,False,False,False,True
2026-06-14 06:38:00,Node B,27.62,6.96,14.2,0.18,0.0,0.1,False,False,False,False,False,True
2026-06-14 06:53:00,Node A,28.3,7.88,8.7,0.06,-0.02,-0.4,False,False,False,False,False,True
2026-06-14 06:53:00,Node B,27.83,6.97,14.8,0.21,0.01,0.6,False,False,False,False,False,True
2026-06-14 07:08:00,Node A,28.58,7.84,8.8,0.28,-0.04,0.1,False,False,False,False,False,True
2026-06-14 07:08:00,Node B,27.98,6.98,14.8,0.15,0.01,0.0,False,False,False,False,False,True
2026-06-14 07:23:00,Node A,28.7,7.76,8.8,0.12,-0.08,0.0,False,False,False,False,False,True
2026-06-14 07:23:00,Node B,28.15,6.97,14.9,0.17,-0.01,0.1,False,False,False,False,False,True
2026-06-14 07:38:00,Node A,28.77,7.73,8.8,0.07,-0.03,0.0,False,False,False,False,False,True
2026-06-14 07:38:00,Node B,28.27,6.94,15.0,0.12,-0.03,0.1,False,False,False,False,False,True
2026-06-14 07:53:00,Node A,28.86,7.72,8.6,0.09,-0.01,-0.2,False,False,False,False,False,True
2026-06-14 07:53:00,Node B,28.44,6.95,15.0,0.17,0.01,0.0,False,False,False,False,False,True
2026-06-14 08:08:00,Node A,28.95,7.66,8.4,0.09,-0.06,-0.2,False,False,False,False,False,True
2026-06-14 08:08:00,Node B,28.64,6.95,14.9,0.2,0.0,-0.1,False,False,False,False,False,True
2026-06-14 08:23:00,Node A,29.1,7.61,8.0,0.15,-0.05,-0.4,False,False,False,False,False,True
2026-06-14 08:23:00,Node B,28.82,6.99,14.9,0.18,0.04,0.0,False,False,False,False,False,True
2026-06-14 08:38:00,Node A,29.16,7.53,7.9,0.06,-0.08,-0.1,False,False,False,False,False,True
2026-06-14 08:38:00,Node B,29.1,6.98,14.9,0.28,-0.01,0.0,False,False,False,False,False,True
2026-06-14 08:53:00,Node A,29.31,7.47,7.6,0.15,-0.06,-0.3,False,False,False,False,False,True
2026-06-14 08:53:00,Node B,29.08,7.0,14.8,-0.02,0.02,-0.1,False,False,False,False,False,True
2026-06-14 09:08:00,Node A,29.45,7.43,7.4,0.14,-0.04,-0.2,False,False,False,False,False,True
2026-06-14 09:08:00,Node B,29.11,7.02,14.6,0.03,0.02,-0.2,False,False,False,False,False,True
2026-06-14 10:53:00,Node A,30.16,7.29,7.6,,,,True,False,False,False,False,False
2026-06-14 10:53:00,Node B,30.39,7.01,15.1,,,,True,False,False,False,False,False
2026-06-14 11:08:00,Node A,30.44,7.32,7.7,0.28,0.03,0.1,False,False,False,False,False,True
2026-06-14 11:08:00,Node B,30.56,7.01,15.2,0.17,0.0,0.1,False,False,False,False,False,True
2026-06-14 11:23:00,Node A,30.54,7.3,7.2,0.1,-0.02,-0.5,False,False,False,False,False,True
2026-06-14 11:23:00,Node B,30.63,7.03,15.1,0.07,0.02,-0.1,False,False,False,False,False,True
2026-06-14 11:38:00,Node A,30.52,7.3,7.3,-0.02,0.0,0.1,False,False,False,False,False,True
2026-06-14 11:38:00,Node B,30.76,7.05,15.0,0.13,0.02,-0.1,False,False,False,False,False,True
2026-06-14 11:53:00,Node A,30.55,7.3,7.4,0.03,0.0,0.1,False,False,False,False,False,True
2026-06-14 11:53:00,Node B,30.91,7.05,14.7,0.15,0.0,-0.3,False,False,False,False,False,True
2026-06-14 12:08:00,Node A,30.54,7.33,7.0,-0.01,0.03,-0.4,False,False,False,False,False,True
2026-06-14 12:08:00,Node B,30.84,7.04,14.7,-0.07,-0.01,0.0,False,False,False,False,False,True
2026-06-14 12:23:00,Node A,30.72,7.31,7.2,0.18,-0.02,0.2,False,False,False,False,False,True
2026-06-14 12:23:00,Node B,30.93,7.01,14.9,0.09,-0.03,0.2,False,False,False,False,False,True
2026-06-14 12:38:00,Node A,30.89,7.33,7.6,0.17,0.02,0.4,False,False,False,False,False,True
2026-06-14 12:38:00,Node B,30.95,7.03,15.2,0.02,0.02,0.3,False,False,False,False,False,True
2026-06-14 12:53:00,Node A,30.94,7.33,7.3,0.05,0.0,-0.3,False,False,False,False,False,True
2026-06-14 12:53:00,Node B,31.2,7.03,15.3,0.25,0.0,0.1,False,False,False,False,False,True
2026-06-14 13:08:00,Node A,30.89,7.35,7.2,-0.05,0.02,-0.1,False,False,False,False,False,True
2026-06-14 13:08:00,Node B,31.31,7.04,14.8,0.11,0.01,-0.5,False,False,False,False,False,True
2026-06-14 13:23:00,Node A,31.01,7.35,7.1,0.12,0.0,-0.1,False,False,False,False,False,True
2026-06-14 13:23:00,Node B,31.13,7.05,14.6,-0.18,0.01,-0.2,False,False,False,False,False,True
2026-06-14 13:38:00,Node A,31.01,7.37,6.8,0.0,0.02,-0.3,False,False,False,False,False,True
2026-06-14 13:38:00,Node B,31.29,7.06,14.5,0.16,0.01,-0.1,False,False,False,False,False,True
2026-06-14 13:53:00,Node A,31.03,7.36,7.0,0.02,-0.01,0.2,False,False,False,False,False,True
2026-06-14 13:53:00,Node B,31.27,7.08,14.4,-0.02,0.02,-0.1,False,False,False,False,False,True
2026-06-14 14:08:00,Node A,31.02,7.36,7.1,-0.01,0.0,0.1,False,False,False,False,False,True
2026-06-14 14:08:00,Node B,31.4,7.07,14.7,0.13,-0.01,0.3,False,False,False,False,False,True
2026-06-14 14:23:00,Node A,31.06,7.37,7.2,0.04,0.01,0.1,False,False,False,False,False,True
2026-06-14 14:23:00,Node B,31.38,7.07,15.1,-0.02,0.0,0.4,False,False,False,False,False,True
2026-06-14 14:38:00,Node A,31.02,7.36,7.4,-0.04,-0.01,0.2,False,False,False,False,False,True
2026-06-14 14:38:00,Node B,31.55,7.08,15.1,0.17,0.01,0.0,False,False,False,False,False,True
2026-06-14 14:53:00,Node A,30.92,7.4,7.4,-0.1,0.04,0.0,False,False,False,False,False,True
2026-06-14 14:53:00,Node B,31.48,7.08,15.1,-0.07,0.0,0.0,False,False,False,False,False,True
2026-06-14 15:08:00,Node A,30.8,7.39,6.9,-0.12,-0.01,-0.5,False,False,False,False,False,True
2026-06-14 15:08:00,Node B,31.54,7.08,15.3,0.06,0.0,0.2,False,False,False,False,False,True
2026-06-14 15:23:00,Node A,30.83,7.36,6.9,0.03,-0.03,0.0,False,False,False,False,False,True
2026-06-14 15:23:00,Node B,31.51,7.08,15.3,-0.03,0.0,0.0,False,False,False,False,False,True
2026-06-14 15:38:00,Node A,30.72,7.35,7.3,-0.11,-0.01,0.4,False,False,False,False,False,True
2026-06-14 15:38:00,Node B,31.28,7.08,15.2,-0.23,0.0,-0.1,False,False,False,False,False,True
2026-06-14 15:53:00,Node A,30.69,7.34,7.4,-0.03,-0.01,0.1,False,False,False,False,False,True
2026-06-14 15:53:00,Node B,31.29,7.06,15.2,0.01,-0.02,0.0,False,False,False,False,False,True
2026-06-14 16:08:00,Node A,30.58,7.38,7.7,-0.11,0.04,0.3,False,False,False,False,False,True
2026-06-14 16:08:00,Node B,31.3,7.03,15.4,0.01,-0.03,0.2,False,False,False,False,False,True
2026-06-14 16:23:00,Node A,30.51,7.38,7.6,-0.07,0.0,-0.1,False,False,False,False,False,True
2026-06-14 16:23:00,Node B,31.19,7.08,15.6,-0.11,0.05,0.2,False,False,False,False,False,True
2026-06-14 16:38:00,Node A,30.6,7.36,7.0,0.09,-0.02,-0.6,False,False,False,False,False,True
2026-06-14 16:38:00,Node B,31.17,7.11,15.7,-0.02,0.03,0.1,False,False,False,False,False,True
2026-06-14 17:08:00,Node A,30.26,7.38,7.4,,,,True,False,False,False,False,False
2026-06-14 17:08:00,Node B,31.14,7.06,15.3,,,,True,False,False,False,False,False
2026-06-14 17:23:00,Node A,30.15,7.36,7.3,-0.11,-0.02,-0.1,False,False,False,False,False,True
2026-06-14 17:23:00,Node B,31.05,7.05,15.6,-0.09,-0.01,0.3,False,False,False,False,False,True
2026-06-14 17:53:00,Node A,30.16,7.39,7.0,,,,True,False,False,False,False,False
2026-06-14 17:53:00,Node B,30.84,7.13,15.4,,,,True,False,False,False,False,False
2026-06-14 18:08:00,Node A,30.04,7.39,7.3,-0.12,0.0,0.3,False,False,False,False,False,True
2026-06-14 18:08:00,Node B,30.79,7.13,15.4,-0.05,0.0,0.0,False,False,False,False,False,True
2026-06-14 18:23:00,Node A,29.85,7.38,7.4,-0.19,-0.01,0.1,False,False,False,False,False,True
2026-06-14 18:23:00,Node B,30.69,7.11,15.4,-0.1,-0.02,0.0,False,False,False,False,False,True
2026-06-14 18:38:00,Node A,29.67,7.38,7.6,-0.18,0.0,0.2,False,False,False,False,False,True
2026-06-14 18:38:00,Node B,30.55,7.1,15.6,-0.14,-0.01,0.2,False,False,False,False,False,True
2026-06-14 18:53:00,Node A,29.43,7.37,7.9,-0.24,-0.01,0.3,False,False,False,False,False,True
2026-06-14 18:53:00,Node B,30.4,7.12,16.0,-0.15,0.02,0.4,False,False,False,False,False,True
2026-06-14 19:23:00,Node A,29.16,7.31,8.5,,,,True,False,False,False,False,False
2026-06-14 19:23:00,Node B,30.03,7.06,15.9,,,,True,False,False,False,False,False
2026-06-14 19:53:00,Node A,28.8,7.31,8.6,,,,True,False,False,False,True,False
2026-06-14 19:53:00,Node B,29.86,7.04,16.1,,,,True,False,False,False,False,False
2026-06-14 20:08:00,Node A,28.81,7.28,10.3,0.01,-0.03,1.7,False,False,False,False,True,True
2026-06-14 20:08:00,Node B,29.68,7.05,16.0,-0.18,0.01,-0.1,False,False,False,False,False,True
2026-06-14 20:23:00,Node A,28.79,7.29,12.0,-0.02,0.01,1.7,False,False,False,False,True,True
2026-06-14 20:23:00,Node B,29.45,7.01,16.1,-0.23,-0.04,0.1,False,False,False,False,False,True
2026-06-14 20:53:00,Node A,28.64,6.37,12.5,,,,True,True,False,True,True,False
2026-06-14 20:53:00,Node B,29.15,7.01,16.1,,,,True,False,False,False,False,False
2026-06-14 21:08:00,Node A,28.5,6.36,12.6,-0.14,-0.01,0.1,False,True,False,True,True,False
2026-06-14 21:08:00,Node B,29.03,7.02,15.9,-0.12,0.01,-0.2,False,False,False,False,False,True
2026-06-14 21:23:00,Node A,28.41,6.39,12.1,-0.09,0.03,-0.5,False,True,False,True,False,False
2026-06-14 21:23:00,Node B,28.99,6.99,15.8,-0.04,-0.03,-0.1,False,False,False,False,False,True
2026-06-14 21:38:00,Node A,28.15,6.57,12.6,-0.26,0.18,0.5,False,False,False,False,False,True
2026-06-14 21:38:00,Node B,28.98,6.97,15.9,-0.01,-0.02,0.1,False,False,False,False,False,True
2026-06-14 21:53:00,Node A,28.07,6.73,13.1,-0.08,0.16,0.5,False,False,False,False,False,True
2026-06-14 21:53:00,Node B,28.76,6.96,15.6,-0.22,-0.01,-0.3,False,False,False,False,False,True
2026-06-14 22:08:00,Node A,27.94,6.9,14.1,-0.13,0.17,1.0,False,False,False,False,False,True
2026-06-14 22:08:00,Node B,28.72,6.95,15.9,-0.04,-0.01,0.3,False,False,False,False,False,True
2026-06-14 22:53:00,Node A,27.61,7.92,13.9,,,,True,False,False,False,False,False
2026-06-14 22:53:00,Node B,28.25,6.96,16.2,,,,True,False,False,False,False,False
2026-06-14 23:08:00,Node A,27.66,7.92,13.6,0.05,0.0,-0.3,False,False,False,False,False,True
2026-06-14 23:08:00,Node B,28.03,6.97,15.9,-0.22,0.01,-0.3,False,False,False,False,False,True
2026-06-14 23:38:00,Node A,27.24,7.9,12.3,,,,True,False,False,False,False,False
2026-06-14 23:38:00,Node B,27.68,6.93,16.5,,,,True,False,False,False,False,False
2026-06-14 23:53:00,Node A,27.17,7.87,11.7,-0.07,-0.03,-0.6,False,False,False,False,False,True
2026-06-14 23:53:00,Node B,27.55,6.93,18.0,-0.13,0.0,1.5,False,False,False,False,True,True
2026-06-15 00:08:00,Node A,27.03,7.74,10.6,-0.14,-0.13,-1.1,False,False,False,False,False,True
2026-06-15 00:08:00,Node B,27.06,6.9,19.3,-0.49,-0.03,1.3,False,False,False,False,True,True
2026-06-15 00:23:00,Node A,26.97,7.68,10.0,-0.06,-0.06,-0.6,False,False,False,False,False,True
2026-06-15 00:23:00,Node B,26.15,6.9,20.5,-0.91,0.0,1.2,False,False,False,False,True,True
2026-06-15 00:38:00,Node A,26.96,7.57,9.7,-0.01,-0.11,-0.3,False,False,False,False,False,True
2026-06-15 00:38:00,Node B,26.02,6.69,22.5,-0.13,-0.21,2.0,False,False,False,False,True,True
2026-06-15 00:53:00,Node A,26.86,7.49,8.9,-0.1,-0.08,-0.8,False,False,False,False,False,True
2026-06-15 00:53:00,Node B,25.94,6.31,22.5,-0.08,-0.38,0.0,False,True,False,True,True,False
2026-06-15 01:08:00,Node A,26.77,7.41,8.7,-0.09,-0.08,-0.2,False,False,False,False,False,True
2026-06-15 01:08:00,Node B,25.92,5.9,22.2,-0.02,-0.41,-0.3,False,True,False,True,True,False
2026-06-15 02:23:00,Node A,26.61,7.17,8.3,,,,True,False,False,False,False,False
2026-06-15 02:23:00,Node B,24.71,6.19,31.1,,,,True,True,False,True,True,False
2026-06-15 02:38:00,Node A,26.45,7.15,9.0,-0.16,-0.02,0.7,False,False,False,False,True,True
2026-06-15 02:38:00,Node B,24.85,6.33,30.8,0.14,0.14,-0.3,False,True,False,True,True,False
2026-06-15 02:53:00,Node A,26.65,7.14,10.1,0.2,-0.01,1.1,False,False,False,False,True,True
2026-06-15 02:53:00,Node B,24.93,6.33,30.2,0.08,0.0,-0.6,False,True,False,True,True,False
2026-06-15 03:08:00,Node A,26.69,7.19,11.6,0.04,0.05,1.5,False,False,False,False,True,True
2026-06-15 03:08:00,Node B,25.25,6.27,29.9,0.32,-0.06,-0.3,False,True,False,True,True,False
2026-06-15 03:23:00,Node A,26.79,7.21,12.9,0.1,0.02,1.3,False,False,False,False,True,True
2026-06-15 03:23:00,Node B,25.63,5.94,28.9,0.38,-0.33,-1.0,False,True,False,True,True,False
2026-06-15 04:38:00,Node A,26.95,6.42,12.5,,,,True,True,False,True,False,False
2026-06-15 04:38:00,Node B,26.85,6.06,22.7,,,,True,True,False,True,True,False
2026-06-15 04:53:00,Node A,27.0,6.53,12.1,0.05,0.11,-0.4,False,False,False,False,False,True
2026-06-15 04:53:00,Node B,27.18,6.12,21.8,0.33,0.06,-0.9,False,True,False,True,True,False
2026-06-15 05:08:00,Node A,26.66,6.64,11.8,-0.34,0.11,-0.3,False,False,False,False,False,True
2026-06-15 05:08:00,Node B,27.13,6.21,20.8,-0.05,0.09,-1.0,False,True,False,True,True,False
2026-06-15 05:23:00,Node A,26.71,6.79,11.3,0.05,0.15,-0.5,False,False,False,False,False,True
2026-06-15 05:23:00,Node B,27.23,6.32,19.8,0.1,0.11,-1.0,False,True,False,True,True,False
2026-06-15 05:38:00,Node A,26.86,6.92,10.9,0.15,0.13,-0.4,False,False,False,False,False,True
2026-06-15 05:38:00,Node B,27.32,6.42,19.1,0.09,0.1,-0.7,False,True,False,True,False,False
2026-06-15 05:53:00,Node A,27.06,7.09,10.6,0.2,0.17,-0.3,False,False,False,False,False,True
2026-06-15 05:53:00,Node B,27.34,6.53,18.5,0.02,0.11,-0.6,False,False,False,False,False,True
2026-06-15 06:08:00,Node A,27.08,7.23,10.0,0.02,0.14,-0.6,False,False,False,False,False,True
2026-06-15 06:08:00,Node B,27.45,6.61,17.5,0.11,0.08,-1.0,False,False,False,False,False,True
2026-06-15 06:23:00,Node A,27.31,7.25,9.6,0.23,0.02,-0.4,False,False,False,False,False,True
2026-06-15 06:23:00,Node B,27.54,6.67,16.5,0.09,0.06,-1.0,False,False,False,False,False,True
2026-06-15 06:38:00,Node A,27.38,7.24,8.9,0.07,-0.01,-0.7,False,False,False,False,False,True
2026-06-15 06:38:00,Node B,27.72,6.74,17.0,0.18,0.07,0.5,False,False,False,False,False,True
2026-06-15 06:53:00,Node A,27.39,7.26,8.6,0.01,0.02,-0.3,False,False,False,False,False,True
2026-06-15 06:53:00,Node B,27.98,6.82,16.7,0.26,0.08,-0.3,False,False,False,False,False,True
2026-06-15 07:08:00,Node A,27.53,7.23,8.2,0.14,-0.03,-0.4,False,False,False,False,False,True
2026-06-15 07:08:00,Node B,28.17,6.92,17.0,0.19,0.1,0.3,False,False,False,False,False,True
2026-06-15 07:23:00,Node A,27.56,7.21,8.1,0.03,-0.02,-0.1,False,False,False,False,False,True
2026-06-15 07:23:00,Node B,28.25,6.94,17.1,0.08,0.02,0.1,False,False,False,False,False,True
2026-06-15 07:38:00,Node A,27.63,7.2,7.9,0.07,-0.01,-0.2,False,False,False,False,False,True
2026-06-15 07:38:00,Node B,28.57,6.93,17.1,0.32,-0.01,0.0,False,False,False,False,False,True
2026-06-15 07:53:00,Node A,27.7,7.25,7.9,0.07,0.05,0.0,False,False,False,False,False,True
2026-06-15 07:53:00,Node B,28.68,6.94,16.9,0.11,0.01,-0.2,False,False,False,False,False,True
2026-06-15 08:23:00,Node A,28.07,7.26,8.1,,,,True,False,False,False,False,False
2026-06-15 08:23:00,Node B,28.87,6.97,17.1,,,,True,False,False,False,False,False
2026-06-15 08:38:00,Node A,28.16,7.27,8.0,0.09,0.01,-0.1,False,False,False,False,False,True
2026-06-15 08:38:00,Node B,29.03,6.97,17.2,0.16,0.0,0.1,False,False,False,False,False,True
2026-06-15 08:53:00,Node A,28.32,7.27,7.7,0.16,0.0,-0.3,False,False,False,False,False,True
2026-06-15 08:53:00,Node B,29.19,7.0,17.6,0.16,0.03,0.4,False,False,False,False,False,True
2026-06-15 09:08:00,Node A,28.38,7.26,7.6,0.06,-0.01,-0.1,False,False,False,False,False,True
2026-06-15 09:08:00,Node B,29.35,7.02,17.4,0.16,0.02,-0.2,False,False,False,False,False,True
2026-06-15 09:23:00,Node A,28.63,7.29,7.8,0.25,0.03,0.2,False,False,False,False,False,True
2026-06-15 09:23:00,Node B,29.45,6.96,17.5,0.1,-0.06,0.1,False,False,False,False,False,True
2026-06-15 09:38:00,Node A,28.96,7.29,8.4,0.33,0.0,0.6,False,False,False,False,False,True
2026-06-15 09:38:00,Node B,29.61,6.97,17.3,0.16,0.01,-0.2,False,False,False,False,False,True
2026-06-15 09:53:00,Node A,29.13,7.31,8.3,0.17,0.02,-0.1,False,False,False,False,False,True
2026-06-15 09:53:00,Node B,29.67,6.93,17.4,0.06,-0.04,0.1,False,False,False,False,False,True
2026-06-15 10:08:00,Node A,29.11,7.3,8.4,-0.02,-0.01,0.1,False,False,False,False,False,True
2026-06-15 10:08:00,Node B,29.86,6.92,17.5,0.19,-0.01,0.1,False,False,False,False,False,True
2026-06-15 10:23:00,Node A,29.33,7.3,8.9,0.22,0.0,0.5,False,False,False,False,True,True
2026-06-15 10:23:00,Node B,29.96,6.92,17.6,0.1,0.0,0.1,False,False,False,False,False,True
2026-06-15 10:38:00,Node A,29.42,7.28,9.8,0.09,-0.02,0.9,False,False,False,False,True,True
2026-06-15 10:38:00,Node B,30.13,6.96,17.5,0.17,0.04,-0.1,False,False,False,False,False,True
2026-06-15 10:53:00,Node A,29.53,7.32,12.4,0.11,0.04,2.6,False,False,False,False,True,True
2026-06-15 10:53:00,Node B,30.24,6.95,17.4,0.11,-0.01,-0.1,False,False,False,False,False,True
2026-06-15 11:08:00,Node A,29.6,7.3,12.2,0.07,-0.02,-0.2,False,False,False,False,True,True
2026-06-15 11:08:00,Node B,30.23,6.98,17.5,-0.01,0.03,0.1,False,False,False,False,False,True
2026-06-15 11:23:00,Node A,29.81,6.49,12.1,0.21,-0.81,-0.1,False,True,False,True,False,False
2026-06-15 11:23:00,Node B,30.37,6.97,17.1,0.14,-0.01,-0.4,False,False,False,False,False,True
2026-06-15 11:38:00,Node A,29.79,6.53,12.4,-0.02,0.04,0.3,False,False,False,False,False,True
2026-06-15 11:38:00,Node B,30.55,7.0,17.1,0.18,0.03,0.0,False,False,False,False,False,True
2026-06-15 11:53:00,Node A,29.85,6.53,12.4,0.06,0.0,0.0,False,False,False,False,False,True
2026-06-15 11:53:00,Node B,30.65,6.98,17.2,0.1,-0.02,0.1,False,False,False,False,False,True
2026-06-15 12:08:00,Node A,29.83,6.53,12.6,-0.02,0.0,0.2,False,False,False,False,False,True
2026-06-15 12:08:00,Node B,30.72,7.0,17.0,0.07,0.02,-0.2,False,False,False,False,False,True
2026-06-15 12:23:00,Node A,29.94,6.63,12.7,0.11,0.1,0.1,False,False,False,False,False,True
2026-06-15 12:23:00,Node B,30.59,6.97,17.3,-0.13,-0.03,0.3,False,False,False,False,False,True
2026-06-15 12:38:00,Node A,30.04,6.78,12.8,0.1,0.15,0.1,False,False,False,False,False,True
2026-06-15 12:38:00,Node B,30.89,7.0,17.4,0.3,0.03,0.1,False,False,False,False,False,True
2026-06-15 12:53:00,Node A,30.11,6.88,12.3,0.07,0.1,-0.5,False,False,False,False,False,True
2026-06-15 12:53:00,Node B,31.1,6.99,17.8,0.21,-0.01,0.4,False,False,False,False,False,True
2026-06-15 13:08:00,Node A,30.07,6.98,12.5,-0.04,0.1,0.2,False,False,False,False,False,True
2026-06-15 13:08:00,Node B,31.29,7.03,17.7,0.19,0.04,-0.1,False,False,False,False,False,True
2026-06-15 13:23:00,Node A,30.15,7.08,12.2,0.08,0.1,-0.3,False,False,False,False,False,True
2026-06-15 13:23:00,Node B,31.48,7.03,17.6,0.19,0.0,-0.1,False,False,False,False,False,True
2026-06-15 13:38:00,Node A,30.18,7.19,11.5,0.03,0.11,-0.7,False,False,False,False,False,True
2026-06-15 13:38:00,Node B,31.64,7.05,18.3,0.16,0.02,0.7,False,False,False,False,False,True
2026-06-15 13:53:00,Node A,30.27,7.31,11.3,0.09,0.12,-0.2,False,False,False,False,False,True
2026-06-15 13:53:00,Node B,31.64,7.05,18.9,0.0,0.0,0.6,False,False,False,False,False,True
2026-06-15 14:08:00,Node A,30.33,7.35,10.6,0.06,0.04,-0.7,False,False,False,False,False,True
2026-06-15 14:08:00,Node B,31.6,7.11,19.4,-0.04,0.06,0.5,False,False,False,False,False,True
2026-06-15 14:23:00,Node A,30.47,7.35,10.6,0.14,0.0,0.0,False,False,False,False,False,True
2026-06-15 14:23:00,Node B,31.64,7.1,20.3,0.04,-0.01,0.9,False,False,False,False,False,True
2026-06-15 14:38:00,Node A,30.55,7.37,10.6,0.08,0.02,0.0,False,False,False,False,False,True
2026-06-15 14:38:00,Node B,31.63,7.1,21.5,-0.01,0.0,1.2,False,False,False,False,False,True
2026-06-15 14:53:00,Node A,30.55,7.38,10.6,0.0,0.01,0.0,False,False,False,False,False,True
2026-06-15 14:53:00,Node B,31.64,7.11,21.9,0.01,0.01,0.4,False,False,False,False,False,True
2026-06-15 15:08:00,Node A,30.57,7.37,10.4,0.02,-0.01,-0.2,False,False,False,False,False,True
2026-06-15 15:08:00,Node B,31.76,7.08,23.5,0.12,-0.03,1.6,False,False,False,False,False,True
2026-06-15 15:23:00,Node A,30.6,7.4,10.3,0.03,0.03,-0.1,False,False,False,False,False,True
2026-06-15 15:23:00,Node B,31.86,7.17,21.1,0.1,0.09,-2.4,False,False,False,False,False,True
2026-06-15 15:38:00,Node A,30.52,7.38,10.1,-0.08,-0.02,-0.2,False,False,False,False,False,True
2026-06-15 15:38:00,Node B,31.75,7.3,20.9,-0.11,0.13,-0.2,False,False,False,False,False,True
2026-06-15 15:53:00,Node A,30.59,7.4,9.9,0.07,0.02,-0.2,False,False,False,False,False,True
2026-06-15 15:53:00,Node B,31.68,7.41,21.1,-0.07,0.11,0.2,False,False,False,False,False,True
2026-06-15 16:08:00,Node A,30.52,7.41,9.7,-0.07,0.01,-0.2,False,False,False,False,False,True
2026-06-15 16:08:00,Node B,31.67,7.61,21.3,-0.01,0.2,0.2,False,False,False,False,False,True
2026-06-15 16:23:00,Node A,30.46,7.42,9.7,-0.06,0.01,0.0,False,False,False,False,False,True
2026-06-15 16:23:00,Node B,31.67,7.82,21.6,0.0,0.21,0.3,False,False,False,False,False,True
2026-06-15 16:38:00,Node A,30.4,7.41,9.6,-0.06,-0.01,-0.1,False,False,False,False,False,True
2026-06-15 16:38:00,Node B,31.72,8.05,21.6,0.05,0.23,0.0,False,False,False,False,False,True
2026-06-15 16:53:00,Node A,30.31,7.37,9.3,-0.09,-0.04,-0.3,False,False,False,False,False,True
2026-06-15 16:53:00,Node B,31.62,8.09,21.7,-0.1,0.04,0.1,False,False,False,False,False,True
2026-06-15 17:08:00,Node A,30.35,7.43,9.3,0.04,0.06,0.0,False,False,False,False,False,True
2026-06-15 17:08:00,Node B,31.63,8.1,21.9,0.01,0.01,0.2,False,False,False,False,False,True
2026-06-15 17:23:00,Node A,30.13,7.44,9.4,-0.22,0.01,0.1,False,False,False,False,False,True
2026-06-15 17:23:00,Node B,31.74,8.08,21.8,0.11,-0.02,-0.1,False,False,False,False,False,True
2026-06-15 17:38:00,Node A,29.99,7.43,9.5,-0.14,-0.01,0.1,False,False,False,False,False,True
2026-06-15 17:38:00,Node B,31.63,8.08,21.9,-0.11,0.0,0.1,False,False,False,False,True,True
2026-06-15 17:53:00,Node A,29.7,7.4,9.8,-0.29,-0.03,0.3,False,False,False,False,False,True
2026-06-15 17:53:00,Node B,31.66,7.93,21.6,0.03,-0.15,-0.3,False,False,False,False,True,True
2026-06-15 18:08:00,Node A,29.78,7.39,9.1,0.08,-0.01,-0.7,False,False,False,False,False,True
2026-06-15 18:08:00,Node B,31.58,7.78,22.4,-0.08,-0.15,0.8,False,False,False,False,True,True
2026-06-15 18:23:00,Node A,29.7,7.41,8.8,-0.08,0.02,-0.3,False,False,False,False,False,True
2026-06-15 18:23:00,Node B,31.51,7.62,23.9,-0.07,-0.16,1.5,False,False,False,False,True,True
2026-06-15 18:38:00,Node A,29.63,7.39,8.7,-0.07,-0.02,-0.1,False,False,False,False,False,True
2026-06-15 18:38:00,Node B,31.38,7.44,25.4,-0.13,-0.18,1.5,False,True,False,True,True,False
2026-06-15 18:53:00,Node A,29.5,7.39,8.4,-0.13,0.0,-0.3,False,False,False,False,False,True
2026-06-15 18:53:00,Node B,31.17,7.34,27.3,-0.21,-0.1,1.9,False,True,False,True,True,False
2026-06-15 19:08:00,Node A,29.39,7.36,8.2,-0.11,-0.03,-0.2,False,False,False,False,False,True
2026-06-15 19:08:00,Node B,30.81,6.38,27.2,-0.36,-0.96,-0.1,False,True,False,True,True,False
2026-06-15 19:23:00,Node A,29.23,7.39,8.8,-0.16,0.03,0.6,False,False,False,False,False,True
2026-06-15 19:23:00,Node B,30.79,6.22,26.9,-0.02,-0.16,-0.3,False,True,False,True,True,False
2026-06-15 19:38:00,Node A,29.14,7.35,9.1,-0.09,-0.04,0.3,False,False,False,False,False,True
2026-06-15 19:38:00,Node B,30.65,6.21,26.6,-0.14,-0.01,-0.3,False,True,False,True,True,False
2026-06-15 19:53:00,Node A,29.03,7.31,9.1,-0.11,-0.04,0.0,False,False,False,False,False,True
2026-06-15 19:53:00,Node B,30.58,6.2,26.3,-0.07,-0.01,-0.3,False,True,False,True,True,False
2026-06-15 20:08:00,Node A,29.0,7.28,9.2,-0.03,-0.03,0.1,False,False,False,False,False,True
2026-06-15 20:08:00,Node B,30.41,6.32,25.7,-0.17,0.12,-0.6,False,True,False,True,True,False
2026-06-15 20:23:00,Node A,28.9,7.33,9.5,-0.1,0.05,0.3,False,False,False,False,False,True
2026-06-15 20:23:00,Node B,30.18,6.4,25.0,-0.23,0.08,-0.7,False,True,False,True,True,False
2026-06-15 20:38:00,Node A,28.78,7.29,9.4,-0.12,-0.04,-0.1,False,False,False,False,False,True
2026-06-15 20:38:00,Node B,30.06,6.47,24.1,-0.12,0.07,-0.9,False,True,False,True,False,False
2026-06-15 20:53:00,Node A,28.61,7.31,9.4,-0.17,0.02,0.0,False,False,False,False,False,True
2026-06-15 20:53:00,Node B,29.8,6.55,23.4,-0.26,0.08,-0.7,False,False,False,False,False,True
2026-06-15 21:08:00,Node A,28.33,7.33,9.5,-0.28,0.02,0.1,False,False,False,False,False,True
2026-06-15 21:08:00,Node B,29.6,6.64,22.5,-0.2,0.09,-0.9,False,False,False,False,False,True
2026-06-15 21:23:00,Node A,28.27,7.32,9.5,-0.06,-0.01,0.0,False,False,False,False,False,True
2026-06-15 21:23:00,Node B,29.6,6.71,22.1,0.0,0.07,-0.4,False,False,False,False,False,True
2026-06-15 21:38:00,Node A,28.14,7.32,9.8,-0.13,0.0,0.3,False,False,False,False,False,True
2026-06-15 21:38:00,Node B,29.44,6.78,21.1,-0.16,0.07,-1.0,False,False,False,False,False,True
2026-06-15 21:53:00,Node A,28.02,7.31,9.8,-0.12,-0.01,0.0,False,False,False,False,False,True
2026-06-15 21:53:00,Node B,29.32,6.87,20.2,-0.12,0.09,-0.9,False,False,False,False,False,True
2026-06-15 22:08:00,Node A,27.95,7.31,9.8,-0.07,0.0,0.0,False,False,False,False,False,True
2026-06-15 22:08:00,Node B,29.21,6.94,19.3,-0.11,0.07,-0.9,False,False,False,False,False,True
2026-06-15 22:23:00,Node A,27.77,7.31,9.7,-0.18,0.0,-0.1,False,False,False,False,False,True
2026-06-15 22:23:00,Node B,28.93,6.92,18.4,-0.28,-0.02,-0.9,False,False,False,False,False,True
2026-06-15 22:38:00,Node A,27.82,7.28,9.7,0.05,-0.03,0.0,False,False,False,False,False,True
2026-06-15 22:38:00,Node B,28.79,6.91,17.7,-0.14,-0.01,-0.7,False,False,False,False,False,True
2026-06-15 22:53:00,Node A,27.64,7.26,9.1,-0.18,-0.02,-0.6,False,False,False,False,False,True
2026-06-15 22:53:00,Node B,28.51,6.9,16.7,-0.28,-0.01,-1.0,False,False,False,False,False,True
2026-06-15 23:08:00,Node A,27.46,7.28,9.2,-0.18,0.02,0.1,False,False,False,False,False,True
2026-06-15 23:08:00,Node B,28.46,6.89,16.2,-0.05,-0.01,-0.5,False,False,False,False,False,True
2026-06-15 23:23:00,Node A,27.45,7.28,9.2,-0.01,0.0,0.0,False,False,False,False,False,True
2026-06-15 23:23:00,Node B,28.36,6.9,15.5,-0.1,0.01,-0.7,False,False,False,False,False,True
2026-06-15 23:38:00,Node A,27.46,7.27,9.0,0.01,-0.01,-0.2,False,False,False,False,False,True
2026-06-15 23:38:00,Node B,28.16,6.92,15.0,-0.2,0.02,-0.5,False,False,False,False,False,True
2026-06-15 23:53:00,Node A,27.31,7.27,9.0,-0.15,0.0,0.0,False,False,False,False,False,True
2026-06-15 23:53:00,Node B,28.13,6.91,15.2,-0.03,-0.01,0.2,False,False,False,False,False,True
2026-06-16 00:08:00,Node A,27.27,7.25,9.5,-0.04,-0.02,0.5,False,False,False,False,False,True
2026-06-16 00:08:00,Node B,28.07,6.88,14.9,-0.06,-0.03,-0.3,False,False,False,False,False,True
2026-06-16 00:38:00,Node A,27.01,7.28,9.6,,,,True,False,False,False,False,False
2026-06-16 00:38:00,Node B,27.95,6.88,15.3,,,,True,False,False,False,False,False
2026-06-16 00:53:00,Node A,26.98,7.27,9.7,-0.03,-0.01,0.1,False,False,False,False,False,True
2026-06-16 00:53:00,Node B,27.67,6.88,15.1,-0.28,0.0,-0.2,False,False,False,False,False,True
2026-06-16 01:08:00,Node A,26.93,7.23,9.6,-0.05,-0.04,-0.1,False,False,False,False,False,True
2026-06-16 01:08:00,Node B,27.6,6.89,15.0,-0.07,0.01,-0.1,False,False,False,False,False,True
2026-06-16 01:23:00,Node A,26.74,7.21,9.7,-0.19,-0.02,0.1,False,False,False,False,False,True
2026-06-16 01:23:00,Node B,27.47,6.9,14.9,-0.13,0.01,-0.1,False,False,False,False,False,True
2026-06-16 01:38:00,Node A,26.74,7.22,10.2,0.0,0.01,0.5,False,False,False,False,False,True
2026-06-16 01:38:00,Node B,27.35,6.9,14.6,-0.12,0.0,-0.3,False,False,False,False,False,True
2026-06-16 01:53:00,Node A,26.73,7.19,10.2,-0.01,-0.03,0.0,False,False,False,False,False,True
2026-06-16 01:53:00,Node B,27.35,6.94,15.0,0.0,0.04,0.4,False,False,False,False,False,True
2026-06-16 02:23:00,Node A,26.75,7.21,9.8,,,,True,False,False,False,False,False
2026-06-16 02:23:00,Node B,27.3,6.91,15.0,,,,True,False,False,False,False,False
2026-06-16 02:38:00,Node A,26.64,7.19,9.6,-0.11,-0.02,-0.2,False,False,False,False,False,True
2026-06-16 02:38:00,Node B,27.15,6.89,15.3,-0.15,-0.02,0.3,False,False,False,False,False,True
2026-06-16 02:53:00,Node A,26.52,7.2,9.4,-0.12,0.01,-0.2,False,False,False,False,False,True
2026-06-16 02:53:00,Node B,27.04,6.9,15.3,-0.11,0.01,0.0,False,False,False,False,False,True
2026-06-16 03:08:00,Node A,26.59,7.21,9.8,0.07,0.01,0.4,False,False,False,False,False,True
2026-06-16 03:08:00,Node B,27.05,6.89,15.3,0.01,-0.01,0.0,False,False,False,False,False,True
2026-06-16 03:23:00,Node A,26.66,7.18,9.2,0.07,-0.03,-0.6,False,False,False,False,False,True
2026-06-16 03:23:00,Node B,27.17,6.9,15.3,0.12,0.01,0.0,False,False,False,False,False,True
2026-06-16 03:38:00,Node A,26.53,7.18,9.4,-0.13,0.0,0.2,False,False,False,False,False,True
2026-06-16 03:38:00,Node B,27.28,6.92,15.4,0.11,0.02,0.1,False,False,False,False,False,True
2026-06-16 03:53:00,Node A,26.64,7.17,9.6,0.11,-0.01,0.2,False,False,False,False,False,True
2026-06-16 03:53:00,Node B,27.16,6.9,15.5,-0.12,-0.02,0.1,False,False,False,False,False,True
2026-06-16 04:08:00,Node A,26.69,7.16,10.0,0.05,-0.01,0.4,False,False,False,False,False,True
2026-06-16 04:08:00,Node B,27.07,6.9,15.7,-0.09,0.0,0.2,False,False,False,False,False,True
2026-06-16 04:23:00,Node A,26.85,7.14,9.7,0.16,-0.02,-0.3,False,False,False,False,False,True
2026-06-16 04:23:00,Node B,26.94,6.9,15.5,-0.13,0.0,-0.2,False,False,False,False,False,True
2026-06-16 04:38:00,Node A,26.82,7.17,9.9,-0.03,0.03,0.2,False,False,False,False,False,True
2026-06-16 04:38:00,Node B,26.93,6.92,15.6,-0.01,0.02,0.1,False,False,False,False,False,True
2026-06-16 04:53:00,Node A,26.87,7.18,10.0,0.05,0.01,0.1,False,False,False,False,False,True
2026-06-16 04:53:00,Node B,27.19,6.88,15.7,0.26,-0.04,0.1,False,False,False,False,False,True
2026-06-16 05:08:00,Node A,26.89,7.19,9.6,0.02,0.01,-0.4,False,False,False,False,False,True
2026-06-16 05:08:00,Node B,27.28,6.88,15.8,0.09,0.0,0.1,False,False,False,False,False,True
2026-06-16 05:23:00,Node A,26.94,7.19,9.7,0.05,0.0,0.1,False,False,False,False,False,True
2026-06-16 05:23:00,Node B,27.52,6.85,15.6,0.24,-0.03,-0.2,False,False,False,False,False,True
2026-06-16 05:38:00,Node A,27.02,7.18,9.7,0.08,-0.01,0.0,False,False,False,False,False,True
2026-06-16 05:38:00,Node B,27.57,6.86,15.8,0.05,0.01,0.2,False,False,False,False,False,True
2026-06-16 05:53:00,Node A,27.15,7.15,9.6,0.13,-0.03,-0.1,False,False,False,False,False,True
2026-06-16 05:53:00,Node B,27.56,6.87,15.7,-0.01,0.01,-0.1,False,False,False,False,False,True
2026-06-16 06:08:00,Node A,27.26,7.16,9.8,0.11,0.01,0.2,False,False,False,False,False,True
2026-06-16 06:08:00,Node B,27.63,6.87,15.8,0.07,0.0,0.1,False,False,False,False,False,True
2026-06-16 06:23:00,Node A,27.4,7.16,9.8,0.14,0.0,0.0,False,False,False,False,False,True
2026-06-16 06:23:00,Node B,27.71,6.89,15.9,0.08,0.02,0.1,False,False,False,False,False,True
2026-06-16 06:38:00,Node A,27.36,7.18,9.9,-0.04,0.02,0.1,False,False,False,False,False,True
2026-06-16 06:38:00,Node B,27.65,6.9,16.0,-0.06,0.01,0.1,False,False,False,False,False,True
2026-06-16 06:53:00,Node A,27.35,7.16,9.9,-0.01,-0.02,0.0,False,False,False,False,False,True
2026-06-16 06:53:00,Node B,27.83,6.92,15.9,0.18,0.02,-0.1,False,False,False,False,False,True
2026-06-16 07:08:00,Node A,27.53,7.16,9.9,0.18,0.0,0.0,False,False,False,False,False,True
2026-06-16 07:08:00,Node B,28.08,6.92,16.0,0.25,0.0,0.1,False,False,False,False,False,True
2026-06-16 07:23:00,Node A,27.52,7.16,9.8,-0.01,0.0,-0.1,False,False,False,False,False,True
2026-06-16 07:23:00,Node B,28.31,6.93,15.5,0.23,0.01,-0.5,False,False,False,False,False,True
2026-06-16 07:38:00,Node A,27.85,7.17,9.8,0.33,0.01,0.0,False,False,False,False,False,True
2026-06-16 07:38:00,Node B,28.41,6.93,15.6,0.1,0.0,0.1,False,False,False,False,False,True
2026-06-16 07:53:00,Node A,27.8,7.17,9.7,-0.05,0.0,-0.1,False,False,False,False,False,True
2026-06-16 07:53:00,Node B,28.53,6.96,15.8,0.12,0.03,0.2,False,False,False,False,False,True
2026-06-16 08:08:00,Node A,27.9,7.19,9.7,0.1,0.02,0.0,False,False,False,False,False,True
2026-06-16 08:08:00,Node B,28.67,6.98,15.3,0.14,0.02,-0.5,False,False,False,False,False,True
2026-06-16 08:23:00,Node A,28.19,7.22,9.9,0.29,0.03,0.2,False,False,False,False,False,True
2026-06-16 08:23:00,Node B,28.78,6.96,15.5,0.11,-0.02,0.2,False,False,False,False,False,True
2026-06-16 08:38:00,Node A,28.22,7.22,10.1,0.03,0.0,0.2,False,False,False,False,False,True
2026-06-16 08:38:00,Node B,29.1,6.99,15.7,0.32,0.03,0.2,False,False,False,False,False,True
2026-06-16 08:53:00,Node A,28.46,7.25,10.3,0.24,0.03,0.2,False,False,False,False,False,True
2026-06-16 08:53:00,Node B,29.2,7.0,15.8,0.1,0.01,0.1,False,False,False,False,False,True
2026-06-16 10:08:00,Node A,29.19,7.27,10.0,,,,True,False,False,False,False,False
2026-06-16 10:08:00,Node B,30.08,6.97,16.0,,,,True,False,False,False,False,False
2026-06-16 10:23:00,Node A,29.31,7.31,9.8,0.12,0.04,-0.2,False,False,False,False,False,True
2026-06-16 10:23:00,Node B,30.31,6.98,16.1,0.23,0.01,0.1,False,False,False,False,False,True
2026-06-16 10:38:00,Node A,29.34,7.3,10.2,0.03,-0.01,0.4,False,False,False,False,False,True
2026-06-16 10:38:00,Node B,30.29,6.99,15.7,-0.02,0.01,-0.4,False,False,False,False,False,True
2026-06-16 10:53:00,Node A,29.43,7.29,9.9,0.09,-0.01,-0.3,False,False,False,False,False,True
2026-06-16 10:53:00,Node B,30.4,6.99,16.0,0.11,0.0,0.3,False,False,False,False,False,True
2026-06-16 11:08:00,Node A,29.54,7.28,10.0,0.11,-0.01,0.1,False,False,False,False,False,True
2026-06-16 11:08:00,Node B,30.58,6.99,16.1,0.18,0.0,0.1,False,False,False,False,False,True
2026-06-16 11:23:00,Node A,29.69,7.29,10.0,0.15,0.01,0.0,False,False,False,False,False,True
2026-06-16 11:23:00,Node B,30.81,6.99,16.3,0.23,0.0,0.2,False,False,False,False,False,True
2026-06-16 11:38:00,Node A,30.01,7.33,9.9,0.32,0.04,-0.1,False,False,False,False,False,True
2026-06-16 11:38:00,Node B,30.94,7.01,16.5,0.13,0.02,0.2,False,False,False,False,False,True
2026-06-16 11:53:00,Node A,29.97,7.33,10.1,-0.04,0.0,0.2,False,False,False,False,False,True
2026-06-16 11:53:00,Node B,30.99,7.01,16.3,0.05,0.0,-0.2,False,False,False,False,False,True
2026-06-16 12:08:00,Node A,30.05,7.28,9.7,0.08,-0.05,-0.4,False,False,False,False,False,True
2026-06-16 12:08:00,Node B,31.21,7.03,18.4,0.22,0.02,2.1,False,False,False,False,False,True
2026-06-16 12:23:00,Node A,30.12,7.26,10.1,0.07,-0.02,0.4,False,False,False,False,False,True
2026-06-16 12:23:00,Node B,31.48,7.05,22.3,0.27,0.02,3.9,False,False,False,False,True,True
2026-06-16 12:38:00,Node A,30.06,7.28,9.9,-0.06,0.02,-0.2,False,False,False,False,False,True
2026-06-16 12:38:00,Node B,31.64,7.05,21.9,0.16,0.0,-0.4,False,False,False,False,True,True
2026-06-16 12:53:00,Node A,30.29,7.28,10.2,0.23,0.0,0.3,False,False,False,False,False,True
2026-06-16 12:53:00,Node B,31.75,7.06,21.8,0.11,0.01,-0.1,False,False,False,False,True,True
2026-06-16 13:08:00,Node A,30.38,7.29,10.4,0.09,0.01,0.2,False,False,False,False,False,True
2026-06-16 13:08:00,Node B,31.98,7.05,21.8,0.23,-0.01,0.0,False,False,False,False,True,True
2026-06-16 13:38:00,Node A,30.45,7.26,9.9,,,,True,False,False,False,False,False
2026-06-16 13:38:00,Node B,32.35,7.85,20.1,,,,True,True,False,True,True,False
2026-06-16 16:08:00,Node A,27.38,6.64,15.5,,,,True,False,False,False,True,False
2026-06-16 16:08:00,Node B,32.41,7.15,17.1,,,,True,True,False,True,True,False
2026-06-16 16:23:00,Node A,27.38,5.99,15.5,0.0,-0.65,0.0,False,True,False,True,True,False
2026-06-16 16:23:00,Node B,32.44,7.15,17.0,0.03,0.0,-0.1,False,True,False,True,True,False
2026-06-16 16:38:00,Node A,27.33,5.9,15.2,-0.05,-0.09,-0.3,False,True,False,True,True,False
2026-06-16 16:38:00,Node B,32.35,7.12,16.9,-0.09,-0.03,-0.1,False,True,False,True,True,False
2026-06-16 16:53:00,Node A,27.33,5.9,15.2,0.0,0.0,0.0,False,True,False,True,True,False
2026-06-16 16:53:00,Node B,32.24,7.09,16.7,-0.11,-0.03,-0.2,False,True,False,True,True,False
2026-06-16 17:08:00,Node A,27.46,5.9,14.3,0.13,0.0,-0.9,False,True,False,True,True,False
2026-06-16 17:08:00,Node B,32.17,7.05,16.5,-0.07,-0.04,-0.2,False,True,False,True,True,False
2026-06-16 17:23:00,Node A,27.52,5.9,13.6,0.06,0.0,-0.7,False,True,False,True,True,False
2026-06-16 17:23:00,Node B,32.07,7.04,16.6,-0.1,-0.01,0.1,False,True,False,True,True,False
2026-06-16 17:38:00,Node A,27.61,5.9,13.0,0.09,0.0,-0.6,False,True,False,True,True,False
2026-06-16 17:38:00,Node B,32.02,7.04,16.5,-0.05,0.0,-0.1,False,True,False,True,False,False
2026-06-16 17:53:00,Node A,27.74,5.9,11.8,0.13,0.0,-1.2,False,True,False,True,True,False
2026-06-16 17:53:00,Node B,31.93,7.06,16.7,-0.09,0.02,0.2,False,False,False,False,False,True
2026-06-16 18:08:00,Node A,27.95,5.9,10.3,0.21,0.0,-1.5,False,True,False,True,True,False
2026-06-16 18:08:00,Node B,31.81,7.06,16.6,-0.12,0.0,-0.1,False,False,False,False,False,True
2026-06-16 18:23:00,Node A,27.99,5.98,8.8,0.04,0.08,-1.5,False,True,False,True,True,False
2026-06-16 18:23:00,Node B,31.71,7.07,16.9,-0.1,0.01,0.3,False,False,False,False,False,True
2026-06-16 18:38:00,Node A,28.26,6.16,7.7,0.27,0.18,-1.1,False,True,False,True,True,False
2026-06-16 18:38:00,Node B,31.5,7.08,17.2,-0.21,0.01,0.3,False,False,False,False,False,True
2026-06-16 18:53:00,Node A,28.39,6.29,6.6,0.13,0.13,-1.1,False,True,False,True,True,False
2026-06-16 18:53:00,Node B,31.4,7.08,17.0,-0.1,0.0,-0.2,False,False,False,False,False,True
2026-06-16 19:08:00,Node A,28.52,6.43,6.2,0.13,0.14,-0.4,False,True,False,True,False,False
2026-06-16 19:08:00,Node B,31.2,7.01,17.1,-0.2,-0.07,0.1,False,False,False,False,False,True
2026-06-16 19:23:00,Node A,28.83,6.58,5.9,0.31,0.15,-0.3,False,False,False,False,False,True
2026-06-16 19:23:00,Node B,31.01,7.0,16.9,-0.19,-0.01,-0.2,False,False,False,False,False,True
2026-06-16 19:38:00,Node A,28.98,6.73,5.1,0.15,0.15,-0.8,False,False,False,False,False,True
2026-06-16 19:38:00,Node B,30.88,7.03,16.7,-0.13,0.03,-0.2,False,False,False,False,False,True
2026-06-16 19:53:00,Node A,28.88,6.85,4.6,-0.1,0.12,-0.5,False,False,False,False,False,True
2026-06-16 19:53:00,Node B,30.85,7.03,16.8,-0.03,0.0,0.1,False,False,False,False,False,True
2026-06-16 20:08:00,Node A,28.93,7.02,4.0,0.05,0.17,-0.6,False,False,False,False,False,True
2026-06-16 20:08:00,Node B,30.84,7.03,16.7,-0.01,0.0,-0.1,False,False,False,False,False,True
2026-06-16 20:23:00,Node A,28.86,7.17,3.7,-0.07,0.15,-0.3,False,False,False,False,False,True
2026-06-16 20:23:00,Node B,30.69,7.06,17.0,-0.15,0.03,0.3,False,False,False,False,False,True
2026-06-16 20:38:00,Node A,28.88,7.25,4.0,0.02,0.08,0.3,False,False,False,False,False,True
2026-06-16 20:38:00,Node B,30.67,7.06,16.7,-0.02,0.0,-0.3,False,False,False,False,False,True
2026-06-16 20:53:00,Node A,28.72,7.27,4.1,-0.16,0.02,0.1,False,False,False,False,False,True
2026-06-16 20:53:00,Node B,30.34,7.03,16.7,-0.33,-0.03,0.0,False,False,False,False,False,True
2026-06-16 21:08:00,Node A,28.54,7.27,3.9,-0.18,0.0,-0.2,False,False,False,False,False,True
2026-06-16 21:08:00,Node B,30.26,6.99,16.5,-0.08,-0.04,-0.2,False,False,False,False,False,True
2026-06-16 21:23:00,Node A,28.24,7.27,4.1,-0.3,0.0,0.2,False,False,False,False,False,True
2026-06-16 21:23:00,Node B,29.96,6.99,16.4,-0.3,0.0,-0.1,False,False,False,False,False,True
2026-06-16 21:38:00,Node A,28.23,7.27,3.8,-0.01,0.0,-0.3,False,False,False,False,False,True
2026-06-16 21:38:00,Node B,29.69,6.98,16.8,-0.27,-0.01,0.4,False,False,False,False,False,True
2026-06-16 21:53:00,Node A,28.13,7.25,4.0,-0.1,-0.02,0.2,False,False,False,False,False,True
2026-06-16 21:53:00,Node B,29.7,6.96,16.8,0.01,-0.02,0.0,False,False,False,False,False,True
2026-06-16 22:08:00,Node A,27.94,7.22,3.9,-0.19,-0.03,-0.1,False,False,False,False,False,True
2026-06-16 22:08:00,Node B,29.69,6.99,17.0,-0.01,0.03,0.2,False,False,False,False,False,True
2026-06-16 22:23:00,Node A,27.67,7.24,3.9,-0.27,0.02,0.0,False,False,False,False,False,True
2026-06-16 22:23:00,Node B,29.56,7.0,17.4,-0.13,0.01,0.4,False,False,False,False,False,True
2026-06-16 22:38:00,Node A,27.57,7.24,3.9,-0.1,0.0,0.0,False,False,False,False,False,True
2026-06-16 22:38:00,Node B,29.27,7.03,17.4,-0.29,0.03,0.0,False,False,False,False,False,True
2026-06-16 22:53:00,Node A,27.49,7.26,3.6,-0.08,0.02,-0.3,False,False,False,False,False,True
2026-06-16 22:53:00,Node B,29.14,6.95,17.6,-0.13,-0.08,0.2,False,False,False,False,False,True
2026-06-16 23:08:00,Node A,27.36,7.22,3.4,-0.13,-0.04,-0.2,False,False,False,False,False,True
2026-06-16 23:08:00,Node B,28.87,6.96,17.3,-0.27,0.01,-0.3,False,False,False,False,False,True
2026-06-16 23:23:00,Node A,27.37,7.22,3.9,0.01,0.0,0.5,False,False,False,False,False,True
2026-06-16 23:23:00,Node B,28.73,6.95,17.4,-0.14,-0.01,0.1,False,False,False,False,False,True
2026-06-16 23:38:00,Node A,27.23,7.19,4.0,-0.14,-0.03,0.1,False,False,False,False,False,True
2026-06-16 23:38:00,Node B,28.65,6.92,18.0,-0.08,-0.03,0.6,False,False,False,False,False,True
2026-06-16 23:53:00,Node A,27.2,7.18,4.3,-0.03,-0.01,0.3,False,False,False,False,False,True
2026-06-16 23:53:00,Node B,28.56,6.94,18.8,-0.09,0.02,0.8,False,False,False,False,False,True
2026-06-17 00:08:00,Node A,27.17,7.21,4.2,-0.03,0.03,-0.1,False,False,False,False,False,True
2026-06-17 00:08:00,Node B,28.49,6.93,19.1,-0.07,-0.01,0.3,False,False,False,False,False,True
2026-06-17 00:38:00,Node A,26.95,7.24,4.1,,,,True,False,False,False,False,False
2026-06-17 00:38:00,Node B,28.52,6.9,20.5,,,,True,False,False,False,False,False
2026-06-17 00:53:00,Node A,26.97,7.22,4.2,0.02,-0.02,0.1,False,False,False,False,False,True
2026-06-17 00:53:00,Node B,28.47,6.93,20.3,-0.05,0.03,-0.2,False,False,False,False,False,True
2026-06-17 01:08:00,Node A,26.99,7.23,4.0,0.02,0.01,-0.2,False,False,False,False,False,True
2026-06-17 01:08:00,Node B,28.52,7.03,20.6,0.05,0.1,0.3,False,False,False,False,False,True
2026-06-17 01:23:00,Node A,26.93,7.24,4.2,-0.06,0.01,0.2,False,False,False,False,False,True
2026-06-17 01:23:00,Node B,28.74,7.24,20.7,0.22,0.21,0.1,False,False,False,False,False,True
2026-06-17 01:38:00,Node A,26.98,7.22,4.3,0.05,-0.02,0.1,False,False,False,False,False,True
2026-06-17 01:38:00,Node B,28.72,7.48,21.0,-0.02,0.24,0.3,False,False,False,False,False,True
2026-06-17 01:53:00,Node A,26.87,7.23,4.1,-0.11,0.01,-0.2,False,False,False,False,False,True
2026-06-17 01:53:00,Node B,28.87,7.8,21.1,0.15,0.32,0.1,False,False,False,False,False,True
2026-06-17 02:08:00,Node A,26.81,7.2,4.1,-0.06,-0.03,0.0,False,False,False,False,False,True
2026-06-17 02:08:00,Node B,28.9,8.16,21.1,0.03,0.36,0.0,False,False,False,False,False,True
2026-06-17 02:38:00,Node A,26.8,7.22,3.8,,,,True,False,False,False,False,False
2026-06-17 02:38:00,Node B,29.04,8.16,20.9,,,,True,False,False,False,False,False
2026-06-17 02:53:00,Node A,26.82,7.2,3.9,0.02,-0.02,0.1,False,False,False,False,False,True
2026-06-17 02:53:00,Node B,28.98,8.17,20.9,-0.06,0.01,0.0,False,False,False,False,False,True
2026-06-17 03:08:00,Node A,26.84,7.18,3.9,0.02,-0.02,0.0,False,False,False,False,False,True
2026-06-17 03:08:00,Node B,29.0,8.1,20.6,0.02,-0.07,-0.3,False,False,False,False,False,True
2026-06-17 03:23:00,Node A,26.84,7.17,3.8,0.0,-0.01,-0.1,False,False,False,False,False,True
2026-06-17 03:23:00,Node B,29.01,8.02,20.4,0.01,-0.08,-0.2,False,False,False,False,False,True
2026-06-17 04:23:00,Node A,26.82,7.17,4.0,,,,True,False,False,False,False,False
2026-06-17 04:23:00,Node B,29.11,7.72,20.0,,,,True,False,False,False,False,False
2026-06-17 04:38:00,Node A,26.9,7.17,4.0,0.08,0.0,0.0,False,False,False,False,False,True
2026-06-17 04:38:00,Node B,29.03,7.64,19.9,-0.08,-0.08,-0.1,False,False,False,False,False,True
2026-06-17 04:53:00,Node A,26.88,7.18,4.1,-0.02,0.01,0.1,False,False,False,False,False,True
2026-06-17 04:53:00,Node B,29.06,7.55,19.7,0.03,-0.09,-0.2,False,False,False,False,False,True
2026-06-17 05:23:00,Node A,27.13,7.19,4.3,,,,True,False,False,False,False,False
2026-06-17 05:23:00,Node B,29.31,7.42,19.6,,,,True,False,False,False,False,False
2026-06-17 05:38:00,Node A,27.12,7.18,4.1,-0.01,-0.01,-0.2,False,False,False,False,False,True
2026-06-17 05:38:00,Node B,29.26,7.32,19.7,-0.05,-0.1,0.1,False,False,False,False,False,True
2026-06-17 05:53:00,Node A,27.2,7.18,4.1,0.08,0.0,0.0,False,False,False,False,False,True
2026-06-17 05:53:00,Node B,29.45,7.25,19.8,0.19,-0.07,0.1,False,False,False,False,False,True
2026-06-17 06:08:00,Node A,27.33,7.16,4.3,0.13,-0.02,0.2,False,False,False,False,False,True
2026-06-17 06:08:00,Node B,29.57,7.16,19.5,0.12,-0.09,-0.3,False,False,False,False,False,True
2026-06-17 06:23:00,Node A,27.46,7.16,4.7,0.13,0.0,0.4,False,False,False,False,False,True
2026-06-17 06:23:00,Node B,29.57,7.09,19.0,0.0,-0.07,-0.5,False,False,False,False,False,True
2026-06-17 06:38:00,Node A,27.47,7.2,4.8,0.01,0.04,0.1,False,False,False,False,False,True
2026-06-17 06:38:00,Node B,29.68,7.02,18.8,0.11,-0.07,-0.2,False,False,False,False,False,True
2026-06-17 06:53:00,Node A,27.4,7.2,4.9,-0.07,0.0,0.1,False,False,False,False,False,True
2026-06-17 06:53:00,Node B,29.76,6.94,18.5,0.08,-0.08,-0.3,False,False,False,False,False,True
2026-06-17 07:08:00,Node A,27.47,7.25,4.4,0.07,0.05,-0.5,False,False,False,False,False,True
2026-06-17 07:08:00,Node B,29.88,6.91,18.3,0.12,-0.03,-0.2,False,False,False,False,False,True
2026-06-17 07:23:00,Node A,27.69,7.24,4.0,0.22,-0.01,-0.4,False,False,False,False,False,True
2026-06-17 07:23:00,Node B,29.92,6.94,18.0,0.04,0.03,-0.3,False,False,False,False,False,True
2026-06-17 07:38:00,Node A,27.79,7.22,4.6,0.1,-0.02,0.6,False,False,False,False,False,True
2026-06-17 07:38:00,Node B,29.97,6.94,18.0,0.05,0.0,0.0,False,False,False,False,False,True
2026-06-17 07:53:00,Node A,27.97,7.21,4.5,0.18,-0.01,-0.1,False,False,False,False,False,True
2026-06-17 07:53:00,Node B,29.94,6.96,17.9,-0.03,0.02,-0.1,False,False,False,False,False,True
2026-06-17 08:08:00,Node A,28.1,7.21,4.7,0.13,0.0,0.2,False,False,False,False,False,True
2026-06-17 08:08:00,Node B,30.1,6.93,17.9,0.16,-0.03,0.0,False,False,False,False,False,True
2026-06-17 08:23:00,Node A,28.25,7.18,4.5,0.15,-0.03,-0.2,False,False,False,False,False,True
2026-06-17 08:23:00,Node B,30.08,6.9,18.0,-0.02,-0.03,0.1,False,False,False,False,False,True
2026-06-17 08:38:00,Node A,28.58,7.17,4.7,0.33,-0.01,0.2,False,False,False,False,False,True
2026-06-17 08:38:00,Node B,30.17,6.97,18.1,0.09,0.07,0.1,False,False,False,False,False,True
2026-06-17 08:53:00,Node A,28.74,7.2,4.4,0.16,0.03,-0.3,False,False,False,False,False,True
2026-06-17 08:53:00,Node B,30.41,6.96,18.1,0.24,-0.01,0.0,False,False,False,False,False,True
2026-06-17 09:08:00,Node A,28.78,7.22,4.5,0.04,0.02,0.1,False,False,False,False,False,True
2026-06-17 09:08:00,Node B,30.55,6.94,18.0,0.14,-0.02,-0.1,False,False,False,False,False,True
2026-06-17 09:23:00,Node A,28.76,7.25,4.3,-0.02,0.03,-0.2,False,False,False,False,False,True
2026-06-17 09:23:00,Node B,30.62,6.98,18.1,0.07,0.04,0.1,False,False,False,False,False,True
2026-06-17 09:38:00,Node A,29.03,7.27,5.0,0.27,0.02,0.7,False,False,False,False,True,True
2026-06-17 09:38:00,Node B,30.69,7.0,18.1,0.07,0.02,0.0,False,False,False,False,False,True
2026-06-17 09:53:00,Node A,28.57,7.27,6.6,-0.46,0.0,1.6,False,False,False,False,True,True
2026-06-17 09:53:00,Node B,30.71,7.02,18.1,0.02,0.02,0.0,False,False,False,False,False,True
2026-06-17 10:08:00,Node A,27.81,7.29,8.7,-0.76,0.02,2.1,False,False,False,False,True,True
2026-06-17 10:08:00,Node B,30.87,7.01,18.7,0.16,-0.01,0.6,False,False,False,False,False,True
2026-06-17 10:23:00,Node A,27.93,6.97,10.4,0.12,-0.32,1.7,False,False,False,False,True,True
2026-06-17 10:23:00,Node B,30.87,6.98,18.8,0.0,-0.03,0.1,False,False,False,False,False,True
2026-06-17 10:38:00,Node A,28.13,6.37,10.3,0.2,-0.6,-0.1,False,True,False,True,True,False
2026-06-17 10:38:00,Node B,30.8,7.04,18.4,-0.07,0.06,-0.4,False,False,False,False,False,True
2026-06-17 10:53:00,Node A,28.2,6.35,10.3,0.07,-0.02,0.0,False,True,False,True,False,False
2026-06-17 10:53:00,Node B,31.05,7.06,18.3,0.25,0.02,-0.1,False,False,False,False,False,True
2026-06-17 13:08:00,Node A,29.51,6.94,8.1,,,,True,False,False,False,False,False
2026-06-17 13:08:00,Node B,31.32,7.04,19.6,,,,True,False,False,False,True,False
2026-06-17 13:23:00,Node A,29.7,7.05,7.7,0.19,0.11,-0.4,False,False,False,False,False,True
2026-06-17 13:23:00,Node B,31.35,7.09,21.1,0.03,0.05,1.5,False,False,False,False,True,True
2026-06-17 13:38:00,Node A,29.96,7.16,6.9,0.26,0.11,-0.8,False,False,False,False,False,True
2026-06-17 13:38:00,Node B,31.43,7.07,23.0,0.08,-0.02,1.9,False,False,False,False,True,True
2026-06-17 13:53:00,Node A,30.13,7.24,7.1,0.17,0.08,0.2,False,False,False,False,False,True
2026-06-17 13:53:00,Node B,31.36,7.69,25.1,-0.07,0.62,2.1,False,True,False,True,True,False
2026-06-17 14:08:00,Node A,30.32,7.32,7.2,0.19,0.08,0.1,False,False,False,False,False,True
2026-06-17 14:08:00,Node B,31.51,7.68,25.2,0.15,-0.01,0.1,False,True,False,True,False,False
2026-06-17 14:38:00,Node A,30.54,7.34,6.1,,,,True,False,False,False,False,False
2026-06-17 14:38:00,Node B,31.47,7.53,25.0,,,,True,False,False,False,False,False
2026-06-17 14:53:00,Node A,30.46,7.35,6.2,-0.08,0.01,0.1,False,False,False,False,False,True
2026-06-17 14:53:00,Node B,31.49,7.35,24.9,0.02,-0.18,-0.1,False,False,False,False,False,True
2026-06-17 15:08:00,Node A,30.51,7.38,5.8,0.05,0.03,-0.4,False,False,False,False,False,True
2026-06-17 15:08:00,Node B,31.58,7.23,24.9,0.09,-0.12,0.0,False,False,False,False,False,True
2026-06-17 15:23:00,Node A,30.6,7.37,5.3,0.09,-0.01,-0.5,False,False,False,False,False,True
2026-06-17 15:23:00,Node B,31.66,7.07,24.9,0.08,-0.16,0.0,False,False,False,False,False,True
2026-06-17 15:38:00,Node A,30.65,7.36,4.7,0.05,-0.01,-0.6,False,False,False,False,False,True
2026-06-17 15:38:00,Node B,31.6,7.09,24.3,-0.06,0.02,-0.6,False,False,False,False,False,True
2026-06-17 15:53:00,Node A,30.61,7.38,4.2,-0.04,0.02,-0.5,False,False,False,False,False,True
2026-06-17 15:53:00,Node B,31.56,7.11,23.6,-0.04,0.02,-0.7,False,False,False,False,False,True
2026-06-17 16:08:00,Node A,30.49,7.37,4.6,-0.12,-0.01,0.4,False,False,False,False,False,True
2026-06-17 16:08:00,Node B,31.56,7.12,22.9,0.0,0.01,-0.7,False,False,False,False,False,True
2026-06-17 16:23:00,Node A,30.42,7.4,4.8,-0.07,0.03,0.2,False,False,False,False,False,True
2026-06-17 16:23:00,Node B,31.47,7.08,22.3,-0.09,-0.04,-0.6,False,False,False,False,False,True
2026-06-17 16:38:00,Node A,30.31,7.37,4.6,-0.11,-0.03,-0.2,False,False,False,False,False,True
2026-06-17 16:38:00,Node B,31.46,7.08,22.1,-0.01,0.0,-0.2,False,False,False,False,False,True
2026-06-17 16:53:00,Node A,30.19,7.38,4.9,-0.12,0.01,0.3,False,False,False,False,False,True
2026-06-17 16:53:00,Node B,31.26,7.09,21.8,-0.2,0.01,-0.3,False,False,False,False,False,True
2026-06-17 17:08:00,Node A,30.19,7.39,5.0,0.0,0.01,0.1,False,False,False,False,False,True
2026-06-17 17:08:00,Node B,31.2,7.08,21.6,-0.06,-0.01,-0.2,False,False,False,False,False,True
2026-06-17 17:23:00,Node A,30.11,7.38,5.1,-0.08,-0.01,0.1,False,False,False,False,False,True
2026-06-17 17:23:00,Node B,31.14,7.09,21.2,-0.06,0.01,-0.4,False,False,False,False,False,True
2026-06-17 17:38:00,Node A,30.0,7.38,5.0,-0.11,0.0,-0.1,False,False,False,False,False,True
2026-06-17 17:38:00,Node B,31.0,7.07,20.5,-0.14,-0.02,-0.7,False,False,False,False,False,True
2026-06-17 17:53:00,Node A,29.93,7.33,5.4,-0.07,-0.05,0.4,False,False,False,False,False,True
2026-06-17 17:53:00,Node B,30.97,7.03,19.7,-0.03,-0.04,-0.8,False,False,False,False,False,True
2026-06-17 18:08:00,Node A,29.83,7.34,5.2,-0.1,0.01,-0.2,False,False,False,False,False,True
2026-06-17 18:08:00,Node B,30.78,7.04,19.2,-0.19,0.01,-0.5,False,False,False,False,False,True
2026-06-17 18:23:00,Node A,29.9,7.38,5.6,0.07,0.04,0.4,False,False,False,False,False,True
2026-06-17 18:23:00,Node B,30.65,7.04,18.7,-0.13,0.0,-0.5,False,False,False,False,False,True
2026-06-17 18:38:00,Node A,29.8,7.36,5.3,-0.1,-0.02,-0.3,False,False,False,False,False,True
2026-06-17 18:38:00,Node B,30.69,7.01,18.7,0.04,-0.03,0.0,False,False,False,False,False,True
2026-06-17 18:53:00,Node A,29.65,7.3,5.4,-0.15,-0.06,0.1,False,False,False,False,False,True
2026-06-17 18:53:00,Node B,30.58,7.01,18.7,-0.11,0.0,0.0,False,False,False,False,False,True
2026-06-17 19:08:00,Node A,29.5,7.29,5.4,-0.15,-0.01,0.0,False,False,False,False,False,True
2026-06-17 19:08:00,Node B,30.5,7.05,18.5,-0.08,0.04,-0.2,False,False,False,False,False,True
2026-06-17 19:23:00,Node A,29.39,7.28,5.7,-0.11,-0.01,0.3,False,False,False,False,False,True
2026-06-17 19:23:00,Node B,30.37,7.06,18.6,-0.13,0.01,0.1,False,False,False,False,False,True
2026-06-17 19:38:00,Node A,29.28,7.29,5.9,-0.11,0.01,0.2,False,False,False,False,False,True
2026-06-17 19:38:00,Node B,30.05,7.08,18.7,-0.32,0.02,0.1,False,False,False,False,False,True
2026-06-17 19:53:00,Node A,29.37,7.31,6.0,0.09,0.02,0.1,False,False,False,False,False,True
2026-06-17 19:53:00,Node B,30.08,7.01,18.6,0.03,-0.07,-0.1,False,False,False,False,False,True
2026-06-17 20:08:00,Node A,29.27,7.29,5.8,-0.1,-0.02,-0.2,False,False,False,False,False,True
2026-06-17 20:08:00,Node B,29.81,7.01,18.8,-0.27,0.0,0.2,False,False,False,False,False,True
2026-06-17 20:23:00,Node A,29.06,7.28,5.5,-0.21,-0.01,-0.3,False,False,False,False,False,True
2026-06-17 20:23:00,Node B,29.74,7.01,19.3,-0.07,0.0,0.5,False,False,False,False,False,True
2026-06-17 20:38:00,Node A,28.69,7.28,5.2,-0.37,0.0,-0.3,False,False,False,False,False,True
2026-06-17 20:38:00,Node B,29.51,6.99,19.3,-0.23,-0.02,0.0,False,False,False,False,False,True
2026-06-17 21:08:00,Node A,28.62,7.24,4.8,,,,True,False,False,False,False,False
2026-06-17 21:08:00,Node B,29.09,7.0,19.1,,,,True,False,False,False,False,False
2026-06-17 21:38:00,Node A,28.46,7.24,5.8,,,,True,False,False,False,False,False
2026-06-17 21:38:00,Node B,28.72,7.0,19.1,,,,True,False,False,False,False,False
2026-06-17 21:53:00,Node A,28.23,7.26,5.8,-0.23,0.02,0.0,False,False,False,False,False,True
2026-06-17 21:53:00,Node B,28.7,6.98,19.1,-0.02,-0.02,0.0,False,False,False,False,False,True
2026-06-17 22:08:00,Node A,28.08,7.27,5.7,-0.15,0.01,-0.1,False,False,False,False,False,True
2026-06-17 22:08:00,Node B,28.48,6.96,19.2,-0.22,-0.02,0.1,False,False,False,False,False,True
2026-06-17 22:38:00,Node A,27.85,7.26,5.2,,,,True,False,False,False,False,False
2026-06-17 22:38:00,Node B,28.22,6.93,19.4,,,,True,False,False,False,False,False
2026-06-17 22:53:00,Node A,27.84,7.23,5.3,-0.01,-0.03,0.1,False,False,False,False,False,True
2026-06-17 22:53:00,Node B,28.26,6.93,19.2,0.04,0.0,-0.2,False,False,False,False,False,True
2026-06-17 23:08:00,Node A,27.67,7.17,5.7,-0.17,-0.06,0.4,False,False,False,False,False,True
2026-06-17 23:08:00,Node B,28.02,6.96,19.3,-0.24,0.03,0.1,False,False,False,False,False,True
2026-06-17 23:23:00,Node A,27.52,7.18,5.7,-0.15,0.01,0.0,False,False,False,False,False,True
2026-06-17 23:23:00,Node B,27.86,6.94,19.3,-0.16,-0.02,0.0,False,False,False,False,True,True
2026-06-17 23:38:00,Node A,27.36,7.16,5.1,-0.16,-0.02,-0.6,False,False,False,False,False,True
2026-06-17 23:38:00,Node B,27.75,6.92,20.0,-0.11,-0.02,0.7,False,False,False,False,True,True
2026-06-17 23:53:00,Node A,27.34,7.15,5.2,-0.02,-0.01,0.1,False,False,False,False,False,True
2026-06-17 23:53:00,Node B,27.69,6.93,16.8,-0.06,0.01,-3.2,False,False,False,False,True,True
2026-06-18 00:08:00,Node A,27.07,7.14,5.3,-0.27,-0.01,0.1,False,False,False,False,False,True
2026-06-18 00:08:00,Node B,27.44,6.92,19.3,-0.25,-0.01,2.5,False,False,False,False,True,True
2026-06-18 00:23:00,Node A,27.09,7.14,5.6,0.02,0.0,0.3,False,False,False,False,False,True
2026-06-18 00:23:00,Node B,27.4,6.25,22.2,-0.04,-0.67,2.9,False,True,False,True,True,False
2026-06-18 00:38:00,Node A,27.09,7.17,5.8,0.0,0.03,0.2,False,False,False,False,False,True
2026-06-18 00:38:00,Node B,27.36,6.27,21.9,-0.04,0.02,-0.3,False,True,False,True,True,False
2026-06-18 00:53:00,Node A,27.03,7.17,5.6,-0.06,0.0,-0.2,False,False,False,False,False,True
2026-06-18 00:53:00,Node B,27.23,6.26,22.1,-0.13,-0.01,0.2,False,True,False,True,True,False
2026-06-18 01:08:00,Node A,26.89,7.18,5.3,-0.14,0.01,-0.3,False,False,False,False,False,True
2026-06-18 01:08:00,Node B,27.18,6.41,22.1,-0.05,0.15,0.0,False,True,False,True,False,False
2026-06-18 01:23:00,Node A,26.83,7.15,5.5,-0.06,-0.03,0.2,False,False,False,False,False,True
2026-06-18 01:23:00,Node B,27.09,6.53,22.4,-0.09,0.12,0.3,False,False,False,False,False,True
2026-06-18 01:38:00,Node A,26.65,7.16,5.2,-0.18,0.01,-0.3,False,False,False,False,False,True
2026-06-18 01:38:00,Node B,27.0,6.67,21.5,-0.09,0.14,-0.9,False,False,False,False,False,True
2026-06-18 01:53:00,Node A,26.59,7.18,5.3,-0.06,0.02,0.1,False,False,False,False,False,True
2026-06-18 01:53:00,Node B,26.97,6.79,20.9,-0.03,0.12,-0.6,False,False,False,False,False,True
2026-06-18 02:08:00,Node A,26.59,7.18,5.0,0.0,0.0,-0.3,False,False,False,False,False,True
2026-06-18 02:08:00,Node B,26.92,6.92,20.6,-0.05,0.13,-0.3,False,False,False,False,False,True
2026-06-18 02:38:00,Node A,26.43,7.16,5.1,,,,True,False,False,False,False,False
2026-06-18 02:38:00,Node B,26.94,6.91,19.3,,,,True,False,False,False,False,False
2026-06-18 03:23:00,Node A,26.52,7.19,5.6,,,,True,False,False,False,False,False
2026-06-18 03:23:00,Node B,27.04,6.87,17.4,,,,True,False,False,False,False,False
2026-06-18 03:38:00,Node A,26.5,7.17,5.3,-0.02,-0.02,-0.3,False,False,False,False,False,True
2026-06-18 03:38:00,Node B,27.12,6.92,16.8,0.08,0.05,-0.6,False,False,False,False,False,True
2026-06-18 03:53:00,Node A,26.66,7.16,5.7,0.16,-0.01,0.4,False,False,False,False,False,True
2026-06-18 03:53:00,Node B,27.01,6.91,16.3,-0.11,-0.01,-0.5,False,False,False,False,False,True
2026-06-18 04:08:00,Node A,26.85,7.15,5.6,0.19,-0.01,-0.1,False,False,False,False,False,True
2026-06-18 04:08:00,Node B,27.03,6.9,15.9,0.02,-0.01,-0.4,False,False,False,False,False,True
2026-06-18 04:23:00,Node A,26.91,7.13,5.6,0.06,-0.02,0.0,False,False,False,False,False,True
2026-06-18 04:23:00,Node B,27.13,6.89,15.1,0.1,-0.01,-0.8,False,False,False,False,False,True
2026-06-18 04:38:00,Node A,26.98,7.15,5.5,0.07,0.02,-0.1,False,False,False,False,False,True
2026-06-18 04:38:00,Node B,27.17,6.87,14.9,0.04,-0.02,-0.2,False,False,False,False,False,True
2026-06-18 04:53:00,Node A,26.92,7.18,5.4,-0.06,0.03,-0.1,False,False,False,False,False,True
2026-06-18 04:53:00,Node B,27.24,6.86,14.9,0.07,-0.01,0.0,False,False,False,False,False,True
2026-06-18 05:08:00,Node A,27.11,7.19,5.2,0.19,0.01,-0.2,False,False,False,False,False,True
2026-06-18 05:08:00,Node B,27.39,6.87,14.6,0.15,0.01,-0.3,False,False,False,False,False,True
2026-06-18 05:23:00,Node A,27.05,7.15,5.2,-0.06,-0.04,0.0,False,False,False,False,False,True
2026-06-18 05:23:00,Node B,27.43,6.88,14.8,0.04,0.01,0.2,False,False,False,False,False,True
2026-06-18 05:38:00,Node A,27.28,7.15,5.4,0.23,0.0,0.2,False,False,False,False,False,True
2026-06-18 05:38:00,Node B,27.49,6.88,15.3,0.06,0.0,0.5,False,False,False,False,False,True
2026-06-18 05:53:00,Node A,27.34,7.18,6.2,0.06,0.03,0.8,False,False,False,False,False,True
2026-06-18 05:53:00,Node B,27.55,6.87,15.0,0.06,-0.01,-0.3,False,False,False,False,False,True
2026-06-18 06:08:00,Node A,27.34,7.17,5.9,0.0,-0.01,-0.3,False,False,False,False,False,True
2026-06-18 06:08:00,Node B,27.81,6.85,14.9,0.26,-0.02,-0.1,False,False,False,False,False,True
2026-06-18 06:23:00,Node A,27.45,7.19,5.9,0.11,0.02,0.0,False,False,False,False,False,True
2026-06-18 06:23:00,Node B,27.91,6.86,14.8,0.1,0.01,-0.1,False,False,False,False,False,True
2026-06-18 06:38:00,Node A,27.69,7.18,5.9,0.24,-0.01,0.0,False,False,False,False,False,True
2026-06-18 06:38:00,Node B,28.03,6.87,14.6,0.12,0.01,-0.2,False,False,False,False,False,True
2026-06-18 07:38:00,Node A,27.92,7.16,6.4,,,,True,False,False,False,False,False
2026-06-18 07:38:00,Node B,28.43,6.91,14.7,,,,True,False,False,False,False,False
2026-06-18 07:53:00,Node A,28.19,7.18,6.3,0.27,0.02,-0.1,False,False,False,False,False,True
2026-06-18 07:53:00,Node B,28.59,6.93,14.8,0.16,0.02,0.1,False,False,False,False,False,True
2026-06-18 08:08:00,Node A,28.23,7.19,6.0,0.04,0.01,-0.3,False,False,False,False,False,True
2026-06-18 08:08:00,Node B,28.69,6.97,14.7,0.1,0.04,-0.1,False,False,False,False,False,True
2026-06-18 08:23:00,Node A,28.34,7.22,5.7,0.11,0.03,-0.3,False,False,False,False,False,True
2026-06-18 08:23:00,Node B,28.88,6.95,14.9,0.19,-0.02,0.2,False,False,False,False,False,True
2026-06-18 08:38:00,Node A,28.43,7.2,6.3,0.09,-0.02,0.6,False,False,False,False,False,True
2026-06-18 08:38:00,Node B,29.0,6.99,15.0,0.12,0.04,0.1,False,False,False,False,False,True
2026-06-18 09:23:00,Node A,28.95,7.31,6.1,,,,True,False,False,False,False,False
2026-06-18 09:23:00,Node B,29.48,6.98,15.3,,,,True,False,False,False,False,False
2026-06-18 09:38:00,Node A,29.15,7.3,6.5,0.2,-0.01,0.4,False,False,False,False,False,True
2026-06-18 09:38:00,Node B,29.59,6.97,15.6,0.11,-0.01,0.3,False,False,False,False,False,True
2026-06-18 09:53:00,Node A,29.15,7.29,6.3,0.0,-0.01,-0.2,False,False,False,False,False,True
2026-06-18 09:53:00,Node B,29.99,7.0,15.3,0.4,0.03,-0.3,False,False,False,False,False,True
2026-06-18 10:08:00,Node A,29.37,7.31,6.2,0.22,0.02,-0.1,False,False,False,False,False,True
2026-06-18 10:08:00,Node B,30.19,7.01,15.1,0.2,0.01,-0.2,False,False,False,False,False,True
2026-06-18 10:23:00,Node A,29.59,7.32,6.0,0.22,0.01,-0.2,False,False,False,False,False,True
2026-06-18 10:23:00,Node B,30.36,7.03,15.0,0.17,0.02,-0.1,False,False,False,False,False,True
2026-06-18 10:38:00,Node A,29.63,7.32,5.9,0.04,0.0,-0.1,False,False,False,False,False,True
2026-06-18 10:38:00,Node B,30.44,7.04,15.5,0.08,0.01,0.5,False,False,False,False,False,True
2026-06-18 11:08:00,Node A,29.85,7.33,6.1,,,,True,False,False,False,False,False
2026-06-18 11:08:00,Node B,30.75,7.06,15.3,,,,True,False,False,False,False,False
2026-06-18 11:23:00,Node A,30.05,7.35,6.7,0.2,0.02,0.6,False,False,False,False,True,True
2026-06-18 11:23:00,Node B,30.8,7.02,15.6,0.05,-0.04,0.3,False,False,False,False,False,True
2026-06-18 11:38:00,Node A,30.26,7.35,8.2,0.21,0.0,1.5,False,False,False,False,True,True
2026-06-18 11:38:00,Node B,30.77,7.02,15.6,-0.03,0.0,0.0,False,False,False,False,False,True
2026-06-18 11:53:00,Node A,30.21,7.34,9.4,-0.05,-0.01,1.2,False,False,False,False,True,True
2026-06-18 11:53:00,Node B,30.93,6.99,15.1,0.16,-0.03,-0.5,False,False,False,False,False,True
2026-06-18 12:08:00,Node A,30.27,7.35,11.1,0.06,0.01,1.7,False,False,False,False,True,True
2026-06-18 12:08:00,Node B,30.9,7.01,15.0,-0.03,0.02,-0.1,False,False,False,False,False,True
2026-06-18 12:23:00,Node A,30.31,6.6,11.3,0.04,-0.75,0.2,False,False,True,True,False,False
2026-06-18 12:23:00,Node B,31.04,7.07,15.1,0.14,0.06,0.1,False,False,False,False,False,True
2026-06-18 12:38:00,Node A,30.52,6.61,11.0,0.21,0.01,-0.3,False,False,False,False,False,True
2026-06-18 12:38:00,Node B,31.05,7.08,15.6,0.01,0.01,0.5,False,False,False,False,False,True
2026-06-18 12:53:00,Node A,30.61,6.64,11.0,0.09,0.03,0.0,False,False,False,False,False,True
2026-06-18 12:53:00,Node B,30.99,7.07,15.3,-0.06,-0.01,-0.3,False,False,False,False,False,True
2026-06-18 13:08:00,Node A,30.66,6.73,10.7,0.05,0.09,-0.3,False,False,False,False,False,True
2026-06-18 13:08:00,Node B,31.25,7.07,15.3,0.26,0.0,0.0,False,False,False,False,False,True
2026-06-18 13:23:00,Node A,30.64,6.79,10.8,-0.02,0.06,0.1,False,False,False,False,False,True
2026-06-18 13:23:00,Node B,31.35,7.05,15.6,0.1,-0.02,0.3,False,False,False,False,False,True
2026-06-18 13:38:00,Node A,30.55,6.85,10.1,-0.09,0.06,-0.7,False,False,False,False,False,True
2026-06-18 13:38:00,Node B,31.58,7.08,15.8,0.23,0.03,0.2,False,False,False,False,False,True
2026-06-18 13:53:00,Node A,30.55,6.93,10.0,0.0,0.08,-0.1,False,False,False,False,False,True
2026-06-18 13:53:00,Node B,31.46,7.1,15.9,-0.12,0.02,0.1,False,False,False,False,False,True
2026-06-18 14:08:00,Node A,30.49,7.02,9.5,-0.06,0.09,-0.5,False,False,False,False,False,True
2026-06-18 14:08:00,Node B,31.36,7.08,15.8,-0.1,-0.02,-0.1,False,False,False,False,False,True
2026-06-18 14:23:00,Node A,30.55,7.1,9.3,0.06,0.08,-0.2,False,False,False,False,False,True
2026-06-18 14:23:00,Node B,31.51,7.1,15.8,0.15,0.02,0.0,False,False,False,False,False,True
2026-06-18 14:38:00,Node A,30.72,7.22,9.0,0.17,0.12,-0.3,False,False,False,False,False,True
2026-06-18 14:38:00,Node B,31.37,7.1,15.6,-0.14,0.0,-0.2,False,False,False,False,False,True
2026-06-18 15:23:00,Node A,30.51,7.32,7.7,,,,True,False,False,False,False,False
2026-06-18 15:23:00,Node B,31.61,7.1,15.9,,,,True,False,False,False,False,False
2026-06-18 15:38:00,Node A,30.54,7.35,7.3,0.03,0.03,-0.4,False,False,False,False,False,True
2026-06-18 15:38:00,Node B,31.48,7.11,16.2,-0.13,0.01,0.3,False,False,False,False,False,True
2026-06-18 15:53:00,Node A,30.58,7.34,6.8,0.04,-0.01,-0.5,False,False,False,False,False,True
2026-06-18 15:53:00,Node B,31.55,7.11,16.3,0.07,0.0,0.1,False,False,False,False,False,True
2026-06-18 16:08:00,Node A,30.49,7.35,6.6,-0.09,0.01,-0.2,False,False,False,False,False,True
2026-06-18 16:08:00,Node B,31.41,7.1,16.3,-0.14,-0.01,0.0,False,False,False,False,False,True
2026-06-18 16:23:00,Node A,30.39,7.3,6.6,-0.1,-0.05,0.0,False,False,False,False,False,True
2026-06-18 16:23:00,Node B,31.29,7.11,16.2,-0.12,0.01,-0.1,False,False,False,False,False,True
2026-06-18 16:38:00,Node A,30.29,7.27,6.6,-0.1,-0.03,0.0,False,False,False,False,False,True
2026-06-18 16:38:00,Node B,31.33,7.12,15.7,0.04,0.01,-0.5,False,False,False,False,False,True
2026-06-18 16:53:00,Node A,30.35,7.28,6.9,0.06,0.01,0.3,False,False,False,False,False,True
2026-06-18 16:53:00,Node B,31.22,7.14,15.9,-0.11,0.02,0.2,False,False,False,False,False,True
2026-06-18 17:08:00,Node A,30.31,7.27,6.7,-0.04,-0.01,-0.2,False,False,False,False,False,True
2026-06-18 17:08:00,Node B,31.24,7.14,15.9,0.02,0.0,0.0,False,False,False,False,False,True
2026-06-18 17:23:00,Node A,30.16,7.27,6.6,-0.15,0.0,-0.1,False,False,False,False,False,True
2026-06-18 17:23:00,Node B,31.18,7.13,15.7,-0.06,-0.01,-0.2,False,False,False,False,False,True
2026-06-18 17:38:00,Node A,29.96,7.3,6.6,-0.2,0.03,0.0,False,False,False,False,False,True
2026-06-18 17:38:00,Node B,31.04,7.12,16.1,-0.14,-0.01,0.4,False,False,False,False,False,True
2026-06-18 18:08:00,Node A,29.82,7.31,6.4,,,,True,False,False,False,False,False
2026-06-18 18:08:00,Node B,31.06,7.1,16.4,,,,True,False,False,False,False,False
2026-06-18 20:23:00,Node A,28.87,7.3,6.7,,,,True,False,False,False,False,False
2026-06-18 20:23:00,Node B,29.47,6.95,15.7,,,,True,False,False,False,False,False
2026-06-18 20:38:00,Node A,28.8,7.27,6.7,-0.07,-0.03,0.0,False,False,False,False,False,True
2026-06-18 20:38:00,Node B,29.23,6.94,16.0,-0.24,-0.01,0.3,False,False,False,False,False,True
2026-06-18 20:53:00,Node A,28.62,7.24,6.9,-0.18,-0.03,0.2,False,False,False,False,False,True
2026-06-18 20:53:00,Node B,29.3,6.98,16.1,0.07,0.04,0.1,False,False,False,False,False,True
2026-06-18 21:08:00,Node A,28.48,7.26,7.1,-0.14,0.02,0.2,False,False,False,False,False,True
2026-06-18 21:08:00,Node B,29.08,6.97,15.8,-0.22,-0.01,-0.3,False,False,False,False,False,True
2026-06-18 21:38:00,Node A,28.26,7.25,7.3,,,,True,False,False,False,False,False
2026-06-18 21:38:00,Node B,28.85,7.0,16.3,,,,True,False,False,False,False,False
2026-06-18 21:53:00,Node A,28.07,7.25,7.0,-0.19,0.0,-0.3,False,False,False,False,False,True
2026-06-18 21:53:00,Node B,28.65,6.99,16.1,-0.2,-0.01,-0.2,False,False,False,False,False,True
2026-06-18 22:08:00,Node A,27.89,7.27,7.2,-0.18,0.02,0.2,False,False,False,False,False,True
2026-06-18 22:08:00,Node B,28.57,6.96,16.2,-0.08,-0.03,0.1,False,False,False,False,False,True
2026-06-18 22:23:00,Node A,27.81,7.27,7.0,-0.08,0.0,-0.2,False,False,False,False,False,True
2026-06-18 22:23:00,Node B,28.32,6.93,16.4,-0.25,-0.03,0.2,False,False,False,False,False,True
2026-06-18 22:38:00,Node A,27.73,7.25,7.1,-0.08,-0.02,0.1,False,False,False,False,False,True
2026-06-18 22:38:00,Node B,28.26,6.95,17.0,-0.06,0.02,0.6,False,False,False,False,False,True
2026-06-18 22:53:00,Node A,27.72,7.22,7.4,-0.01,-0.03,0.3,False,False,False,False,False,True
2026-06-18 22:53:00,Node B,28.24,6.96,17.1,-0.02,0.01,0.1,False,False,False,False,False,True
2026-06-18 23:38:00,Node A,27.14,7.24,7.1,,,,True,False,False,False,False,False
2026-06-18 23:38:00,Node B,27.85,7.01,16.6,,,,True,False,False,False,True,False
2026-06-18 23:53:00,Node A,27.01,7.23,7.0,-0.13,-0.01,-0.1,False,False,False,False,False,True
2026-06-18 23:53:00,Node B,27.61,6.99,18.0,-0.24,-0.02,1.4,False,False,False,False,True,True
2026-06-19 00:08:00,Node A,27.04,7.22,7.2,0.03,-0.01,0.2,False,False,False,False,False,True
2026-06-19 00:08:00,Node B,27.54,6.96,19.5,-0.07,-0.03,1.5,False,False,False,False,True,True
2026-06-19 00:23:00,Node A,27.19,7.2,7.4,0.15,-0.02,0.2,False,False,False,False,False,True
2026-06-19 00:23:00,Node B,27.39,6.96,21.7,-0.15,0.0,2.2,False,False,False,False,True,True
2026-06-19 00:38:00,Node A,27.11,7.18,7.2,-0.08,-0.02,-0.2,False,False,False,False,False,True
2026-06-19 00:38:00,Node B,27.44,6.29,23.8,0.05,-0.67,2.1,False,True,False,True,True,False
2026-06-19 00:53:00,Node A,27.08,7.18,7.3,-0.03,0.0,0.1,False,False,False,False,False,True
2026-06-19 00:53:00,Node B,27.42,6.27,24.5,-0.02,-0.02,0.7,False,True,False,True,True,False
2026-06-19 01:08:00,Node A,27.03,7.16,7.3,-0.05,-0.02,0.0,False,False,False,False,False,True
2026-06-19 01:08:00,Node B,27.25,6.29,24.3,-0.17,0.02,-0.2,False,True,False,True,True,False
2026-06-19 01:23:00,Node A,26.9,7.17,7.6,-0.13,0.01,0.3,False,False,False,False,False,True
2026-06-19 01:23:00,Node B,27.08,6.44,24.0,-0.17,0.15,-0.3,False,True,False,True,False,False
2026-06-19 01:38:00,Node A,26.88,7.17,7.2,-0.02,0.0,-0.4,False,False,False,False,False,True
2026-06-19 01:38:00,Node B,27.05,6.58,24.6,-0.03,0.14,0.6,False,False,False,False,False,True
2026-06-19 01:53:00,Node A,26.84,7.17,7.3,-0.04,0.0,0.1,False,False,False,False,False,True
2026-06-19 01:53:00,Node B,26.97,6.7,24.6,-0.08,0.12,0.0,False,False,False,False,False,True
2026-06-19 02:08:00,Node A,26.72,7.18,7.0,-0.12,0.01,-0.3,False,False,False,False,False,True
2026-06-19 02:08:00,Node B,26.8,6.85,24.0,-0.17,0.15,-0.6,False,False,False,False,False,True
2026-06-19 02:23:00,Node A,26.84,7.18,7.5,0.12,0.0,0.5,False,False,False,False,False,True
2026-06-19 02:23:00,Node B,26.82,6.89,23.8,0.02,0.04,-0.2,False,False,False,False,False,True
2026-06-19 02:38:00,Node A,26.82,7.16,7.4,-0.02,-0.02,-0.1,False,False,False,False,False,True
2026-06-19 02:38:00,Node B,26.83,6.85,23.6,0.01,-0.04,-0.2,False,False,False,False,False,True
2026-06-19 02:53:00,Node A,26.76,7.18,7.2,-0.06,0.02,-0.2,False,False,False,False,False,True
2026-06-19 02:53:00,Node B,26.94,6.88,22.8,0.11,0.03,-0.8,False,False,False,False,False,True
2026-06-19 03:08:00,Node A,26.66,7.18,7.0,-0.1,0.0,-0.2,False,False,False,False,False,True
2026-06-19 03:08:00,Node B,26.98,6.85,22.1,0.04,-0.03,-0.7,False,False,False,False,False,True
2026-06-19 03:23:00,Node A,26.67,7.21,7.1,0.01,0.03,0.1,False,False,False,False,False,True
2026-06-19 03:23:00,Node B,26.9,6.85,21.8,-0.08,0.0,-0.3,False,False,False,False,False,True
2026-06-19 03:38:00,Node A,26.77,7.22,7.2,0.1,0.01,0.1,False,False,False,False,False,True
2026-06-19 03:38:00,Node B,27.09,6.85,21.5,0.19,0.0,-0.3,False,False,False,False,False,True
2026-06-19 03:53:00,Node A,26.79,7.18,7.1,0.02,-0.04,-0.1,False,False,False,False,False,True
2026-06-19 03:53:00,Node B,27.09,6.87,20.8,0.0,0.02,-0.7,False,False,False,False,False,True
2026-06-19 04:08:00,Node A,26.88,7.17,7.2,0.09,-0.01,0.1,False,False,False,False,False,True
2026-06-19 04:08:00,Node B,27.07,6.93,20.4,-0.02,0.06,-0.4,False,False,False,False,False,True
2026-06-19 04:23:00,Node A,26.75,7.18,7.2,-0.13,0.01,0.0,False,False,False,False,False,True
2026-06-19 04:23:00,Node B,26.98,6.93,20.0,-0.09,0.0,-0.4,False,False,False,False,False,True
2026-06-19 04:38:00,Node A,26.84,7.17,7.4,0.09,-0.01,0.2,False,False,False,False,False,True
2026-06-19 04:38:00,Node B,27.12,6.9,19.9,0.14,-0.03,-0.1,False,False,False,False,False,True
2026-06-19 04:53:00,Node A,26.91,7.14,7.2,0.07,-0.03,-0.2,False,False,False,False,False,True
2026-06-19 04:53:00,Node B,27.31,6.92,19.4,0.19,0.02,-0.5,False,False,False,False,False,True
2026-06-19 05:23:00,Node A,26.71,7.15,7.4,,,,True,False,False,False,False,False
2026-06-19 05:23:00,Node B,27.39,6.95,18.2,,,,True,False,False,False,False,False
2026-06-19 05:38:00,Node A,26.79,7.17,8.0,0.08,0.02,0.6,False,False,False,False,False,True
2026-06-19 05:38:00,Node B,27.33,6.95,17.6,-0.06,0.0,-0.6,False,False,False,False,True,True
2026-06-19 05:53:00,Node A,26.78,7.19,7.5,-0.01,0.02,-0.5,False,False,False,False,False,True
2026-06-19 05:53:00,Node B,27.53,6.95,18.0,0.2,0.0,0.4,False,False,False,False,True,True
2026-06-19 06:08:00,Node A,27.03,7.22,7.8,0.25,0.03,0.3,False,False,False,False,True,True
2026-06-19 06:08:00,Node B,27.67,6.94,19.4,0.14,-0.01,1.4,False,False,False,False,True,True
2026-06-19 06:23:00,Node A,27.08,7.21,8.3,0.05,-0.01,0.5,False,False,False,False,True,True
2026-06-19 06:23:00,Node B,27.78,6.93,24.0,0.11,-0.01,4.6,False,False,False,False,True,True
2026-06-19 06:38:00,Node A,27.43,7.18,9.5,0.35,-0.03,1.2,False,False,False,False,True,True
2026-06-19 06:38:00,Node B,27.91,6.92,30.2,0.13,-0.01,6.2,False,True,False,True,True,False
2026-06-19 06:53:00,Node A,27.63,7.17,10.9,0.2,-0.01,1.4,False,False,False,False,True,True
2026-06-19 06:53:00,Node B,27.83,7.6,30.5,-0.08,0.68,0.3,False,True,False,True,True,False
2026-06-19 07:08:00,Node A,27.77,6.39,12.7,0.14,-0.78,1.8,False,True,False,True,True,False
2026-06-19 07:08:00,Node B,27.94,7.6,30.9,0.11,0.0,0.4,False,True,False,True,True,False
2026-06-19 07:23:00,Node A,27.9,6.42,12.8,0.13,0.03,0.1,False,True,False,True,True,False
2026-06-19 07:23:00,Node B,28.21,7.63,30.8,0.27,0.03,-0.1,False,True,False,True,True,False
2026-06-19 07:38:00,Node A,28.06,6.45,12.7,0.16,0.03,-0.1,False,True,False,True,True,False
2026-06-19 07:38:00,Node B,28.48,8.47,30.7,0.27,0.84,-0.1,False,True,False,True,True,False
2026-06-19 07:53:00,Node A,28.26,6.44,12.6,0.2,-0.01,-0.1,False,True,False,True,False,False
2026-06-19 07:53:00,Node B,28.69,8.48,30.9,0.21,0.01,0.2,False,True,False,True,True,False
2026-06-19 08:08:00,Node A,28.37,6.54,12.0,0.11,0.1,-0.6,False,False,False,False,False,True
2026-06-19 08:08:00,Node B,28.98,8.32,29.6,0.29,-0.16,-1.3,False,True,False,True,True,False
2026-06-19 08:23:00,Node A,28.42,6.64,11.4,0.05,0.1,-0.6,False,False,False,False,False,True
2026-06-19 08:23:00,Node B,29.09,8.0,28.9,0.11,-0.32,-0.7,False,True,False,True,True,False
2026-06-19 08:38:00,Node A,28.33,6.7,10.9,-0.09,0.06,-0.5,False,False,False,False,False,True
2026-06-19 08:38:00,Node B,29.18,7.71,28.0,0.09,-0.29,-0.9,False,True,False,True,True,False
2026-06-19 09:08:00,Node A,28.61,6.91,9.5,,,,True,False,False,False,False,False
2026-06-19 09:08:00,Node B,29.18,7.13,26.8,,,,True,True,False,True,True,False
2026-06-19 09:23:00,Node A,28.81,6.96,9.3,0.2,0.05,-0.2,False,False,False,False,False,True
2026-06-19 09:23:00,Node B,29.33,6.94,25.9,0.15,-0.19,-0.9,False,True,False,True,True,False
2026-06-19 09:38:00,Node A,29.03,7.04,8.7,0.22,0.08,-0.6,False,False,False,False,False,True
2026-06-19 09:38:00,Node B,29.46,6.94,25.3,0.13,0.0,-0.6,False,True,False,True,False,False
2026-06-19 09:53:00,Node A,29.19,7.15,7.7,0.16,0.11,-1.0,False,False,False,False,False,True
2026-06-19 09:53:00,Node B,29.7,6.92,24.5,0.24,-0.02,-0.8,False,False,False,False,False,True
2026-06-19 10:08:00,Node A,29.22,7.21,7.4,0.03,0.06,-0.3,False,False,False,False,False,True
2026-06-19 10:08:00,Node B,29.88,6.96,23.4,0.18,0.04,-1.1,False,False,False,False,False,True
2026-06-19 10:23:00,Node A,29.48,7.31,7.4,0.26,0.1,0.0,False,False,False,False,False,True
2026-06-19 10:23:00,Node B,29.97,6.95,22.7,0.09,-0.01,-0.7,False,False,False,False,False,True
2026-06-19 10:38:00,Node A,29.59,7.35,7.4,0.11,0.04,0.0,False,False,False,False,False,True
2026-06-19 10:38:00,Node B,30.14,6.97,21.9,0.17,0.02,-0.8,False,False,False,False,False,True
2026-06-19 10:53:00,Node A,29.7,7.35,7.8,0.11,0.0,0.4,False,False,False,False,False,True
2026-06-19 10:53:00,Node B,30.33,6.98,21.3,0.19,0.01,-0.6,False,False,False,False,False,True
2026-06-19 11:08:00,Node A,29.81,7.34,7.7,0.11,-0.01,-0.1,False,False,False,False,False,True
2026-06-19 11:08:00,Node B,30.46,6.95,21.0,0.13,-0.03,-0.3,False,False,False,False,False,True
2026-06-19 11:23:00,Node A,29.77,7.31,7.5,-0.04,-0.03,-0.2,False,False,False,False,False,True
2026-06-19 11:23:00,Node B,30.76,6.96,20.4,0.3,0.01,-0.6,False,False,False,False,False,True
2026-06-19 11:38:00,Node A,29.82,7.29,7.2,0.05,-0.02,-0.3,False,False,False,False,False,True
2026-06-19 11:38:00,Node B,31.13,7.01,20.0,0.37,0.05,-0.4,False,False,False,False,False,True
2026-06-19 11:53:00,Node A,29.87,7.29,7.5,0.05,0.0,0.3,False,False,False,False,False,True
2026-06-19 11:53:00,Node B,31.13,7.0,19.8,0.0,-0.01,-0.2,False,False,False,False,True,True
2026-06-19 12:08:00,Node A,30.13,7.29,8.0,0.26,0.0,0.5,False,False,False,False,False,True
2026-06-19 12:08:00,Node B,31.32,7.18,20.1,0.19,0.18,0.3,False,False,False,False,True,True
2026-06-19 12:23:00,Node A,30.22,7.3,7.9,0.09,0.01,-0.1,False,False,False,False,False,True
2026-06-19 12:23:00,Node B,31.49,7.5,20.4,0.17,0.32,0.3,False,False,False,False,True,True
2026-06-19 12:38:00,Node A,30.18,7.28,7.6,-0.04,-0.02,-0.3,False,False,False,False,False,True
2026-06-19 12:38:00,Node B,31.76,7.87,20.6,0.27,0.37,0.2,False,False,False,False,True,True
2026-06-19 12:53:00,Node A,30.24,7.3,7.7,0.06,0.02,0.1,False,False,False,False,False,True
2026-06-19 12:53:00,Node B,32.02,8.28,21.5,0.26,0.41,0.9,False,True,False,True,True,False
2026-06-19 13:08:00,Node A,30.28,7.34,7.6,0.04,0.04,-0.1,False,False,False,False,False,True
2026-06-19 13:08:00,Node B,32.48,8.29,21.9,0.46,0.01,0.4,False,True,False,True,True,False
2026-06-19 13:23:00,Node A,30.3,7.35,7.6,0.02,0.01,0.0,False,False,False,False,False,True
2026-06-19 13:23:00,Node B,32.41,8.32,17.7,-0.07,0.03,-4.2,False,True,False,True,True,False
2026-06-19 13:38:00,Node A,30.51,7.34,7.9,0.21,-0.01,0.3,False,False,False,False,False,True
2026-06-19 13:38:00,Node B,32.73,8.34,18.2,0.32,0.02,0.5,False,True,False,True,True,False
2026-06-19 13:53:00,Node A,30.64,7.36,8.1,0.13,0.02,0.2,False,False,False,False,False,True
2026-06-19 13:53:00,Node B,32.96,8.37,18.4,0.23,0.03,0.2,False,True,False,True,True,False
2026-06-19 14:08:00,Node A,30.75,7.38,8.2,0.11,0.02,0.1,False,False,False,False,False,True
2026-06-19 14:08:00,Node B,33.11,8.38,18.1,0.15,0.01,-0.3,False,True,False,True,True,False
2026-06-19 15:23:00,Node A,30.63,7.38,8.0,,,,True,False,False,False,False,False
2026-06-19 15:23:00,Node B,32.89,7.72,18.2,,,,True,True,False,True,True,False
2026-06-19 15:38:00,Node A,30.59,7.39,8.0,-0.04,0.01,0.0,False,False,False,False,False,True
2026-06-19 15:38:00,Node B,32.82,7.61,18.4,-0.07,-0.11,0.2,False,True,False,True,True,False
2026-06-19 15:53:00,Node A,30.51,7.38,7.8,-0.08,-0.01,-0.2,False,False,False,False,False,True
2026-06-19 15:53:00,Node B,32.72,7.5,18.8,-0.1,-0.11,0.4,False,True,False,True,True,False
2026-06-19 16:08:00,Node A,30.38,7.38,7.6,-0.13,0.0,-0.2,False,False,False,False,False,True
2026-06-19 16:08:00,Node B,32.71,7.39,18.7,-0.01,-0.11,-0.1,False,True,False,True,True,False
2026-06-19 16:23:00,Node A,30.52,7.34,7.9,0.14,-0.04,0.3,False,False,False,False,False,True
2026-06-19 16:23:00,Node B,32.64,7.32,18.6,-0.07,-0.07,-0.1,False,True,False,True,True,False
2026-06-19 16:38:00,Node A,30.41,7.32,7.8,-0.11,-0.02,-0.1,False,False,False,False,False,True
2026-06-19 16:38:00,Node B,32.75,7.2,18.8,0.11,-0.12,0.2,False,True,False,True,True,False
2026-06-19 16:53:00,Node A,30.29,7.29,7.7,-0.12,-0.03,-0.1,False,False,False,False,False,True
2026-06-19 16:53:00,Node B,32.87,7.07,18.6,0.12,-0.13,-0.2,False,True,False,True,True,False
2026-06-19 17:08:00,Node A,30.25,7.31,7.9,-0.04,0.02,0.2,False,False,False,False,False,True
2026-06-19 17:08:00,Node B,32.67,7.09,18.4,-0.2,0.02,-0.2,False,True,False,True,True,False
2026-06-19 17:23:00,Node A,30.18,7.3,8.2,-0.07,-0.01,0.3,False,False,False,False,False,True
2026-06-19 17:23:00,Node B,32.55,7.09,18.1,-0.12,0.0,-0.3,False,True,False,True,True,False
2026-06-19 17:38:00,Node A,30.35,7.33,7.9,0.17,0.03,-0.3,False,False,False,False,False,True
2026-06-19 17:38:00,Node B,32.56,7.08,17.7,0.01,-0.01,-0.4,False,True,False,True,True,False
2026-06-19 17:53:00,Node A,30.21,7.33,7.8,-0.14,0.0,-0.1,False,False,False,False,False,True
2026-06-19 17:53:00,Node B,32.33,7.11,17.8,-0.23,0.03,0.1,False,True,False,True,True,False
2026-06-19 18:08:00,Node A,30.0,7.31,7.8,-0.21,-0.02,0.0,False,False,False,False,False,True
2026-06-19 18:08:00,Node B,32.21,7.09,17.1,-0.12,-0.02,-0.7,False,True,False,True,False,False
2026-06-19 18:23:00,Node A,29.83,7.32,7.6,-0.17,0.01,-0.2,False,False,False,False,False,True
2026-06-19 18:23:00,Node B,31.98,7.09,17.0,-0.23,0.0,-0.1,False,False,False,False,False,True
2026-06-19 18:38:00,Node A,29.76,7.34,7.6,-0.07,0.02,0.0,False,False,False,False,False,True
2026-06-19 18:38:00,Node B,31.73,7.07,16.7,-0.25,-0.02,-0.3,False,False,False,False,False,True
2026-06-19 18:53:00,Node A,29.72,7.35,7.8,-0.04,0.01,0.2,False,False,False,False,False,True
2026-06-19 18:53:00,Node B,31.53,7.02,16.4,-0.2,-0.05,-0.3,False,False,False,False,False,True
2026-06-19 19:08:00,Node A,29.69,7.33,7.9,-0.03,-0.02,0.1,False,False,False,False,False,True
2026-06-19 19:08:00,Node B,31.28,7.03,16.6,-0.25,0.01,0.2,False,False,False,False,True,True
2026-06-19 19:23:00,Node A,29.58,7.28,7.9,-0.11,-0.05,0.0,False,False,False,False,False,True
2026-06-19 19:23:00,Node B,31.06,7.02,16.5,-0.22,-0.01,-0.1,False,False,False,False,True,True
2026-06-19 19:38:00,Node A,29.38,7.3,7.7,-0.2,0.02,-0.2,False,False,False,False,False,True
2026-06-19 19:38:00,Node B,30.83,7.03,16.2,-0.23,0.01,-0.3,False,False,False,False,True,True
2026-06-19 19:53:00,Node A,29.24,7.33,8.0,-0.14,0.03,0.3,False,False,False,False,False,True
2026-06-19 19:53:00,Node B,30.65,7.02,16.9,-0.18,-0.01,0.7,False,False,False,False,True,True
2026-06-19 20:53:00,Node A,28.85,7.27,8.0,,,,True,False,False,False,False,False
2026-06-19 20:53:00,Node B,29.63,6.3,21.7,,,,True,True,False,True,True,False
2026-06-19 21:08:00,Node A,28.8,7.26,8.1,-0.05,-0.01,0.1,False,False,False,False,False,True
2026-06-19 21:08:00,Node B,29.41,6.28,21.3,-0.22,-0.02,-0.4,False,True,False,True,True,False
2026-06-19 21:23:00,Node A,28.69,7.27,8.3,-0.11,0.01,0.2,False,False,False,False,False,True
2026-06-19 21:23:00,Node B,29.14,6.26,21.4,-0.27,-0.02,0.1,False,True,False,True,True,False
2026-06-19 21:53:00,Node A,28.28,7.24,8.4,,,,True,False,False,False,False,False
2026-06-19 21:53:00,Node B,28.75,6.41,20.7,,,,True,True,False,True,False,False
2026-06-19 22:08:00,Node A,28.06,7.26,8.5,-0.22,0.02,0.1,False,False,False,False,False,True
2026-06-19 22:08:00,Node B,28.64,6.51,19.8,-0.11,0.1,-0.9,False,False,False,False,False,True
2026-06-19 22:23:00,Node A,27.95,7.24,8.4,-0.11,-0.02,-0.1,False,False,False,False,False,True
2026-06-19 22:23:00,Node B,28.43,6.61,19.2,-0.21,0.1,-0.6,False,False,False,False,False,True
2026-06-19 22:38:00,Node A,27.97,7.25,8.2,0.02,0.01,-0.2,False,False,False,False,False,True
2026-06-19 22:38:00,Node B,28.43,6.71,18.4,0.0,0.1,-0.8,False,False,False,False,False,True
2026-06-19 23:08:00,Node A,27.62,7.19,8.4,,,,True,False,False,False,False,False
2026-06-19 23:08:00,Node B,28.03,6.87,17.2,,,,True,False,False,False,False,False
2026-06-19 23:23:00,Node A,27.54,7.24,8.4,-0.08,0.05,0.0,False,False,False,False,False,True
2026-06-19 23:23:00,Node B,27.94,6.95,16.3,-0.09,0.08,-0.9,False,False,False,False,False,True
2026-06-19 23:38:00,Node A,27.32,7.24,8.0,-0.22,0.0,-0.4,False,False,False,False,False,True
2026-06-19 23:38:00,Node B,27.68,6.96,15.5,-0.26,0.01,-0.8,False,False,False,False,False,True
2026-06-19 23:53:00,Node A,27.19,7.26,8.4,-0.13,0.02,0.4,False,False,False,False,False,True
2026-06-19 23:53:00,Node B,27.7,6.96,14.8,0.02,0.0,-0.7,False,False,False,False,False,True
2026-06-20 00:08:00,Node A,27.13,7.26,8.4,-0.06,0.0,0.0,False,False,False,False,False,True
2026-06-20 00:08:00,Node B,27.53,6.95,14.1,-0.17,-0.01,-0.7,False,False,False,False,False,True
2026-06-20 00:23:00,Node A,26.97,7.26,8.7,-0.16,0.0,0.3,False,False,False,False,False,True
2026-06-20 00:23:00,Node B,27.39,6.92,14.5,-0.14,-0.03,0.4,False,False,False,False,False,True
2026-06-20 00:38:00,Node A,26.94,7.29,8.6,-0.03,0.03,-0.1,False,False,False,False,False,True
2026-06-20 00:38:00,Node B,27.19,6.9,14.2,-0.2,-0.02,-0.3,False,False,False,False,False,True
2026-06-20 00:53:00,Node A,26.83,7.27,8.4,-0.11,-0.02,-0.2,False,False,False,False,False,True
2026-06-20 00:53:00,Node B,27.13,6.89,14.2,-0.06,-0.01,0.0,False,False,False,False,False,True
2026-06-20 01:08:00,Node A,26.67,7.26,8.6,-0.16,-0.01,0.2,False,False,False,False,False,True
2026-06-20 01:08:00,Node B,27.13,6.9,14.5,0.0,0.01,0.3,False,False,False,False,False,True
2026-06-20 01:23:00,Node A,26.69,7.23,8.3,0.02,-0.03,-0.3,False,False,False,False,False,True
2026-06-20 01:23:00,Node B,27.12,6.86,14.6,-0.01,-0.04,0.1,False,False,False,False,False,True
2026-06-20 01:38:00,Node A,26.78,7.22,8.1,0.09,-0.01,-0.2,False,False,False,False,False,True
2026-06-20 01:38:00,Node B,27.11,6.85,14.7,-0.01,-0.01,0.1,False,False,False,False,False,True
2026-06-20 01:53:00,Node A,26.66,7.2,8.0,-0.12,-0.02,-0.1,False,False,False,False,False,True
2026-06-20 01:53:00,Node B,27.02,6.89,14.4,-0.09,0.04,-0.3,False,False,False,False,False,True
2026-06-20 02:08:00,Node A,26.72,7.19,8.6,0.06,-0.01,0.6,False,False,False,False,False,True
2026-06-20 02:08:00,Node B,26.99,6.89,15.3,-0.03,0.0,0.9,False,False,False,False,False,True
2026-06-20 02:23:00,Node A,26.76,7.18,8.0,0.04,-0.01,-0.6,False,False,False,False,False,True
2026-06-20 02:23:00,Node B,26.85,6.85,16.7,-0.14,-0.04,1.4,False,False,False,False,False,True
2026-06-20 02:38:00,Node A,26.66,7.18,8.0,-0.1,0.0,0.0,False,False,False,False,False,True
2026-06-20 02:38:00,Node B,26.84,6.86,18.4,-0.01,0.01,1.7,False,False,False,False,False,True
2026-06-20 02:53:00,Node A,26.69,7.18,8.4,0.03,0.0,0.4,False,False,False,False,False,True
2026-06-20 02:53:00,Node B,26.79,6.86,18.6,-0.05,0.0,0.2,False,False,False,False,False,True
2026-06-20 03:23:00,Node A,26.9,7.17,8.7,,,,True,False,False,False,False,False
2026-06-20 03:23:00,Node B,26.72,7.71,18.9,,,,True,False,False,False,False,False
2026-06-20 03:38:00,Node A,26.98,7.16,8.7,0.08,-0.01,0.0,False,False,False,False,False,True
2026-06-20 03:38:00,Node B,26.79,7.72,19.1,0.07,0.01,0.2,False,False,False,False,False,True
2026-06-20 03:53:00,Node A,26.97,7.14,8.5,-0.01,-0.02,-0.2,False,False,False,False,False,True
2026-06-20 03:53:00,Node B,27.03,7.72,18.9,0.24,0.0,-0.2,False,False,False,False,False,True
2026-06-20 04:08:00,Node A,26.83,7.12,8.5,-0.14,-0.02,0.0,False,False,False,False,False,True
2026-06-20 04:08:00,Node B,26.9,7.65,18.4,-0.13,-0.07,-0.5,False,False,False,False,False,True
2026-06-20 04:23:00,Node A,26.9,7.16,8.5,0.07,0.04,0.0,False,False,False,False,False,True
2026-06-20 04:23:00,Node B,26.94,7.56,17.8,0.04,-0.09,-0.6,False,False,False,False,False,True
2026-06-20 04:38:00,Node A,26.99,7.15,8.1,0.09,-0.01,-0.4,False,False,False,False,False,True
2026-06-20 04:38:00,Node B,27.01,7.48,17.6,0.07,-0.08,-0.2,False,False,False,False,False,True
2026-06-20 04:53:00,Node A,26.99,7.12,8.3,0.0,-0.03,0.2,False,False,False,False,False,True
2026-06-20 04:53:00,Node B,27.24,7.39,17.0,0.23,-0.09,-0.6,False,False,False,False,False,True
2026-06-20 05:08:00,Node A,26.94,7.15,8.6,-0.05,0.03,0.3,False,False,False,False,False,True
2026-06-20 05:08:00,Node B,27.25,7.27,16.6,0.01,-0.12,-0.4,False,False,False,False,False,True
2026-06-20 05:23:00,Node A,26.94,7.14,8.8,0.0,-0.01,0.2,False,False,False,False,False,True
2026-06-20 05:23:00,Node B,27.38,7.22,16.0,0.13,-0.05,-0.6,False,False,False,False,False,True
2026-06-20 05:38:00,Node A,27.15,7.14,9.0,0.21,0.0,0.2,False,False,False,False,False,True
2026-06-20 05:38:00,Node B,27.5,7.16,15.9,0.12,-0.06,-0.1,False,False,False,False,False,True
2026-06-20 05:53:00,Node A,27.19,7.17,8.9,0.04,0.03,-0.1,False,False,False,False,False,True
2026-06-20 05:53:00,Node B,27.49,7.08,15.3,-0.01,-0.08,-0.6,False,False,False,False,False,True
2026-06-20 06:08:00,Node A,27.27,7.17,8.6,0.08,0.0,-0.3,False,False,False,False,False,True
2026-06-20 06:08:00,Node B,27.49,6.98,14.8,0.0,-0.1,-0.5,False,False,False,False,False,True
2026-06-20 06:23:00,Node A,27.43,7.15,8.8,0.16,-0.02,0.2,False,False,False,False,False,True
2026-06-20 06:23:00,Node B,27.73,6.92,14.7,0.24,-0.06,-0.1,False,False,False,False,False,True
2026-06-20 06:38:00,Node A,27.59,7.18,9.1,0.16,0.03,0.3,False,False,False,False,False,True
2026-06-20 06:38:00,Node B,27.85,6.91,14.5,0.12,-0.01,-0.2,False,False,False,False,False,True
2026-06-20 06:53:00,Node A,27.83,7.17,9.0,0.24,-0.01,-0.1,False,False,False,False,False,True
2026-06-20 06:53:00,Node B,27.93,6.91,14.7,0.08,0.0,0.2,False,False,False,False,False,True
2026-06-20 07:08:00,Node A,27.84,7.13,9.1,0.01,-0.04,0.1,False,False,False,False,False,True
2026-06-20 07:08:00,Node B,28.18,6.95,14.5,0.25,0.04,-0.2,False,False,False,False,False,True
2026-06-20 07:23:00,Node A,27.89,7.11,9.1,0.05,-0.02,0.0,False,False,False,False,False,True
2026-06-20 07:23:00,Node B,28.21,6.94,14.4,0.03,-0.01,-0.1,False,False,False,False,False,True
2026-06-20 07:38:00,Node A,27.94,7.15,9.3,0.05,0.04,0.2,False,False,False,False,False,True
2026-06-20 07:38:00,Node B,28.16,6.95,14.5,-0.05,0.01,0.1,False,False,False,False,False,True
2026-06-20 07:53:00,Node A,27.99,7.19,9.2,0.05,0.04,-0.1,False,False,False,False,True,True
2026-06-20 07:53:00,Node B,28.39,6.96,14.9,0.23,0.01,0.4,False,False,False,False,False,True
2026-06-20 08:08:00,Node A,28.12,7.25,9.7,0.13,0.06,0.5,False,False,False,False,True,True
2026-06-20 08:08:00,Node B,28.56,6.93,15.2,0.17,-0.03,0.3,False,False,False,False,False,True
2026-06-20 08:23:00,Node A,28.27,7.21,10.8,0.15,-0.04,1.1,False,False,False,False,True,True
2026-06-20 08:23:00,Node B,28.76,6.94,15.1,0.2,0.01,-0.1,False,False,False,False,False,True
2026-06-20 08:38:00,Node A,28.33,7.24,12.4,0.06,0.03,1.6,False,False,False,False,True,True
2026-06-20 08:38:00,Node B,29.14,6.99,15.2,0.38,0.05,0.1,False,False,False,False,False,True
2026-06-20 08:53:00,Node A,28.48,7.97,14.5,0.15,0.73,2.1,False,False,True,True,False,False
2026-06-20 08:53:00,Node B,29.22,6.99,15.5,0.08,0.0,0.3,False,False,False,False,False,True
2026-06-20 09:08:00,Node A,28.69,8.01,14.6,0.21,0.04,0.1,False,False,False,False,False,True
2026-06-20 09:08:00,Node B,29.42,6.94,15.6,0.2,-0.05,0.1,False,False,False,False,False,True
2026-06-20 09:23:00,Node A,28.89,8.03,14.0,0.2,0.02,-0.6,False,False,False,False,False,True
2026-06-20 09:23:00,Node B,29.45,6.98,15.5,0.03,0.04,-0.1,False,False,False,False,False,True
2026-06-20 09:38:00,Node A,29.02,7.86,13.8,0.13,-0.17,-0.2,False,False,False,False,False,True
2026-06-20 09:38:00,Node B,29.52,7.0,15.8,0.07,0.02,0.3,False,False,False,False,False,True
2026-06-20 09:53:00,Node A,29.11,7.69,13.5,0.09,-0.17,-0.3,False,False,False,False,False,True
2026-06-20 09:53:00,Node B,29.79,7.05,15.4,0.27,0.05,-0.4,False,False,False,False,False,True
2026-06-20 10:08:00,Node A,29.25,7.53,13.5,0.14,-0.16,0.0,False,False,False,False,False,True
2026-06-20 10:08:00,Node B,29.98,7.03,15.0,0.19,-0.02,-0.4,False,False,False,False,False,True
2026-06-20 10:23:00,Node A,29.37,7.44,13.2,0.12,-0.09,-0.3,False,False,False,False,False,True
2026-06-20 10:23:00,Node B,29.89,7.02,14.8,-0.09,-0.01,-0.2,False,False,False,False,False,True
2026-06-20 10:38:00,Node A,29.37,7.3,12.9,0.0,-0.14,-0.3,False,False,False,False,False,True
2026-06-20 10:38:00,Node B,30.09,7.03,14.9,0.2,0.01,0.1,False,False,False,False,False,True
2026-06-20 10:53:00,Node A,29.4,7.31,12.6,0.03,0.01,-0.3,False,False,False,False,False,True
2026-06-20 10:53:00,Node B,30.39,7.02,15.2,0.3,-0.01,0.3,False,False,False,False,False,True
2026-06-20 11:53:00,Node A,29.83,7.34,11.6,,,,True,False,False,False,False,False
2026-06-20 11:53:00,Node B,30.76,6.98,15.4,,,,True,False,False,False,False,False
2026-06-20 12:08:00,Node A,29.99,7.32,11.3,0.16,-0.02,-0.3,False,False,False,False,False,True
2026-06-20 12:08:00,Node B,31.01,7.0,15.2,0.25,0.02,-0.2,False,False,False,False,False,True
2026-06-20 12:38:00,Node A,30.24,7.31,10.4,,,,True,False,False,False,False,False
2026-06-20 12:38:00,Node B,31.28,7.05,15.6,,,,True,False,False,False,False,False
2026-06-20 12:53:00,Node A,30.2,7.34,9.7,-0.04,0.03,-0.7,False,False,False,False,False,True
2026-06-20 12:53:00,Node B,31.36,7.06,15.8,0.08,0.01,0.2,False,False,False,False,False,True
2026-06-20 13:08:00,Node A,30.38,7.33,9.4,0.18,-0.01,-0.3,False,False,False,False,False,True
2026-06-20 13:08:00,Node B,31.33,7.06,16.1,-0.03,0.0,0.3,False,False,False,False,False,True
2026-06-20 13:23:00,Node A,30.34,7.33,9.4,-0.04,0.0,0.0,False,False,False,False,False,True
2026-06-20 13:23:00,Node B,31.37,7.09,15.8,0.04,0.03,-0.3,False,False,False,False,False,True
2026-06-20 13:38:00,Node A,30.26,7.32,9.2,-0.08,-0.01,-0.2,False,False,False,False,False,True
2026-06-20 13:38:00,Node B,31.3,7.09,16.2,-0.07,0.0,0.4,False,False,False,False,False,True
2026-06-20 13:53:00,Node A,30.34,7.33,9.6,0.08,0.01,0.4,False,False,False,False,False,True
2026-06-20 13:53:00,Node B,31.42,7.06,16.3,0.12,-0.03,0.1,False,False,False,False,False,True
2026-06-20 14:08:00,Node A,30.3,7.34,9.4,-0.04,0.01,-0.2,False,False,False,False,False,True
2026-06-20 14:08:00,Node B,31.6,7.07,15.7,0.18,0.01,-0.6,False,False,False,False,False,True
2026-06-20 14:23:00,Node A,30.36,7.32,9.2,0.06,-0.02,-0.2,False,False,False,False,False,True
2026-06-20 14:23:00,Node B,31.61,7.09,15.7,0.01,0.02,0.0,False,False,False,False,False,True
2026-06-20 14:53:00,Node A,30.54,7.38,9.0,,,,True,False,False,False,False,False
2026-06-20 14:53:00,Node B,31.7,7.15,15.9,,,,True,False,False,False,False,False
2026-06-20 15:08:00,Node A,30.39,7.36,9.6,-0.15,-0.02,0.6,False,False,False,False,False,True
2026-06-20 15:08:00,Node B,31.54,7.13,15.7,-0.16,-0.02,-0.2,False,False,False,False,False,True
2026-06-20 15:23:00,Node A,30.48,7.38,9.2,0.09,0.02,-0.4,False,False,False,False,False,True
2026-06-20 15:23:00,Node B,31.67,7.17,15.5,0.13,0.04,-0.2,False,False,False,False,False,True
2026-06-20 15:38:00,Node A,30.59,7.34,9.0,0.11,-0.04,-0.2,False,False,False,False,False,True
2026-06-20 15:38:00,Node B,31.83,7.15,15.8,0.16,-0.02,0.3,False,False,False,False,True,True
2026-06-20 15:53:00,Node A,30.5,7.35,9.0,-0.09,0.01,0.0,False,False,False,False,False,True
2026-06-20 15:53:00,Node B,31.82,7.16,17.4,-0.01,0.01,1.6,False,False,False,False,True,True
2026-06-20 16:08:00,Node A,30.66,7.36,9.1,0.16,0.01,0.1,False,False,False,False,False,True
2026-06-20 16:08:00,Node B,31.49,7.14,19.4,-0.33,-0.02,2.0,False,False,False,False,True,True
2026-06-20 16:23:00,Node A,30.6,7.33,9.0,-0.06,-0.03,-0.1,False,False,False,False,False,True
2026-06-20 16:23:00,Node B,31.51,7.09,21.5,0.02,-0.05,2.1,False,False,False,False,True,True
2026-06-20 16:38:00,Node A,30.6,7.33,8.7,0.0,0.0,-0.3,False,False,False,False,False,True
2026-06-20 16:38:00,Node B,31.55,6.39,23.7,0.04,-0.7,2.2,False,True,False,True,True,False
2026-06-20 16:53:00,Node A,30.67,7.35,9.0,0.07,0.02,0.3,False,False,False,False,False,True
2026-06-20 16:53:00,Node B,31.27,6.34,23.5,-0.28,-0.05,-0.2,False,True,False,True,True,False
2026-06-20 17:08:00,Node A,30.54,7.34,9.1,-0.13,-0.01,0.1,False,False,False,False,False,True
2026-06-20 17:08:00,Node B,31.29,6.3,23.6,0.02,-0.04,0.1,False,True,False,True,True,False
2026-06-20 17:23:00,Node A,30.5,7.37,9.6,-0.04,0.03,0.5,False,False,False,False,False,True
2026-06-20 17:23:00,Node B,31.43,6.33,23.4,0.14,0.03,-0.2,False,True,False,True,True,False
2026-06-20 17:38:00,Node A,30.26,7.34,10.0,-0.24,-0.03,0.4,False,False,False,False,False,True
2026-06-20 17:38:00,Node B,31.3,6.41,23.6,-0.13,0.08,0.2,False,True,False,True,True,False
2026-06-20 17:53:00,Node A,29.98,7.35,10.3,-0.28,0.01,0.3,False,False,False,False,False,True
2026-06-20 17:53:00,Node B,31.22,6.49,23.9,-0.08,0.08,0.3,False,True,False,True,False,False
2026-06-20 18:23:00,Node A,29.66,7.34,10.0,,,,True,False,False,False,False,False
2026-06-20 18:23:00,Node B,30.94,6.66,22.1,,,,True,False,False,False,False,False
2026-06-20 18:38:00,Node A,29.64,7.33,9.8,-0.02,-0.01,-0.2,False,False,False,False,False,True
2026-06-20 18:38:00,Node B,30.89,6.72,21.7,-0.05,0.06,-0.4,False,False,False,False,False,True
2026-06-20 18:53:00,Node A,29.51,7.36,9.7,-0.13,0.03,-0.1,False,False,False,False,False,True
2026-06-20 18:53:00,Node B,30.75,6.8,20.7,-0.14,0.08,-1.0,False,False,False,False,False,True
2026-06-20 19:08:00,Node A,29.52,7.34,9.7,0.01,-0.02,0.0,False,False,False,False,False,True
2026-06-20 19:08:00,Node B,30.63,6.84,20.0,-0.12,0.04,-0.7,False,False,False,False,False,True
2026-06-20 19:38:00,Node A,29.29,7.36,10.1,,,,True,False,False,False,False,False
2026-06-20 19:38:00,Node B,30.32,6.95,19.6,,,,True,False,False,False,False,False
2026-06-20 19:53:00,Node A,29.22,7.38,9.5,-0.07,0.02,-0.6,False,False,False,False,False,True
2026-06-20 19:53:00,Node B,30.43,6.98,20.0,0.11,0.03,0.4,False,False,False,False,False,True
2026-06-20 20:08:00,Node A,29.14,7.34,9.8,-0.08,-0.04,0.3,False,False,False,False,False,True
2026-06-20 20:08:00,Node B,30.54,6.96,20.3,0.11,-0.02,0.3,False,False,False,False,False,True
2026-06-20 20:23:00,Node A,28.91,7.3,9.9,-0.23,-0.04,0.1,False,False,False,False,False,True
2026-06-20 20:23:00,Node B,30.76,7.1,20.3,0.22,0.14,0.0,False,False,False,False,False,True
2026-06-20 20:38:00,Node A,28.8,7.3,9.6,-0.11,0.0,-0.3,False,False,False,False,False,True
2026-06-20 20:38:00,Node B,30.78,7.34,20.3,0.02,0.24,0.0,False,False,False,False,False,True
2026-06-20 20:53:00,Node A,28.61,7.28,10.1,-0.19,-0.02,0.5,False,False,False,False,False,True
2026-06-20 20:53:00,Node B,30.86,7.64,20.3,0.08,0.3,0.0,False,False,False,False,False,True
2026-06-20 21:08:00,Node A,28.53,7.31,10.4,-0.08,0.03,0.3,False,False,False,False,False,True
2026-06-20 21:08:00,Node B,30.92,7.96,20.6,0.06,0.32,0.3,False,False,False,False,False,True
2026-06-20 21:23:00,Node A,28.48,7.31,9.8,-0.05,0.0,-0.6,False,False,False,False,False,True
2026-06-20 21:23:00,Node B,30.99,8.35,22.3,0.07,0.39,1.7,False,False,False,False,False,True
2026-06-20 21:38:00,Node A,28.41,7.3,9.7,-0.07,-0.01,-0.1,False,False,False,False,False,True
2026-06-20 21:38:00,Node B,30.83,8.35,22.4,-0.16,0.0,0.1,False,False,False,False,False,True
2026-06-20 21:53:00,Node A,28.37,7.31,9.8,-0.04,0.01,0.1,False,False,False,False,False,True
2026-06-20 21:53:00,Node B,30.76,8.3,22.4,-0.07,-0.05,0.0,False,False,False,False,False,True
2026-06-20 22:08:00,Node A,28.4,7.28,9.8,0.03,-0.03,0.0,False,False,False,False,False,True
2026-06-20 22:08:00,Node B,30.7,8.32,22.4,-0.06,0.02,0.0,False,False,False,False,False,True
2026-06-20 22:23:00,Node A,28.22,7.28,9.8,-0.18,0.0,0.0,False,False,False,False,False,True
2026-06-20 22:23:00,Node B,30.58,8.31,22.2,-0.12,-0.01,-0.2,False,False,False,False,False,True
2026-06-20 22:38:00,Node A,28.09,7.28,9.9,-0.13,0.0,0.1,False,False,False,False,False,True
2026-06-20 22:38:00,Node B,30.38,8.21,22.2,-0.2,-0.1,0.0,False,False,False,False,False,True
2026-06-20 22:53:00,Node A,27.85,7.28,10.2,-0.24,0.0,0.3,False,False,False,False,False,True
2026-06-20 22:53:00,Node B,30.06,8.13,22.2,-0.32,-0.08,0.0,False,False,False,False,False,True
2026-06-20 23:08:00,Node A,27.81,7.27,10.1,-0.04,-0.01,-0.1,False,False,False,False,False,True
2026-06-20 23:08:00,Node B,29.81,8.01,22.0,-0.25,-0.12,-0.2,False,False,False,False,False,True
2026-06-20 23:23:00,Node A,27.9,7.22,10.0,0.09,-0.05,-0.1,False,False,False,False,False,True
2026-06-20 23:23:00,Node B,29.81,7.96,22.3,0.0,-0.05,0.3,False,False,False,False,False,True
2026-06-20 23:38:00,Node A,27.72,7.23,10.0,-0.18,0.01,0.0,False,False,False,False,False,True
2026-06-20 23:38:00,Node B,29.75,7.87,21.0,-0.06,-0.09,-1.3,False,False,False,False,False,True
2026-06-20 23:53:00,Node A,27.57,7.25,10.2,-0.15,0.02,0.2,False,False,False,False,False,True
2026-06-20 23:53:00,Node B,29.63,7.76,21.0,-0.12,-0.11,0.0,False,False,False,False,False,True
2026-06-21 00:08:00,Node A,27.44,7.23,10.2,-0.13,-0.02,0.0,False,False,False,False,False,True
2026-06-21 00:08:00,Node B,29.59,7.66,21.1,-0.04,-0.1,0.1,False,False,False,False,False,True
2026-06-21 00:23:00,Node A,27.11,7.21,11.2,-0.33,-0.02,1.0,False,False,False,False,False,True
2026-06-21 00:23:00,Node B,29.44,7.6,21.3,-0.15,-0.06,0.2,False,False,False,False,False,True
2026-06-21 00:38:00,Node A,27.07,7.18,13.0,-0.04,-0.03,1.8,False,False,False,False,False,True
2026-06-21 00:38:00,Node B,29.51,7.54,21.5,0.07,-0.06,0.2,False,False,False,False,False,True
2026-06-21 00:53:00,Node A,26.73,7.14,15.1,-0.34,-0.04,2.1,False,False,False,False,True,True
2026-06-21 00:53:00,Node B,29.45,7.43,21.6,-0.06,-0.11,0.1,False,False,False,False,False,True
2026-06-21 01:08:00,Node A,26.31,7.18,17.5,-0.42,0.04,2.4,False,False,False,False,True,True
2026-06-21 01:08:00,Node B,29.3,7.34,21.4,-0.15,-0.09,-0.2,False,False,False,False,False,True
2026-06-21 01:23:00,Node A,25.9,7.17,17.2,-0.41,-0.01,-0.3,False,False,False,False,True,True
2026-06-21 01:23:00,Node B,29.07,7.24,21.1,-0.23,-0.1,-0.3,False,False,False,False,False,True
2026-06-21 01:38:00,Node A,25.75,6.92,17.4,-0.15,-0.25,0.2,False,False,False,False,True,True
2026-06-21 01:38:00,Node B,28.94,7.15,20.2,-0.13,-0.09,-0.9,False,False,False,False,False,True
2026-06-21 01:53:00,Node A,25.76,6.44,17.1,0.01,-0.48,-0.3,False,True,False,True,True,False
2026-06-21 01:53:00,Node B,28.98,7.09,20.1,0.04,-0.06,-0.1,False,False,False,False,False,True
2026-06-21 02:08:00,Node A,25.77,6.48,17.5,0.01,0.04,0.4,False,True,False,True,True,False
2026-06-21 02:08:00,Node B,28.93,7.01,19.4,-0.05,-0.08,-0.7,False,False,False,False,False,True
2026-06-21 02:23:00,Node A,25.95,6.44,17.4,0.18,-0.04,-0.1,False,True,False,True,True,False
2026-06-21 02:23:00,Node B,28.84,6.9,19.2,-0.09,-0.11,-0.2,False,False,False,False,False,True
2026-06-21 02:38:00,Node A,25.94,6.41,16.7,-0.01,-0.03,-0.7,False,True,False,True,True,False
2026-06-21 02:38:00,Node B,28.82,6.93,19.0,-0.02,0.03,-0.2,False,False,False,False,False,True
2026-06-21 02:53:00,Node A,25.9,6.45,15.9,-0.04,0.04,-0.8,False,True,False,True,True,False
2026-06-21 02:53:00,Node B,28.89,6.87,18.8,0.07,-0.06,-0.2,False,False,False,False,False,True
2026-06-21 03:08:00,Node A,25.98,6.45,14.8,0.08,0.0,-1.1,False,True,False,True,False,False
2026-06-21 03:08:00,Node B,28.86,6.88,18.3,-0.03,0.01,-0.5,False,False,False,False,False,True
2026-06-21 03:23:00,Node A,26.17,6.57,14.0,0.19,0.12,-0.8,False,False,False,False,False,True
2026-06-21 03:23:00,Node B,28.77,6.85,18.2,-0.09,-0.03,-0.1,False,False,False,False,False,True
2026-06-21 03:38:00,Node A,26.1,6.71,13.5,-0.07,0.14,-0.5,False,False,False,False,False,True
2026-06-21 03:38:00,Node B,28.82,6.84,17.5,0.05,-0.01,-0.7,False,False,False,False,False,True
2026-06-21 03:53:00,Node A,26.16,6.83,12.9,0.06,0.12,-0.6,False,False,False,False,False,True
2026-06-21 03:53:00,Node B,28.87,6.86,17.5,0.05,0.02,0.0,False,False,False,False,False,True
2026-06-21 04:08:00,Node A,26.35,6.94,12.5,0.19,0.11,-0.4,False,False,False,False,False,True
2026-06-21 04:08:00,Node B,28.87,6.88,17.4,0.0,0.02,-0.1,False,False,False,False,False,True
2026-06-21 04:23:00,Node A,26.58,7.06,11.5,0.23,0.12,-1.0,False,False,False,False,False,True
2026-06-21 04:23:00,Node B,29.01,6.9,17.3,0.14,0.02,-0.1,False,False,False,False,False,True
2026-06-21 04:38:00,Node A,26.75,7.18,10.5,0.17,0.12,-1.0,False,False,False,False,False,True
2026-06-21 04:38:00,Node B,28.84,6.86,16.8,-0.17,-0.04,-0.5,False,False,False,False,False,True
2026-06-21 04:53:00,Node A,26.93,7.15,10.2,0.18,-0.03,-0.3,False,False,False,False,False,True
2026-06-21 04:53:00,Node B,29.03,6.88,16.8,0.19,0.02,0.0,False,False,False,False,False,True
2026-06-21 05:08:00,Node A,27.09,7.12,10.3,0.16,-0.03,0.1,False,False,False,False,False,True
2026-06-21 05:08:00,Node B,29.18,6.86,16.5,0.15,-0.02,-0.3,False,False,False,False,False,True
2026-06-21 05:23:00,Node A,27.21,7.12,10.7,0.12,0.0,0.4,False,False,False,False,False,True
2026-06-21 05:23:00,Node B,29.13,6.85,15.6,-0.05,-0.01,-0.9,False,False,False,False,False,True
2026-06-21 05:38:00,Node A,27.2,7.13,10.5,-0.01,0.01,-0.2,False,False,False,False,False,True
2026-06-21 05:38:00,Node B,29.34,6.89,15.5,0.21,0.04,-0.1,False,False,False,False,False,True
2026-06-21 05:53:00,Node A,27.2,7.12,10.5,0.0,-0.01,0.0,False,False,False,False,False,True
2026-06-21 05:53:00,Node B,29.45,6.92,15.1,0.11,0.03,-0.4,False,False,False,False,False,True
2026-06-21 06:23:00,Node A,27.38,7.16,10.8,,,,True,False,False,False,False,False
2026-06-21 06:23:00,Node B,29.47,6.92,15.3,,,,True,False,False,False,False,False
2026-06-21 06:38:00,Node A,27.42,7.15,10.4,0.04,-0.01,-0.4,False,False,False,False,False,True
2026-06-21 06:38:00,Node B,29.78,6.94,15.5,0.31,0.02,0.2,False,False,False,False,False,True
2026-06-21 06:53:00,Node A,27.53,7.18,10.2,0.11,0.03,-0.2,False,False,False,False,False,True
2026-06-21 06:53:00,Node B,29.9,6.93,15.4,0.12,-0.01,-0.1,False,False,False,False,False,True
2026-06-21 07:08:00,Node A,27.75,7.19,10.2,0.22,0.01,0.0,False,False,False,False,False,True
2026-06-21 07:08:00,Node B,30.01,6.95,15.2,0.11,0.02,-0.2,False,False,False,False,False,True
2026-06-21 07:23:00,Node A,27.82,7.18,10.4,0.07,-0.01,0.2,False,False,False,False,False,True
2026-06-21 07:23:00,Node B,30.27,6.95,15.3,0.26,0.0,0.1,False,False,False,False,False,True
2026-06-21 07:38:00,Node A,28.03,7.15,10.3,0.21,-0.03,-0.1,False,False,False,False,False,True
2026-06-21 07:38:00,Node B,30.33,6.95,15.3,0.06,0.0,0.0,False,False,False,False,False,True
2026-06-21 07:53:00,Node A,28.09,7.16,10.1,0.06,0.01,-0.2,False,False,False,False,False,True
2026-06-21 07:53:00,Node B,30.57,6.95,15.5,0.24,0.0,0.2,False,False,False,False,False,True
2026-06-21 08:08:00,Node A,28.13,7.18,10.4,0.04,0.02,0.3,False,False,False,False,False,True
2026-06-21 08:08:00,Node B,30.65,6.93,15.6,0.08,-0.02,0.1,False,False,False,False,False,True
2026-06-21 08:23:00,Node A,28.37,7.2,10.4,0.24,0.02,0.0,False,False,False,False,False,True
2026-06-21 08:23:00,Node B,30.71,6.93,15.5,0.06,0.0,-0.1,False,False,False,False,False,True
2026-06-21 08:38:00,Node A,28.44,7.22,10.4,0.07,0.02,0.0,False,False,False,False,False,True
2026-06-21 08:38:00,Node B,30.9,6.91,15.4,0.19,-0.02,-0.1,False,False,False,False,False,True
2026-06-21 08:53:00,Node A,28.48,7.25,10.2,0.04,0.03,-0.2,False,False,False,False,False,True
2026-06-21 08:53:00,Node B,31.06,6.95,15.8,0.16,0.04,0.4,False,False,False,False,False,True
2026-06-21 09:08:00,Node A,28.63,7.23,10.2,0.15,-0.02,0.0,False,False,False,False,False,True
2026-06-21 09:08:00,Node B,31.21,6.96,16.0,0.15,0.01,0.2,False,False,False,False,False,True
2026-06-21 09:38:00,Node A,28.99,7.26,10.1,,,,True,False,False,False,False,False
2026-06-21 09:38:00,Node B,31.35,6.97,16.0,,,,True,False,False,False,True,False
2026-06-21 09:53:00,Node A,29.05,7.28,10.5,0.06,0.02,0.4,False,False,False,False,False,True
2026-06-21 09:53:00,Node B,31.46,7.0,16.3,0.11,0.03,0.3,False,False,False,False,True,True
2026-06-21 10:08:00,Node A,29.31,7.31,10.5,0.26,0.03,0.0,False,False,False,False,False,True
2026-06-21 10:08:00,Node B,31.61,6.99,16.2,0.15,-0.01,-0.1,False,False,False,False,True,True
2026-06-21 10:23:00,Node A,29.35,7.31,10.7,0.04,0.0,0.2,False,False,False,False,False,True
2026-06-21 10:23:00,Node B,31.69,7.01,16.1,0.08,0.02,-0.1,False,False,False,False,True,True
2026-06-21 10:53:00,Node A,29.5,7.32,10.6,,,,True,False,False,False,False,False
2026-06-21 10:53:00,Node B,32.09,7.03,15.8,,,,True,True,False,True,True,False
2026-06-21 11:08:00,Node A,29.53,7.32,10.6,0.03,0.0,0.0,False,False,False,False,False,True
2026-06-21 11:08:00,Node B,32.16,7.02,16.3,0.07,-0.01,0.5,False,True,False,True,True,False
2026-06-21 11:23:00,Node A,29.5,7.29,10.7,-0.03,-0.03,0.1,False,False,False,False,False,True
2026-06-21 11:23:00,Node B,32.27,7.04,16.3,0.11,0.02,0.0,False,True,False,True,True,False
2026-06-21 11:38:00,Node A,29.69,7.28,10.7,0.19,-0.01,0.0,False,False,False,False,False,True
2026-06-21 11:38:00,Node B,32.44,7.06,16.3,0.17,0.02,0.0,False,True,False,True,True,False
2026-06-21 11:53:00,Node A,29.9,7.25,11.1,0.21,-0.03,0.4,False,False,False,False,False,True
2026-06-21 11:53:00,Node B,32.62,7.08,16.5,0.18,0.02,0.2,False,True,False,True,True,False
2026-06-21 12:08:00,Node A,29.94,7.28,11.2,0.04,0.03,0.1,False,False,False,False,False,True
2026-06-21 12:08:00,Node B,32.63,7.11,16.3,0.01,0.03,-0.2,False,True,False,True,True,False
2026-06-21 12:23:00,Node A,30.1,7.27,11.0,0.16,-0.01,-0.2,False,False,False,False,False,True
2026-06-21 12:23:00,Node B,32.68,7.11,16.0,0.05,0.0,-0.3,False,True,False,True,True,False
2026-06-21 12:38:00,Node A,30.18,7.3,11.4,0.08,0.03,0.4,False,False,False,False,False,True
2026-06-21 12:38:00,Node B,32.65,7.1,16.1,-0.03,-0.01,0.1,False,True,False,True,True,False
2026-06-21 12:53:00,Node A,30.47,7.31,11.4,0.29,0.01,0.0,False,False,False,False,False,True
2026-06-21 12:53:00,Node B,32.77,7.09,16.2,0.12,-0.01,0.1,False,True,False,True,True,False
2026-06-21 13:08:00,Node A,30.39,7.33,11.2,-0.08,0.02,-0.2,False,False,False,False,False,True
2026-06-21 13:08:00,Node B,32.94,7.09,16.9,0.17,0.0,0.7,False,True,False,True,True,False
2026-06-21 13:23:00,Node A,30.28,7.35,11.6,-0.11,0.02,0.4,False,False,False,False,False,True
2026-06-21 13:23:00,Node B,33.07,7.35,17.5,0.13,0.26,0.6,False,True,False,True,True,False
2026-06-21 13:38:00,Node A,30.42,7.35,11.4,0.14,0.0,-0.2,False,False,False,False,False,True
2026-06-21 13:38:00,Node B,33.0,7.74,18.3,-0.07,0.39,0.8,False,True,False,True,True,False
2026-06-21 13:53:00,Node A,30.42,7.35,11.4,0.0,0.0,0.0,False,False,False,False,False,True
2026-06-21 13:53:00,Node B,33.16,8.27,19.3,0.16,0.53,1.0,False,True,False,True,True,False
2026-06-21 14:08:00,Node A,30.48,7.38,11.0,0.06,0.03,-0.4,False,False,False,False,False,True
2026-06-21 14:08:00,Node B,33.36,8.27,19.9,0.2,0.0,0.6,False,True,False,True,True,False
2026-06-21 14:38:00,Node A,30.74,7.4,10.6,,,,True,False,False,False,False,False
2026-06-21 14:38:00,Node B,33.25,8.31,20.7,,,,True,True,False,True,True,False
2026-06-21 14:53:00,Node A,30.76,7.4,10.8,0.02,0.0,0.2,False,False,False,False,False,True
2026-06-21 14:53:00,Node B,33.25,8.29,20.5,0.0,-0.02,-0.2,False,True,False,True,True,False
2026-06-21 15:08:00,Node A,30.51,7.37,10.8,-0.25,-0.03,0.0,False,False,False,False,False,True
2026-06-21 15:08:00,Node B,33.45,8.28,20.6,0.2,-0.01,0.1,False,True,False,True,True,False
2026-06-21 15:23:00,Node A,30.58,7.36,10.8,0.07,-0.01,0.0,False,False,False,False,False,True
2026-06-21 15:23:00,Node B,33.28,8.16,21.0,-0.17,-0.12,0.4,False,True,False,True,True,False
2026-06-21 15:38:00,Node A,30.59,7.4,11.0,0.01,0.04,0.2,False,False,False,False,False,True
2026-06-21 15:38:00,Node B,33.38,8.02,20.9,0.1,-0.14,-0.1,False,True,False,True,True,False
2026-06-21 15:53:00,Node A,30.66,7.36,11.1,0.07,-0.04,0.1,False,False,False,False,False,True
2026-06-21 15:53:00,Node B,33.23,7.91,21.1,-0.15,-0.11,0.2,False,True,False,True,True,False
2026-06-21 16:08:00,Node A,30.68,7.35,10.8,0.02,-0.01,-0.3,False,False,False,False,False,True
2026-06-21 16:08:00,Node B,33.21,7.76,21.3,-0.02,-0.15,0.2,False,True,False,True,True,False
2026-06-21 16:23:00,Node A,30.54,7.33,11.1,-0.14,-0.02,0.3,False,False,False,False,False,True
2026-06-21 16:23:00,Node B,33.27,7.63,21.2,0.06,-0.13,-0.1,False,True,False,True,True,False
2026-06-21 16:38:00,Node A,30.47,7.37,10.9,-0.07,0.04,-0.2,False,False,False,False,False,True
2026-06-21 16:38:00,Node B,33.15,7.5,21.3,-0.12,-0.13,0.1,False,True,False,True,True,False
2026-06-21 16:53:00,Node A,30.51,7.37,10.9,0.04,0.0,0.0,False,False,False,False,False,True
2026-06-21 16:53:00,Node B,33.12,7.35,21.4,-0.03,-0.15,0.1,False,True,False,True,True,False
2026-06-21 17:08:00,Node A,30.53,7.4,10.8,0.02,0.03,-0.1,False,False,False,False,False,True
2026-06-21 17:08:00,Node B,33.21,7.2,21.6,0.09,-0.15,0.2,False,True,False,True,True,False
2026-06-21 17:23:00,Node A,30.49,7.41,11.0,-0.04,0.01,0.2,False,False,False,False,False,True
2026-06-21 17:23:00,Node B,33.09,7.03,21.2,-0.12,-0.17,-0.4,False,True,False,True,True,False
2026-06-21 17:38:00,Node A,30.31,7.39,11.0,-0.18,-0.02,0.0,False,False,False,False,False,True
2026-06-21 17:38:00,Node B,32.98,7.03,20.6,-0.11,0.0,-0.6,False,True,False,True,True,False
2026-06-21 17:53:00,Node A,30.24,7.37,11.2,-0.07,-0.02,0.2,False,False,False,False,False,True
2026-06-21 17:53:00,Node B,32.75,7.02,20.1,-0.23,-0.01,-0.5,False,True,False,True,True,False
2026-06-21 18:08:00,Node A,30.11,7.38,11.2,-0.13,0.01,0.0,False,False,False,False,False,True
2026-06-21 18:08:00,Node B,32.66,7.06,20.0,-0.09,0.04,-0.1,False,True,False,True,True,False
2026-06-21 18:23:00,Node A,30.06,7.36,10.8,-0.05,-0.02,-0.4,False,False,False,False,False,True
2026-06-21 18:23:00,Node B,32.48,7.07,19.7,-0.18,0.01,-0.3,False,True,False,True,True,False
2026-06-21 18:38:00,Node A,29.93,7.36,10.9,-0.13,0.0,0.1,False,False,False,False,False,True
2026-06-21 18:38:00,Node B,32.39,7.07,19.2,-0.09,0.0,-0.5,False,True,False,True,True,False
2026-06-21 18:53:00,Node A,29.8,7.36,10.6,-0.13,0.0,-0.3,False,False,False,False,False,True
2026-06-21 18:53:00,Node B,32.15,7.09,19.3,-0.24,0.02,0.1,False,True,False,True,False,False
2026-06-21 19:08:00,Node A,29.54,7.38,10.6,-0.26,0.02,0.0,False,False,False,False,False,True
2026-06-21 19:08:00,Node B,31.77,7.06,19.1,-0.38,-0.03,-0.2,False,False,False,False,False,True
2026-06-21 19:23:00,Node A,29.48,7.36,11.1,-0.06,-0.02,0.5,False,False,False,False,False,True
2026-06-21 19:23:00,Node B,31.51,7.05,18.9,-0.26,-0.01,-0.2,False,False,False,False,False,True
2026-06-21 19:38:00,Node A,29.53,7.33,11.1,0.05,-0.03,0.0,False,False,False,False,False,True
2026-06-21 19:38:00,Node B,31.13,7.05,18.8,-0.38,0.0,-0.1,False,False,False,False,False,True
2026-06-21 19:53:00,Node A,29.26,7.32,11.0,-0.27,-0.01,-0.1,False,False,False,False,False,True
2026-06-21 19:53:00,Node B,31.05,7.02,18.3,-0.08,-0.03,-0.5,False,False,False,False,False,True
2026-06-21 20:08:00,Node A,29.12,7.31,10.8,-0.14,-0.01,-0.2,False,False,False,False,False,True
2026-06-21 20:08:00,Node B,30.85,7.02,18.0,-0.2,0.0,-0.3,False,False,False,False,False,True
2026-06-21 20:23:00,Node A,29.03,7.31,11.5,-0.09,0.0,0.7,False,False,False,False,False,True
2026-06-21 20:23:00,Node B,30.68,7.02,17.5,-0.17,0.0,-0.5,False,False,False,False,False,True
2026-06-21 20:38:00,Node A,28.91,7.3,11.4,-0.12,-0.01,-0.1,False,False,False,False,False,True
2026-06-21 20:38:00,Node B,30.43,7.01,17.3,-0.25,-0.01,-0.2,False,False,False,False,False,True
2026-06-21 20:53:00,Node A,28.75,7.3,11.3,-0.16,0.0,-0.1,False,False,False,False,False,True
2026-06-21 20:53:00,Node B,30.13,6.98,17.0,-0.3,-0.03,-0.3,False,False,False,False,False,True
2026-06-21 21:08:00,Node A,28.67,7.26,11.2,-0.08,-0.04,-0.1,False,False,False,False,False,True
2026-06-21 21:08:00,Node B,29.79,6.99,16.9,-0.34,0.01,-0.1,False,False,False,False,False,True
2026-06-21 21:23:00,Node A,28.4,7.28,11.2,-0.27,0.02,0.0,False,False,False,False,False,True
2026-06-21 21:23:00,Node B,29.49,7.02,17.0,-0.3,0.03,0.1,False,False,False,False,False,True
2026-06-21 21:38:00,Node A,28.38,7.28,11.0,-0.02,0.0,-0.2,False,False,False,False,False,True
2026-06-21 21:38:00,Node B,29.36,7.05,16.9,-0.13,0.03,-0.1,False,False,False,False,False,True
2026-06-21 21:53:00,Node A,28.17,7.23,11.2,-0.21,-0.05,0.2,False,False,False,False,False,True
2026-06-21 21:53:00,Node B,29.02,7.03,17.4,-0.34,-0.02,0.5,False,False,False,False,False,True
2026-06-21 22:08:00,Node A,28.09,7.23,11.1,-0.08,0.0,-0.1,False,False,False,False,False,True
2026-06-21 22:08:00,Node B,28.89,6.98,18.2,-0.13,-0.05,0.8,False,False,False,False,False,True
2026-06-21 22:23:00,Node A,28.03,7.25,11.2,-0.06,0.02,0.1,False,False,False,False,False,True
2026-06-21 22:23:00,Node B,28.68,6.98,18.9,-0.21,0.0,0.7,False,False,False,False,False,True
2026-06-21 22:38:00,Node A,27.84,7.24,11.3,-0.19,-0.01,0.1,False,False,False,False,False,True
2026-06-21 22:38:00,Node B,28.63,6.94,19.5,-0.05,-0.04,0.6,False,False,False,False,False,True
2026-06-21 22:53:00,Node A,27.76,7.21,12.2,-0.08,-0.03,0.9,False,False,False,False,False,True
2026-06-21 22:53:00,Node B,28.72,7.05,20.0,0.09,0.11,0.5,False,False,False,False,False,True
2026-06-21 23:08:00,Node A,27.76,7.18,12.7,0.0,-0.03,0.5,False,False,False,False,True,True
2026-06-21 23:08:00,Node B,28.5,7.17,20.7,-0.22,0.12,0.7,False,False,False,False,False,True
2026-06-21 23:23:00,Node A,27.63,7.22,13.3,-0.13,0.04,0.6,False,False,False,False,True,True
2026-06-21 23:23:00,Node B,28.49,7.43,21.7,-0.01,0.26,1.0,False,False,False,False,False,True
2026-06-21 23:38:00,Node A,27.37,7.18,14.1,-0.26,-0.04,0.8,False,False,False,False,True,True
2026-06-21 23:38:00,Node B,28.27,7.64,22.5,-0.22,0.21,0.8,False,False,False,False,False,True
2026-06-21 23:53:00,Node A,27.22,7.19,14.5,-0.15,0.01,0.4,False,False,False,False,True,True
2026-06-21 23:53:00,Node B,28.31,7.88,22.3,0.04,0.24,-0.2,False,False,False,False,False,True
2026-06-22 00:08:00,Node A,27.22,7.87,14.8,0.0,0.68,0.3,False,False,True,True,False,False
2026-06-22 00:08:00,Node B,28.35,7.86,22.5,0.04,-0.02,0.2,False,False,False,False,False,True
2026-06-22 00:23:00,Node A,27.16,7.88,14.5,-0.06,0.01,-0.3,False,False,False,False,False,True
2026-06-22 00:23:00,Node B,28.48,7.87,22.7,0.13,0.01,0.2,False,False,False,False,False,True
2026-06-22 00:38:00,Node A,27.07,7.89,14.3,-0.09,0.01,-0.2,False,False,False,False,False,True
2026-06-22 00:38:00,Node B,28.43,7.88,22.7,-0.05,0.01,0.0,False,False,False,False,False,True
2026-06-22 00:53:00,Node A,27.11,7.87,13.7,0.04,-0.02,-0.6,False,False,False,False,False,True
2026-06-22 00:53:00,Node B,28.17,7.9,19.6,-0.26,0.02,-3.1,False,False,False,False,False,True
2026-06-22 01:08:00,Node A,26.92,7.85,13.7,-0.19,-0.02,0.0,False,False,False,False,False,True
2026-06-22 01:08:00,Node B,28.12,7.92,19.4,-0.05,0.02,-0.2,False,False,False,False,True,True
2026-06-22 01:23:00,Node A,26.83,7.81,13.5,-0.09,-0.04,-0.2,False,False,False,False,False,True
2026-06-22 01:23:00,Node B,27.93,7.92,19.6,-0.19,0.0,0.2,False,False,False,False,True,True
2026-06-22 01:38:00,Node A,26.72,7.69,13.5,-0.11,-0.12,0.0,False,False,False,False,False,True
2026-06-22 01:38:00,Node B,28.0,7.77,19.5,0.07,-0.15,-0.1,False,False,False,False,True,True
2026-06-22 01:53:00,Node A,26.68,7.65,13.4,-0.04,-0.04,-0.1,False,False,False,False,False,True
2026-06-22 01:53:00,Node B,27.96,7.64,20.6,-0.04,-0.13,1.1,False,False,False,False,True,True
2026-06-22 02:38:00,Node A,26.35,7.46,13.1,,,,True,False,False,False,False,False
2026-06-22 02:38:00,Node B,26.37,7.22,26.1,,,,True,True,False,True,True,False
2026-06-22 02:53:00,Node A,26.37,7.37,13.0,0.02,-0.09,-0.1,False,False,False,False,False,True
2026-06-22 02:53:00,Node B,26.4,6.61,29.2,0.03,-0.61,3.1,False,True,False,True,True,False
2026-06-22 03:08:00,Node A,26.46,7.3,12.7,0.09,-0.07,-0.3,False,False,False,False,False,True
2026-06-22 03:08:00,Node B,26.34,5.9,30.1,-0.06,-0.71,0.9,False,True,False,True,True,False
2026-06-22 03:23:00,Node A,26.53,7.21,12.6,0.07,-0.09,-0.1,False,False,False,False,False,True
2026-06-22 03:23:00,Node B,26.48,5.9,31.4,0.14,0.0,1.3,False,True,False,True,True,False
2026-06-22 03:38:00,Node A,26.54,7.13,12.2,0.01,-0.08,-0.4,False,False,False,False,False,True
2026-06-22 03:38:00,Node B,26.43,6.31,30.8,-0.05,0.41,-0.6,False,True,False,True,True,False
2026-06-22 03:53:00,Node A,26.45,7.13,12.7,-0.09,0.0,0.5,False,False,False,False,False,True
2026-06-22 03:53:00,Node B,26.34,6.27,30.7,-0.09,-0.04,-0.1,False,True,False,True,True,False
2026-06-22 04:08:00,Node A,26.7,7.15,12.8,0.25,0.02,0.1,False,False,False,False,False,True
2026-06-22 04:08:00,Node B,26.4,6.46,29.9,0.06,0.19,-0.8,False,True,False,True,True,False
2026-06-22 04:23:00,Node A,26.68,7.16,12.4,-0.02,0.01,-0.4,False,False,False,False,False,True
2026-06-22 04:23:00,Node B,26.53,6.62,29.4,0.13,0.16,-0.5,False,True,False,True,True,False
2026-06-22 04:38:00,Node A,26.93,7.18,12.2,0.25,0.02,-0.2,False,False,False,False,False,True
2026-06-22 04:38:00,Node B,26.68,6.79,28.5,0.15,0.17,-0.9,False,True,False,True,True,False
2026-06-22 04:53:00,Node A,27.04,7.16,12.1,0.11,-0.02,-0.1,False,False,False,False,False,True
2026-06-22 04:53:00,Node B,26.89,6.95,28.3,0.21,0.16,-0.2,False,True,False,True,True,False
2026-06-22 05:08:00,Node A,27.19,7.14,12.3,0.15,-0.02,0.2,False,False,False,False,False,True
2026-06-22 05:08:00,Node B,26.93,7.12,27.7,0.04,0.17,-0.6,False,True,False,True,False,False
2026-06-22 06:08:00,Node A,27.35,7.14,12.1,,,,True,False,False,False,False,False
2026-06-22 06:08:00,Node B,27.5,6.97,21.5,,,,True,False,False,False,False,False
2026-06-22 06:23:00,Node A,27.35,7.14,11.6,0.0,0.0,-0.5,False,False,False,False,False,True
2026-06-22 06:23:00,Node B,27.68,6.89,20.1,0.18,-0.08,-1.4,False,False,False,False,False,True
2026-06-22 06:38:00,Node A,27.56,7.17,11.4,0.21,0.03,-0.2,False,False,False,False,False,True
2026-06-22 06:38:00,Node B,27.8,6.9,18.8,0.12,0.01,-1.3,False,False,False,False,False,True
2026-06-22 06:53:00,Node A,27.53,7.08,12.5,-0.03,-0.09,1.1,False,False,False,False,False,True
2026-06-22 06:53:00,Node B,28.08,6.92,17.2,0.28,0.02,-1.6,False,False,False,False,False,True
2026-06-22 07:08:00,Node A,27.3,7.12,14.6,-0.23,0.04,2.1,False,False,False,False,False,True
2026-06-22 07:08:00,Node B,28.16,6.93,15.6,0.08,0.01,-1.6,False,False,False,False,False,True
2026-06-22 07:53:00,Node A,26.67,7.24,17.1,,,,True,False,False,False,True,False
2026-06-22 07:53:00,Node B,28.59,6.94,15.0,,,,True,False,False,False,False,False
2026-06-22 08:08:00,Node A,26.7,6.84,16.8,0.03,-0.4,-0.3,False,False,False,False,True,True
2026-06-22 08:08:00,Node B,28.65,6.97,14.9,0.06,0.03,-0.1,False,False,False,False,False,True
2026-06-22 08:23:00,Node A,26.76,6.08,17.1,0.06,-0.76,0.3,False,True,False,True,True,False
2026-06-22 08:23:00,Node B,28.91,6.99,15.3,0.26,0.02,0.4,False,False,False,False,False,True
2026-06-22 08:38:00,Node A,26.72,6.1,17.1,-0.04,0.02,0.0,False,True,False,True,True,False
2026-06-22 08:38:00,Node B,29.03,6.96,15.8,0.12,-0.03,0.5,False,False,False,False,False,True
2026-06-22 08:53:00,Node A,26.9,6.1,17.2,0.18,0.0,0.1,False,True,False,True,True,False
2026-06-22 08:53:00,Node B,29.06,6.98,15.3,0.03,0.02,-0.5,False,False,False,False,False,True
2026-06-22 09:08:00,Node A,27.22,6.08,17.5,0.32,-0.02,0.3,False,True,False,True,True,False
2026-06-22 09:08:00,Node B,29.27,7.0,16.1,0.21,0.02,0.8,False,False,False,False,False,True
2026-06-22 09:23:00,Node A,27.41,6.28,17.2,0.19,0.2,-0.3,False,True,False,True,True,False
2026-06-22 09:23:00,Node B,29.39,7.02,17.3,0.12,0.02,1.2,False,False,False,False,True,True
2026-06-22 09:38:00,Node A,27.68,6.44,17.5,0.27,0.16,0.3,False,True,False,True,False,False
2026-06-22 09:38:00,Node B,29.7,6.99,19.3,0.31,-0.03,2.0,False,False,False,False,True,True
2026-06-22 09:53:00,Node A,27.82,6.59,16.7,0.14,0.15,-0.8,False,False,False,False,False,True
2026-06-22 09:53:00,Node B,29.76,6.99,21.6,0.06,0.0,2.3,False,False,False,False,True,True
2026-06-22 10:08:00,Node A,27.97,6.75,16.1,0.15,0.16,-0.6,False,False,False,False,False,True
2026-06-22 10:08:00,Node B,29.83,7.01,19.7,0.07,0.02,-1.9,False,False,False,False,True,True
2026-06-22 10:23:00,Node A,28.26,6.91,15.7,0.29,0.16,-0.4,False,False,False,False,False,True
2026-06-22 10:23:00,Node B,30.06,6.41,19.7,0.23,-0.6,0.0,False,True,False,True,True,False
2026-06-22 10:38:00,Node A,28.41,7.08,14.9,0.15,0.17,-0.8,False,False,False,False,False,True
2026-06-22 10:38:00,Node B,30.25,6.42,19.8,0.19,0.01,0.1,False,True,False,True,True,False
2026-06-22 10:53:00,Node A,28.76,7.25,14.3,0.35,0.17,-0.6,False,False,False,False,False,True
2026-06-22 10:53:00,Node B,30.36,6.42,20.0,0.11,0.0,0.2,False,True,False,True,True,False
2026-06-22 11:08:00,Node A,29.01,7.27,13.5,0.25,0.02,-0.8,False,False,False,False,False,True
2026-06-22 11:08:00,Node B,30.57,6.42,19.8,0.21,0.0,-0.2,False,True,False,True,False,False
2026-06-22 11:23:00,Node A,29.23,7.29,12.9,0.22,0.02,-0.6,False,False,False,False,False,True
2026-06-22 11:23:00,Node B,30.79,6.59,19.1,0.22,0.17,-0.7,False,False,False,False,False,True
2026-06-22 11:38:00,Node A,29.34,7.28,12.3,0.11,-0.01,-0.6,False,False,False,False,False,True
2026-06-22 11:38:00,Node B,30.9,6.71,19.0,0.11,0.12,-0.1,False,False,False,False,False,True
2026-06-22 11:53:00,Node A,29.57,7.28,12.7,0.23,0.0,0.4,False,False,False,False,False,True
2026-06-22 11:53:00,Node B,30.97,6.9,18.6,0.07,0.19,-0.4,False,False,False,False,False,True
2026-06-22 12:08:00,Node A,29.76,7.27,12.7,0.19,-0.01,0.0,False,False,False,False,False,True
2026-06-22 12:08:00,Node B,30.98,7.05,18.2,0.01,0.15,-0.4,False,False,False,False,False,True
2026-06-22 12:23:00,Node A,30.12,7.29,12.8,0.36,0.02,0.1,False,False,False,False,False,True
2026-06-22 12:23:00,Node B,31.0,7.02,17.4,0.02,-0.03,-0.8,False,False,False,False,False,True
2026-06-22 12:38:00,Node A,30.29,7.26,12.5,0.17,-0.03,-0.3,False,False,False,False,False,True
2026-06-22 12:38:00,Node B,31.16,7.07,17.2,0.16,0.05,-0.2,False,False,False,False,False,True
2026-06-22 12:53:00,Node A,30.46,7.32,12.4,0.17,0.06,-0.1,False,False,False,False,False,True
2026-06-22 12:53:00,Node B,31.29,7.06,16.9,0.13,-0.01,-0.3,False,False,False,False,False,True
2026-06-22 13:08:00,Node A,30.57,7.35,12.5,0.11,0.03,0.1,False,False,False,False,False,True
2026-06-22 13:08:00,Node B,31.26,7.08,16.5,-0.03,0.02,-0.4,False,False,False,False,False,True
2026-06-22 13:23:00,Node A,30.57,7.36,12.2,0.0,0.01,-0.3,False,False,False,False,False,True
2026-06-22 13:23:00,Node B,31.36,7.06,15.8,0.1,-0.02,-0.7,False,False,False,False,False,True
2026-06-22 13:38:00,Node A,30.59,7.32,12.3,0.02,-0.04,0.1,False,False,False,False,False,True
2026-06-22 13:38:00,Node B,31.41,7.07,15.3,0.05,0.01,-0.5,False,False,False,False,False,True
2026-06-22 13:53:00,Node A,30.62,7.34,12.3,0.03,0.02,0.0,False,False,False,False,False,True
2026-06-22 13:53:00,Node B,31.42,7.08,14.9,0.01,0.01,-0.4,False,False,False,False,False,True
2026-06-22 14:08:00,Node A,30.71,7.35,12.2,0.09,0.01,-0.1,False,False,False,False,False,True
2026-06-22 14:08:00,Node B,31.43,7.1,14.6,0.01,0.02,-0.3,False,False,False,False,False,True
2026-06-22 14:23:00,Node A,30.57,7.34,12.3,-0.14,-0.01,0.1,False,False,False,False,False,True
2026-06-22 14:23:00,Node B,31.52,7.12,14.0,0.09,0.02,-0.6,False,False,False,False,False,True
2026-06-22 14:38:00,Node A,30.57,7.36,12.5,0.0,0.02,0.2,False,False,False,False,False,True
2026-06-22 14:38:00,Node B,31.47,7.09,13.9,-0.05,-0.03,-0.1,False,False,False,False,False,True
2026-06-22 14:53:00,Node A,30.74,7.38,12.7,0.17,0.02,0.2,False,False,False,False,False,True
2026-06-22 14:53:00,Node B,31.49,7.06,14.2,0.02,-0.03,0.3,False,False,False,False,False,True
2026-06-22 15:08:00,Node A,30.48,7.34,12.9,-0.26,-0.04,0.2,False,False,False,False,False,True
2026-06-22 15:08:00,Node B,31.55,7.07,13.9,0.06,0.01,-0.3,False,False,False,False,False,True
2026-06-22 15:23:00,Node A,30.68,7.38,13.1,0.2,0.04,0.2,False,False,False,False,False,True
2026-06-22 15:23:00,Node B,31.53,7.07,14.0,-0.02,0.0,0.1,False,False,False,False,False,True
2026-06-22 15:38:00,Node A,30.52,7.4,13.2,-0.16,0.02,0.1,False,False,False,False,False,True
2026-06-22 15:38:00,Node B,31.43,7.06,13.9,-0.1,-0.01,-0.1,False,False,False,False,False,True
2026-06-22 15:53:00,Node A,30.59,7.39,13.1,0.07,-0.01,-0.1,False,False,False,False,False,True
2026-06-22 15:53:00,Node B,31.43,7.05,14.1,0.0,-0.01,0.2,False,False,False,False,False,True
2026-06-22 16:08:00,Node A,30.61,7.39,12.8,0.02,0.0,-0.3,False,False,False,False,False,True
2026-06-22 16:08:00,Node B,31.41,7.05,14.3,-0.02,0.0,0.2,False,False,False,False,False,True
2026-06-22 16:23:00,Node A,30.6,7.37,12.9,-0.01,-0.02,0.1,False,False,False,False,False,True
2026-06-22 16:23:00,Node B,31.36,7.08,14.1,-0.05,0.03,-0.2,False,False,False,False,False,True
2026-06-22 16:38:00,Node A,30.69,7.37,13.1,0.09,0.0,0.2,False,False,False,False,False,True
2026-06-22 16:38:00,Node B,31.23,7.08,13.9,-0.13,0.0,-0.2,False,False,False,False,False,True
2026-06-22 16:53:00,Node A,30.61,7.34,13.8,-0.08,-0.03,0.7,False,False,False,False,False,True
2026-06-22 16:53:00,Node B,31.11,7.09,14.2,-0.12,0.01,0.3,False,False,False,False,False,True
2026-06-22 17:08:00,Node A,30.64,7.36,14.2,0.03,0.02,0.4,False,False,False,False,True,True
2026-06-22 17:08:00,Node B,31.14,7.08,14.3,0.03,-0.01,0.1,False,False,False,False,False,True
2026-06-22 17:23:00,Node A,30.65,7.37,14.9,0.01,0.01,0.7,False,False,False,False,True,True
2026-06-22 17:23:00,Node B,31.18,7.07,14.0,0.04,-0.01,-0.3,False,False,False,False,False,True
2026-06-22 17:38:00,Node A,30.64,7.64,15.3,-0.01,0.27,0.4,False,False,False,False,True,True
2026-06-22 17:38:00,Node B,30.91,7.1,13.8,-0.27,0.03,-0.2,False,False,False,False,True,True
2026-06-22 17:53:00,Node A,30.64,8.09,15.1,0.0,0.45,-0.2,False,False,False,False,True,True
2026-06-22 17:53:00,Node B,30.73,7.09,13.4,-0.18,-0.01,-0.4,False,False,False,False,True,True
2026-06-22 18:08:00,Node A,30.48,8.69,15.3,-0.16,0.6,0.2,False,True,False,True,True,False
2026-06-22 18:08:00,Node B,30.74,7.07,13.4,0.01,-0.02,0.0,False,False,False,False,True,True
2026-06-22 18:23:00,Node A,30.48,8.7,14.6,0.0,0.01,-0.7,False,True,False,True,False,False
2026-06-22 18:23:00,Node B,30.71,7.05,14.7,-0.03,-0.02,1.3,False,False,False,False,True,True
2026-06-22 21:38:00,Node A,29.97,7.34,14.9,,,,True,False,False,False,False,False
2026-06-22 21:38:00,Node B,27.93,6.38,16.5,,,,True,True,False,True,False,False
2026-06-22 21:53:00,Node A,29.97,7.32,14.7,0.0,-0.02,-0.2,False,False,False,False,False,True
2026-06-22 21:53:00,Node B,27.95,6.5,15.6,0.02,0.12,-0.9,False,False,False,False,False,True
2026-06-22 22:08:00,Node A,29.62,7.3,14.5,-0.35,-0.02,-0.2,False,False,False,False,False,True
2026-06-22 22:08:00,Node B,27.87,6.58,14.7,-0.08,0.08,-0.9,False,False,False,False,False,True
2026-06-22 22:23:00,Node A,29.44,7.28,14.5,-0.18,-0.02,0.0,False,False,False,False,False,True
2026-06-22 22:23:00,Node B,27.9,6.72,15.2,0.03,0.14,0.5,False,False,False,False,False,True
2026-06-22 22:38:00,Node A,29.4,7.22,14.3,-0.04,-0.06,-0.2,False,False,False,False,True,True
2026-06-22 22:38:00,Node B,27.8,6.88,15.1,-0.1,0.16,-0.1,False,False,False,False,False,True
2026-06-22 22:53:00,Node A,29.25,7.23,14.7,-0.15,0.01,0.4,False,False,False,False,True,True
2026-06-22 22:53:00,Node B,27.8,6.96,14.9,0.0,0.08,-0.2,False,False,False,False,False,True
2026-06-22 23:08:00,Node A,29.2,7.29,15.5,-0.05,0.06,0.8,False,False,False,False,True,True
2026-06-22 23:08:00,Node B,27.81,6.98,15.0,0.01,0.02,0.1,False,False,False,False,False,True
2026-06-22 23:23:00,Node A,29.06,7.3,17.1,-0.14,0.01,1.6,False,False,False,False,True,True
2026-06-22 23:23:00,Node B,27.87,6.96,15.1,0.06,-0.02,0.1,False,False,False,False,False,True
2026-06-22 23:38:00,Node A,28.91,6.55,19.2,-0.15,-0.75,2.1,False,False,True,True,False,False
2026-06-22 23:38:00,Node B,27.74,6.95,14.8,-0.13,-0.01,-0.3,False,False,False,False,False,True
2026-06-22 23:53:00,Node A,28.86,6.57,18.9,-0.05,0.02,-0.3,False,False,False,False,False,True
2026-06-22 23:53:00,Node B,27.76,6.97,14.8,0.02,0.02,0.0,False,False,False,False,False,True
2026-06-23 00:08:00,Node A,28.84,6.52,18.4,-0.02,-0.05,-0.5,False,False,False,False,False,True
2026-06-23 00:08:00,Node B,27.8,6.94,14.8,0.04,-0.03,0.0,False,False,False,False,False,True
2026-06-23 00:23:00,Node A,28.74,6.5,18.3,-0.1,-0.02,-0.1,False,False,False,False,False,True
2026-06-23 00:23:00,Node B,27.64,6.94,14.8,-0.16,0.0,0.0,False,False,False,False,False,True
2026-06-23 00:38:00,Node A,28.66,6.51,18.1,-0.08,0.01,-0.2,False,False,False,False,False,True
2026-06-23 00:38:00,Node B,27.62,6.89,14.8,-0.02,-0.05,0.0,False,False,False,False,False,True
2026-06-23 00:53:00,Node A,28.64,6.59,17.9,-0.02,0.08,-0.2,False,False,False,False,False,True
2026-06-23 00:53:00,Node B,27.41,6.89,14.7,-0.21,0.0,-0.1,False,False,False,False,False,True
2026-06-23 01:08:00,Node A,28.61,6.69,17.5,-0.03,0.1,-0.4,False,False,False,False,False,True
2026-06-23 01:08:00,Node B,27.22,6.94,15.2,-0.19,0.05,0.5,False,False,False,False,False,True
2026-06-23 01:23:00,Node A,28.31,6.81,17.2,-0.3,0.12,-0.3,False,False,False,False,False,True
2026-06-23 01:23:00,Node B,27.27,6.89,15.0,0.05,-0.05,-0.2,False,False,False,False,False,True
2026-06-23 01:38:00,Node A,28.07,6.93,16.6,-0.24,0.12,-0.6,False,False,False,False,False,True
2026-06-23 01:38:00,Node B,27.22,6.92,15.0,-0.05,0.03,0.0,False,False,False,False,False,True
2026-06-23 01:53:00,Node A,28.08,7.04,16.2,0.01,0.11,-0.4,False,False,False,False,False,True
2026-06-23 01:53:00,Node B,27.15,6.9,15.2,-0.07,-0.02,0.2,False,False,False,False,False,True
2026-06-23 02:08:00,Node A,27.83,7.13,16.2,-0.25,0.09,0.0,False,False,False,False,False,True
2026-06-23 02:08:00,Node B,27.12,6.91,15.5,-0.03,0.01,0.3,False,False,False,False,False,True
2026-06-23 02:23:00,Node A,27.73,7.13,15.6,-0.1,0.0,-0.6,False,False,False,False,False,True
2026-06-23 02:23:00,Node B,27.22,6.89,15.6,0.1,-0.02,0.1,False,False,False,False,False,True
2026-06-23 02:38:00,Node A,27.6,7.15,15.5,-0.13,0.02,-0.1,False,False,False,False,False,True
2026-06-23 02:38:00,Node B,27.25,6.86,15.4,0.03,-0.03,-0.2,False,False,False,False,False,True
2026-06-23 02:53:00,Node A,27.55,7.14,15.4,-0.05,-0.01,-0.1,False,False,False,False,False,True
2026-06-23 02:53:00,Node B,27.13,6.89,15.3,-0.12,0.03,-0.1,False,False,False,False,False,True
2026-06-23 03:08:00,Node A,27.48,7.13,14.6,-0.07,-0.01,-0.8,False,False,False,False,False,True
2026-06-23 03:08:00,Node B,27.04,6.91,15.1,-0.09,0.02,-0.2,False,False,False,False,False,True
2026-06-23 03:23:00,Node A,27.47,7.13,14.4,-0.01,0.0,-0.2,False,False,False,False,False,True
2026-06-23 03:23:00,Node B,27.02,6.92,14.7,-0.02,0.01,-0.4,False,False,False,False,False,True
2026-06-23 03:38:00,Node A,27.53,7.15,14.3,0.06,0.02,-0.1,False,False,False,False,False,True
2026-06-23 03:38:00,Node B,26.93,6.89,14.8,-0.09,-0.03,0.1,False,False,False,False,False,True
2026-06-23 03:53:00,Node A,27.57,7.2,13.5,0.04,0.05,-0.8,False,False,False,False,False,True
2026-06-23 03:53:00,Node B,26.99,6.92,14.8,0.06,0.03,0.0,False,False,False,False,False,True
2026-06-23 04:08:00,Node A,27.63,7.17,13.1,0.06,-0.03,-0.4,False,False,False,False,False,True
2026-06-23 04:08:00,Node B,27.05,6.9,15.1,0.06,-0.02,0.3,False,False,False,False,False,True
2026-06-23 04:23:00,Node A,27.54,7.16,12.8,-0.09,-0.01,-0.3,False,False,False,False,False,True
2026-06-23 04:23:00,Node B,27.15,6.9,15.0,0.1,0.0,-0.1,False,False,False,False,False,True
2026-06-23 04:38:00,Node A,27.57,7.19,13.0,0.03,0.03,0.2,False,False,False,False,False,True
2026-06-23 04:38:00,Node B,27.21,6.9,15.1,0.06,0.0,0.1,False,False,False,False,False,True
2026-06-23 04:53:00,Node A,27.56,7.15,13.1,-0.01,-0.04,0.1,False,False,False,False,False,True
2026-06-23 04:53:00,Node B,27.45,6.91,15.2,0.24,0.01,0.1,False,False,False,False,False,True
2026-06-23 05:08:00,Node A,27.56,7.17,13.4,0.0,0.02,0.3,False,False,False,False,False,True
2026-06-23 05:08:00,Node B,27.52,6.88,15.4,0.07,-0.03,0.2,False,False,False,False,False,True
2026-06-23 05:23:00,Node A,27.66,7.14,13.6,0.1,-0.03,0.2,False,False,False,False,False,True
2026-06-23 05:23:00,Node B,27.54,6.9,15.6,0.02,0.02,0.2,False,False,False,False,False,True
2026-06-23 05:38:00,Node A,27.74,7.12,12.8,0.08,-0.02,-0.8,False,False,False,False,False,True
2026-06-23 05:38:00,Node B,27.42,6.91,15.0,-0.12,0.01,-0.6,False,False,False,False,False,True
2026-06-23 05:53:00,Node A,27.71,7.15,12.8,-0.03,0.03,0.0,False,False,False,False,False,True
2026-06-23 05:53:00,Node B,27.67,6.93,14.9,0.25,0.02,-0.1,False,False,False,False,False,True
2026-06-23 06:08:00,Node A,27.64,7.19,12.7,-0.07,0.04,-0.1,False,False,False,False,False,True
2026-06-23 06:08:00,Node B,27.95,6.94,15.2,0.28,0.01,0.3,False,False,False,False,False,True
2026-06-23 06:23:00,Node A,27.77,7.19,13.0,0.13,0.0,0.3,False,False,False,False,False,True
2026-06-23 06:23:00,Node B,27.89,6.93,15.3,-0.06,-0.01,0.1,False,False,False,False,False,True
2026-06-23 06:38:00,Node A,27.98,7.2,13.1,0.21,0.01,0.1,False,False,False,False,False,True
2026-06-23 06:38:00,Node B,28.18,6.92,15.2,0.29,-0.01,-0.1,False,False,False,False,False,True
2026-06-23 06:53:00,Node A,27.91,7.21,13.1,-0.07,0.01,0.0,False,False,False,False,False,True
2026-06-23 06:53:00,Node B,28.27,6.9,15.5,0.09,-0.02,0.3,False,False,False,False,False,True
2026-06-23 07:38:00,Node A,27.96,7.24,13.3,,,,True,False,False,False,False,False
2026-06-23 07:38:00,Node B,28.46,6.88,15.5,,,,True,False,False,False,False,False
2026-06-23 07:53:00,Node A,28.03,7.22,13.5,0.07,-0.02,0.2,False,False,False,False,False,True
2026-06-23 07:53:00,Node B,28.5,6.9,15.4,0.04,0.02,-0.1,False,False,False,False,False,True
2026-06-23 08:08:00,Node A,28.23,7.22,13.5,0.2,0.0,0.0,False,False,False,False,False,True
2026-06-23 08:08:00,Node B,28.79,6.93,15.5,0.29,0.03,0.1,False,False,False,False,False,True
2026-06-23 08:23:00,Node A,28.29,7.24,13.6,0.06,0.02,0.1,False,False,False,False,False,True
2026-06-23 08:23:00,Node B,29.1,6.92,15.4,0.31,-0.01,-0.1,False,False,False,False,False,True
2026-06-23 08:38:00,Node A,28.34,7.24,13.8,0.05,0.0,0.2,False,False,False,False,False,True
2026-06-23 08:38:00,Node B,29.23,6.92,15.6,0.13,0.0,0.2,False,False,False,False,False,True
2026-06-23 08:53:00,Node A,28.43,7.25,13.7,0.09,0.01,-0.1,False,False,False,False,False,True
2026-06-23 08:53:00,Node B,29.29,6.91,15.3,0.06,-0.01,-0.3,False,False,False,False,False,True
2026-06-23 09:08:00,Node A,28.54,7.25,13.7,0.11,0.0,0.0,False,False,False,False,False,True
2026-06-23 09:08:00,Node B,29.46,6.94,15.3,0.17,0.03,0.0,False,False,False,False,False,True
2026-06-23 09:23:00,Node A,28.68,7.26,13.6,0.14,0.01,-0.1,False,False,False,False,False,True
2026-06-23 09:23:00,Node B,29.66,6.98,15.2,0.2,0.04,-0.1,False,False,False,False,False,True
2026-06-23 09:38:00,Node A,28.94,7.29,13.5,0.26,0.03,-0.1,False,False,False,False,False,True
2026-06-23 09:38:00,Node B,29.77,6.97,15.4,0.11,-0.01,0.2,False,False,False,False,False,True
2026-06-23 09:53:00,Node A,29.04,7.3,13.7,0.1,0.01,0.2,False,False,False,False,False,True
2026-06-23 09:53:00,Node B,29.97,6.98,15.6,0.2,0.01,0.2,False,False,False,False,False,True
2026-06-23 10:08:00,Node A,29.18,7.31,13.5,0.14,0.01,-0.2,False,False,False,False,False,True
2026-06-23 10:08:00,Node B,30.18,6.99,15.5,0.21,0.01,-0.1,False,False,False,False,False,True
2026-06-23 10:23:00,Node A,29.28,7.31,13.5,0.1,0.0,0.0,False,False,False,False,False,True
2026-06-23 10:23:00,Node B,30.28,7.02,15.7,0.1,0.03,0.2,False,False,False,False,False,True
2026-06-23 10:38:00,Node A,29.45,7.33,13.4,0.17,0.02,-0.1,False,False,False,False,False,True
2026-06-23 10:38:00,Node B,30.49,7.04,16.0,0.21,0.02,0.3,False,False,False,False,False,True
2026-06-23 10:53:00,Node A,29.47,7.31,13.2,0.02,-0.02,-0.2,False,False,False,False,False,True
2026-06-23 10:53:00,Node B,30.5,7.06,16.0,0.01,0.02,0.0,False,False,False,False,False,True
2026-06-23 11:08:00,Node A,29.75,7.33,13.3,0.28,0.02,0.1,False,False,False,False,False,True
2026-06-23 11:08:00,Node B,30.68,7.06,16.1,0.18,0.0,0.1,False,False,False,False,False,True
2026-06-23 11:23:00,Node A,29.91,7.31,13.1,0.16,-0.02,-0.2,False,False,False,False,False,True
2026-06-23 11:23:00,Node B,30.74,7.06,16.0,0.06,0.0,-0.1,False,False,False,False,False,True
2026-06-23 11:38:00,Node A,30.07,7.32,13.2,0.16,0.01,0.1,False,False,False,False,False,True
2026-06-23 11:38:00,Node B,30.79,7.03,15.9,0.05,-0.03,-0.1,False,False,False,False,False,True
2026-06-23 11:53:00,Node A,30.12,7.3,13.3,0.05,-0.02,0.1,False,False,False,False,False,True
2026-06-23 11:53:00,Node B,30.9,7.03,15.8,0.11,0.0,-0.1,False,False,False,False,False,True
2026-06-23 12:08:00,Node A,30.19,7.3,13.3,0.07,0.0,0.0,False,False,False,False,False,True
2026-06-23 12:08:00,Node B,30.97,7.04,15.9,0.07,0.01,0.1,False,False,False,False,True,True
2026-06-23 12:23:00,Node A,30.23,7.3,13.8,0.04,0.0,0.5,False,False,False,False,False,True
2026-06-23 12:23:00,Node B,31.21,7.03,16.7,0.24,-0.01,0.8,False,False,False,False,True,True
2026-06-23 12:38:00,Node A,30.31,7.3,13.7,0.08,0.0,-0.1,False,False,False,False,False,True
2026-06-23 12:38:00,Node B,31.22,7.05,18.4,0.01,0.02,1.7,False,False,False,False,True,True
2026-06-23 12:53:00,Node A,30.38,7.32,13.9,0.07,0.02,0.2,False,False,False,False,False,True
2026-06-23 12:53:00,Node B,31.2,7.03,20.0,-0.02,-0.02,1.6,False,False,False,False,True,True
2026-06-23 13:08:00,Node A,30.42,7.36,13.5,0.04,0.04,-0.4,False,False,False,False,False,True
2026-06-23 13:08:00,Node B,31.12,6.39,22.0,-0.08,-0.64,2.0,False,True,False,True,True,False
2026-06-23 13:23:00,Node A,30.41,7.33,13.5,-0.01,-0.03,0.0,False,False,False,False,False,True
2026-06-23 13:23:00,Node B,31.27,6.38,21.9,0.15,-0.01,-0.1,False,True,False,True,True,False
2026-06-23 13:38:00,Node A,30.48,7.36,13.3,0.07,0.03,-0.2,False,False,False,False,False,True
2026-06-23 13:38:00,Node B,31.43,6.37,22.0,0.16,-0.01,0.1,False,True,False,True,True,False
2026-06-23 13:53:00,Node A,30.57,7.38,13.6,0.09,0.02,0.3,False,False,False,False,False,True
2026-06-23 13:53:00,Node B,31.4,6.41,22.0,-0.03,0.04,0.0,False,True,False,True,True,False
2026-06-23 14:08:00,Node A,30.61,7.43,13.8,0.04,0.05,0.2,False,False,False,False,False,True
2026-06-23 14:08:00,Node B,31.44,6.46,21.8,0.04,0.05,-0.2,False,True,False,True,False,False
2026-06-23 14:23:00,Node A,30.7,7.41,13.6,0.09,-0.02,-0.2,False,False,False,False,False,True
2026-06-23 14:23:00,Node B,31.52,6.53,21.6,0.08,0.07,-0.2,False,False,False,False,False,True
2026-06-23 14:38:00,Node A,30.69,7.41,13.5,-0.01,0.0,-0.1,False,False,False,False,False,True
2026-06-23 14:38:00,Node B,31.62,6.59,21.4,0.1,0.06,-0.2,False,False,False,False,False,True
2026-06-23 14:53:00,Node A,30.66,7.38,14.5,-0.03,-0.03,1.0,False,False,False,False,False,True
2026-06-23 14:53:00,Node B,31.49,6.7,21.1,-0.13,0.11,-0.3,False,False,False,False,False,True
2026-06-23 15:08:00,Node A,30.22,7.4,16.5,-0.44,0.02,2.0,False,False,False,False,True,True
2026-06-23 15:08:00,Node B,31.57,6.76,20.6,0.08,0.06,-0.5,False,False,False,False,False,True
2026-06-23 15:23:00,Node A,29.78,7.4,18.5,-0.44,0.0,2.0,False,False,False,False,True,True
2026-06-23 15:23:00,Node B,31.62,6.79,20.2,0.05,0.03,-0.4,False,False,False,False,False,True
2026-06-23 15:38:00,Node A,29.03,7.36,21.3,-0.75,-0.04,2.8,False,False,False,False,True,True
2026-06-23 15:38:00,Node B,31.46,6.88,20.1,-0.16,0.09,-0.1,False,False,False,False,False,True
2026-06-23 15:53:00,Node A,29.05,6.95,21.3,0.02,-0.41,0.0,False,False,False,False,True,True
2026-06-23 15:53:00,Node B,31.37,6.94,19.6,-0.09,0.06,-0.5,False,False,False,False,False,True
2026-06-23 16:08:00,Node A,29.08,6.11,21.6,0.03,-0.84,0.3,False,True,False,True,True,False
2026-06-23 16:08:00,Node B,31.27,7.0,18.9,-0.1,0.06,-0.7,False,False,False,False,False,True
2026-06-23 16:23:00,Node A,29.08,6.09,21.8,0.0,-0.02,0.2,False,True,False,True,True,False
2026-06-23 16:23:00,Node B,31.38,7.07,18.4,0.11,0.07,-0.5,False,False,False,False,False,True
2026-06-23 16:38:00,Node A,29.09,6.06,21.2,0.01,-0.03,-0.6,False,True,False,True,True,False
2026-06-23 16:38:00,Node B,31.47,7.05,18.3,0.09,-0.02,-0.1,False,False,False,False,False,True
2026-06-23 16:53:00,Node A,29.01,6.07,21.2,-0.08,0.01,0.0,False,True,False,True,True,False
2026-06-23 16:53:00,Node B,31.48,7.08,17.8,0.01,0.03,-0.5,False,False,False,False,False,True
2026-06-23 17:08:00,Node A,28.97,6.08,21.5,-0.04,0.01,0.3,False,True,False,True,False,False
2026-06-23 17:08:00,Node B,31.38,7.06,17.3,-0.1,-0.02,-0.5,False,False,False,False,False,True
2026-06-23 18:38:00,Node A,28.89,7.41,11.6,,,,True,False,False,False,False,False
2026-06-23 18:38:00,Node B,30.5,7.02,16.6,,,,True,False,False,False,True,False
2026-06-23 18:53:00,Node A,28.79,7.49,10.8,-0.1,0.08,-0.8,False,False,False,False,False,True
2026-06-23 18:53:00,Node B,30.37,7.01,16.4,-0.13,-0.01,-0.2,False,False,False,False,True,True
2026-06-23 19:08:00,Node A,28.88,7.54,10.5,0.09,0.05,-0.3,False,False,False,False,False,True
2026-06-23 19:08:00,Node B,30.33,6.98,16.4,-0.04,-0.03,0.0,False,False,False,False,True,True
2026-06-23 19:23:00,Node A,28.82,7.57,9.9,-0.06,0.03,-0.6,False,False,False,False,False,True
2026-06-23 19:23:00,Node B,30.34,6.98,17.0,0.01,0.0,0.6,False,False,False,False,True,True
2026-06-23 20:23:00,Node A,28.91,7.5,6.8,,,,True,False,False,False,False,False
2026-06-23 20:23:00,Node B,29.64,6.43,21.6,,,,True,True,False,True,True,False
2026-06-23 20:38:00,Node A,28.77,7.42,6.1,-0.14,-0.08,-0.7,False,False,False,False,False,True
2026-06-23 20:38:00,Node B,29.5,6.44,21.8,-0.14,0.01,0.2,False,True,False,True,True,False
2026-06-23 20:53:00,Node A,28.73,7.32,5.7,-0.04,-0.1,-0.4,False,False,False,False,False,True
2026-06-23 20:53:00,Node B,29.17,6.41,22.8,-0.33,-0.03,1.0,False,True,False,True,True,False
2026-06-23 21:08:00,Node A,28.59,7.27,4.8,-0.14,-0.05,-0.9,False,False,False,False,False,True
2026-06-23 21:08:00,Node B,29.11,6.5,23.1,-0.06,0.09,0.3,False,False,False,False,True,True
2026-06-23 21:23:00,Node A,28.49,7.25,3.9,-0.1,-0.02,-0.9,False,False,False,False,False,True
2026-06-23 21:23:00,Node B,29.17,6.85,23.3,0.06,0.35,0.2,False,False,False,False,True,True
2026-06-23 21:38:00,Node A,28.34,7.26,3.8,-0.15,0.01,-0.1,False,False,False,False,False,True
2026-06-23 21:38:00,Node B,29.04,7.41,23.2,-0.13,0.56,-0.1,False,False,True,True,True,False
2026-06-23 21:53:00,Node A,28.17,7.23,3.6,-0.17,-0.03,-0.2,False,False,False,False,False,True
2026-06-23 21:53:00,Node B,28.85,8.12,23.6,-0.19,0.71,0.4,False,False,True,True,True,False
2026-06-23 22:08:00,Node A,28.15,7.22,3.2,-0.02,-0.01,-0.4,False,False,False,False,False,True
2026-06-23 22:08:00,Node B,28.8,8.17,23.7,-0.05,0.05,0.1,False,False,False,False,True,True
2026-06-23 22:53:00,Node A,27.98,7.25,2.8,,,,True,False,False,False,False,False
2026-06-23 22:53:00,Node B,27.65,8.18,27.5,,,,True,True,False,True,True,False
2026-06-23 23:08:00,Node A,27.88,7.24,2.7,-0.1,-0.01,-0.1,False,False,False,False,False,True
2026-06-23 23:08:00,Node B,27.6,8.1,29.7,-0.05,-0.08,2.2,False,True,False,True,True,False
2026-06-23 23:23:00,Node A,27.92,7.24,2.4,0.04,0.0,-0.3,False,False,False,False,False,True
2026-06-23 23:23:00,Node B,27.61,7.99,29.8,0.01,-0.11,0.1,False,True,False,True,True,False
2026-06-23 23:38:00,Node A,27.77,7.21,2.0,-0.15,-0.03,-0.4,False,False,False,False,False,True
2026-06-23 23:38:00,Node B,27.55,7.74,29.5,-0.06,-0.25,-0.3,False,True,False,True,True,False
2026-06-23 23:53:00,Node A,27.7,7.17,2.1,-0.07,-0.04,0.1,False,False,False,False,False,True
2026-06-23 23:53:00,Node B,27.35,7.37,29.6,-0.2,-0.37,0.1,False,True,False,True,True,False
2026-06-24 00:08:00,Node A,27.64,7.21,2.4,-0.06,0.04,0.3,False,False,False,False,False,True
2026-06-24 00:08:00,Node B,27.32,6.91,29.7,-0.03,-0.46,0.1,False,True,False,True,True,False
2026-06-24 00:23:00,Node A,27.51,7.18,2.2,-0.13,-0.03,-0.2,False,False,False,False,False,True
2026-06-24 00:23:00,Node B,27.43,6.38,29.6,0.11,-0.53,-0.1,False,True,False,True,True,False
2026-06-24 00:38:00,Node A,27.39,7.19,2.4,-0.12,0.01,0.2,False,False,False,False,False,True
2026-06-24 00:38:00,Node B,27.48,6.31,29.8,0.05,-0.07,0.2,False,True,False,True,True,False
2026-06-24 00:53:00,Node A,27.28,7.16,2.3,-0.11,-0.03,-0.1,False,False,False,False,False,True
2026-06-24 00:53:00,Node B,27.53,6.19,29.8,0.05,-0.12,0.0,False,True,False,True,True,False
2026-06-24 01:08:00,Node A,27.22,7.15,2.1,-0.06,-0.01,-0.2,False,False,False,False,False,True
2026-06-24 01:08:00,Node B,27.59,6.08,29.5,0.06,-0.11,-0.3,False,True,False,True,True,False
2026-06-24 01:23:00,Node A,27.2,7.16,2.4,-0.02,0.01,0.3,False,False,False,False,False,True
2026-06-24 01:23:00,Node B,27.56,6.0,29.3,-0.03,-0.08,-0.2,False,True,False,True,True,False
2026-06-24 01:38:00,Node A,27.11,7.13,2.7,-0.09,-0.03,0.3,False,False,False,False,False,True
2026-06-24 01:38:00,Node B,27.41,5.9,27.9,-0.15,-0.1,-1.4,False,True,False,True,True,False
2026-06-24 01:53:00,Node A,27.06,7.15,2.8,-0.05,0.02,0.1,False,False,False,False,False,True
2026-06-24 01:53:00,Node B,27.52,5.9,26.4,0.11,0.0,-1.5,False,True,False,True,True,False
2026-06-24 02:08:00,Node A,27.07,7.14,2.5,0.01,-0.01,-0.3,False,False,False,False,False,True
2026-06-24 02:08:00,Node B,27.41,5.97,22.3,-0.11,0.07,-4.1,False,True,False,True,True,False
2026-06-24 02:23:00,Node A,26.95,7.17,2.3,-0.12,0.03,-0.2,False,False,False,False,False,True
2026-06-24 02:23:00,Node B,27.5,6.04,21.2,0.09,0.07,-1.1,False,True,False,True,True,False
2026-06-24 02:38:00,Node A,26.9,7.17,2.8,-0.05,0.0,0.5,False,False,False,False,False,True
2026-06-24 02:38:00,Node B,27.65,6.1,19.8,0.15,0.06,-1.4,False,True,False,True,True,False
2026-06-24 02:53:00,Node A,26.99,7.18,2.7,0.09,0.01,-0.1,False,False,False,False,False,True
2026-06-24 02:53:00,Node B,27.61,6.23,18.9,-0.04,0.13,-0.9,False,True,False,True,True,False
2026-06-24 03:08:00,Node A,27.12,7.19,2.8,0.13,0.01,0.1,False,False,False,False,False,True
2026-06-24 03:08:00,Node B,27.55,6.39,17.8,-0.06,0.16,-1.1,False,True,False,True,False,False
2026-06-24 03:23:00,Node A,27.12,7.14,3.0,0.0,-0.05,0.2,False,False,False,False,False,True
2026-06-24 03:23:00,Node B,27.53,6.54,16.8,-0.02,0.15,-1.0,False,False,False,False,False,True
2026-06-24 03:38:00,Node A,27.35,7.16,2.9,0.23,0.02,-0.1,False,False,False,False,False,True
2026-06-24 03:38:00,Node B,27.52,6.7,16.6,-0.01,0.16,-0.2,False,False,False,False,False,True
2026-06-24 03:53:00,Node A,27.3,7.16,2.7,-0.05,0.0,-0.2,False,False,False,False,False,True
2026-06-24 03:53:00,Node B,27.35,6.84,16.2,-0.17,0.14,-0.4,False,False,False,False,False,True
2026-06-24 04:08:00,Node A,27.46,7.16,3.0,0.16,0.0,0.3,False,False,False,False,False,True
2026-06-24 04:08:00,Node B,27.28,6.84,15.6,-0.07,0.0,-0.6,False,False,False,False,False,True
2026-06-24 04:23:00,Node A,27.6,7.16,2.8,0.14,0.0,-0.2,False,False,False,False,False,True
2026-06-24 04:23:00,Node B,27.37,6.84,15.3,0.09,0.0,-0.3,False,False,False,False,False,True
2026-06-24 04:38:00,Node A,27.71,7.18,3.0,0.11,0.02,0.2,False,False,False,False,False,True
2026-06-24 04:38:00,Node B,27.41,6.83,14.9,0.04,-0.01,-0.4,False,False,False,False,False,True
2026-06-24 04:53:00,Node A,27.74,7.13,2.8,0.03,-0.05,-0.2,False,False,False,False,False,True
2026-06-24 04:53:00,Node B,27.46,6.83,15.1,0.05,0.0,0.2,False,False,False,False,False,True
2026-06-24 05:08:00,Node A,27.85,7.19,2.7,0.11,0.06,-0.1,False,False,False,False,False,True
2026-06-24 05:08:00,Node B,27.66,6.82,15.2,0.2,-0.01,0.1,False,False,False,False,False,True
2026-06-24 05:23:00,Node A,27.95,7.18,2.3,0.1,-0.01,-0.4,False,False,False,False,False,True
2026-06-24 05:23:00,Node B,27.81,6.85,15.5,0.15,0.03,0.3,False,False,False,False,False,True
2026-06-24 05:38:00,Node A,27.95,7.2,2.4,0.0,0.02,0.1,False,False,False,False,False,True
2026-06-24 05:38:00,Node B,27.89,6.89,16.0,0.08,0.04,0.5,False,False,False,False,False,True
2026-06-24 05:53:00,Node A,28.12,7.21,2.4,0.17,0.01,0.0,False,False,False,False,False,True
2026-06-24 05:53:00,Node B,28.11,6.88,16.7,0.22,-0.01,0.7,False,False,False,False,False,True
2026-06-24 06:08:00,Node A,28.38,7.19,2.4,0.26,-0.02,0.0,False,False,False,False,False,True
2026-06-24 06:08:00,Node B,28.38,7.0,17.1,0.27,0.12,0.4,False,False,False,False,False,True
2026-06-24 06:23:00,Node A,28.49,7.19,2.0,0.11,0.0,-0.4,False,False,False,False,False,True
2026-06-24 06:23:00,Node B,28.69,7.27,17.6,0.31,0.27,0.5,False,False,False,False,False,True
2026-06-24 06:38:00,Node A,28.58,7.18,2.5,0.09,-0.01,0.5,False,False,False,False,False,True
2026-06-24 06:38:00,Node B,28.93,7.55,18.5,0.24,0.28,0.9,False,False,False,False,False,True
2026-06-24 07:08:00,Node A,28.78,7.23,3.1,,,,True,False,False,False,False,False
2026-06-24 07:08:00,Node B,29.39,7.94,20.2,,,,True,False,False,False,False,False
2026-06-24 07:23:00,Node A,28.96,7.24,3.2,0.18,0.01,0.1,False,False,False,False,False,True
2026-06-24 07:23:00,Node B,29.67,7.96,21.0,0.28,0.02,0.8,False,False,False,False,False,True
2026-06-24 07:38:00,Node A,29.05,7.22,2.7,0.09,-0.02,-0.5,False,False,False,False,False,True
2026-06-24 07:38:00,Node B,29.72,7.96,21.5,0.05,0.0,0.5,False,False,False,False,False,True
2026-06-24 07:53:00,Node A,29.07,7.22,2.8,0.02,0.0,0.1,False,False,False,False,False,True
2026-06-24 07:53:00,Node B,29.73,7.97,21.7,0.01,0.01,0.2,False,False,False,False,False,True
2026-06-24 08:08:00,Node A,29.04,7.23,2.7,-0.03,0.01,-0.1,False,False,False,False,False,True
2026-06-24 08:08:00,Node B,29.9,7.85,21.6,0.17,-0.12,-0.1,False,False,False,False,False,True
2026-06-24 08:23:00,Node A,29.32,7.22,2.7,0.28,-0.01,0.0,False,False,False,False,False,True
2026-06-24 08:23:00,Node B,30.14,7.69,21.4,0.24,-0.16,-0.2,False,False,False,False,False,True
2026-06-24 08:38:00,Node A,29.43,7.21,2.6,0.11,-0.01,-0.1,False,False,False,False,False,True
2026-06-24 08:38:00,Node B,30.3,7.59,21.7,0.16,-0.1,0.3,False,False,False,False,False,True
2026-06-24 08:53:00,Node A,29.64,7.21,2.6,0.21,0.0,0.0,False,False,False,False,False,True
2026-06-24 08:53:00,Node B,30.39,7.46,22.0,0.09,-0.13,0.3,False,False,False,False,False,True
2026-06-24 09:08:00,Node A,29.85,7.2,2.9,0.21,-0.01,0.3,False,False,False,False,False,True
2026-06-24 09:08:00,Node B,30.52,7.33,21.8,0.13,-0.13,-0.2,False,False,False,False,False,True
2026-06-24 09:23:00,Node A,29.94,7.23,3.0,0.09,0.03,0.1,False,False,False,False,False,True
2026-06-24 09:23:00,Node B,30.48,7.19,21.6,-0.04,-0.14,-0.2,False,False,False,False,False,True
2026-06-24 09:38:00,Node A,30.23,7.23,3.2,0.29,0.0,0.2,False,False,False,False,False,True
2026-06-24 09:38:00,Node B,30.71,7.07,21.1,0.23,-0.12,-0.5,False,False,False,False,False,True
2026-06-24 09:53:00,Node A,30.37,7.24,3.7,0.14,0.01,0.5,False,False,False,False,False,True
2026-06-24 09:53:00,Node B,30.76,6.94,20.9,0.05,-0.13,-0.2,False,False,False,False,False,True
2026-06-24 10:08:00,Node A,30.54,7.26,3.7,0.17,0.02,0.0,False,False,False,False,False,True
2026-06-24 10:08:00,Node B,30.99,6.97,20.7,0.23,0.03,-0.2,False,False,False,False,False,True
2026-06-24 10:23:00,Node A,30.64,7.27,3.4,0.1,0.01,-0.3,False,False,False,False,False,True
2026-06-24 10:23:00,Node B,30.91,6.97,20.7,-0.08,0.0,0.0,False,False,False,False,False,True
2026-06-24 10:38:00,Node A,30.79,7.27,3.6,0.15,0.0,0.2,False,False,False,False,True,True
2026-06-24 10:38:00,Node B,30.87,6.99,20.2,-0.04,0.02,-0.5,False,False,False,False,False,True
2026-06-24 10:53:00,Node A,30.87,7.27,4.8,0.08,0.0,1.2,False,False,False,False,True,True
2026-06-24 10:53:00,Node B,30.86,6.99,19.6,-0.01,0.0,-0.6,False,False,False,False,False,True
2026-06-24 11:08:00,Node A,31.29,7.26,6.8,0.42,-0.01,2.0,False,False,False,False,True,True
2026-06-24 11:08:00,Node B,31.05,7.02,19.2,0.19,0.03,-0.4,False,False,False,False,False,True
2026-06-24 11:23:00,Node A,31.4,7.31,9.1,0.11,0.05,2.3,False,False,False,False,True,True
2026-06-24 11:23:00,Node B,31.07,7.06,19.0,0.02,0.04,-0.2,False,False,False,False,False,True
2026-06-24 11:38:00,Node A,31.53,6.57,9.2,0.13,-0.74,0.1,False,False,True,True,False,False
2026-06-24 11:38:00,Node B,31.06,7.07,18.6,-0.01,0.01,-0.4,False,False,False,False,False,True
2026-06-24 11:53:00,Node A,31.61,6.74,10.1,0.08,0.17,0.9,False,False,False,False,True,True
2026-06-24 11:53:00,Node B,31.13,7.04,18.2,0.07,-0.03,-0.4,False,False,False,False,False,True
2026-06-24 12:08:00,Node A,31.87,7.02,10.6,0.26,0.28,0.5,False,False,False,False,True,True
2026-06-24 12:08:00,Node B,31.26,7.04,17.8,0.13,0.0,-0.4,False,False,False,False,False,True
2026-06-24 12:23:00,Node A,31.98,7.32,10.8,0.11,0.3,0.2,False,False,False,False,True,True
2026-06-24 12:23:00,Node B,31.31,7.05,17.1,0.05,0.01,-0.7,False,False,False,False,False,True
2026-06-24 12:38:00,Node A,31.89,7.64,11.0,-0.09,0.32,0.2,False,False,False,False,True,True
2026-06-24 12:38:00,Node B,31.33,7.08,16.7,0.02,0.03,-0.4,False,False,False,False,False,True
2026-06-24 12:53:00,Node A,32.04,7.7,10.8,0.15,0.06,-0.2,False,True,False,True,True,False
2026-06-24 12:53:00,Node B,31.37,7.06,16.2,0.04,-0.02,-0.5,False,False,False,False,False,True
2026-06-24 15:08:00,Node A,32.81,7.92,7.8,,,,True,True,False,True,True,False
2026-06-24 15:08:00,Node B,31.57,7.05,15.2,,,,True,False,False,False,False,False
2026-06-24 15:38:00,Node A,32.86,7.79,6.9,,,,True,True,False,True,True,False
2026-06-24 15:38:00,Node B,31.41,7.1,15.2,,,,True,False,False,False,False,False
2026-06-24 15:53:00,Node A,32.76,7.71,6.1,-0.1,-0.08,-0.8,False,True,False,True,True,False
2026-06-24 15:53:00,Node B,31.44,7.09,15.3,0.03,-0.01,0.1,False,False,False,False,False,True
2026-06-24 16:08:00,Node A,32.72,7.6,5.4,-0.04,-0.11,-0.7,False,True,False,True,True,False
2026-06-24 16:08:00,Node B,31.34,7.09,15.2,-0.1,0.0,-0.1,False,False,False,False,False,True
2026-06-24 16:23:00,Node A,32.78,7.51,5.1,0.06,-0.09,-0.3,False,True,False,True,True,False
2026-06-24 16:23:00,Node B,31.44,7.07,15.8,0.1,-0.02,0.6,False,False,False,False,False,True
2026-06-24 16:38:00,Node A,32.64,7.46,4.9,-0.14,-0.05,-0.2,False,True,False,True,True,False
2026-06-24 16:38:00,Node B,31.43,7.05,15.3,-0.01,-0.02,-0.5,False,False,False,False,False,True
2026-06-24 16:53:00,Node A,32.66,7.33,4.8,0.02,-0.13,-0.1,False,True,False,True,True,False
2026-06-24 16:53:00,Node B,31.37,7.03,15.5,-0.06,-0.02,0.2,False,False,False,False,False,True
2026-06-24 17:08:00,Node A,32.46,7.33,4.3,-0.2,0.0,-0.5,False,True,False,True,True,False
2026-06-24 17:08:00,Node B,31.28,7.02,15.3,-0.09,-0.01,-0.2,False,False,False,False,False,True
2026-06-24 17:23:00,Node A,32.46,7.37,3.9,0.0,0.04,-0.4,False,True,False,True,True,False
2026-06-24 17:23:00,Node B,31.23,7.0,15.6,-0.05,-0.02,0.3,False,False,False,False,False,True
2026-06-24 17:38:00,Node A,32.47,7.37,4.1,0.01,0.0,0.2,False,True,False,True,True,False
2026-06-24 17:38:00,Node B,31.16,7.03,15.7,-0.07,0.03,0.1,False,False,False,False,False,True
2026-06-24 17:53:00,Node A,32.38,7.35,3.9,-0.09,-0.02,-0.2,False,True,False,True,True,False
2026-06-24 17:53:00,Node B,31.03,7.05,15.8,-0.13,0.02,0.1,False,False,False,False,False,True
2026-06-24 18:23:00,Node A,31.96,7.34,3.2,,,,True,False,False,False,True,False
2026-06-24 18:23:00,Node B,30.69,7.07,15.5,,,,True,False,False,False,False,False
2026-06-24 18:38:00,Node A,32.06,7.33,3.4,0.1,-0.01,0.2,False,True,False,True,False,False
2026-06-24 18:38:00,Node B,30.52,7.09,15.5,-0.17,0.02,0.0,False,False,False,False,False,True
2026-06-24 19:08:00,Node A,31.78,7.29,4.2,,,,True,False,False,False,False,False
2026-06-24 19:08:00,Node B,30.32,7.04,15.7,,,,True,False,False,False,False,False
2026-06-24 19:23:00,Node A,31.61,7.3,3.9,-0.17,0.01,-0.3,False,False,False,False,False,True
2026-06-24 19:23:00,Node B,30.19,7.01,15.8,-0.13,-0.03,0.1,False,False,False,False,False,True
2026-06-24 19:38:00,Node A,31.41,7.32,4.1,-0.2,0.02,0.2,False,False,False,False,False,True
2026-06-24 19:38:00,Node B,29.99,7.0,15.8,-0.2,-0.01,0.0,False,False,False,False,False,True
2026-06-24 20:23:00,Node A,30.59,7.23,4.0,,,,True,False,False,False,False,False
2026-06-24 20:23:00,Node B,29.62,6.96,16.1,,,,True,False,False,False,False,False
2026-06-24 20:38:00,Node A,30.24,7.23,4.1,-0.35,0.0,0.1,False,False,False,False,False,True
2026-06-24 20:38:00,Node B,29.51,6.97,16.1,-0.11,0.01,0.0,False,False,False,False,False,True
2026-06-24 20:53:00,Node A,30.11,7.24,4.4,-0.13,0.01,0.3,False,False,False,False,False,True
2026-06-24 20:53:00,Node B,29.43,6.98,15.6,-0.08,0.01,-0.5,False,False,False,False,False,True
2026-06-24 21:08:00,Node A,29.95,7.27,4.2,-0.16,0.03,-0.2,False,False,False,False,False,True
2026-06-24 21:08:00,Node B,29.32,7.01,15.9,-0.11,0.03,0.3,False,False,False,False,False,True
2026-06-24 21:23:00,Node A,29.63,7.3,3.7,-0.32,0.03,-0.5,False,False,False,False,False,True
2026-06-24 21:23:00,Node B,29.13,7.0,16.2,-0.19,-0.01,0.3,False,False,False,False,False,True
2026-06-24 21:38:00,Node A,29.41,7.23,3.9,-0.22,-0.07,0.2,False,False,False,False,False,True
2026-06-24 21:38:00,Node B,28.98,7.0,16.7,-0.15,0.0,0.5,False,False,False,False,False,True
2026-06-24 21:53:00,Node A,29.29,7.22,4.0,-0.12,-0.01,0.1,False,False,False,False,False,True
2026-06-24 21:53:00,Node B,28.86,7.01,16.2,-0.12,0.01,-0.5,False,False,False,False,False,True
2026-06-24 22:08:00,Node A,29.07,7.23,4.1,-0.22,0.01,0.1,False,False,False,False,False,True
2026-06-24 22:08:00,Node B,28.73,7.05,16.2,-0.13,0.04,0.0,False,False,False,False,False,True
2026-06-24 22:38:00,Node A,28.69,7.24,4.0,,,,True,False,False,False,False,False
2026-06-24 22:38:00,Node B,28.36,7.03,16.3,,,,True,False,False,False,False,False
2026-06-24 23:08:00,Node A,28.41,7.22,4.3,,,,True,False,False,False,False,False
2026-06-24 23:08:00,Node B,28.07,6.98,16.3,,,,True,False,False,False,False,False
2026-06-24 23:23:00,Node A,28.25,7.21,4.0,-0.16,-0.01,-0.3,False,False,False,False,False,True
2026-06-24 23:23:00,Node B,27.74,6.97,16.6,-0.33,-0.01,0.3,False,False,False,False,False,True
2026-06-24 23:38:00,Node A,28.14,7.22,4.1,-0.11,0.01,0.1,False,False,False,False,False,True
2026-06-24 23:38:00,Node B,27.65,6.96,16.5,-0.09,-0.01,-0.1,False,False,False,False,False,True
2026-06-24 23:53:00,Node A,28.02,7.22,4.1,-0.12,0.0,0.0,False,False,False,False,False,True
2026-06-24 23:53:00,Node B,27.5,6.94,16.6,-0.15,-0.02,0.1,False,False,False,False,False,True
2026-06-25 00:08:00,Node A,27.64,7.21,4.0,-0.38,-0.01,-0.1,False,False,False,False,False,True
2026-06-25 00:08:00,Node B,27.43,6.91,16.5,-0.07,-0.03,-0.1,False,False,False,False,False,True
2026-06-25 00:23:00,Node A,27.59,7.18,4.2,-0.05,-0.03,0.2,False,False,False,False,True,True
2026-06-25 00:23:00,Node B,27.48,6.88,16.3,0.05,-0.03,-0.2,False,False,False,False,False,True
2026-06-25 00:38:00,Node A,27.5,7.17,5.6,-0.09,-0.01,1.4,False,False,False,False,True,True
2026-06-25 00:38:00,Node B,27.29,6.87,16.2,-0.19,-0.01,-0.1,False,False,False,False,False,True
2026-06-25 00:53:00,Node A,27.4,7.16,8.1,-0.1,-0.01,2.5,False,False,False,False,True,True
2026-06-25 00:53:00,Node B,27.29,6.88,16.2,0.0,0.01,0.0,False,False,False,False,False,True
2026-06-25 01:08:00,Node A,27.3,7.14,7.9,-0.1,-0.02,-0.2,False,False,False,False,True,True
2026-06-25 01:08:00,Node B,27.1,6.88,16.6,-0.19,0.0,0.4,False,False,False,False,False,True
2026-06-25 01:23:00,Node A,27.2,6.51,8.2,-0.1,-0.63,0.3,False,False,True,True,False,False
2026-06-25 01:23:00,Node B,27.09,6.89,16.5,-0.01,0.01,-0.1,False,False,False,False,False,True
2026-06-25 01:53:00,Node A,26.93,6.55,8.9,,,,True,False,False,False,False,False
2026-06-25 01:53:00,Node B,26.89,6.92,16.5,,,,True,False,False,False,False,False
2026-06-25 02:08:00,Node A,26.77,6.53,10.4,-0.16,-0.02,1.5,False,False,False,False,True,True
2026-06-25 02:08:00,Node B,26.92,6.88,16.4,0.03,-0.04,-0.1,False,False,False,False,False,True
2026-06-25 02:23:00,Node A,26.56,6.52,11.6,-0.21,-0.01,1.2,False,False,False,False,True,True
2026-06-25 02:23:00,Node B,26.88,6.87,16.3,-0.04,-0.01,-0.1,False,False,False,False,False,True
2026-06-25 02:38:00,Node A,26.62,6.61,10.7,0.06,0.09,-0.9,False,False,False,False,True,True
2026-06-25 02:38:00,Node B,26.82,6.84,16.1,-0.06,-0.03,-0.2,False,False,False,False,False,True
2026-06-25 02:53:00,Node A,26.59,6.7,11.3,-0.03,0.09,0.6,False,False,False,False,True,True
2026-06-25 02:53:00,Node B,26.89,6.88,16.2,0.07,0.04,0.1,False,False,False,False,False,True
2026-06-25 03:08:00,Node A,26.27,6.06,12.8,-0.32,-0.64,1.5,False,True,False,True,True,False
2026-06-25 03:08:00,Node B,26.98,6.9,17.7,0.09,0.02,1.5,False,False,False,False,False,True
2026-06-25 03:23:00,Node A,26.09,6.17,14.8,-0.18,0.11,2.0,False,True,False,True,True,False
2026-06-25 03:23:00,Node B,27.1,6.91,18.9,0.12,0.01,1.2,False,False,False,False,False,True
2026-06-25 03:38:00,Node A,25.65,6.3,17.6,-0.44,0.13,2.8,False,True,False,True,True,False
2026-06-25 03:38:00,Node B,27.13,6.9,20.1,0.03,-0.01,1.2,False,False,False,False,False,True
2026-06-25 03:53:00,Node A,25.75,6.39,20.4,0.1,0.09,2.8,False,True,False,True,True,False
2026-06-25 03:53:00,Node B,27.06,6.86,21.4,-0.07,-0.04,1.3,False,False,False,False,False,True
2026-06-25 04:08:00,Node A,26.08,6.31,21.2,0.33,-0.08,0.8,False,True,False,True,True,False
2026-06-25 04:08:00,Node B,27.25,6.86,23.1,0.19,0.0,1.7,False,False,False,False,False,True
2026-06-25 04:23:00,Node A,26.35,6.0,21.1,0.27,-0.31,-0.1,False,True,False,True,True,False
2026-06-25 04:23:00,Node B,27.54,6.95,23.4,0.29,0.09,0.3,False,False,False,False,True,True
2026-06-25 04:38:00,Node A,26.62,6.73,20.9,0.27,0.73,-0.2,False,False,True,True,True,False
2026-06-25 04:38:00,Node B,27.63,7.13,23.5,0.09,0.18,0.1,False,False,False,False,True,True
2026-06-25 04:53:00,Node A,27.12,7.55,21.8,0.5,0.82,0.9,False,False,True,True,True,False
2026-06-25 04:53:00,Node B,27.88,7.42,24.2,0.25,0.29,0.7,False,False,False,False,True,True
2026-06-25 05:08:00,Node A,27.51,7.97,21.9,0.39,0.42,0.1,False,False,False,False,True,True
2026-06-25 05:08:00,Node B,28.01,7.75,25.0,0.13,0.33,0.8,False,False,False,False,True,True
2026-06-25 05:23:00,Node A,28.0,8.46,21.5,0.49,0.49,-0.4,False,False,False,False,True,True
2026-06-25 05:23:00,Node B,28.08,7.86,25.4,0.07,0.11,0.4,False,True,False,True,True,False
2026-06-25 05:38:00,Node A,28.26,8.76,21.6,0.26,0.3,0.1,False,True,False,True,True,False
2026-06-25 05:38:00,Node B,28.29,8.05,26.5,0.21,0.19,1.1,False,True,False,True,True,False
2026-06-25 05:53:00,Node A,28.43,8.93,20.7,0.17,0.17,-0.9,False,True,False,True,True,False
2026-06-25 05:53:00,Node B,28.63,8.26,27.9,0.34,0.21,1.4,False,True,False,True,True,False
2026-06-25 06:08:00,Node A,28.65,9.09,19.6,0.22,0.16,-1.1,False,True,False,True,True,False
2026-06-25 06:08:00,Node B,28.78,8.38,29.0,0.15,0.12,1.1,False,True,False,True,True,False
2026-06-25 06:23:00,Node A,28.88,9.24,19.1,0.23,0.15,-0.5,False,True,False,True,True,False
2026-06-25 06:23:00,Node B,29.09,8.58,30.3,0.31,0.2,1.3,False,True,False,True,True,False
2026-06-25 06:38:00,Node A,29.17,9.4,18.3,0.29,0.16,-0.8,False,True,False,True,True,False
2026-06-25 06:38:00,Node B,29.25,8.43,30.0,0.16,-0.15,-0.3,False,True,False,True,True,False
2026-06-25 06:53:00,Node A,29.42,9.38,17.5,0.25,-0.02,-0.8,False,True,False,True,True,False
2026-06-25 06:53:00,Node B,29.36,8.33,29.4,0.11,-0.1,-0.6,False,True,False,True,True,False
2026-06-25 07:08:00,Node A,29.46,9.17,16.7,0.04,-0.21,-0.8,False,True,False,True,True,False
2026-06-25 07:08:00,Node B,29.67,8.23,29.2,0.31,-0.1,-0.2,False,True,False,True,True,False
2026-06-25 07:23:00,Node A,29.53,8.93,16.1,0.07,-0.24,-0.6,False,True,False,True,False,False
2026-06-25 07:23:00,Node B,29.8,8.12,28.6,0.13,-0.11,-0.6,False,True,False,True,True,False
2026-06-25 07:53:00,Node A,29.92,8.47,14.6,,,,True,False,False,False,False,False
2026-06-25 07:53:00,Node B,30.27,7.81,28.0,,,,True,True,False,True,True,False
2026-06-25 08:08:00,Node A,29.94,8.25,14.0,0.02,-0.22,-0.6,False,False,False,False,False,True
2026-06-25 08:08:00,Node B,30.4,7.7,27.5,0.13,-0.11,-0.5,False,True,False,True,True,False
2026-06-25 08:23:00,Node A,30.24,8.02,13.1,0.3,-0.23,-0.9,False,False,False,False,False,True
2026-06-25 08:23:00,Node B,30.73,7.61,27.5,0.33,-0.09,0.0,False,True,False,True,True,False
2026-06-25 08:38:00,Node A,30.39,7.81,12.3,0.15,-0.21,-0.8,False,False,False,False,False,True
2026-06-25 08:38:00,Node B,30.99,7.53,26.6,0.26,-0.08,-0.9,False,True,False,True,True,False
2026-06-25 08:53:00,Node A,30.39,7.6,11.4,0.0,-0.21,-0.9,False,False,False,False,False,True
2026-06-25 08:53:00,Node B,31.19,7.46,25.5,0.2,-0.07,-1.1,False,True,False,True,False,False
2026-06-25 09:08:00,Node A,30.45,7.48,10.4,0.06,-0.12,-1.0,False,False,False,False,False,True
2026-06-25 09:08:00,Node B,31.45,7.34,24.6,0.26,-0.12,-0.9,False,False,False,False,False,True
2026-06-25 09:23:00,Node A,30.63,7.35,10.1,0.18,-0.13,-0.3,False,False,False,False,False,True
2026-06-25 09:23:00,Node B,31.58,7.25,24.0,0.13,-0.09,-0.6,False,False,False,False,False,True
2026-06-25 09:38:00,Node A,30.72,7.22,10.0,0.09,-0.13,-0.1,False,False,False,False,False,True
2026-06-25 09:38:00,Node B,31.71,7.14,22.8,0.13,-0.11,-1.2,False,False,False,False,False,True
2026-06-25 09:53:00,Node A,30.77,7.22,9.2,0.05,0.0,-0.8,False,False,False,False,False,True
2026-06-25 09:53:00,Node B,31.77,7.07,22.0,0.06,-0.07,-0.8,False,False,False,False,False,True
2026-06-25 10:08:00,Node A,30.82,7.24,8.9,0.05,0.02,-0.3,False,False,False,False,False,True
2026-06-25 10:08:00,Node B,31.86,6.96,21.5,0.09,-0.11,-0.5,False,False,False,False,False,True
2026-06-25 10:23:00,Node A,30.95,7.23,8.5,0.13,-0.01,-0.4,False,False,False,False,False,True
2026-06-25 10:23:00,Node B,31.86,6.98,20.5,0.0,0.02,-1.0,False,False,False,False,True,True
2026-06-25 10:38:00,Node A,31.0,7.24,8.0,0.05,0.01,-0.5,False,False,False,False,False,True
2026-06-25 10:38:00,Node B,31.81,6.98,19.9,-0.05,0.0,-0.6,False,False,False,False,True,True
2026-06-25 11:08:00,Node A,30.8,7.29,8.7,,,,True,False,False,False,False,False
2026-06-25 11:08:00,Node B,31.89,7.01,17.8,,,,True,False,False,False,True,False
2026-06-25 11:23:00,Node A,30.33,7.18,9.1,-0.47,-0.11,0.4,False,False,False,False,False,True
2026-06-25 11:23:00,Node B,32.13,6.98,16.8,0.24,-0.03,-1.0,False,True,False,True,True,False
2026-06-25 11:38:00,Node A,29.81,6.93,9.4,-0.52,-0.25,0.3,False,False,False,False,False,True
2026-06-25 11:38:00,Node B,32.25,7.03,16.9,0.12,0.05,0.1,False,True,False,True,True,False
2026-06-25 11:53:00,Node A,29.36,6.59,10.6,-0.45,-0.34,1.2,False,False,False,False,True,True
2026-06-25 11:53:00,Node B,32.32,7.05,16.9,0.07,0.02,0.0,False,True,False,True,True,False
2026-06-25 12:08:00,Node A,28.99,6.61,12.2,-0.37,0.02,1.6,False,False,False,False,True,True
2026-06-25 12:08:00,Node B,32.3,7.05,17.1,-0.02,0.0,0.2,False,True,False,True,True,False
2026-06-25 12:23:00,Node A,28.18,6.62,14.6,-0.81,0.01,2.4,False,False,False,False,True,True
2026-06-25 12:23:00,Node B,32.33,7.02,17.2,0.03,-0.03,0.1,False,True,False,True,True,False
2026-06-25 12:38:00,Node A,28.16,6.62,17.2,-0.02,0.0,2.6,False,False,False,False,True,True
2026-06-25 12:38:00,Node B,32.34,7.02,17.7,0.01,0.0,0.5,False,True,False,True,True,False
2026-06-25 12:53:00,Node A,28.17,6.29,16.4,0.01,-0.33,-0.8,False,True,False,True,True,False
2026-06-25 12:53:00,Node B,32.31,7.05,17.5,-0.03,0.03,-0.2,False,True,False,True,True,False
2026-06-25 13:08:00,Node A,27.91,5.9,15.5,-0.26,-0.39,-0.9,False,True,False,True,True,False
2026-06-25 13:08:00,Node B,32.4,7.07,17.5,0.09,0.02,0.0,False,True,False,True,True,False
2026-06-25 13:23:00,Node A,28.16,5.9,15.2,0.25,0.0,-0.3,False,True,False,True,True,False
2026-06-25 13:23:00,Node B,32.39,7.07,17.3,-0.01,0.0,-0.2,False,True,False,True,True,False
2026-06-25 13:38:00,Node A,28.37,5.9,15.2,0.21,0.0,0.0,False,True,False,True,True,False
2026-06-25 13:38:00,Node B,32.48,7.04,17.2,0.09,-0.03,-0.1,False,True,False,True,True,False
2026-06-25 13:53:00,Node A,28.68,5.91,14.7,0.31,0.01,-0.5,False,True,False,True,True,False
2026-06-25 13:53:00,Node B,32.41,7.04,17.4,-0.07,0.0,0.2,False,True,False,True,True,False
2026-06-25 14:08:00,Node A,28.77,6.05,14.3,0.09,0.14,-0.4,False,True,False,True,True,False
2026-06-25 14:08:00,Node B,32.36,7.07,17.6,-0.05,0.03,0.2,False,True,False,True,True,False
2026-06-25 14:23:00,Node A,28.89,6.13,13.4,0.12,0.08,-0.9,False,True,False,True,True,False
2026-06-25 14:23:00,Node B,32.34,7.07,17.6,-0.02,0.0,0.0,False,True,False,True,True,False
2026-06-25 14:38:00,Node A,29.11,6.4,13.6,0.22,0.27,0.2,False,True,False,True,False,False
2026-06-25 14:38:00,Node B,32.15,7.06,17.5,-0.19,-0.01,-0.1,False,True,False,True,True,False
2026-06-25 14:53:00,Node A,29.37,6.62,14.5,0.26,0.22,0.9,False,False,False,False,False,True
2026-06-25 14:53:00,Node B,32.14,7.04,17.5,-0.01,-0.02,0.0,False,True,False,True,False,False
2026-06-25 15:08:00,Node A,29.57,6.72,14.2,0.2,0.1,-0.3,False,False,False,False,False,True
2026-06-25 15:08:00,Node B,32.0,7.06,17.4,-0.14,0.02,-0.1,False,False,False,False,False,True
2026-06-25 16:08:00,Node A,29.94,7.89,12.4,,,,True,False,False,False,False,False
2026-06-25 16:08:00,Node B,31.8,7.09,17.7,,,,True,False,False,False,False,False
2026-06-25 16:23:00,Node A,29.97,7.82,12.0,0.03,-0.07,-0.4,False,False,False,False,False,True
2026-06-25 16:23:00,Node B,31.64,7.07,17.6,-0.16,-0.02,-0.1,False,False,False,False,False,True
2026-06-25 16:38:00,Node A,30.03,7.75,11.0,0.06,-0.07,-1.0,False,False,False,False,False,True
2026-06-25 16:38:00,Node B,31.63,7.06,17.5,-0.01,-0.01,-0.1,False,False,False,False,False,True
2026-06-25 17:38:00,Node A,29.99,7.36,7.7,,,,True,False,False,False,False,False
2026-06-25 17:38:00,Node B,31.14,7.06,17.4,,,,True,False,False,False,False,False
2026-06-25 17:53:00,Node A,29.98,7.33,6.7,-0.01,-0.03,-1.0,False,False,False,False,False,True
2026-06-25 17:53:00,Node B,30.9,7.08,18.1,-0.24,0.02,0.7,False,False,False,False,False,True
2026-06-25 18:08:00,Node A,30.1,7.33,6.5,0.12,0.0,-0.2,False,False,False,False,False,True
2026-06-25 18:08:00,Node B,30.73,7.06,18.5,-0.17,-0.02,0.4,False,False,False,False,False,True
2026-06-25 18:23:00,Node A,30.02,7.32,6.2,-0.08,-0.01,-0.3,False,False,False,False,False,True
2026-06-25 18:23:00,Node B,30.53,7.07,17.9,-0.2,0.01,-0.6,False,False,False,False,False,True
2026-06-25 18:38:00,Node A,29.85,7.27,6.1,-0.17,-0.05,-0.1,False,False,False,False,False,True
2026-06-25 18:38:00,Node B,30.47,7.04,17.7,-0.06,-0.03,-0.2,False,False,False,False,False,True
2026-06-25 19:53:00,Node A,29.13,7.26,5.6,,,,True,False,False,False,False,False
2026-06-25 19:53:00,Node B,30.08,6.96,18.1,,,,True,False,False,False,False,False
2026-06-25 20:08:00,Node A,29.02,7.27,5.7,-0.11,0.01,0.1,False,False,False,False,False,True
2026-06-25 20:08:00,Node B,29.92,6.97,17.8,-0.16,0.01,-0.3,False,False,False,False,False,True
2026-06-25 20:23:00,Node A,28.94,7.24,5.6,-0.08,-0.03,-0.1,False,False,False,False,False,True
2026-06-25 20:23:00,Node B,29.67,6.99,17.9,-0.25,0.02,0.1,False,False,False,False,False,True
2026-06-25 20:38:00,Node A,28.79,7.22,5.5,-0.15,-0.02,-0.1,False,False,False,False,False,True
2026-06-25 20:38:00,Node B,29.47,6.98,18.1,-0.2,-0.01,0.2,False,False,False,False,False,True
2026-06-25 20:53:00,Node A,28.66,7.26,6.0,-0.13,0.04,0.5,False,False,False,False,False,True
2026-06-25 20:53:00,Node B,29.38,7.0,18.3,-0.09,0.02,0.2,False,False,False,False,False,True
2026-06-25 21:08:00,Node A,28.61,7.28,6.9,-0.05,0.02,0.9,False,False,False,False,False,True
2026-06-25 21:08:00,Node B,29.32,7.01,18.4,-0.06,0.01,0.1,False,False,False,False,False,True
2026-06-25 21:23:00,Node A,28.32,7.27,7.5,-0.29,-0.01,0.6,False,False,False,False,False,True
2026-06-25 21:23:00,Node B,29.16,6.99,18.5,-0.16,-0.02,0.1,False,False,False,False,False,True
2026-06-25 23:08:00,Node A,27.95,8.24,8.8,,,,True,False,False,False,False,False
2026-06-25 23:08:00,Node B,28.12,6.97,18.5,,,,True,False,False,False,False,False
2026-06-25 23:23:00,Node A,27.97,8.22,8.9,0.02,-0.02,0.1,False,False,False,False,False,True
2026-06-25 23:23:00,Node B,27.99,6.96,18.3,-0.13,-0.01,-0.2,False,False,False,False,False,True
2026-06-25 23:38:00,Node A,28.12,8.25,9.3,0.15,0.03,0.4,False,False,False,False,False,True
2026-06-25 23:38:00,Node B,27.91,6.97,18.7,-0.08,0.01,0.4,False,False,False,False,False,True
2026-06-25 23:53:00,Node A,28.19,8.3,9.1,0.07,0.05,-0.2,False,False,False,False,False,True
2026-06-25 23:53:00,Node B,27.75,6.93,18.7,-0.16,-0.04,0.0,False,False,False,False,False,True
2026-06-26 00:08:00,Node A,28.04,8.2,9.1,-0.15,-0.1,0.0,False,False,False,False,True,True
2026-06-26 00:08:00,Node B,27.46,6.92,19.0,-0.29,-0.01,0.3,False,False,False,False,False,True
2026-06-26 00:23:00,Node A,28.1,8.13,9.7,0.06,-0.07,0.6,False,False,False,False,True,True
2026-06-26 00:23:00,Node B,27.46,6.91,19.2,0.0,-0.01,0.2,False,False,False,False,False,True
2026-06-26 00:38:00,Node A,27.96,7.98,10.6,-0.14,-0.15,0.9,False,False,False,False,True,True
2026-06-26 00:38:00,Node B,27.4,6.89,19.7,-0.06,-0.02,0.5,False,False,False,False,False,True
2026-06-26 00:53:00,Node A,27.85,7.87,10.6,-0.11,-0.11,0.0,False,False,False,False,True,True
2026-06-26 00:53:00,Node B,27.4,6.9,19.5,0.0,0.01,-0.2,False,False,False,False,False,True
2026-06-26 01:08:00,Node A,27.81,8.38,10.1,-0.04,0.51,-0.5,False,False,True,True,False,False
2026-06-26 01:08:00,Node B,27.35,6.89,19.1,-0.05,-0.01,-0.4,False,False,False,False,False,True
2026-06-26 01:23:00,Node A,27.77,8.27,9.5,-0.04,-0.11,-0.6,False,False,False,False,False,True
2026-06-26 01:23:00,Node B,27.2,6.9,19.1,-0.15,0.01,0.0,False,False,False,False,False,True
2026-06-26 01:38:00,Node A,27.78,8.18,9.2,0.01,-0.09,-0.3,False,False,False,False,False,True
2026-06-26 01:38:00,Node B,27.1,6.88,19.2,-0.1,-0.02,0.1,False,False,False,False,False,True
2026-06-26 01:53:00,Node A,27.7,8.01,9.3,-0.08,-0.17,0.1,False,False,False,False,False,True
2026-06-26 01:53:00,Node B,26.98,6.86,19.1,-0.12,-0.02,-0.1,False,False,False,False,False,True
2026-06-26 02:08:00,Node A,27.4,7.82,8.9,-0.3,-0.19,-0.4,False,False,False,False,False,True
2026-06-26 02:08:00,Node B,26.76,6.92,18.9,-0.22,0.06,-0.2,False,False,False,False,False,True
2026-06-26 02:23:00,Node A,27.29,7.59,8.0,-0.11,-0.23,-0.9,False,False,False,False,False,True
2026-06-26 02:23:00,Node B,26.73,6.89,18.9,-0.03,-0.03,0.0,False,False,False,False,True,True
2026-06-26 02:38:00,Node A,27.18,7.4,7.9,-0.11,-0.19,-0.1,False,False,False,False,False,True
2026-06-26 02:38:00,Node B,26.75,6.89,18.8,0.02,0.0,-0.1,False,False,False,False,True,True
2026-06-26 02:53:00,Node A,27.18,7.34,7.6,0.0,-0.06,-0.3,False,False,False,False,False,True
2026-06-26 02:53:00,Node B,26.76,6.86,20.9,0.01,-0.03,2.1,False,False,False,False,True,True
2026-06-26 03:08:00,Node A,27.35,7.2,7.2,0.17,-0.14,-0.4,False,False,False,False,False,True
2026-06-26 03:08:00,Node B,26.65,6.88,24.1,-0.11,0.02,3.2,False,False,False,False,True,True
2026-06-26 03:23:00,Node A,27.33,7.12,6.8,-0.02,-0.08,-0.4,False,False,False,False,False,True
2026-06-26 03:23:00,Node B,26.41,6.88,28.0,-0.24,0.0,3.9,False,True,False,True,True,False
2026-06-26 03:38:00,Node A,27.21,7.11,6.6,-0.12,-0.01,-0.2,False,False,False,False,False,True
2026-06-26 03:38:00,Node B,26.09,6.82,28.2,-0.32,-0.06,0.2,False,True,False,True,True,False
2026-06-26 04:08:00,Node A,27.27,7.16,6.6,,,,True,False,False,False,False,False
2026-06-26 04:08:00,Node B,25.67,5.9,27.6,,,,True,True,False,True,True,False
2026-06-26 04:23:00,Node A,27.21,7.16,6.4,-0.06,0.0,-0.2,False,False,False,False,False,True
2026-06-26 04:23:00,Node B,25.63,5.9,28.0,-0.04,0.0,0.4,False,True,False,True,True,False
2026-06-26 04:38:00,Node A,27.08,7.16,5.9,-0.13,0.0,-0.5,False,False,False,False,False,True
2026-06-26 04:38:00,Node B,25.76,5.9,28.1,0.13,0.0,0.1,False,True,False,True,True,False
2026-06-26 04:53:00,Node A,27.12,7.16,5.7,0.04,0.0,-0.2,False,False,False,False,False,True
2026-06-26 04:53:00,Node B,25.91,5.9,28.2,0.15,0.0,0.1,False,True,False,True,True,False
2026-06-26 05:08:00,Node A,27.04,7.19,5.9,-0.08,0.03,0.2,False,False,False,False,False,True
2026-06-26 05:08:00,Node B,25.9,5.9,28.2,-0.01,0.0,0.0,False,True,False,True,True,False
2026-06-26 05:23:00,Node A,27.06,7.21,6.3,0.02,0.02,0.4,False,False,False,False,False,True
2026-06-26 05:23:00,Node B,26.08,5.9,28.9,0.18,0.0,0.7,False,True,False,True,True,False
2026-06-26 05:38:00,Node A,27.15,7.21,6.1,0.09,0.0,-0.2,False,False,False,False,False,True
2026-06-26 05:38:00,Node B,26.26,5.9,27.6,0.18,0.0,-1.3,False,True,False,True,True,False
2026-06-26 05:53:00,Node A,27.2,7.21,6.0,0.05,0.0,-0.1,False,False,False,False,False,True
2026-06-26 05:53:00,Node B,26.51,5.9,26.8,0.25,0.0,-0.8,False,True,False,True,True,False
2026-06-26 06:08:00,Node A,27.07,7.17,6.0,-0.13,-0.04,0.0,False,False,False,False,False,True
2026-06-26 06:08:00,Node B,26.96,6.11,26.1,0.45,0.21,-0.7,False,True,False,True,True,False
2026-06-26 06:23:00,Node A,27.29,7.18,6.1,0.22,0.01,0.1,False,False,False,False,False,True
2026-06-26 06:23:00,Node B,27.2,6.44,25.6,0.24,0.33,-0.5,False,True,False,True,False,False
2026-06-26 06:38:00,Node A,27.31,7.18,6.5,0.02,0.0,0.4,False,False,False,False,False,True
2026-06-26 06:38:00,Node B,27.45,6.83,24.7,0.25,0.39,-0.9,False,False,False,False,False,True
2026-06-26 06:53:00,Node A,27.34,7.2,6.9,0.03,0.02,0.4,False,False,False,False,False,True
2026-06-26 06:53:00,Node B,28.03,7.28,24.0,0.58,0.45,-0.7,False,False,False,False,False,True
2026-06-26 07:08:00,Node A,27.57,7.22,6.3,0.23,0.02,-0.6,False,False,False,False,False,True
2026-06-26 07:08:00,Node B,28.54,7.39,23.3,0.51,0.11,-0.7,False,False,False,False,False,True
2026-06-26 07:23:00,Node A,27.68,7.22,6.0,0.11,0.0,-0.3,False,False,False,False,False,True
2026-06-26 07:23:00,Node B,28.81,7.53,22.8,0.27,0.14,-0.5,False,False,False,False,False,True
2026-06-26 07:38:00,Node A,27.98,7.23,7.5,0.3,0.01,1.5,False,False,False,False,False,True
2026-06-26 07:38:00,Node B,29.13,7.64,23.6,0.32,0.11,0.8,False,False,False,False,False,True
2026-06-26 07:53:00,Node A,28.14,7.26,10.0,0.16,0.03,2.5,False,False,False,False,True,True
2026-06-26 07:53:00,Node B,29.44,7.69,23.8,0.31,0.05,0.2,False,False,False,False,False,True
2026-06-26 08:08:00,Node A,28.22,7.24,9.8,0.08,-0.02,-0.2,False,False,False,False,True,True
2026-06-26 08:08:00,Node B,29.76,7.6,23.5,0.32,-0.09,-0.3,False,False,False,False,False,True
2026-06-26 08:23:00,Node A,28.2,7.25,10.1,-0.02,0.01,0.3,False,False,False,False,True,True
2026-06-26 08:23:00,Node B,30.28,7.56,23.6,0.52,-0.04,0.1,False,False,False,False,False,True
2026-06-26 08:38:00,Node A,28.28,7.25,9.9,0.08,0.0,-0.2,False,False,False,False,True,True
2026-06-26 08:38:00,Node B,30.58,7.47,23.6,0.3,-0.09,0.0,False,False,False,False,False,True
2026-06-26 08:53:00,Node A,28.43,8.09,9.9,0.15,0.84,0.0,False,False,True,True,False,False
2026-06-26 08:53:00,Node B,30.64,7.42,23.5,0.06,-0.05,-0.1,False,False,False,False,False,True
2026-06-26 09:08:00,Node A,28.59,8.06,9.7,0.16,-0.03,-0.2,False,False,False,False,False,True
2026-06-26 09:08:00,Node B,30.82,7.34,23.2,0.18,-0.08,-0.3,False,False,False,False,False,True
2026-06-26 09:23:00,Node A,28.76,8.07,9.6,0.17,0.01,-0.1,False,False,False,False,False,True
2026-06-26 09:23:00,Node B,31.04,7.25,23.9,0.22,-0.09,0.7,False,False,False,False,False,True
2026-06-26 09:38:00,Node A,29.02,8.1,9.2,0.26,0.03,-0.4,False,False,False,False,False,True
2026-06-26 09:38:00,Node B,31.12,7.18,24.0,0.08,-0.07,0.1,False,False,False,False,True,True
2026-06-26 09:53:00,Node A,29.15,7.99,9.2,0.13,-0.11,0.0,False,False,False,False,False,True
2026-06-26 09:53:00,Node B,31.22,7.12,23.7,0.1,-0.06,-0.3,False,False,False,False,True,True
2026-06-26 10:08:00,Node A,29.21,7.88,8.9,0.06,-0.11,-0.3,False,False,False,False,False,True
2026-06-26 10:08:00,Node B,31.36,7.06,24.3,0.14,-0.06,0.6,False,False,False,False,True,True
2026-06-26 10:23:00,Node A,29.35,7.78,8.6,0.14,-0.1,-0.3,False,False,False,False,False,True
2026-06-26 10:23:00,Node B,31.55,6.99,24.8,0.19,-0.07,0.5,False,False,False,False,True,True
2026-06-26 10:38:00,Node A,29.51,7.66,8.5,0.16,-0.12,-0.1,False,False,False,False,False,True
2026-06-26 10:38:00,Node B,31.78,7.0,25.7,0.23,0.01,0.9,False,True,False,True,True,False
2026-06-26 10:53:00,Node A,29.75,7.56,8.0,0.24,-0.1,-0.5,False,False,False,False,False,True
2026-06-26 10:53:00,Node B,31.39,7.0,23.4,-0.39,0.0,-2.3,False,False,False,False,True,True
2026-06-26 11:08:00,Node A,30.08,7.44,7.8,0.33,-0.12,-0.2,False,False,False,False,False,True
2026-06-26 11:08:00,Node B,30.92,6.99,25.5,-0.47,-0.01,2.1,False,True,False,True,True,False
2026-06-26 11:23:00,Node A,30.11,7.3,7.4,0.03,-0.14,-0.4,False,False,False,False,False,True
2026-06-26 11:23:00,Node B,30.96,7.02,27.8,0.04,0.03,2.3,False,True,False,True,True,False
2026-06-26 11:38:00,Node A,30.22,7.32,6.9,0.11,0.02,-0.5,False,False,False,False,False,True
2026-06-26 11:38:00,Node B,30.9,6.8,27.7,-0.06,-0.22,-0.1,False,True,False,True,True,False
2026-06-26 11:53:00,Node A,30.34,7.31,7.2,0.12,-0.01,0.3,False,False,False,False,False,True
2026-06-26 11:53:00,Node B,30.89,6.4,27.4,-0.01,-0.4,-0.3,False,True,False,True,True,False
2026-06-26 12:08:00,Node A,30.38,7.34,7.0,0.04,0.03,-0.2,False,False,False,False,False,True
2026-06-26 12:08:00,Node B,30.92,5.9,27.5,0.03,-0.5,0.1,False,True,False,True,True,False
2026-06-26 12:23:00,Node A,30.51,7.33,6.7,0.13,-0.01,-0.3,False,False,False,False,False,True
2026-06-26 12:23:00,Node B,30.86,5.9,27.4,-0.06,0.0,-0.1,False,True,False,True,True,False
2026-06-26 12:38:00,Node A,30.58,7.3,6.6,0.07,-0.03,-0.1,False,False,False,False,False,True
2026-06-26 12:38:00,Node B,30.74,5.9,26.6,-0.12,0.0,-0.8,False,True,False,True,True,False
2026-06-26 12:53:00,Node A,30.85,7.32,6.5,0.27,0.02,-0.1,False,False,False,False,False,True
2026-06-26 12:53:00,Node B,30.87,5.9,24.3,0.13,0.0,-2.3,False,True,False,True,True,False
2026-06-26 13:08:00,Node A,30.96,7.35,6.5,0.11,0.03,0.0,False,False,False,False,False,True
2026-06-26 13:08:00,Node B,30.99,5.9,23.4,0.12,0.0,-0.9,False,True,False,True,True,False
2026-06-26 13:23:00,Node A,30.97,7.36,6.4,0.01,0.01,-0.1,False,False,False,False,False,True
2026-06-26 13:23:00,Node B,31.2,5.94,22.4,0.21,0.04,-1.0,False,True,False,True,True,False
2026-06-26 13:38:00,Node A,31.12,7.34,6.4,0.15,-0.02,0.0,False,False,False,False,False,True
2026-06-26 13:38:00,Node B,31.46,6.07,21.6,0.26,0.13,-0.8,False,True,False,True,True,False
2026-06-26 13:53:00,Node A,31.04,7.33,6.2,-0.08,-0.01,-0.2,False,False,False,False,False,True
2026-06-26 13:53:00,Node B,31.4,6.22,20.9,-0.06,0.15,-0.7,False,True,False,True,True,False
2026-06-26 14:08:00,Node A,31.3,7.3,6.2,0.26,-0.03,0.0,False,False,False,False,False,True
2026-06-26 14:08:00,Node B,31.49,6.35,20.2,0.09,0.13,-0.7,False,True,False,True,False,False
2026-06-26 14:23:00,Node A,31.38,7.3,6.3,0.08,0.0,0.1,False,False,False,False,False,True
2026-06-26 14:23:00,Node B,31.6,6.5,19.3,0.11,0.15,-0.9,False,False,False,False,False,True
2026-06-26 14:38:00,Node A,31.21,7.32,6.4,-0.17,0.02,0.1,False,False,False,False,False,True
2026-06-26 14:38:00,Node B,31.42,6.61,18.5,-0.18,0.11,-0.8,False,False,False,False,False,True
2026-06-26 14:53:00,Node A,31.19,7.34,6.7,-0.02,0.02,0.3,False,False,False,False,False,True
2026-06-26 14:53:00,Node B,31.45,6.7,17.6,0.03,0.09,-0.9,False,False,False,False,False,True
2026-06-26 15:08:00,Node A,31.21,7.38,6.5,0.02,0.04,-0.2,False,False,False,False,False,True
2026-06-26 15:08:00,Node B,31.55,6.84,17.1,0.1,0.14,-0.5,False,False,False,False,False,True
2026-06-26 15:23:00,Node A,31.11,7.37,6.6,-0.1,-0.01,0.1,False,False,False,False,False,True
2026-06-26 15:23:00,Node B,31.47,6.93,16.0,-0.08,0.09,-1.1,False,False,False,False,False,True
2026-06-26 15:38:00,Node A,31.18,7.36,6.2,0.07,-0.01,-0.4,False,False,False,False,False,True
2026-06-26 15:38:00,Node B,31.43,7.06,15.1,-0.04,0.13,-0.9,False,False,False,False,False,True
2026-06-26 15:53:00,Node A,31.28,7.37,6.0,0.1,0.01,-0.2,False,False,False,False,False,True
2026-06-26 15:53:00,Node B,31.45,7.06,14.9,0.02,0.0,-0.2,False,False,False,False,False,True
2026-06-26 16:08:00,Node A,31.45,7.35,6.1,0.17,-0.02,0.1,False,False,False,False,False,True
2026-06-26 16:08:00,Node B,31.34,7.08,14.3,-0.11,0.02,-0.6,False,False,False,False,False,True
2026-06-26 16:23:00,Node A,31.39,7.34,6.5,-0.06,-0.01,0.4,False,False,False,False,False,True
2026-06-26 16:23:00,Node B,31.13,7.1,14.0,-0.21,0.02,-0.3,False,False,False,False,False,True
2026-06-26 16:38:00,Node A,31.45,7.34,6.7,0.06,0.0,0.2,False,False,False,False,False,True
2026-06-26 16:38:00,Node B,31.19,7.08,14.5,0.06,-0.02,0.5,False,False,False,False,False,True
2026-06-26 16:53:00,Node A,31.42,7.36,7.0,-0.03,0.02,0.3,False,False,False,False,False,True
2026-06-26 16:53:00,Node B,31.18,7.09,14.7,-0.01,0.01,0.2,False,False,False,False,False,True
2026-06-26 17:08:00,Node A,31.34,7.34,6.9,-0.08,-0.02,-0.1,False,False,False,False,False,True
2026-06-26 17:08:00,Node B,31.02,7.1,14.9,-0.16,0.01,0.2,False,False,False,False,True,True
2026-06-26 17:23:00,Node A,31.24,7.36,6.7,-0.1,0.02,-0.2,False,False,False,False,False,True
2026-06-26 17:23:00,Node B,31.07,7.08,16.5,0.05,-0.02,1.6,False,False,False,False,True,True
2026-06-26 17:38:00,Node A,31.21,7.37,6.5,-0.03,0.01,-0.2,False,False,False,False,False,True
2026-06-26 17:38:00,Node B,30.98,7.07,19.1,-0.09,-0.01,2.6,False,False,False,False,True,True
2026-06-26 17:53:00,Node A,31.01,7.37,6.6,-0.2,0.0,0.1,False,False,False,False,False,True
2026-06-26 17:53:00,Node B,30.48,7.08,22.5,-0.5,0.01,3.4,False,False,False,False,True,True
2026-06-26 18:08:00,Node A,31.01,7.35,6.8,0.0,-0.02,0.2,False,False,False,False,False,True
2026-06-26 18:08:00,Node B,29.32,6.83,26.8,-1.16,-0.25,4.3,False,True,False,True,True,False
2026-06-26 18:23:00,Node A,30.98,7.32,7.1,-0.03,-0.03,0.3,False,False,False,False,False,True
2026-06-26 18:23:00,Node B,29.19,6.36,26.9,-0.13,-0.47,0.1,False,True,False,True,True,False
2026-06-26 18:38:00,Node A,30.8,7.31,7.1,-0.18,-0.01,0.0,False,False,False,False,False,True
2026-06-26 18:38:00,Node B,29.21,6.35,26.9,0.02,-0.01,0.0,False,True,False,True,True,False
2026-06-26 18:53:00,Node A,30.85,7.31,6.9,0.05,0.0,-0.2,False,False,False,False,False,True
2026-06-26 18:53:00,Node B,29.14,6.36,27.1,-0.07,0.01,0.2,False,True,False,True,True,False
2026-06-26 19:08:00,Node A,30.92,7.32,7.4,0.07,0.01,0.5,False,False,False,False,False,True
2026-06-26 19:08:00,Node B,28.85,6.34,26.8,-0.29,-0.02,-0.3,False,True,False,True,True,False
2026-06-26 19:23:00,Node A,30.7,7.33,7.3,-0.22,0.01,-0.1,False,False,False,False,False,True
2026-06-26 19:23:00,Node B,28.75,6.33,26.6,-0.1,-0.01,-0.2,False,True,False,True,True,False
2026-06-26 20:08:00,Node A,30.38,7.27,7.2,,,,True,False,False,False,False,False
2026-06-26 20:08:00,Node B,28.47,6.55,26.3,,,,True,True,False,True,True,False
2026-06-26 20:23:00,Node A,30.35,7.29,7.1,-0.03,0.02,-0.1,False,False,False,False,False,True
2026-06-26 20:23:00,Node B,28.46,6.6,26.1,-0.01,0.05,-0.2,False,True,False,True,True,False
2026-06-26 20:38:00,Node A,30.21,7.31,7.0,-0.14,0.02,-0.1,False,False,False,False,False,True
2026-06-26 20:38:00,Node B,28.37,6.67,25.1,-0.09,0.07,-1.0,False,True,False,True,False,False
2026-06-26 20:53:00,Node A,30.13,7.25,7.2,-0.08,-0.06,0.2,False,False,False,False,False,True
2026-06-26 20:53:00,Node B,28.42,6.74,24.2,0.05,0.07,-0.9,False,False,False,False,False,True
2026-06-26 21:08:00,Node A,29.97,7.27,7.3,-0.16,0.02,0.1,False,False,False,False,False,True
2026-06-26 21:08:00,Node B,28.46,6.79,23.4,0.04,0.05,-0.8,False,False,False,False,False,True
2026-06-26 21:23:00,Node A,29.92,7.27,7.6,-0.05,0.0,0.3,False,False,False,False,False,True
2026-06-26 21:23:00,Node B,28.32,6.85,22.4,-0.14,0.06,-1.0,False,False,False,False,False,True
2026-06-26 21:38:00,Node A,29.84,7.29,7.3,-0.08,0.02,-0.3,False,False,False,False,False,True
2026-06-26 21:38:00,Node B,28.38,6.88,21.7,0.06,0.03,-0.7,False,False,False,False,False,True
2026-06-26 21:53:00,Node A,29.84,7.29,7.3,0.0,0.0,0.0,False,False,False,False,False,True
2026-06-26 21:53:00,Node B,28.35,6.96,20.9,-0.03,0.08,-0.8,False,False,False,False,False,True
2026-06-26 22:08:00,Node A,29.62,7.29,7.7,-0.22,0.0,0.4,False,False,False,False,False,True
2026-06-26 22:08:00,Node B,28.25,6.94,20.1,-0.1,-0.02,-0.8,False,False,False,False,False,True
2026-06-26 22:23:00,Node A,29.38,7.27,7.7,-0.24,-0.02,0.0,False,False,False,False,False,True
2026-06-26 22:23:00,Node B,28.22,6.92,18.9,-0.03,-0.02,-1.2,False,False,False,False,False,True
2026-06-26 22:38:00,Node A,29.17,7.23,7.7,-0.21,-0.04,0.0,False,False,False,False,False,True
2026-06-26 22:38:00,Node B,28.44,6.93,17.8,0.22,0.01,-1.1,False,False,False,False,False,True
2026-06-26 22:53:00,Node A,29.03,7.24,7.3,-0.14,0.01,-0.4,False,False,False,False,False,True
2026-06-26 22:53:00,Node B,28.26,6.93,17.4,-0.18,0.0,-0.4,False,False,False,False,False,True
2026-06-26 23:08:00,Node A,28.99,7.24,7.3,-0.04,0.0,0.0,False,False,False,False,False,True
2026-06-26 23:08:00,Node B,28.09,6.93,16.4,-0.17,0.0,-1.0,False,False,False,False,False,True
2026-06-26 23:23:00,Node A,28.95,7.25,7.3,-0.04,0.01,0.0,False,False,False,False,False,True
2026-06-26 23:23:00,Node B,27.98,6.95,15.2,-0.11,0.02,-1.2,False,False,False,False,False,True
2026-06-26 23:38:00,Node A,28.72,7.23,7.2,-0.23,-0.02,-0.1,False,False,False,False,False,True
2026-06-26 23:38:00,Node B,27.83,6.98,16.8,-0.15,0.03,1.6,False,False,False,False,True,True
2026-06-26 23:53:00,Node A,28.69,7.21,7.3,-0.03,-0.02,0.1,False,False,False,False,False,True
2026-06-26 23:53:00,Node B,27.79,6.99,19.1,-0.04,0.01,2.3,False,False,False,False,True,True
2026-06-27 00:08:00,Node A,28.56,7.22,7.2,-0.13,0.01,-0.1,False,False,False,False,False,True
2026-06-27 00:08:00,Node B,27.75,6.95,19.1,-0.04,-0.04,0.0,False,False,False,False,True,True
2026-06-27 00:23:00,Node A,28.34,7.21,6.9,-0.22,-0.01,-0.3,False,False,False,False,False,True
2026-06-27 00:23:00,Node B,27.64,6.95,18.9,-0.11,0.0,-0.2,False,False,False,False,True,True
2026-06-27 00:38:00,Node A,28.27,7.24,7.1,-0.07,0.03,0.2,False,False,False,False,False,True
2026-06-27 00:38:00,Node B,27.49,6.13,19.3,-0.15,-0.82,0.4,False,True,False,True,True,False
2026-06-27 00:53:00,Node A,28.21,7.24,7.3,-0.06,0.0,0.2,False,False,False,False,False,True
2026-06-27 00:53:00,Node B,27.39,6.13,19.2,-0.1,0.0,-0.1,False,True,False,True,True,False
2026-06-27 01:08:00,Node A,28.18,7.2,7.0,-0.03,-0.04,-0.3,False,False,False,False,False,True
2026-06-27 01:08:00,Node B,27.26,6.16,19.0,-0.13,0.03,-0.2,False,True,False,True,True,False
2026-06-27 01:23:00,Node A,28.03,7.18,7.5,-0.15,-0.02,0.5,False,False,False,False,False,True
2026-06-27 01:23:00,Node B,27.21,6.32,18.4,-0.05,0.16,-0.6,False,True,False,True,True,False
2026-06-27 01:38:00,Node A,27.96,7.19,7.5,-0.07,0.01,0.0,False,False,False,False,False,True
2026-06-27 01:38:00,Node B,27.15,6.48,17.9,-0.06,0.16,-0.5,False,True,False,True,False,False
2026-06-27 01:53:00,Node A,27.84,7.19,7.1,-0.12,0.0,-0.4,False,False,False,False,False,True
2026-06-27 01:53:00,Node B,27.1,6.61,17.4,-0.05,0.13,-0.5,False,False,False,False,False,True
2026-06-27 02:08:00,Node A,27.74,7.16,6.8,-0.1,-0.03,-0.3,False,False,False,False,False,True
2026-06-27 02:08:00,Node B,26.99,6.76,16.7,-0.11,0.15,-0.7,False,False,False,False,False,True
2026-06-27 02:23:00,Node A,27.85,7.15,7.2,0.11,-0.01,0.4,False,False,False,False,False,True
2026-06-27 02:23:00,Node B,27.08,6.9,15.9,0.09,0.14,-0.8,False,False,False,False,False,True
2026-06-27 02:38:00,Node A,27.89,7.16,7.2,0.04,0.01,0.0,False,False,False,False,False,True
2026-06-27 02:38:00,Node B,26.94,6.89,15.6,-0.14,-0.01,-0.3,False,False,False,False,False,True
2026-06-27 02:53:00,Node A,27.87,7.15,7.2,-0.02,-0.01,0.0,False,False,False,False,False,True
2026-06-27 02:53:00,Node B,26.9,6.86,15.2,-0.04,-0.03,-0.4,False,False,False,False,False,True
2026-06-27 03:08:00,Node A,27.77,7.18,7.5,-0.1,0.03,0.3,False,False,False,False,False,True
2026-06-27 03:08:00,Node B,26.96,6.88,15.1,0.06,0.02,-0.1,False,False,False,False,False,True
2026-06-27 03:23:00,Node A,27.72,7.16,7.3,-0.05,-0.02,-0.2,False,False,False,False,False,True
2026-06-27 03:23:00,Node B,26.84,6.9,14.9,-0.12,0.02,-0.2,False,False,False,False,False,True
2026-06-27 03:38:00,Node A,27.86,7.17,7.2,0.14,0.01,-0.1,False,False,False,False,False,True
2026-06-27 03:38:00,Node B,26.8,6.91,15.2,-0.04,0.01,0.3,False,False,False,False,False,True
2026-06-27 03:53:00,Node A,27.84,7.18,7.0,-0.02,0.01,-0.2,False,False,False,False,False,True
2026-06-27 03:53:00,Node B,26.88,6.95,15.2,0.08,0.04,0.0,False,False,False,False,False,True
2026-06-27 04:08:00,Node A,27.83,7.22,7.0,-0.01,0.04,0.0,False,False,False,False,False,True
2026-06-27 04:08:00,Node B,26.91,6.91,15.0,0.03,-0.04,-0.2,False,False,False,False,False,True
2026-06-27 04:23:00,Node A,27.87,7.21,7.2,0.04,-0.01,0.2,False,False,False,False,False,True
2026-06-27 04:23:00,Node B,26.97,6.91,15.3,0.06,0.0,0.3,False,False,False,False,False,True
2026-06-27 04:38:00,Node A,27.93,7.24,7.2,0.06,0.03,0.0,False,False,False,False,False,True
2026-06-27 04:38:00,Node B,27.02,6.91,16.4,0.05,0.0,1.1,False,False,False,False,False,True
2026-06-27 04:53:00,Node A,28.02,7.17,7.3,0.09,-0.07,0.1,False,False,False,False,False,True
2026-06-27 04:53:00,Node B,26.9,6.87,17.8,-0.12,-0.04,1.4,False,False,False,False,True,True
2026-06-27 05:08:00,Node A,27.92,7.16,7.4,-0.1,-0.01,0.1,False,False,False,False,False,True
2026-06-27 05:08:00,Node B,26.67,6.86,19.5,-0.23,-0.01,1.7,False,False,False,False,True,True
2026-06-27 05:23:00,Node A,27.95,7.18,7.4,0.03,0.02,0.0,False,False,False,False,False,True
2026-06-27 05:23:00,Node B,25.97,6.86,21.5,-0.7,0.0,2.0,False,False,False,False,True,True
2026-06-27 05:38:00,Node A,28.07,7.19,8.0,0.12,0.01,0.6,False,False,False,False,False,True
2026-06-27 05:38:00,Node B,25.95,6.69,24.2,-0.02,-0.17,2.7,False,False,False,False,True,True
2026-06-27 05:53:00,Node A,28.08,7.21,7.9,0.01,0.02,-0.1,False,False,False,False,False,True
2026-06-27 05:53:00,Node B,26.0,6.26,22.7,0.05,-0.43,-1.5,False,True,False,True,True,False
2026-06-27 06:08:00,Node A,28.12,7.16,8.0,0.04,-0.05,0.1,False,False,False,False,False,True
2026-06-27 06:08:00,Node B,26.19,5.9,22.2,0.19,-0.36,-0.5,False,True,False,True,True,False
2026-06-27 06:23:00,Node A,28.16,7.17,8.4,0.04,0.01,0.4,False,False,False,False,False,True
2026-06-27 06:23:00,Node B,26.45,5.9,22.1,0.26,0.0,-0.1,False,True,False,True,True,False
2026-06-27 06:38:00,Node A,28.3,7.18,8.3,0.14,0.01,-0.1,False,False,False,False,False,True
2026-06-27 06:38:00,Node B,26.49,5.9,22.5,0.04,0.0,0.4,False,True,False,True,True,False
2026-06-27 06:53:00,Node A,28.38,7.2,8.1,0.08,0.02,-0.2,False,False,False,False,False,True
2026-06-27 06:53:00,Node B,26.82,5.9,22.4,0.33,0.0,-0.1,False,True,False,True,True,False
2026-06-27 07:08:00,Node A,28.42,7.19,8.1,0.04,-0.01,0.0,False,False,False,False,False,True
2026-06-27 07:08:00,Node B,27.04,5.9,22.8,0.22,0.0,0.4,False,True,False,True,True,False
2026-06-27 07:23:00,Node A,28.54,7.21,8.3,0.12,0.02,0.2,False,False,False,False,False,True
2026-06-27 07:23:00,Node B,27.28,5.91,22.8,0.24,0.01,0.0,False,True,False,True,True,False
2026-06-27 07:38:00,Node A,28.56,7.2,7.8,0.02,-0.01,-0.5,False,False,False,False,False,True
2026-06-27 07:38:00,Node B,27.53,6.01,23.1,0.25,0.1,0.3,False,True,False,True,True,False
2026-06-27 07:53:00,Node A,28.6,7.22,7.3,0.04,0.02,-0.5,False,False,False,False,False,True
2026-06-27 07:53:00,Node B,27.93,6.08,22.0,0.4,0.07,-1.1,False,True,False,True,True,False
2026-06-27 08:08:00,Node A,28.77,7.2,7.3,0.17,-0.02,0.0,False,False,False,False,False,True
2026-06-27 08:08:00,Node B,28.19,6.18,21.1,0.26,0.1,-0.9,False,True,False,True,True,False
2026-06-27 08:23:00,Node A,28.94,7.2,7.3,0.17,0.0,0.0,False,False,False,False,False,True
2026-06-27 08:23:00,Node B,28.38,6.28,19.7,0.19,0.1,-1.4,False,True,False,True,True,False
2026-06-27 08:38:00,Node A,29.07,7.15,7.4,0.13,-0.05,0.1,False,False,False,False,False,True
2026-06-27 08:38:00,Node B,28.57,6.4,18.4,0.19,0.12,-1.3,False,True,False,True,False,False
2026-06-27 08:53:00,Node A,29.08,7.17,7.6,0.01,0.02,0.2,False,False,False,False,False,True
2026-06-27 08:53:00,Node B,28.88,6.54,17.6,0.31,0.14,-0.8,False,False,False,False,False,True
2026-06-27 09:08:00,Node A,29.17,7.19,7.6,0.09,0.02,0.0,False,False,False,False,False,True
2026-06-27 09:08:00,Node B,29.06,6.64,16.9,0.18,0.1,-0.7,False,False,False,False,False,True
2026-06-27 09:23:00,Node A,29.31,7.19,7.7,0.14,0.0,0.1,False,False,False,False,False,True
2026-06-27 09:23:00,Node B,29.3,6.75,16.0,0.24,0.11,-0.9,False,False,False,False,False,True
2026-06-27 09:38:00,Node A,29.42,7.19,7.6,0.11,0.0,-0.1,False,False,False,False,False,True
2026-06-27 09:38:00,Node B,29.61,6.84,15.4,0.31,0.09,-0.6,False,False,False,False,False,True
2026-06-27 10:08:00,Node A,29.57,7.2,7.6,,,,True,False,False,False,False,False
2026-06-27 10:08:00,Node B,29.95,6.95,14.9,,,,True,False,False,False,False,False
2026-06-27 10:38:00,Node A,29.76,7.19,7.1,,,,True,False,False,False,False,False
2026-06-27 10:38:00,Node B,30.22,6.97,15.1,,,,True,False,False,False,False,False
2026-06-27 10:53:00,Node A,29.86,7.25,8.2,0.1,0.06,1.1,False,False,False,False,True,True
2026-06-27 10:53:00,Node B,30.5,6.95,15.0,0.28,-0.02,-0.1,False,False,False,False,False,True
2026-06-27 11:08:00,Node A,29.86,7.27,9.9,0.0,0.02,1.7,False,False,False,False,True,True
2026-06-27 11:08:00,Node B,30.62,6.96,15.0,0.12,0.01,0.0,False,False,False,False,False,True
2026-06-27 11:23:00,Node A,29.94,7.3,12.2,0.08,0.03,2.3,False,False,False,False,True,True
2026-06-27 11:23:00,Node B,30.78,6.96,15.0,0.16,0.0,0.0,False,False,False,False,False,True
2026-06-27 11:38:00,Node A,30.01,7.29,12.4,0.07,-0.01,0.2,False,False,False,False,True,True
2026-06-27 11:38:00,Node B,30.91,7.01,15.6,0.13,0.05,0.6,False,False,False,False,False,True
2026-06-27 11:53:00,Node A,30.19,6.66,12.5,0.18,-0.63,0.1,False,False,True,True,False,False
2026-06-27 11:53:00,Node B,31.01,7.01,15.4,0.1,0.0,-0.2,False,False,False,False,False,True
2026-06-27 12:08:00,Node A,30.23,6.64,12.7,0.04,-0.02,0.2,False,False,False,False,False,True
2026-06-27 12:08:00,Node B,31.05,6.99,15.4,0.04,-0.02,0.0,False,False,False,False,False,True
2026-06-27 12:23:00,Node A,30.35,6.64,12.9,0.12,0.0,0.2,False,False,False,False,False,True
2026-06-27 12:23:00,Node B,31.05,6.98,15.5,0.0,-0.01,0.1,False,False,False,False,False,True
2026-06-27 12:38:00,Node A,30.37,6.61,12.7,0.02,-0.03,-0.2,False,False,False,False,False,True
2026-06-27 12:38:00,Node B,31.02,7.01,15.6,-0.03,0.03,0.1,False,False,False,False,False,True
2026-06-27 12:53:00,Node A,30.25,6.62,12.8,-0.12,0.01,0.1,False,False,False,False,False,True
2026-06-27 12:53:00,Node B,31.16,7.01,15.7,0.14,0.0,0.1,False,False,False,False,False,True
2026-06-27 13:08:00,Node A,30.46,6.77,12.8,0.21,0.15,0.0,False,False,False,False,False,True
2026-06-27 13:08:00,Node B,31.25,7.02,15.8,0.09,0.01,0.1,False,False,False,False,True,True
2026-06-27 13:23:00,Node A,30.39,6.94,12.4,-0.07,0.17,-0.4,False,False,False,False,False,True
2026-06-27 13:23:00,Node B,31.36,7.02,16.4,0.11,0.0,0.6,False,False,False,False,True,True
2026-06-27 13:38:00,Node A,30.56,7.16,11.9,0.17,0.22,-0.5,False,False,False,False,False,True
2026-06-27 13:38:00,Node B,31.68,7.12,16.5,0.32,0.1,0.1,False,False,False,False,True,True
2026-06-27 13:53:00,Node A,30.62,7.34,11.9,0.06,0.18,0.0,False,False,False,False,False,True
2026-06-27 13:53:00,Node B,32.0,7.32,17.0,0.32,0.2,0.5,False,False,False,False,True,True
2026-06-27 14:08:00,Node A,30.65,7.36,11.9,0.03,0.02,0.0,False,False,False,False,False,True
2026-06-27 14:08:00,Node B,32.26,7.6,17.4,0.26,0.28,0.4,False,True,False,True,True,False
2026-06-27 15:08:00,Node A,30.76,7.36,11.4,,,,True,False,False,False,False,False
2026-06-27 15:08:00,Node B,33.05,7.94,18.8,,,,True,True,False,True,True,False
2026-06-27 15:23:00,Node A,30.73,7.39,11.8,-0.03,0.03,0.4,False,False,False,False,False,True
2026-06-27 15:23:00,Node B,32.96,7.9,18.7,-0.09,-0.04,-0.1,False,True,False,True,True,False
2026-06-27 15:38:00,Node A,30.73,7.42,12.1,0.0,0.03,0.3,False,False,False,False,False,True
2026-06-27 15:38:00,Node B,33.1,7.8,19.2,0.14,-0.1,0.5,False,True,False,True,True,False
2026-06-27 16:08:00,Node A,30.9,7.39,12.5,,,,True,False,False,False,False,False
2026-06-27 16:08:00,Node B,32.8,7.66,18.6,,,,True,True,False,True,True,False
2026-06-27 16:23:00,Node A,30.98,7.52,12.1,0.08,0.13,-0.4,False,False,False,False,False,True
2026-06-27 16:23:00,Node B,32.67,7.61,18.4,-0.13,-0.05,-0.2,False,True,False,True,True,False
2026-06-27 16:38:00,Node A,31.05,7.71,11.9,0.07,0.19,-0.2,False,False,False,False,False,True
2026-06-27 16:38:00,Node B,32.65,7.54,18.3,-0.02,-0.07,-0.1,False,True,False,True,True,False
2026-06-27 17:08:00,Node A,31.06,8.38,11.1,,,,True,False,False,False,False,False
2026-06-27 17:08:00,Node B,32.52,7.39,17.8,,,,True,True,False,True,True,False
2026-06-27 17:23:00,Node A,31.2,8.37,11.4,0.14,-0.01,0.3,False,False,False,False,False,True
2026-06-27 17:23:00,Node B,32.5,7.3,17.5,-0.02,-0.09,-0.3,False,True,False,True,True,False
2026-06-27 17:53:00,Node A,31.28,8.39,11.4,,,,True,False,False,False,False,False
2026-06-27 17:53:00,Node B,32.45,7.2,17.5,,,,True,True,False,True,True,False
2026-06-27 18:08:00,Node A,31.32,8.29,11.7,0.04,-0.1,0.3,False,False,False,False,False,True
2026-06-27 18:08:00,Node B,32.33,7.1,17.3,-0.12,-0.1,-0.2,False,True,False,True,True,False
2026-06-27 18:38:00,Node A,31.08,8.19,11.7,,,,True,False,False,False,False,False
2026-06-27 18:38:00,Node B,32.16,7.01,16.1,,,,True,True,False,True,False,False
2026-06-27 18:53:00,Node A,30.93,8.13,11.5,-0.15,-0.06,-0.2,False,False,False,False,False,True
2026-06-27 18:53:00,Node B,31.91,7.03,15.9,-0.25,0.02,-0.2,False,False,False,False,False,True
2026-06-27 19:08:00,Node A,30.95,8.01,11.2,0.02,-0.12,-0.3,False,False,False,False,False,True
2026-06-27 19:08:00,Node B,31.74,7.0,15.9,-0.17,-0.03,0.0,False,False,False,False,False,True
2026-06-27 19:23:00,Node A,31.0,7.9,11.0,0.05,-0.11,-0.2,False,False,False,False,False,True
2026-06-27 19:23:00,Node B,31.61,7.0,15.9,-0.13,0.0,0.0,False,False,False,False,False,True
2026-06-27 19:38:00,Node A,30.85,7.82,10.6,-0.15,-0.08,-0.4,False,False,False,False,False,True
2026-06-27 19:38:00,Node B,31.42,7.05,15.4,-0.19,0.05,-0.5,False,False,False,False,False,True
2026-06-27 21:23:00,Node A,29.88,7.27,10.2,,,,True,False,False,False,True,False
2026-06-27 21:23:00,Node B,30.09,7.0,14.9,,,,True,False,False,False,False,False
2026-06-27 21:38:00,Node A,29.68,7.28,13.0,-0.2,0.01,2.8,False,False,False,False,True,True
2026-06-27 21:38:00,Node B,30.01,6.97,15.5,-0.08,-0.03,0.6,False,False,False,False,False,True
2026-06-27 21:53:00,Node A,29.32,7.28,16.4,-0.36,0.0,3.4,False,False,False,False,True,True
2026-06-27 21:53:00,Node B,29.8,6.98,15.4,-0.21,0.01,-0.1,False,False,False,False,False,True
2026-06-27 22:08:00,Node A,28.79,6.89,16.4,-0.53,-0.39,0.0,False,False,False,False,True,True
2026-06-27 22:08:00,Node B,29.59,6.98,15.5,-0.21,0.0,0.1,False,False,False,False,False,True
2026-06-27 22:23:00,Node A,28.33,6.09,16.5,-0.46,-0.8,0.1,False,True,False,True,True,False
2026-06-27 22:23:00,Node B,29.23,6.96,15.6,-0.36,-0.02,0.1,False,False,False,False,False,True
2026-06-27 22:38:00,Node A,28.04,6.09,16.7,-0.29,0.0,0.2,False,True,False,True,True,False
2026-06-27 22:38:00,Node B,29.03,6.98,15.5,-0.2,0.02,-0.1,False,False,False,False,False,True
2026-06-27 22:53:00,Node A,27.82,6.09,16.5,-0.22,0.0,-0.2,False,True,False,True,True,False
2026-06-27 22:53:00,Node B,28.91,6.99,15.3,-0.12,0.01,-0.2,False,False,False,False,False,True
2026-06-27 23:08:00,Node A,27.7,6.09,15.9,-0.12,0.0,-0.6,False,True,False,True,True,False
2026-06-27 23:08:00,Node B,28.81,6.98,15.1,-0.1,-0.01,-0.2,False,False,False,False,False,True
2026-06-27 23:23:00,Node A,27.51,6.24,15.3,-0.19,0.15,-0.6,False,True,False,True,True,False
2026-06-27 23:23:00,Node B,28.58,6.98,15.1,-0.23,0.0,0.0,False,False,False,False,False,True
2026-06-27 23:38:00,Node A,27.37,6.38,14.5,-0.14,0.14,-0.8,False,True,False,True,False,False
2026-06-27 23:38:00,Node B,28.43,6.96,15.2,-0.15,-0.02,0.1,False,False,False,False,False,True
2026-06-28 00:08:00,Node A,27.16,6.69,13.1,,,,True,False,False,False,False,False
2026-06-28 00:08:00,Node B,28.03,6.92,15.2,,,,True,False,False,False,False,False
2026-06-28 00:23:00,Node A,27.17,6.86,12.6,0.01,0.17,-0.5,False,False,False,False,False,True
2026-06-28 00:23:00,Node B,27.88,6.94,15.1,-0.15,0.02,-0.1,False,False,False,False,False,True
2026-06-28 00:38:00,Node A,27.19,7.01,11.9,0.02,0.15,-0.7,False,False,False,False,False,True
2026-06-28 00:38:00,Node B,27.59,6.93,15.2,-0.29,-0.01,0.1,False,False,False,False,False,True
2026-06-28 00:53:00,Node A,27.21,7.18,11.5,0.02,0.17,-0.4,False,False,False,False,False,True
2026-06-28 00:53:00,Node B,27.53,6.97,15.5,-0.06,0.04,0.3,False,False,False,False,False,True
2026-06-28 01:08:00,Node A,27.08,7.16,10.2,-0.13,-0.02,-1.3,False,False,False,False,False,True
2026-06-28 01:08:00,Node B,27.43,6.92,15.5,-0.1,-0.05,0.0,False,False,False,False,False,True
2026-06-28 01:23:00,Node A,27.2,7.15,10.0,0.12,-0.01,-0.2,False,False,False,False,False,True
2026-06-28 01:23:00,Node B,27.41,6.95,15.6,-0.02,0.03,0.1,False,False,False,False,False,True
2026-06-28 01:38:00,Node A,27.13,7.16,9.0,-0.07,0.01,-1.0,False,False,False,False,False,True
2026-06-28 01:38:00,Node B,27.26,6.92,15.7,-0.15,-0.03,0.1,False,False,False,False,False,True
2026-06-28 01:53:00,Node A,27.18,7.17,9.0,0.05,0.01,0.0,False,False,False,False,False,True
2026-06-28 01:53:00,Node B,27.26,6.9,15.7,0.0,-0.02,0.0,False,False,False,False,False,True
2026-06-28 02:08:00,Node A,27.03,7.17,9.1,-0.15,0.0,0.1,False,False,False,False,False,True
2026-06-28 02:08:00,Node B,27.17,6.93,16.1,-0.09,0.03,0.4,False,False,False,False,False,True
2026-06-28 02:23:00,Node A,26.89,7.19,9.2,-0.14,0.02,0.1,False,False,False,False,False,True
2026-06-28 02:23:00,Node B,27.13,6.87,16.3,-0.04,-0.06,0.2,False,False,False,False,False,True
2026-06-28 02:38:00,Node A,26.89,7.17,8.9,0.0,-0.02,-0.3,False,False,False,False,False,True
2026-06-28 02:38:00,Node B,27.05,6.88,16.4,-0.08,0.01,0.1,False,False,False,False,False,True
2026-06-28 02:53:00,Node A,26.79,7.15,8.8,-0.1,-0.02,-0.1,False,False,False,False,False,True
2026-06-28 02:53:00,Node B,27.18,6.89,16.3,0.13,0.01,-0.1,False,False,False,False,False,True
2026-06-28 03:08:00,Node A,26.83,7.15,8.9,0.04,0.0,0.1,False,False,False,False,False,True
2026-06-28 03:08:00,Node B,27.18,6.91,16.3,0.0,0.02,0.0,False,False,False,False,False,True
2026-06-28 03:23:00,Node A,26.88,7.16,8.7,0.05,0.01,-0.2,False,False,False,False,False,True
2026-06-28 03:23:00,Node B,27.14,6.86,16.3,-0.04,-0.05,0.0,False,False,False,False,False,True
2026-06-28 03:38:00,Node A,26.75,7.17,8.0,-0.13,0.01,-0.7,False,False,False,False,False,True
2026-06-28 03:38:00,Node B,27.33,6.88,16.2,0.19,0.02,-0.1,False,False,False,False,False,True
2026-06-28 03:53:00,Node A,26.7,7.19,8.3,-0.05,0.02,0.3,False,False,False,False,False,True
2026-06-28 03:53:00,Node B,27.19,6.91,16.0,-0.14,0.03,-0.2,False,False,False,False,False,True
2026-06-28 04:08:00,Node A,26.6,7.18,8.5,-0.1,-0.01,0.2,False,False,False,False,False,True
2026-06-28 04:08:00,Node B,27.11,6.89,15.8,-0.08,-0.02,-0.2,False,False,False,False,False,True
2026-06-28 04:23:00,Node A,26.68,7.16,8.2,0.08,-0.02,-0.3,False,False,False,False,False,True
2026-06-28 04:23:00,Node B,27.09,6.89,16.2,-0.02,0.0,0.4,False,False,False,False,False,True
2026-06-28 04:38:00,Node A,26.81,7.16,8.4,0.13,0.0,0.2,False,False,False,False,False,True
2026-06-28 04:38:00,Node B,26.97,6.86,16.2,-0.12,-0.03,0.0,False,False,False,False,False,True
2026-06-28 04:53:00,Node A,26.89,7.14,8.6,0.08,-0.02,0.2,False,False,False,False,False,True
2026-06-28 04:53:00,Node B,26.99,6.89,15.8,0.02,0.03,-0.4,False,False,False,False,False,True
2026-06-28 05:08:00,Node A,26.86,7.13,8.8,-0.03,-0.01,0.2,False,False,False,False,False,True
2026-06-28 05:08:00,Node B,27.2,6.89,16.1,0.21,0.0,0.3,False,False,False,False,False,True
2026-06-28 05:23:00,Node A,26.78,7.2,8.8,-0.08,0.07,0.0,False,False,False,False,False,True
2026-06-28 05:23:00,Node B,27.35,6.85,15.9,0.15,-0.04,-0.2,False,False,False,False,False,True
2026-06-28 05:38:00,Node A,27.12,7.18,8.6,0.34,-0.02,-0.2,False,False,False,False,False,True
2026-06-28 05:38:00,Node B,27.49,6.82,16.0,0.14,-0.03,0.1,False,False,False,False,False,True
2026-06-28 05:53:00,Node A,27.11,7.17,8.6,-0.01,-0.01,0.0,False,False,False,False,False,True
2026-06-28 05:53:00,Node B,27.48,6.82,16.5,-0.01,0.0,0.5,False,False,False,False,False,True
2026-06-28 06:08:00,Node A,27.21,7.17,8.9,0.1,0.0,0.3,False,False,False,False,False,True
2026-06-28 06:08:00,Node B,27.7,6.8,16.5,0.22,-0.02,0.0,False,False,False,False,False,True
2026-06-28 06:23:00,Node A,27.35,7.15,8.8,0.14,-0.02,-0.1,False,False,False,False,False,True
2026-06-28 06:23:00,Node B,27.73,6.86,16.3,0.03,0.06,-0.2,False,False,False,False,False,True
2026-06-28 06:38:00,Node A,27.46,7.16,8.9,0.11,0.01,0.1,False,False,False,False,False,True
2026-06-28 06:38:00,Node B,27.84,6.88,16.2,0.11,0.02,-0.1,False,False,False,False,False,True
2026-06-28 06:53:00,Node A,27.51,7.15,8.9,0.05,-0.01,0.0,False,False,False,False,False,True
2026-06-28 06:53:00,Node B,27.78,6.89,16.5,-0.06,0.01,0.3,False,False,False,False,False,True
2026-06-28 07:08:00,Node A,27.76,7.12,8.9,0.25,-0.03,0.0,False,False,False,False,False,True
2026-06-28 07:08:00,Node B,27.83,6.92,16.5,0.05,0.03,0.0,False,False,False,False,False,True
2026-06-28 07:23:00,Node A,27.63,7.13,8.9,-0.13,0.01,0.0,False,False,False,False,False,True
2026-06-28 07:23:00,Node B,28.18,6.92,16.4,0.35,0.0,-0.1,False,False,False,False,False,True
2026-06-28 07:38:00,Node A,27.91,7.13,9.3,0.28,0.0,0.4,False,False,False,False,False,True
2026-06-28 07:38:00,Node B,28.36,6.93,16.2,0.18,0.01,-0.2,False,False,False,False,False,True
2026-06-28 07:53:00,Node A,27.98,7.19,9.0,0.07,0.06,-0.3,False,False,False,False,False,True
2026-06-28 07:53:00,Node B,28.48,6.91,16.3,0.12,-0.02,0.1,False,False,False,False,False,True
2026-06-28 08:08:00,Node A,28.13,7.25,9.0,0.15,0.06,0.0,False,False,False,False,False,True
2026-06-28 08:08:00,Node B,28.67,6.91,16.2,0.19,0.0,-0.1,False,False,False,False,False,True
2026-06-28 08:23:00,Node A,28.24,7.25,9.1,0.11,0.0,0.1,False,False,False,False,False,True
2026-06-28 08:23:00,Node B,28.76,6.92,15.9,0.09,0.01,-0.3,False,False,False,False,False,True
2026-06-28 08:38:00,Node A,28.34,7.24,9.2,0.1,-0.01,0.1,False,False,False,False,False,True
2026-06-28 08:38:00,Node B,28.95,6.91,15.8,0.19,-0.01,-0.1,False,False,False,False,False,True
2026-06-28 08:53:00,Node A,28.49,7.21,9.2,0.15,-0.03,0.0,False,False,False,False,False,True
2026-06-28 08:53:00,Node B,29.04,6.9,15.9,0.09,-0.01,0.1,False,False,False,False,False,True
2026-06-28 09:08:00,Node A,28.53,7.19,9.1,0.04,-0.02,-0.1,False,False,False,False,False,True
2026-06-28 09:08:00,Node B,29.26,6.91,16.3,0.22,0.01,0.4,False,False,False,False,False,True
2026-06-28 09:23:00,Node A,28.78,7.19,9.1,0.25,0.0,0.0,False,False,False,False,False,True
2026-06-28 09:23:00,Node B,29.51,6.92,16.3,0.25,0.01,0.0,False,False,False,False,False,True
2026-06-28 09:38:00,Node A,28.79,7.18,9.3,0.01,-0.01,0.2,False,False,False,False,False,True
2026-06-28 09:38:00,Node B,29.63,6.95,16.4,0.12,0.03,0.1,False,False,False,False,False,True
2026-06-28 09:53:00,Node A,28.98,7.22,9.1,0.19,0.04,-0.2,False,False,False,False,False,True
2026-06-28 09:53:00,Node B,29.83,6.93,16.4,0.2,-0.02,0.0,False,False,False,False,False,True
2026-06-28 10:23:00,Node A,29.33,7.23,9.1,,,,True,False,False,False,False,False
2026-06-28 10:23:00,Node B,29.87,6.95,17.0,,,,True,False,False,False,False,False
2026-06-28 10:38:00,Node A,29.28,7.28,9.4,-0.05,0.05,0.3,False,False,False,False,False,True
2026-06-28 10:38:00,Node B,30.05,6.95,17.2,0.18,0.0,0.2,False,False,False,False,False,True
2026-06-28 10:53:00,Node A,29.42,7.33,9.2,0.14,0.05,-0.2,False,False,False,False,False,True
2026-06-28 10:53:00,Node B,30.08,7.01,17.0,0.03,0.06,-0.2,False,False,False,False,False,True
2026-06-28 11:38:00,Node A,29.87,7.32,9.2,,,,True,False,False,False,False,False
2026-06-28 11:38:00,Node B,30.49,7.04,17.0,,,,True,False,False,False,False,False
2026-06-28 11:53:00,Node A,29.98,7.33,9.4,0.11,0.01,0.2,False,False,False,False,False,True
2026-06-28 11:53:00,Node B,30.63,7.05,16.9,0.14,0.01,-0.1,False,False,False,False,False,True
2026-06-28 12:08:00,Node A,30.0,7.35,9.5,0.02,0.02,0.1,False,False,False,False,False,True
2026-06-28 12:08:00,Node B,30.75,7.02,16.9,0.12,-0.03,0.0,False,False,False,False,False,True
2026-06-28 12:23:00,Node A,29.99,7.32,9.6,-0.01,-0.03,0.1,False,False,False,False,False,True
2026-06-28 12:23:00,Node B,30.78,7.06,17.2,0.03,0.04,0.3,False,False,False,False,False,True
2026-06-28 12:38:00,Node A,30.08,7.34,9.5,0.09,0.02,-0.1,False,False,False,False,False,True
2026-06-28 12:38:00,Node B,30.89,7.09,17.0,0.11,0.03,-0.2,False,False,False,False,False,True
2026-06-28 12:53:00,Node A,30.09,7.36,9.6,0.01,0.02,0.1,False,False,False,False,False,True
2026-06-28 12:53:00,Node B,31.14,7.09,17.2,0.25,0.0,0.2,False,False,False,False,False,True
2026-06-28 13:08:00,Node A,30.16,7.3,9.4,0.07,-0.06,-0.2,False,False,False,False,False,True
2026-06-28 13:08:00,Node B,31.29,7.09,17.1,0.15,0.0,-0.1,False,False,False,False,False,True
2026-06-28 13:23:00,Node A,30.28,7.35,9.4,0.12,0.05,0.0,False,False,False,False,False,True
2026-06-28 13:23:00,Node B,31.35,7.1,17.3,0.06,0.01,0.2,False,False,False,False,False,True
2026-06-28 13:38:00,Node A,30.4,7.36,9.6,0.12,0.01,0.2,False,False,False,False,False,True
2026-06-28 13:38:00,Node B,31.33,7.08,17.4,-0.02,-0.02,0.1,False,False,False,False,False,True
2026-06-28 13:53:00,Node A,30.31,7.33,9.4,-0.09,-0.03,-0.2,False,False,False,False,False,True
2026-06-28 13:53:00,Node B,31.43,7.08,17.3,0.1,0.0,-0.1,False,False,False,False,False,True
2026-06-28 14:08:00,Node A,30.15,7.35,9.5,-0.16,0.02,0.1,False,False,False,False,False,True
2026-06-28 14:08:00,Node B,31.53,7.09,17.2,0.1,0.01,-0.1,False,False,False,False,False,True
2026-06-28 14:23:00,Node A,30.29,7.34,9.5,0.14,-0.01,0.0,False,False,False,False,False,True
2026-06-28 14:23:00,Node B,31.44,7.05,17.1,-0.09,-0.04,-0.1,False,False,False,False,False,True
2026-06-28 14:38:00,Node A,30.32,7.36,9.5,0.03,0.02,0.0,False,False,False,False,False,True
2026-06-28 14:38:00,Node B,31.3,7.05,17.1,-0.14,0.0,0.0,False,False,False,False,False,True
2026-06-28 14:53:00,Node A,30.17,7.36,9.9,-0.15,0.0,0.4,False,False,False,False,False,True
2026-06-28 14:53:00,Node B,31.29,7.04,16.8,-0.01,-0.01,-0.3,False,False,False,False,False,True
2026-06-28 15:08:00,Node A,30.23,7.33,10.0,0.06,-0.03,0.1,False,False,False,False,False,True
2026-06-28 15:08:00,Node B,31.25,7.04,16.7,-0.04,0.0,-0.1,False,False,False,False,False,True
2026-06-28 15:23:00,Node A,30.27,7.35,10.4,0.04,0.02,0.4,False,False,False,False,False,True
2026-06-28 15:23:00,Node B,31.24,7.06,16.8,-0.01,0.02,0.1,False,False,False,False,False,True
2026-06-28 15:38:00,Node A,30.28,7.39,11.6,0.01,0.04,1.2,False,False,False,False,False,True
2026-06-28 15:38:00,Node B,31.29,7.1,17.2,0.05,0.04,0.4,False,False,False,False,False,True
2026-06-28 15:53:00,Node A,30.31,7.4,13.5,0.03,0.01,1.9,False,False,False,False,False,True
2026-06-28 15:53:00,Node B,31.36,7.11,17.3,0.07,0.01,0.1,False,False,False,False,False,True
2026-06-28 17:38:00,Node A,30.6,7.84,16.2,,,,True,False,False,False,False,False
2026-06-28 17:38:00,Node B,31.14,7.1,17.4,,,,True,False,False,False,False,False
2026-06-28 17:53:00,Node A,30.7,7.92,16.0,0.1,0.08,-0.2,False,False,False,False,False,True
2026-06-28 17:53:00,Node B,31.04,7.1,17.5,-0.1,0.0,0.1,False,False,False,False,False,True
2026-06-28 18:08:00,Node A,30.78,8.0,15.9,0.08,0.08,-0.1,False,False,False,False,False,True
2026-06-28 18:08:00,Node B,30.95,7.1,17.4,-0.09,0.0,-0.1,False,False,False,False,False,True
2026-06-28 18:23:00,Node A,30.73,8.05,16.1,-0.05,0.05,0.2,False,False,False,False,False,True
2026-06-28 18:23:00,Node B,30.73,7.11,17.4,-0.22,0.01,0.0,False,False,False,False,False,True
2026-06-28 18:38:00,Node A,30.69,7.94,15.7,-0.04,-0.11,-0.4,False,False,False,False,False,True
2026-06-28 18:38:00,Node B,30.54,7.05,17.7,-0.19,-0.06,0.3,False,False,False,False,False,True
2026-06-28 18:53:00,Node A,30.65,7.84,15.8,-0.04,-0.1,0.1,False,False,False,False,False,True
2026-06-28 18:53:00,Node B,30.5,7.04,17.6,-0.04,-0.01,-0.1,False,False,False,False,False,True
2026-06-28 19:08:00,Node A,30.63,7.72,15.3,-0.02,-0.12,-0.5,False,False,False,False,False,True
2026-06-28 19:08:00,Node B,30.45,7.05,17.2,-0.05,0.01,-0.4,False,False,False,False,False,True
2026-06-28 19:23:00,Node A,30.68,7.63,14.9,0.05,-0.09,-0.4,False,False,False,False,False,True
2026-06-28 19:23:00,Node B,30.31,7.02,16.9,-0.14,-0.03,-0.3,False,False,False,False,False,True
2026-06-28 19:38:00,Node A,30.51,7.53,14.7,-0.17,-0.1,-0.2,False,False,False,False,False,True
2026-06-28 19:38:00,Node B,29.95,7.02,16.9,-0.36,0.0,0.0,False,False,False,False,False,True
2026-06-28 19:53:00,Node A,30.4,7.42,14.5,-0.11,-0.11,-0.2,False,False,False,False,False,True
2026-06-28 19:53:00,Node B,29.8,7.02,17.4,-0.15,0.0,0.5,False,False,False,False,False,True
2026-06-28 20:08:00,Node A,30.15,7.29,13.8,-0.25,-0.13,-0.7,False,False,False,False,False,True
2026-06-28 20:08:00,Node B,29.63,7.03,17.0,-0.17,0.01,-0.4,False,False,False,False,True,True
2026-06-28 20:23:00,Node A,30.1,7.27,13.7,-0.05,-0.02,-0.1,False,False,False,False,False,True
2026-06-28 20:23:00,Node B,29.64,7.0,19.1,0.01,-0.03,2.1,False,False,False,False,True,True
2026-06-28 20:53:00,Node A,29.87,7.24,12.9,,,,True,False,False,False,False,False
2026-06-28 20:53:00,Node B,29.42,7.02,23.3,,,,True,False,False,False,True,False
2026-06-28 21:08:00,Node A,29.69,7.24,12.1,-0.18,0.0,-0.8,False,False,False,False,False,True
2026-06-28 21:08:00,Node B,29.25,7.66,23.5,-0.17,0.64,0.2,False,False,True,True,False,False
2026-06-28 21:23:00,Node A,29.52,7.27,12.0,-0.17,0.03,-0.1,False,False,False,False,False,True
2026-06-28 21:23:00,Node B,29.13,7.66,23.5,-0.12,0.0,0.0,False,False,False,False,False,True
2026-06-28 21:38:00,Node A,29.39,7.28,11.8,-0.13,0.01,-0.2,False,False,False,False,False,True
2026-06-28 21:38:00,Node B,29.1,7.69,23.6,-0.03,0.03,0.1,False,False,False,False,False,True
2026-06-28 21:53:00,Node A,29.27,7.27,11.8,-0.12,-0.01,0.0,False,False,False,False,False,True
2026-06-28 21:53:00,Node B,28.84,7.67,23.7,-0.26,-0.02,0.1,False,False,False,False,False,True
2026-06-28 22:08:00,Node A,29.12,7.23,11.9,-0.15,-0.04,0.1,False,False,False,False,False,True
2026-06-28 22:08:00,Node B,28.58,7.54,23.5,-0.26,-0.13,-0.2,False,False,False,False,False,True
2026-06-28 22:23:00,Node A,29.2,7.24,11.7,0.08,0.01,-0.2,False,False,False,False,False,True
2026-06-28 22:23:00,Node B,28.43,7.4,23.1,-0.15,-0.14,-0.4,False,False,False,False,False,True
2026-06-28 22:38:00,Node A,29.09,7.22,11.1,-0.11,-0.02,-0.6,False,False,False,False,False,True
2026-06-28 22:38:00,Node B,28.43,7.26,23.0,0.0,-0.14,-0.1,False,False,False,False,False,True
2026-06-28 22:53:00,Node A,28.94,7.23,10.8,-0.15,0.01,-0.3,False,False,False,False,False,True
2026-06-28 22:53:00,Node B,28.1,7.11,22.2,-0.33,-0.15,-0.8,False,False,False,False,False,True
2026-06-28 23:08:00,Node A,28.97,7.26,11.0,0.03,0.03,0.2,False,False,False,False,False,True
2026-06-28 23:08:00,Node B,27.89,6.95,22.0,-0.21,-0.16,-0.2,False,False,False,False,False,True
2026-06-28 23:23:00,Node A,28.8,7.24,11.0,-0.17,-0.02,0.0,False,False,False,False,False,True
2026-06-28 23:23:00,Node B,27.79,6.93,21.5,-0.1,-0.02,-0.5,False,False,False,False,False,True
2026-06-28 23:38:00,Node A,28.63,7.24,10.3,-0.17,0.0,-0.7,False,False,False,False,False,True
2026-06-28 23:38:00,Node B,27.82,6.95,21.2,0.03,0.02,-0.3,False,False,False,False,False,True
2026-06-28 23:53:00,Node A,28.34,7.21,10.7,-0.29,-0.03,0.4,False,False,False,False,False,True
2026-06-28 23:53:00,Node B,27.69,6.96,21.0,-0.13,0.01,-0.2,False,False,False,False,False,True
2026-06-29 00:08:00,Node A,28.29,7.21,10.9,-0.05,0.0,0.2,False,False,False,False,False,True
2026-06-29 00:08:00,Node B,27.45,6.96,21.0,-0.24,0.0,0.0,False,False,False,False,False,True
2026-06-29 00:23:00,Node A,28.17,7.2,10.9,-0.12,-0.01,0.0,False,False,False,False,False,True
2026-06-29 00:23:00,Node B,27.37,6.93,20.9,-0.08,-0.03,-0.1,False,False,False,False,False,True
2026-06-29 00:53:00,Node A,28.16,7.2,10.7,,,,True,False,False,False,False,False
2026-06-29 00:53:00,Node B,27.0,6.9,20.1,,,,True,False,False,False,False,False
2026-06-29 01:08:00,Node A,28.05,7.22,10.7,-0.11,0.02,0.0,False,False,False,False,False,True
2026-06-29 01:08:00,Node B,27.05,6.91,19.8,0.05,0.01,-0.3,False,False,False,False,False,True
2026-06-29 01:23:00,Node A,28.0,7.22,10.6,-0.05,0.0,-0.1,False,False,False,False,False,True
2026-06-29 01:23:00,Node B,27.0,6.93,19.2,-0.05,0.02,-0.6,False,False,False,False,False,True
2026-06-29 01:38:00,Node A,27.85,7.21,10.2,-0.15,-0.01,-0.4,False,False,False,False,False,True
2026-06-29 01:38:00,Node B,27.23,6.94,18.9,0.23,0.01,-0.3,False,False,False,False,False,True
2026-06-29 01:53:00,Node A,27.7,7.2,10.1,-0.15,-0.01,-0.1,False,False,False,False,False,True
2026-06-29 01:53:00,Node B,27.05,6.9,18.4,-0.18,-0.04,-0.5,False,False,False,False,False,True
2026-06-29 02:38:00,Node A,27.38,7.19,10.5,,,,True,False,False,False,False,False
2026-06-29 02:38:00,Node B,26.87,6.87,17.9,,,,True,False,False,False,False,False
2026-06-29 02:53:00,Node A,27.3,7.23,10.6,-0.08,0.04,0.1,False,False,False,False,False,True
2026-06-29 02:53:00,Node B,26.99,6.9,17.6,0.12,0.03,-0.3,False,False,False,False,False,True
2026-06-29 03:08:00,Node A,27.17,7.21,11.4,-0.13,-0.02,0.8,False,False,False,False,True,True
2026-06-29 03:08:00,Node B,26.97,6.91,17.4,-0.02,0.01,-0.2,False,False,False,False,False,True
2026-06-29 03:23:00,Node A,26.82,7.2,13.1,-0.35,-0.01,1.7,False,False,False,False,True,True
2026-06-29 03:23:00,Node B,26.84,6.86,17.9,-0.13,-0.05,0.5,False,False,False,False,False,True
2026-06-29 03:38:00,Node A,26.15,7.18,15.0,-0.67,-0.02,1.9,False,False,False,False,True,True
2026-06-29 03:38:00,Node B,26.87,6.87,17.8,0.03,0.01,-0.1,False,False,False,False,False,True
2026-06-29 03:53:00,Node A,25.57,6.85,17.6,-0.58,-0.33,2.6,False,False,False,False,True,True
2026-06-29 03:53:00,Node B,27.04,6.85,18.6,0.17,-0.02,0.8,False,False,False,False,False,True
2026-06-29 04:08:00,Node A,25.66,6.2,17.7,0.09,-0.65,0.1,False,True,False,True,True,False
2026-06-29 04:08:00,Node B,27.12,6.88,19.5,0.08,0.03,0.9,False,False,False,False,False,True
2026-06-29 04:53:00,Node A,25.45,6.17,17.7,,,,True,True,False,True,True,False
2026-06-29 04:53:00,Node B,27.49,6.87,22.8,,,,True,False,False,False,True,False
2026-06-29 05:08:00,Node A,25.47,6.29,17.8,0.02,0.12,0.1,False,True,False,True,True,False
2026-06-29 05:08:00,Node B,27.74,6.9,23.8,0.25,0.03,1.0,False,False,False,False,True,True
2026-06-29 05:23:00,Node A,25.64,6.42,17.5,0.17,0.13,-0.3,False,True,False,True,False,False
2026-06-29 05:23:00,Node B,27.87,7.04,25.3,0.13,0.14,1.5,False,True,False,True,True,False
2026-06-29 05:38:00,Node A,25.72,6.53,17.4,0.08,0.11,-0.1,False,False,False,False,False,True
2026-06-29 05:38:00,Node B,28.06,7.21,25.2,0.19,0.17,-0.1,False,True,False,True,True,False
2026-06-29 05:53:00,Node A,25.76,6.64,17.3,0.04,0.11,-0.1,False,False,False,False,False,True
2026-06-29 05:53:00,Node B,28.26,7.41,25.0,0.2,0.2,-0.2,False,False,False,False,True,True
2026-06-29 06:08:00,Node A,25.81,6.76,17.3,0.05,0.12,0.0,False,False,False,False,False,True
2026-06-29 06:08:00,Node B,28.5,7.66,25.0,0.24,0.25,0.0,False,False,False,False,True,True
2026-06-29 06:23:00,Node A,26.06,6.88,16.8,0.25,0.12,-0.5,False,False,False,False,False,True
2026-06-29 06:23:00,Node B,28.54,7.67,25.3,0.04,0.01,0.3,False,True,False,True,False,False
2026-06-29 06:38:00,Node A,26.33,7.03,16.2,0.27,0.15,-0.6,False,False,False,False,False,True
2026-06-29 06:38:00,Node B,28.84,7.69,24.8,0.3,0.02,-0.5,False,False,False,False,False,True
2026-06-29 06:53:00,Node A,26.44,7.15,15.7,0.11,0.12,-0.5,False,False,False,False,False,True
2026-06-29 06:53:00,Node B,29.02,7.68,24.4,0.18,-0.01,-0.4,False,False,False,False,False,True
2026-06-29 07:08:00,Node A,26.67,7.18,15.3,0.23,0.03,-0.4,False,False,False,False,False,True
2026-06-29 07:08:00,Node B,29.18,7.68,23.8,0.16,0.0,-0.6,False,False,False,False,False,True
2026-06-29 07:23:00,Node A,26.83,7.17,15.0,0.16,-0.01,-0.3,False,False,False,False,False,True
2026-06-29 07:23:00,Node B,29.38,7.68,23.4,0.2,0.0,-0.4,False,False,False,False,False,True
2026-06-29 07:38:00,Node A,26.94,7.15,14.4,0.11,-0.02,-0.6,False,False,False,False,False,True
2026-06-29 07:38:00,Node B,29.57,7.68,22.9,0.19,0.0,-0.5,False,False,False,False,False,True
2026-06-29 07:53:00,Node A,27.25,7.17,13.8,0.31,0.02,-0.6,False,False,False,False,False,True
2026-06-29 07:53:00,Node B,29.69,7.58,22.4,0.12,-0.1,-0.5,False,False,False,False,False,True
2026-06-29 08:08:00,Node A,27.43,7.21,13.2,0.18,0.04,-0.6,False,False,False,False,False,True
2026-06-29 08:08:00,Node B,29.82,7.49,21.5,0.13,-0.09,-0.9,False,False,False,False,False,True
2026-06-29 08:23:00,Node A,27.58,7.22,12.6,0.15,0.01,-0.6,False,False,False,False,False,True
2026-06-29 08:23:00,Node B,29.95,7.39,21.5,0.13,-0.1,0.0,False,False,False,False,False,True
2026-06-29 08:38:00,Node A,27.69,7.24,12.3,0.11,0.02,-0.3,False,False,False,False,False,True
2026-06-29 08:38:00,Node B,30.17,7.28,21.0,0.22,-0.11,-0.5,False,False,False,False,False,True
2026-06-29 08:53:00,Node A,28.06,7.27,11.6,0.37,0.03,-0.7,False,False,False,False,False,True
2026-06-29 08:53:00,Node B,30.43,7.22,20.6,0.26,-0.06,-0.4,False,False,False,False,False,True
2026-06-29 09:08:00,Node A,28.19,7.26,11.5,0.13,-0.01,-0.1,False,False,False,False,False,True
2026-06-29 09:08:00,Node B,30.56,7.18,19.7,0.13,-0.04,-0.9,False,False,False,False,False,True
2026-06-29 09:23:00,Node A,28.62,7.27,12.2,0.43,0.01,0.7,False,False,False,False,False,True
2026-06-29 09:23:00,Node B,30.6,7.09,19.7,0.04,-0.09,0.0,False,False,False,False,False,True
2026-06-29 09:38:00,Node A,28.33,7.32,13.6,-0.29,0.05,1.4,False,False,False,False,False,True
2026-06-29 09:38:00,Node B,30.83,6.99,20.4,0.23,-0.1,0.7,False,False,False,False,False,True
2026-06-29 09:53:00,Node A,27.48,7.35,16.0,-0.85,0.03,2.4,False,False,False,False,False,True
2026-06-29 09:53:00,Node B,30.96,7.0,21.4,0.13,0.01,1.0,False,False,False,False,False,True
2026-06-29 10:08:00,Node A,27.41,7.34,18.7,-0.07,-0.01,2.7,False,False,False,False,True,True
2026-06-29 10:08:00,Node B,31.06,7.08,22.3,0.1,0.08,0.9,False,False,False,False,False,True
2026-06-29 10:23:00,Node A,27.48,7.18,18.7,0.07,-0.16,0.0,False,False,False,False,True,True
2026-06-29 10:23:00,Node B,31.16,7.27,23.0,0.1,0.19,0.7,False,False,False,False,False,True
2026-06-29 10:38:00,Node A,27.66,6.91,18.4,0.18,-0.27,-0.3,False,False,False,False,True,True
2026-06-29 10:38:00,Node B,31.39,7.47,23.7,0.23,0.2,0.7,False,False,False,False,False,True
2026-06-29 10:53:00,Node A,27.81,6.63,18.8,0.15,-0.28,0.4,False,False,False,False,True,True
2026-06-29 10:53:00,Node B,31.33,7.8,23.4,-0.06,0.33,-0.3,False,False,False,False,False,True
2026-06-29 11:08:00,Node A,27.91,6.25,18.5,0.1,-0.38,-0.3,False,True,False,True,True,False
2026-06-29 11:08:00,Node B,31.63,8.12,23.5,0.3,0.32,0.1,False,False,False,False,True,True
2026-06-29 11:23:00,Node A,28.18,6.24,18.5,0.27,-0.01,0.0,False,True,False,True,True,False
2026-06-29 11:23:00,Node B,31.72,8.48,18.7,0.09,0.36,-4.8,False,False,False,False,True,True
2026-06-29 11:38:00,Node A,28.48,6.3,18.6,0.3,0.06,0.1,False,True,False,True,True,False
2026-06-29 11:38:00,Node B,31.86,8.47,18.4,0.14,-0.01,-0.3,False,False,False,False,True,True
2026-06-29 11:53:00,Node A,28.67,6.31,18.3,0.19,0.01,-0.3,False,True,False,True,True,False
2026-06-29 11:53:00,Node B,31.99,8.47,18.7,0.13,0.0,0.3,False,False,False,False,True,True
2026-06-29 12:08:00,Node A,28.87,6.32,18.1,0.2,0.01,-0.2,False,True,False,True,False,False
2026-06-29 12:08:00,Node B,32.19,8.51,18.6,0.2,0.04,-0.1,False,True,False,True,True,False
2026-06-29 12:23:00,Node A,28.85,6.51,17.5,-0.02,0.19,-0.6,False,False,False,False,False,True
2026-06-29 12:23:00,Node B,32.34,8.48,18.8,0.15,-0.03,0.2,False,True,False,True,True,False
2026-06-29 12:38:00,Node A,29.2,6.64,17.0,0.35,0.13,-0.5,False,False,False,False,False,True
2026-06-29 12:38:00,Node B,32.38,8.32,18.8,0.04,-0.16,0.0,False,True,False,True,True,False
2026-06-29 12:53:00,Node A,29.31,6.82,16.6,0.11,0.18,-0.4,False,False,False,False,False,True
2026-06-29 12:53:00,Node B,32.62,8.19,19.0,0.24,-0.13,0.2,False,True,False,True,True,False
2026-06-29 13:08:00,Node A,29.5,6.98,16.2,0.19,0.16,-0.4,False,False,False,False,False,True
2026-06-29 13:08:00,Node B,32.6,7.97,19.1,-0.02,-0.22,0.1,False,True,False,True,True,False
2026-06-29 13:23:00,Node A,29.67,7.13,15.6,0.17,0.15,-0.6,False,False,False,False,False,True
2026-06-29 13:23:00,Node B,32.62,7.8,19.1,0.02,-0.17,0.0,False,True,False,True,True,False
2026-06-29 13:38:00,Node A,29.84,7.31,15.2,0.17,0.18,-0.4,False,False,False,False,False,True
2026-06-29 13:38:00,Node B,32.54,7.63,19.0,-0.08,-0.17,-0.1,False,True,False,True,True,False
2026-06-29 13:53:00,Node A,29.93,7.35,14.5,0.09,0.04,-0.7,False,False,False,False,False,True
2026-06-29 13:53:00,Node B,32.73,7.45,18.5,0.19,-0.18,-0.5,False,True,False,True,True,False
2026-06-29 14:08:00,Node A,30.0,7.37,14.0,0.07,0.02,-0.5,False,False,False,False,False,True
2026-06-29 14:08:00,Node B,32.8,7.25,18.2,0.07,-0.2,-0.3,False,True,False,True,True,False
2026-06-29 14:23:00,Node A,30.01,7.36,13.4,0.01,-0.01,-0.6,False,False,False,False,False,True
2026-06-29 14:23:00,Node B,32.78,7.06,17.6,-0.02,-0.19,-0.6,False,True,False,True,True,False
2026-06-29 14:38:00,Node A,30.07,7.35,12.8,0.06,-0.01,-0.6,False,False,False,False,False,True
2026-06-29 14:38:00,Node B,32.82,7.07,17.5,0.04,0.01,-0.1,False,True,False,True,True,False
2026-06-29 14:53:00,Node A,30.16,7.37,12.1,0.09,0.02,-0.7,False,False,False,False,False,True
2026-06-29 14:53:00,Node B,32.8,7.06,17.2,-0.02,-0.01,-0.3,False,True,False,True,True,False
2026-06-29 15:08:00,Node A,30.21,7.38,11.6,0.05,0.01,-0.5,False,False,False,False,False,True
2026-06-29 15:08:00,Node B,32.83,7.06,17.5,0.03,0.0,0.3,False,True,False,True,True,False
2026-06-29 15:23:00,Node A,30.3,7.37,11.3,0.09,-0.01,-0.3,False,False,False,False,False,True
2026-06-29 15:23:00,Node B,33.01,7.09,17.4,0.18,0.03,-0.1,False,True,False,True,True,False
2026-06-29 15:38:00,Node A,30.27,7.4,10.9,-0.03,0.03,-0.4,False,False,False,False,False,True
2026-06-29 15:38:00,Node B,32.8,7.1,17.3,-0.21,0.01,-0.1,False,True,False,True,True,False
2026-06-29 15:53:00,Node A,30.25,7.37,11.0,-0.02,-0.03,0.1,False,False,False,False,False,True
2026-06-29 15:53:00,Node B,32.8,7.12,17.2,0.0,0.02,-0.1,False,True,False,True,True,False
2026-06-29 16:08:00,Node A,30.24,7.38,11.0,-0.01,0.01,0.0,False,False,False,False,False,True
2026-06-29 16:08:00,Node B,32.73,7.1,17.1,-0.07,-0.02,-0.1,False,True,False,True,True,False
2026-06-29 16:23:00,Node A,30.15,7.37,11.0,-0.09,-0.01,0.0,False,False,False,False,False,True
2026-06-29 16:23:00,Node B,32.72,7.1,17.0,-0.01,0.0,-0.1,False,True,False,True,True,False
2026-06-29 16:38:00,Node A,30.16,7.34,10.9,0.01,-0.03,-0.1,False,False,False,False,False,True
2026-06-29 16:38:00,Node B,32.6,7.09,17.1,-0.12,-0.01,0.1,False,True,False,True,True,False
2026-06-29 16:53:00,Node A,30.08,7.35,11.0,-0.08,0.01,0.1,False,False,False,False,False,True
2026-06-29 16:53:00,Node B,32.43,7.09,17.0,-0.17,0.0,-0.1,False,True,False,True,True,False
2026-06-29 17:23:00,Node A,29.96,7.32,11.3,,,,True,False,False,False,False,False
2026-06-29 17:23:00,Node B,32.27,7.06,16.2,,,,True,True,False,True,True,False
2026-06-29 17:38:00,Node A,29.76,7.33,11.6,-0.2,0.01,0.3,False,False,False,False,False,True
2026-06-29 17:38:00,Node B,32.09,7.03,16.0,-0.18,-0.03,-0.2,False,True,False,True,False,False
2026-06-29 17:53:00,Node A,29.64,7.31,11.7,-0.12,-0.02,0.1,False,False,False,False,False,True
2026-06-29 17:53:00,Node B,31.94,7.02,15.6,-0.15,-0.01,-0.4,False,False,False,False,False,True
2026-06-29 18:08:00,Node A,29.62,7.36,11.5,-0.02,0.05,-0.2,False,False,False,False,False,True
2026-06-29 18:08:00,Node B,31.8,7.03,15.0,-0.14,0.01,-0.6,False,False,False,False,False,True
2026-06-29 18:23:00,Node A,29.46,7.34,11.2,-0.16,-0.02,-0.3,False,False,False,False,False,True
2026-06-29 18:23:00,Node B,31.56,7.04,14.5,-0.24,0.01,-0.5,False,False,False,False,False,True
2026-06-29 18:38:00,Node A,29.28,7.3,11.0,-0.18,-0.04,-0.2,False,False,False,False,False,True
2026-06-29 18:38:00,Node B,31.35,7.03,14.5,-0.21,-0.01,0.0,False,False,False,False,False,True
2026-06-29 18:53:00,Node A,29.38,7.33,11.2,0.1,0.03,0.2,False,False,False,False,False,True
2026-06-29 18:53:00,Node B,31.06,7.02,14.7,-0.29,-0.01,0.2,False,False,False,False,False,True
2026-06-29 19:08:00,Node A,29.3,7.34,11.0,-0.08,0.01,-0.2,False,False,False,False,False,True
2026-06-29 19:08:00,Node B,30.69,7.02,14.5,-0.37,0.0,-0.2,False,False,False,False,False,True
2026-06-29 19:23:00,Node A,29.23,7.33,11.2,-0.07,-0.01,0.2,False,False,False,False,False,True
2026-06-29 19:23:00,Node B,30.56,7.04,14.4,-0.13,0.02,-0.1,False,False,False,False,False,True
2026-06-29 19:38:00,Node A,29.08,7.32,12.5,-0.15,-0.01,1.3,False,False,False,False,False,True
2026-06-29 19:38:00,Node B,30.3,7.04,14.6,-0.26,0.0,0.2,False,False,False,False,False,True
2026-06-29 19:53:00,Node A,28.8,7.29,14.0,-0.28,-0.03,1.5,False,False,False,False,False,True
2026-06-29 19:53:00,Node B,30.08,7.05,14.7,-0.22,0.01,0.1,False,False,False,False,False,True
2026-06-29 20:08:00,Node A,28.08,7.31,16.3,-0.72,0.02,2.3,False,False,False,False,True,True
2026-06-29 20:08:00,Node B,29.98,7.06,14.5,-0.1,0.01,-0.2,False,False,False,False,False,True
2026-06-29 20:23:00,Node A,27.35,7.3,18.6,-0.73,-0.01,2.3,False,False,False,False,True,True
2026-06-29 20:23:00,Node B,29.83,7.04,14.9,-0.15,-0.02,0.4,False,False,False,False,False,True
2026-06-29 20:38:00,Node A,27.26,7.3,18.9,-0.09,0.0,0.3,False,False,False,False,True,True
2026-06-29 20:38:00,Node B,29.75,7.02,15.1,-0.08,-0.02,0.2,False,False,False,False,False,True
2026-06-29 20:53:00,Node A,27.16,7.0,19.2,-0.1,-0.3,0.3,False,False,False,False,True,True
2026-06-29 20:53:00,Node B,29.42,7.02,15.1,-0.33,0.0,0.0,False,False,False,False,False,True
2026-06-29 21:08:00,Node A,26.97,6.41,18.7,-0.19,-0.59,-0.5,False,True,False,True,True,False
2026-06-29 21:08:00,Node B,29.25,7.01,14.9,-0.17,-0.01,-0.2,False,False,False,False,False,True
2026-06-29 21:23:00,Node A,26.82,6.41,18.5,-0.15,0.0,-0.2,False,True,False,True,True,False
2026-06-29 21:23:00,Node B,29.07,7.0,15.2,-0.18,-0.01,0.3,False,False,False,False,False,True
2026-06-29 21:38:00,Node A,26.75,6.4,18.1,-0.07,-0.01,-0.4,False,True,False,True,True,False
2026-06-29 21:38:00,Node B,28.92,6.95,14.9,-0.15,-0.05,-0.3,False,False,False,False,False,True
2026-06-29 21:53:00,Node A,26.73,6.41,18.0,-0.02,0.01,-0.1,False,True,False,True,True,False
2026-06-29 21:53:00,Node B,28.62,6.93,14.9,-0.3,-0.02,0.0,False,False,False,False,False,True
2026-06-29 22:08:00,Node A,26.79,6.48,18.5,0.06,0.07,0.5,False,True,False,True,False,False
2026-06-29 22:08:00,Node B,28.34,6.96,14.9,-0.28,0.03,0.0,False,False,False,False,False,True
2026-06-29 22:23:00,Node A,26.88,6.53,18.1,0.09,0.05,-0.4,False,False,False,False,False,True
2026-06-29 22:23:00,Node B,28.23,6.96,15.1,-0.11,0.0,0.2,False,False,False,False,False,True
2026-06-29 22:38:00,Node A,26.88,6.63,17.5,0.0,0.1,-0.6,False,False,False,False,False,True
2026-06-29 22:38:00,Node B,28.24,6.97,15.2,0.01,0.01,0.1,False,False,False,False,False,True
2026-06-29 23:08:00,Node A,27.05,6.8,16.1,,,,True,False,False,False,False,False
2026-06-29 23:08:00,Node B,27.74,6.92,14.9,,,,True,False,False,False,False,False
2026-06-29 23:23:00,Node A,27.11,6.89,15.6,0.06,0.09,-0.5,False,False,False,False,True,True
2026-06-29 23:23:00,Node B,27.64,6.89,15.1,-0.1,-0.03,0.2,False,False,False,False,False,True
2026-06-29 23:38:00,Node A,27.12,6.98,16.0,0.01,0.09,0.4,False,False,False,False,True,True
2026-06-29 23:38:00,Node B,27.62,6.88,15.2,-0.02,-0.01,0.1,False,False,False,False,False,True
2026-06-29 23:53:00,Node A,27.26,7.07,16.7,0.14,0.09,0.7,False,False,False,False,True,True
2026-06-29 23:53:00,Node B,27.53,6.9,15.5,-0.09,0.02,0.3,False,False,False,False,False,True
2026-06-30 00:08:00,Node A,26.74,7.14,18.3,-0.52,0.07,1.6,False,False,False,False,True,True
2026-06-30 00:08:00,Node B,27.17,6.91,15.6,-0.36,0.01,0.1,False,False,False,False,False,True
2026-06-30 00:23:00,Node A,25.61,7.24,20.5,-1.13,0.1,2.2,False,False,True,True,True,False
2026-06-30 00:23:00,Node B,27.11,6.86,15.4,-0.06,-0.05,-0.2,False,False,False,False,False,True
2026-06-30 00:53:00,Node A,25.54,6.84,19.4,,,,True,False,False,False,True,False
2026-06-30 00:53:00,Node B,27.07,6.87,15.5,,,,True,False,False,False,False,False
2026-06-30 01:08:00,Node A,25.35,6.48,18.4,-0.19,-0.36,-1.0,False,True,False,True,True,False
2026-06-30 01:08:00,Node B,27.06,6.86,15.0,-0.01,-0.01,-0.5,False,False,False,False,False,True
2026-06-30 01:23:00,Node A,25.27,6.48,18.6,-0.08,0.0,0.2,False,True,False,True,True,False
2026-06-30 01:23:00,Node B,26.93,6.85,14.9,-0.13,-0.01,-0.1,False,False,False,False,False,True
2026-06-30 01:38:00,Node A,25.35,6.47,18.9,0.08,-0.01,0.3,False,True,False,True,True,False
2026-06-30 01:38:00,Node B,26.81,6.87,15.4,-0.12,0.02,0.5,False,False,False,False,False,True
2026-06-30 01:53:00,Node A,25.43,6.46,19.1,0.08,-0.01,0.2,False,True,False,True,False,False
2026-06-30 01:53:00,Node B,26.82,6.87,15.7,0.01,0.0,0.3,False,False,False,False,False,True
2026-06-30 02:08:00,Node A,25.57,6.62,18.2,0.14,0.16,-0.9,False,False,False,False,False,True
2026-06-30 02:08:00,Node B,26.67,6.86,15.6,-0.15,-0.01,-0.1,False,False,False,False,False,True
2026-06-30 02:23:00,Node A,25.58,6.78,17.5,0.01,0.16,-0.7,False,False,False,False,False,True
2026-06-30 02:23:00,Node B,26.79,6.86,15.3,0.12,0.0,-0.3,False,False,False,False,False,True
2026-06-30 02:38:00,Node A,25.64,6.9,17.1,0.06,0.12,-0.4,False,False,False,False,False,True
2026-06-30 02:38:00,Node B,26.76,6.86,15.5,-0.03,0.0,0.2,False,False,False,False,False,True
2026-06-30 02:53:00,Node A,25.58,7.04,16.0,-0.06,0.14,-1.1,False,False,False,False,False,True
2026-06-30 02:53:00,Node B,26.79,6.89,15.3,0.03,0.03,-0.2,False,False,False,False,False,True
2026-06-30 03:08:00,Node A,25.61,7.22,15.7,0.03,0.18,-0.3,False,False,False,False,False,True
2026-06-30 03:08:00,Node B,26.8,6.87,15.3,0.01,-0.02,0.0,False,False,False,False,False,True
2026-06-30 03:23:00,Node A,25.56,7.19,15.0,-0.05,-0.03,-0.7,False,False,False,False,False,True
2026-06-30 03:23:00,Node B,26.69,6.86,15.9,-0.11,-0.01,0.6,False,False,False,False,False,True
2026-06-30 03:38:00,Node A,25.79,7.17,14.6,0.23,-0.02,-0.4,False,False,False,False,False,True
2026-06-30 03:38:00,Node B,26.74,6.85,15.8,0.05,-0.01,-0.1,False,False,False,False,False,True
2026-06-30 03:53:00,Node A,25.99,7.15,13.6,0.2,-0.02,-1.0,False,False,False,False,False,True
2026-06-30 03:53:00,Node B,26.84,6.85,15.7,0.1,0.0,-0.1,False,False,False,False,False,True
2026-06-30 04:08:00,Node A,26.03,7.15,13.0,0.04,0.0,-0.6,False,False,False,False,False,True
2026-06-30 04:08:00,Node B,26.95,6.82,15.7,0.11,-0.03,0.0,False,False,False,False,False,True
2026-06-30 04:23:00,Node A,26.24,7.17,12.2,0.21,0.02,-0.8,False,False,False,False,False,True
2026-06-30 04:23:00,Node B,26.95,6.8,15.8,0.0,-0.02,0.1,False,False,False,False,False,True
2026-06-30 04:38:00,Node A,26.4,7.2,12.1,0.16,0.03,-0.1,False,False,False,False,False,True
2026-06-30 04:38:00,Node B,26.9,6.85,15.6,-0.05,0.05,-0.2,False,False,False,False,False,True
2026-06-30 04:53:00,Node A,26.52,7.17,12.3,0.12,-0.03,0.2,False,False,False,False,False,True
2026-06-30 04:53:00,Node B,27.09,6.88,16.1,0.19,0.03,0.5,False,False,False,False,False,True
2026-06-30 05:08:00,Node A,26.64,7.16,12.2,0.12,-0.01,-0.1,False,False,False,False,False,True
2026-06-30 05:08:00,Node B,27.11,6.87,16.1,0.02,-0.01,0.0,False,False,False,False,False,True
2026-06-30 05:23:00,Node A,26.73,7.17,11.9,0.09,0.01,-0.3,False,False,False,False,False,True
2026-06-30 05:23:00,Node B,27.26,6.84,16.0,0.15,-0.03,-0.1,False,False,False,False,False,True
2026-06-30 05:38:00,Node A,26.93,7.22,12.0,0.2,0.05,0.1,False,False,False,False,False,True
2026-06-30 05:38:00,Node B,27.39,6.82,16.9,0.13,-0.02,0.9,False,False,False,False,False,True
2026-06-30 05:53:00,Node A,27.0,7.22,12.0,0.07,0.0,0.0,False,False,False,False,False,True
2026-06-30 05:53:00,Node B,27.42,6.84,17.8,0.03,0.02,0.9,False,False,False,False,False,True
2026-06-30 06:08:00,Node A,27.07,7.23,12.3,0.07,0.01,0.3,False,False,False,False,False,True
2026-06-30 06:08:00,Node B,27.47,6.85,18.7,0.05,0.01,0.9,False,False,False,False,False,True
2026-06-30 06:23:00,Node A,27.21,7.22,12.3,0.14,-0.01,0.0,False,False,False,False,False,True
2026-06-30 06:23:00,Node B,27.8,6.87,20.0,0.33,0.02,1.3,False,False,False,False,False,True
2026-06-30 06:38:00,Node A,27.21,7.19,12.0,0.0,-0.03,-0.3,False,False,False,False,False,True
2026-06-30 06:38:00,Node B,28.02,6.89,21.5,0.22,0.02,1.5,False,False,False,False,False,True
2026-06-30 06:53:00,Node A,27.29,7.18,12.3,0.08,-0.01,0.3,False,False,False,False,False,True
2026-06-30 06:53:00,Node B,28.23,6.93,21.2,0.21,0.04,-0.3,False,False,False,False,False,True
2026-06-30 07:08:00,Node A,27.56,7.17,12.2,0.27,-0.01,-0.1,False,False,False,False,False,True
2026-06-30 07:08:00,Node B,28.49,7.09,21.4,0.26,0.16,0.2,False,False,False,False,False,True
2026-06-30 07:23:00,Node A,27.69,7.18,12.2,0.13,0.01,0.0,False,False,False,False,False,True
2026-06-30 07:23:00,Node B,28.67,7.32,21.0,0.18,0.23,-0.4,False,False,False,False,False,True
2026-06-30 07:38:00,Node A,27.77,7.2,12.3,0.08,0.02,0.1,False,False,False,False,False,True
2026-06-30 07:38:00,Node B,28.75,7.66,20.9,0.08,0.34,-0.1,False,False,False,False,False,True
2026-06-30 07:53:00,Node A,27.92,7.2,12.5,0.15,0.0,0.2,False,False,False,False,False,True
2026-06-30 07:53:00,Node B,29.06,8.03,21.2,0.31,0.37,0.3,False,False,False,False,False,True
2026-06-30 08:08:00,Node A,28.14,7.22,13.5,0.22,0.02,1.0,False,False,False,False,True,True
2026-06-30 08:08:00,Node B,29.21,8.05,21.3,0.15,0.02,0.1,False,False,False,False,False,True
2026-06-30 08:23:00,Node A,28.38,7.21,15.6,0.24,-0.01,2.1,False,False,False,False,True,True
2026-06-30 08:23:00,Node B,29.37,8.1,18.8,0.16,0.05,-2.5,False,False,False,False,False,True
2026-06-30 08:38:00,Node A,28.4,7.2,15.7,0.02,-0.01,0.1,False,False,False,False,True,True
2026-06-30 08:38:00,Node B,29.63,8.11,19.0,0.26,0.01,0.2,False,False,False,False,False,True
2026-06-30 08:53:00,Node A,28.63,7.2,15.5,0.23,0.0,-0.2,False,False,False,False,True,True
2026-06-30 08:53:00,Node B,29.89,8.08,18.8,0.26,-0.03,-0.2,False,False,False,False,False,True
2026-06-30 09:08:00,Node A,28.73,7.89,15.5,0.1,0.69,0.0,False,False,True,True,False,False
2026-06-30 09:08:00,Node B,29.95,8.08,19.1,0.06,0.0,0.3,False,False,False,False,False,True
2026-06-30 09:23:00,Node A,28.78,7.93,15.3,0.05,0.04,-0.2,False,False,False,False,False,True
2026-06-30 09:23:00,Node B,30.16,8.03,18.9,0.21,-0.05,-0.2,False,False,False,False,False,True
2026-06-30 09:38:00,Node A,28.87,7.91,14.8,0.09,-0.02,-0.5,False,False,False,False,False,True
2026-06-30 09:38:00,Node B,30.41,7.92,19.1,0.25,-0.11,0.2,False,False,False,False,False,True
2026-06-30 09:53:00,Node A,28.82,7.96,14.4,-0.05,0.05,-0.4,False,False,False,False,False,True
2026-06-30 09:53:00,Node B,30.53,7.85,19.1,0.12,-0.07,0.0,False,False,False,False,False,True
2026-06-30 10:08:00,Node A,28.89,7.86,14.0,0.07,-0.1,-0.4,False,False,False,False,False,True
2026-06-30 10:08:00,Node B,30.8,7.75,19.5,0.27,-0.1,0.4,False,False,False,False,False,True
2026-06-30 10:23:00,Node A,29.02,7.78,13.5,0.13,-0.08,-0.5,False,False,False,False,False,True
2026-06-30 10:23:00,Node B,31.12,7.77,20.3,0.32,0.02,0.8,False,False,False,False,False,True
2026-06-30 10:38:00,Node A,29.15,7.7,13.0,0.13,-0.08,-0.5,False,False,False,False,False,True
2026-06-30 10:38:00,Node B,31.26,7.8,21.4,0.14,0.03,1.1,False,False,False,False,False,True
2026-06-30 10:53:00,Node A,29.17,7.64,12.6,0.02,-0.06,-0.4,False,False,False,False,False,True
2026-06-30 10:53:00,Node B,31.57,7.91,21.2,0.31,0.11,-0.2,False,False,False,False,False,True
2026-06-30 11:08:00,Node A,29.26,7.6,12.2,0.09,-0.04,-0.4,False,False,False,False,False,True
2026-06-30 11:08:00,Node B,31.58,8.05,20.9,0.01,0.14,-0.3,False,False,False,False,False,True
2026-06-30 11:23:00,Node A,29.35,7.56,12.2,0.09,-0.04,0.0,False,False,False,False,False,True
2026-06-30 11:23:00,Node B,31.6,8.26,20.6,0.02,0.21,-0.3,False,False,False,False,True,True
2026-06-30 11:38:00,Node A,29.53,7.49,12.2,0.18,-0.07,0.0,False,False,False,False,False,True
2026-06-30 11:38:00,Node B,31.55,8.21,20.1,-0.05,-0.05,-0.5,False,False,False,False,True,True
2026-06-30 11:53:00,Node A,29.59,7.4,12.2,0.06,-0.09,0.0,False,False,False,False,False,True
2026-06-30 11:53:00,Node B,31.83,8.14,19.4,0.28,-0.07,-0.7,False,False,False,False,True,True
2026-06-30 12:08:00,Node A,29.79,7.31,12.7,0.2,-0.09,0.5,False,False,False,False,False,True
2026-06-30 12:08:00,Node B,31.9,8.08,18.6,0.07,-0.06,-0.8,False,False,False,False,True,True
2026-06-30 12:23:00,Node A,29.88,7.33,12.8,0.09,0.02,0.1,False,False,False,False,False,True
2026-06-30 12:23:00,Node B,32.17,7.97,17.8,0.27,-0.11,-0.8,False,True,False,True,True,False
2026-06-30 12:38:00,Node A,29.9,7.35,12.9,0.02,0.02,0.1,False,False,False,False,False,True
2026-06-30 12:38:00,Node B,32.32,7.81,17.5,0.15,-0.16,-0.3,False,True,False,True,True,False
2026-06-30 12:53:00,Node A,30.06,7.34,12.6,0.16,-0.01,-0.3,False,False,False,False,False,True
2026-06-30 12:53:00,Node B,32.5,7.67,16.6,0.18,-0.14,-0.9,False,True,False,True,True,False
2026-06-30 13:08:00,Node A,30.22,7.37,12.5,0.16,0.03,-0.1,False,False,False,False,False,True
2026-06-30 13:08:00,Node B,32.5,7.62,16.4,0.0,-0.05,-0.2,False,True,False,True,True,False
2026-06-30 13:23:00,Node A,30.28,7.35,12.5,0.06,-0.02,0.0,False,False,False,False,False,True
2026-06-30 13:23:00,Node B,32.64,7.5,15.9,0.14,-0.12,-0.5,False,True,False,True,True,False
2026-06-30 13:38:00,Node A,30.32,7.32,13.0,0.04,-0.03,0.5,False,False,False,False,False,True
2026-06-30 13:38:00,Node B,32.87,7.45,15.9,0.23,-0.05,0.0,False,True,False,True,True,False
2026-06-30 13:53:00,Node A,30.2,7.27,12.4,-0.12,-0.05,-0.6,False,False,False,False,False,True
2026-06-30 13:53:00,Node B,32.88,7.37,15.1,0.01,-0.08,-0.8,False,True,False,True,True,False
2026-06-30 14:08:00,Node A,30.27,7.29,12.7,0.07,0.02,0.3,False,False,False,False,False,True
2026-06-30 14:08:00,Node B,32.78,7.3,14.7,-0.1,-0.07,-0.4,False,True,False,True,True,False
2026-06-30 14:23:00,Node A,30.21,7.31,12.6,-0.06,0.02,-0.1,False,False,False,False,False,True
2026-06-30 14:23:00,Node B,32.86,7.25,14.5,0.08,-0.05,-0.2,False,True,False,True,True,False
2026-06-30 14:53:00,Node A,30.3,7.37,12.7,,,,True,False,False,False,False,False
2026-06-30 14:53:00,Node B,33.02,7.1,19.7,,,,True,True,False,True,True,False
2026-06-30 15:08:00,Node A,30.24,7.37,12.9,-0.06,0.0,0.2,False,False,False,False,False,True
2026-06-30 15:08:00,Node B,32.9,7.01,24.1,-0.12,-0.09,4.4,False,True,False,True,True,False
2026-06-30 15:23:00,Node A,30.33,7.36,12.8,0.09,-0.01,-0.1,False,False,False,False,False,True
2026-06-30 15:23:00,Node B,32.56,7.02,24.4,-0.34,0.01,0.3,False,True,False,True,True,False
2026-06-30 15:53:00,Node A,30.33,7.36,12.5,,,,True,False,False,False,False,False
2026-06-30 15:53:00,Node B,31.95,6.6,24.1,,,,True,False,False,False,True,False
2026-06-30 16:08:00,Node A,30.34,7.38,12.6,0.01,0.02,0.1,False,False,False,False,False,True
2026-06-30 16:08:00,Node B,31.77,5.9,24.6,-0.18,-0.7,0.5,False,True,False,True,True,False
2026-06-30 16:23:00,Node A,30.4,7.37,12.8,0.06,-0.01,0.2,False,False,False,False,False,True
2026-06-30 16:23:00,Node B,31.62,5.9,24.7,-0.15,0.0,0.1,False,True,False,True,True,False
2026-06-30 16:53:00,Node A,30.16,7.39,14.3,,,,True,False,False,False,True,False
2026-06-30 16:53:00,Node B,31.43,5.9,25.1,,,,True,True,False,True,True,False
2026-06-30 17:08:00,Node A,30.15,7.36,16.0,-0.01,-0.03,1.7,False,False,False,False,True,True
2026-06-30 17:08:00,Node B,31.36,5.9,24.6,-0.07,0.0,-0.5,False,True,False,True,True,False
2026-06-30 17:23:00,Node A,30.09,7.37,16.0,-0.06,0.01,0.0,False,False,False,False,True,True
2026-06-30 17:23:00,Node B,31.36,5.98,24.2,0.0,0.08,-0.4,False,True,False,True,True,False
2026-06-30 17:38:00,Node A,30.0,6.54,15.9,-0.09,-0.83,-0.1,False,False,True,True,False,False
2026-06-30 17:38:00,Node B,31.39,6.28,23.6,0.03,0.3,-0.6,False,True,False,True,False,False
2026-06-30 17:53:00,Node A,29.84,6.57,15.8,-0.16,0.03,-0.1,False,False,False,False,False,True
2026-06-30 17:53:00,Node B,31.33,6.54,22.8,-0.06,0.26,-0.8,False,False,False,False,False,True
2026-06-30 18:08:00,Node A,29.64,6.56,15.7,-0.2,-0.01,-0.1,False,False,False,False,False,True
2026-06-30 18:08:00,Node B,31.32,6.82,22.0,-0.01,0.28,-0.8,False,False,False,False,False,True
2026-06-30 18:23:00,Node A,29.53,6.54,15.9,-0.11,-0.02,0.2,False,False,False,False,False,True
2026-06-30 18:23:00,Node B,31.2,7.1,21.3,-0.12,0.28,-0.7,False,False,False,False,False,True
2026-06-30 18:38:00,Node A,29.36,6.61,15.7,-0.17,0.07,-0.2,False,False,False,False,False,True
2026-06-30 18:38:00,Node B,31.23,7.06,20.5,0.03,-0.04,-0.8,False,False,False,False,False,True
2026-06-30 18:53:00,Node A,29.29,6.68,15.5,-0.07,0.07,-0.2,False,False,False,False,False,True
2026-06-30 18:53:00,Node B,31.07,7.04,20.0,-0.16,-0.02,-0.5,False,False,False,False,False,True
2026-06-30 19:08:00,Node A,29.18,6.79,15.3,-0.11,0.11,-0.2,False,False,False,False,False,True
2026-06-30 19:08:00,Node B,31.01,7.07,19.3,-0.06,0.03,-0.7,False,False,False,False,False,True
2026-06-30 19:23:00,Node A,29.16,6.86,15.0,-0.02,0.07,-0.3,False,False,False,False,False,True
2026-06-30 19:23:00,Node B,30.72,7.04,18.1,-0.29,-0.03,-1.2,False,False,False,False,False,True
2026-06-30 19:38:00,Node A,29.11,6.94,15.1,-0.05,0.08,0.1,False,False,False,False,False,True
2026-06-30 19:38:00,Node B,30.64,7.01,17.6,-0.08,-0.03,-0.5,False,False,False,False,False,True
2026-06-30 20:08:00,Node A,27.25,7.1,16.6,,,,True,False,False,False,True,False
2026-06-30 20:08:00,Node B,30.19,7.02,16.3,,,,True,False,False,False,False,False
2026-06-30 20:23:00,Node A,27.15,7.19,17.9,-0.1,0.09,1.3,False,False,False,False,True,True
2026-06-30 20:23:00,Node B,29.87,7.04,15.6,-0.32,0.02,-0.7,False,False,False,False,False,True
2026-06-30 20:38:00,Node A,27.11,7.11,19.5,-0.04,-0.08,1.6,False,False,False,False,True,True
2026-06-30 20:38:00,Node B,29.75,7.03,15.0,-0.12,-0.01,-0.6,False,False,False,False,False,True
2026-06-30 20:53:00,Node A,26.73,6.8,20.0,-0.38,-0.31,0.5,False,False,False,False,True,True
2026-06-30 20:53:00,Node B,29.41,7.01,14.2,-0.34,-0.02,-0.8,False,False,False,False,False,True
2026-06-30 21:08:00,Node A,26.74,6.39,19.8,0.01,-0.41,-0.2,False,True,False,True,True,False
2026-06-30 21:08:00,Node B,29.11,7.02,13.8,-0.3,0.01,-0.4,False,False,False,False,False,True
2026-06-30 21:23:00,Node A,26.69,6.37,19.5,-0.05,-0.02,-0.3,False,True,False,True,True,False
2026-06-30 21:23:00,Node B,28.89,7.01,13.7,-0.22,-0.01,-0.1,False,False,False,False,False,True
2026-06-30 21:38:00,Node A,26.67,6.38,19.5,-0.02,0.01,0.0,False,True,False,True,True,False
2026-06-30 21:38:00,Node B,28.84,7.02,13.9,-0.05,0.01,0.2,False,False,False,False,False,True
2026-06-30 21:53:00,Node A,26.66,6.37,19.9,-0.01,-0.01,0.4,False,True,False,True,True,False
2026-06-30 21:53:00,Node B,28.7,6.99,14.1,-0.14,-0.03,0.2,False,False,False,False,False,True
2026-06-30 22:08:00,Node A,26.69,6.45,19.5,0.03,0.08,-0.4,False,True,False,True,False,False
2026-06-30 22:08:00,Node B,28.56,6.98,14.3,-0.14,-0.01,0.2,False,False,False,False,False,True
2026-06-30 22:23:00,Node A,26.63,6.54,18.5,-0.06,0.09,-1.0,False,False,False,False,False,True
2026-06-30 22:23:00,Node B,28.41,6.96,14.4,-0.15,-0.02,0.1,False,False,False,False,False,True
2026-06-30 22:38:00,Node A,26.86,6.65,18.1,0.23,0.11,-0.4,False,False,False,False,False,True
2026-06-30 22:38:00,Node B,28.25,6.96,14.5,-0.16,0.0,0.1,False,False,False,False,False,True
2026-06-30 22:53:00,Node A,26.63,6.73,17.4,-0.23,0.08,-0.7,False,False,False,False,False,True
2026-06-30 22:53:00,Node B,28.08,6.96,14.9,-0.17,0.0,0.4,False,False,False,False,False,True
2026-06-30 23:08:00,Node A,26.66,6.83,16.7,0.03,0.1,-0.7,False,False,False,False,False,True
2026-06-30 23:08:00,Node B,28.03,6.94,14.9,-0.05,-0.02,0.0,False,False,False,False,False,True
2026-06-30 23:23:00,Node A,26.61,6.88,16.4,-0.05,0.05,-0.3,False,False,False,False,False,True
2026-06-30 23:23:00,Node B,27.73,6.93,14.8,-0.3,-0.01,-0.1,False,False,False,False,False,True
2026-06-30 23:53:00,Node A,26.4,7.02,15.0,,,,True,False,False,False,False,False
2026-06-30 23:53:00,Node B,27.49,6.95,15.0,,,,True,False,False,False,False,False
2026-07-01 00:08:00,Node A,26.53,7.11,14.6,0.13,0.09,-0.4,False,False,False,False,False,True
2026-07-01 00:08:00,Node B,27.38,6.93,14.7,-0.11,-0.02,-0.3,False,False,False,False,False,True
2026-07-01 00:23:00,Node A,26.46,7.25,14.0,-0.07,0.14,-0.6,False,False,False,False,False,True
2026-07-01 00:23:00,Node B,27.25,6.94,14.3,-0.13,0.01,-0.4,False,False,False,False,False,True
2026-07-01 00:38:00,Node A,26.35,7.25,13.6,-0.11,0.0,-0.4,False,False,False,False,False,True
2026-07-01 00:38:00,Node B,27.26,6.95,14.5,0.01,0.01,0.2,False,False,False,False,False,True
2026-07-01 00:53:00,Node A,26.53,7.23,13.4,0.18,-0.02,-0.2,False,False,False,False,False,True
2026-07-01 00:53:00,Node B,27.01,6.96,14.6,-0.25,0.01,0.1,False,False,False,False,False,True
2026-07-01 01:08:00,Node A,26.56,7.17,13.7,0.03,-0.06,0.3,False,False,False,False,False,True
2026-07-01 01:08:00,Node B,26.92,6.94,14.7,-0.09,-0.02,0.1,False,False,False,False,False,True
2026-07-01 01:23:00,Node A,26.47,7.19,13.7,-0.09,0.02,0.0,False,False,False,False,False,True
2026-07-01 01:23:00,Node B,26.96,6.94,15.1,0.04,0.0,0.4,False,False,False,False,False,True
2026-07-01 01:38:00,Node A,26.67,7.17,13.8,0.2,-0.02,0.1,False,False,False,False,False,True
2026-07-01 01:38:00,Node B,26.72,6.93,14.8,-0.24,-0.01,-0.3,False,False,False,False,False,True
2026-07-01 01:53:00,Node A,26.58,7.13,13.7,-0.09,-0.04,-0.1,False,False,False,False,False,True
2026-07-01 01:53:00,Node B,26.68,6.91,14.9,-0.04,-0.02,0.1,False,False,False,False,False,True
2026-07-01 02:08:00,Node A,26.52,7.12,13.7,-0.06,-0.01,0.0,False,False,False,False,False,True
2026-07-01 02:08:00,Node B,26.83,6.89,14.9,0.15,-0.02,0.0,False,False,False,False,False,True
2026-07-01 02:23:00,Node A,26.54,7.13,13.7,0.02,0.01,0.0,False,False,False,False,False,True
2026-07-01 02:23:00,Node B,26.85,6.89,14.9,0.02,0.0,0.0,False,False,False,False,False,True
2026-07-01 02:38:00,Node A,26.41,7.15,13.5,-0.13,0.02,-0.2,False,False,False,False,False,True
2026-07-01 02:38:00,Node B,26.93,6.89,14.9,0.08,0.0,0.0,False,False,False,False,False,True
2026-07-01 02:53:00,Node A,26.39,7.16,13.7,-0.02,0.01,0.2,False,False,False,False,False,True
2026-07-01 02:53:00,Node B,26.98,6.9,15.0,0.05,0.01,0.1,False,False,False,False,False,True
2026-07-01 03:08:00,Node A,26.32,7.16,13.6,-0.07,0.0,-0.1,False,False,False,False,False,True
2026-07-01 03:08:00,Node B,26.92,6.87,15.0,-0.06,-0.03,0.0,False,False,False,False,False,True
2026-07-01 03:23:00,Node A,26.35,7.12,13.3,0.03,-0.04,-0.3,False,False,False,False,False,True
2026-07-01 03:23:00,Node B,27.0,6.88,15.1,0.08,0.01,0.1,False,False,False,False,False,True
2026-07-01 03:38:00,Node A,26.46,7.14,13.6,0.11,0.02,0.3,False,False,False,False,False,True
2026-07-01 03:38:00,Node B,26.85,6.89,15.1,-0.15,0.01,0.0,False,False,False,False,False,True
2026-07-01 03:53:00,Node A,26.5,7.14,13.3,0.04,0.0,-0.3,False,False,False,False,False,True
2026-07-01 03:53:00,Node B,26.86,6.87,15.1,0.01,-0.02,0.0,False,False,False,False,False,True
2026-07-01 04:08:00,Node A,26.47,7.13,13.2,-0.03,-0.01,-0.1,False,False,False,False,False,True
2026-07-01 04:08:00,Node B,26.82,6.92,15.1,-0.04,0.05,0.0,False,False,False,False,False,True
2026-07-01 04:23:00,Node A,26.47,7.15,12.9,0.0,0.02,-0.3,False,False,False,False,False,True
2026-07-01 04:23:00,Node B,27.1,6.93,15.0,0.28,0.01,-0.1,False,False,False,False,False,True
2026-07-01 04:38:00,Node A,26.42,7.14,12.9,-0.05,-0.01,0.0,False,False,False,False,False,True
2026-07-01 04:38:00,Node B,27.07,6.92,14.9,-0.03,-0.01,-0.1,False,False,False,False,False,True
2026-07-01 04:53:00,Node A,26.63,7.14,13.0,0.21,0.0,0.1,False,False,False,False,False,True
2026-07-01 04:53:00,Node B,27.18,6.92,14.5,0.11,0.0,-0.4,False,False,False,False,False,True
2026-07-01 05:08:00,Node A,26.77,7.13,13.2,0.14,-0.01,0.2,False,False,False,False,False,True
2026-07-01 05:08:00,Node B,27.1,6.9,14.6,-0.08,-0.02,0.1,False,False,False,False,False,True
2026-07-01 05:23:00,Node A,26.86,7.17,13.1,0.09,0.04,-0.1,False,False,False,False,False,True
2026-07-01 05:23:00,Node B,27.26,6.89,14.8,0.16,-0.01,0.2,False,False,False,False,False,True
2026-07-01 05:38:00,Node A,26.86,7.14,13.0,0.0,-0.03,-0.1,False,False,False,False,False,True
2026-07-01 05:38:00,Node B,27.36,6.87,15.0,0.1,-0.02,0.2,False,False,False,False,False,True
2026-07-01 05:53:00,Node A,26.96,7.13,13.2,0.1,-0.01,0.2,False,False,False,False,False,True
2026-07-01 05:53:00,Node B,27.43,6.88,14.5,0.07,0.01,-0.5,False,False,False,False,False,True
2026-07-01 06:08:00,Node A,27.1,7.16,13.3,0.14,0.03,0.1,False,False,False,False,False,True
2026-07-01 06:08:00,Node B,27.6,6.91,14.6,0.17,0.03,0.1,False,False,False,False,False,True
2026-07-01 06:23:00,Node A,27.18,7.2,13.4,0.08,0.04,0.1,False,False,False,False,False,True
2026-07-01 06:23:00,Node B,27.63,6.9,15.0,0.03,-0.01,0.4,False,False,False,False,False,True
2026-07-01 06:38:00,Node A,27.37,7.21,13.5,0.19,0.01,0.1,False,False,False,False,False,True
2026-07-01 06:38:00,Node B,27.64,6.93,15.1,0.01,0.03,0.1,False,False,False,False,False,True
2026-07-01 06:53:00,Node A,27.37,7.21,13.8,0.0,0.0,0.3,False,False,False,False,False,True
2026-07-01 06:53:00,Node B,27.85,6.94,15.4,0.21,0.01,0.3,False,False,False,False,False,True
2026-07-01 07:08:00,Node A,27.53,7.19,13.8,0.16,-0.02,0.0,False,False,False,False,False,True
2026-07-01 07:08:00,Node B,27.95,6.93,15.4,0.1,-0.01,0.0,False,False,False,False,False,True
2026-07-01 07:23:00,Node A,27.8,7.19,13.7,0.27,0.0,-0.1,False,False,False,False,False,True
2026-07-01 07:23:00,Node B,27.98,6.92,15.0,0.03,-0.01,-0.4,False,False,False,False,False,True
2026-07-01 07:38:00,Node A,27.77,7.19,13.7,-0.03,0.0,0.0,False,False,False,False,False,True
2026-07-01 07:38:00,Node B,28.1,6.95,15.1,0.12,0.03,0.1,False,False,False,False,False,True
2026-07-01 07:53:00,Node A,27.9,7.23,14.0,0.13,0.04,0.3,False,False,False,False,False,True
2026-07-01 07:53:00,Node B,28.12,6.97,15.0,0.02,0.02,-0.1,False,False,False,False,False,True
2026-07-01 08:08:00,Node A,27.96,7.22,14.1,0.06,-0.01,0.1,False,False,False,False,False,True
2026-07-01 08:08:00,Node B,28.4,6.94,15.2,0.28,-0.03,0.2,False,False,False,False,False,True
2026-07-01 08:23:00,Node A,28.17,7.23,14.1,0.21,0.01,0.0,False,False,False,False,False,True
2026-07-01 08:23:00,Node B,28.6,6.91,15.3,0.2,-0.03,0.1,False,False,False,False,False,True
2026-07-01 08:38:00,Node A,28.19,7.24,14.4,0.02,0.01,0.3,False,False,False,False,False,True
2026-07-01 08:38:00,Node B,28.6,6.96,15.3,0.0,0.05,0.0,False,False,False,False,False,True
2026-07-01 08:53:00,Node A,28.38,7.27,14.4,0.19,0.03,0.0,False,False,False,False,False,True
2026-07-01 08:53:00,Node B,28.92,6.97,15.6,0.32,0.01,0.3,False,False,False,False,False,True
2026-07-01 09:23:00,Node A,28.47,7.25,14.0,,,,True,False,False,False,False,False
2026-07-01 09:23:00,Node B,29.42,6.95,15.4,,,,True,False,False,False,False,False
2026-07-01 09:38:00,Node A,28.56,7.27,13.9,0.09,0.02,-0.1,False,False,False,False,False,True
2026-07-01 09:38:00,Node B,29.54,6.94,15.4,0.12,-0.01,0.0,False,False,False,False,False,True
2026-07-01 09:53:00,Node A,28.76,7.26,14.5,0.2,-0.01,0.6,False,False,False,False,False,True
2026-07-01 09:53:00,Node B,29.78,6.98,15.8,0.24,0.04,0.4,False,False,False,False,False,True
2026-07-01 10:08:00,Node A,28.84,7.25,14.5,0.08,-0.01,0.0,False,False,False,False,False,True
2026-07-01 10:08:00,Node B,29.88,6.98,15.9,0.1,0.0,0.1,False,False,False,False,False,True
2026-07-01 10:23:00,Node A,29.01,7.25,14.0,0.17,0.0,-0.5,False,False,False,False,False,True
2026-07-01 10:23:00,Node B,30.01,6.97,16.1,0.13,-0.01,0.2,False,False,False,False,False,True
2026-07-01 10:38:00,Node A,29.15,7.24,14.0,0.14,-0.01,0.0,False,False,False,False,False,True
2026-07-01 10:38:00,Node B,30.12,6.98,16.0,0.11,0.01,-0.1,False,False,False,False,False,True
2026-07-01 10:53:00,Node A,29.28,7.25,14.2,0.13,0.01,0.2,False,False,False,False,False,True
2026-07-01 10:53:00,Node B,30.11,6.99,16.2,-0.01,0.01,0.2,False,False,False,False,False,True
2026-07-01 11:08:00,Node A,29.55,7.24,14.2,0.27,-0.01,0.0,False,False,False,False,False,True
2026-07-01 11:08:00,Node B,30.23,7.02,16.0,0.12,0.03,-0.2,False,False,False,False,False,True
2026-07-01 11:23:00,Node A,29.68,7.29,14.5,0.13,0.05,0.3,False,False,False,False,False,True
2026-07-01 11:23:00,Node B,30.45,7.02,15.9,0.22,0.0,-0.1,False,False,False,False,False,True
2026-07-01 12:38:00,Node A,30.12,7.31,14.4,,,,True,False,False,False,False,False
2026-07-01 12:38:00,Node B,30.81,7.03,16.0,,,,True,False,False,False,False,False
2026-07-01 12:53:00,Node A,30.16,7.31,14.0,0.04,0.0,-0.4,False,False,False,False,False,True
2026-07-01 12:53:00,Node B,30.97,7.02,15.5,0.16,-0.01,-0.5,False,False,False,False,False,True
2026-07-01 13:08:00,Node A,30.03,7.3,14.1,-0.13,-0.01,0.1,False,False,False,False,False,True
2026-07-01 13:08:00,Node B,30.92,7.03,15.0,-0.05,0.01,-0.5,False,False,False,False,False,True
2026-07-01 13:23:00,Node A,30.15,7.29,13.7,0.12,-0.01,-0.4,False,False,False,False,False,True
2026-07-01 13:23:00,Node B,30.78,7.05,15.1,-0.14,0.02,0.1,False,False,False,False,False,True
2026-07-01 13:38:00,Node A,30.23,7.27,14.0,0.08,-0.02,0.3,False,False,False,False,False,True
2026-07-01 13:38:00,Node B,30.89,7.05,15.4,0.11,0.0,0.3,False,False,False,False,False,True
2026-07-01 13:53:00,Node A,30.16,7.28,14.6,-0.07,0.01,0.6,False,False,False,False,False,True
2026-07-01 13:53:00,Node B,31.06,7.09,15.9,0.17,0.04,0.5,False,False,False,False,False,True
2026-07-01 14:08:00,Node A,30.34,7.27,14.8,0.18,-0.01,0.2,False,False,False,False,False,True
2026-07-01 14:08:00,Node B,31.05,7.07,16.3,-0.01,-0.02,0.4,False,False,False,False,False,True
2026-07-01 14:23:00,Node A,30.32,7.25,14.7,-0.02,-0.02,-0.1,False,False,False,False,False,True
2026-07-01 14:23:00,Node B,31.21,7.08,16.1,0.16,0.01,-0.2,False,False,False,False,False,True
2026-07-01 14:38:00,Node A,30.37,7.32,14.6,0.05,0.07,-0.1,False,False,False,False,False,True
2026-07-01 14:38:00,Node B,31.32,7.09,16.0,0.11,0.01,-0.1,False,False,False,False,False,True
2026-07-01 14:53:00,Node A,30.44,7.3,14.4,0.07,-0.02,-0.2,False,False,False,False,False,True
2026-07-01 14:53:00,Node B,31.32,7.1,16.2,0.0,0.01,0.2,False,False,False,False,False,True
2026-07-01 15:08:00,Node A,30.52,7.32,14.1,0.08,0.02,-0.3,False,False,False,False,False,True
2026-07-01 15:08:00,Node B,31.27,7.08,16.4,-0.05,-0.02,0.2,False,False,False,False,False,True
2026-07-01 15:23:00,Node A,30.52,7.33,14.4,0.0,0.01,0.3,False,False,False,False,False,True
2026-07-01 15:23:00,Node B,31.14,7.06,16.2,-0.13,-0.02,-0.2,False,False,False,False,False,True
2026-07-01 16:08:00,Node A,30.42,7.32,13.9,,,,True,False,False,False,False,False
2026-07-01 16:08:00,Node B,31.3,7.07,16.9,,,,True,False,False,False,False,False
2026-07-01 16:23:00,Node A,30.38,7.33,14.1,-0.04,0.01,0.2,False,False,False,False,False,True
2026-07-01 16:23:00,Node B,31.22,7.08,17.2,-0.08,0.01,0.3,False,False,False,False,False,True
2026-07-01 16:38:00,Node A,30.16,7.32,13.8,-0.22,-0.01,-0.3,False,False,False,False,False,True
2026-07-01 16:38:00,Node B,31.1,7.1,17.2,-0.12,0.02,0.0,False,False,False,False,False,True
2026-07-01 16:53:00,Node A,30.11,7.3,14.0,-0.05,-0.02,0.2,False,False,False,False,False,True
2026-07-01 16:53:00,Node B,31.01,7.09,17.2,-0.09,-0.01,0.0,False,False,False,False,False,True
2026-07-01 18:08:00,Node A,29.87,7.35,13.5,,,,True,False,False,False,False,False
2026-07-01 18:08:00,Node B,30.55,7.04,16.6,,,,True,False,False,False,False,False
2026-07-01 18:23:00,Node A,29.7,7.35,13.7,-0.17,0.0,0.2,False,False,False,False,False,True
2026-07-01 18:23:00,Node B,30.42,7.05,16.8,-0.13,0.01,0.2,False,False,False,False,False,True
2026-07-01 18:38:00,Node A,29.54,7.34,14.2,-0.16,-0.01,0.5,False,False,False,False,False,True
2026-07-01 18:38:00,Node B,30.26,7.03,16.2,-0.16,-0.02,-0.6,False,False,False,False,False,True
2026-07-01 18:53:00,Node A,29.43,7.35,14.4,-0.11,0.01,0.2,False,False,False,False,False,True
2026-07-01 18:53:00,Node B,29.95,7.04,16.3,-0.31,0.01,0.1,False,False,False,False,False,True
2026-07-01 19:08:00,Node A,29.28,7.34,14.3,-0.15,-0.01,-0.1,False,False,False,False,False,True
2026-07-01 19:08:00,Node B,29.8,7.04,16.3,-0.15,0.0,0.0,False,False,False,False,False,True
2026-07-01 19:23:00,Node A,29.26,7.33,14.5,-0.02,-0.01,0.2,False,False,False,False,False,True
2026-07-01 19:23:00,Node B,29.83,7.03,16.5,0.03,-0.01,0.2,False,False,False,False,False,True
2026-07-01 19:38:00,Node A,29.12,7.34,14.4,-0.14,0.01,-0.1,False,False,False,False,False,True
2026-07-01 19:38:00,Node B,29.69,7.05,16.5,-0.14,0.02,0.0,False,False,False,False,False,True
2026-07-01 19:53:00,Node A,28.85,7.34,14.4,-0.27,0.0,0.0,False,False,False,False,False,True
2026-07-01 19:53:00,Node B,29.54,7.01,16.6,-0.15,-0.04,0.1,False,False,False,False,False,True
2026-07-01 20:08:00,Node A,28.66,7.34,14.5,-0.19,0.0,0.1,False,False,False,False,False,True
2026-07-01 20:08:00,Node B,29.38,7.03,17.3,-0.16,0.02,0.7,False,False,False,False,False,True
2026-07-01 20:23:00,Node A,28.6,7.32,14.4,-0.06,-0.02,-0.1,False,False,False,False,False,True
2026-07-01 20:23:00,Node B,29.24,7.01,18.0,-0.14,-0.02,0.7,False,False,False,False,False,True
2026-07-01 20:38:00,Node A,28.35,7.3,14.4,-0.25,-0.02,0.0,False,False,False,False,False,True
2026-07-01 20:38:00,Node B,29.16,7.01,19.1,-0.08,0.0,1.1,False,False,False,False,False,True
2026-07-01 20:53:00,Node A,28.32,7.29,14.4,-0.03,-0.01,0.0,False,False,False,False,False,True
2026-07-01 20:53:00,Node B,29.18,7.12,20.1,0.02,0.11,1.0,False,False,False,False,False,True
2026-07-01 21:08:00,Node A,28.36,7.28,14.7,0.04,-0.01,0.3,False,False,False,False,False,True
2026-07-01 21:08:00,Node B,29.19,7.29,21.2,0.01,0.17,1.1,False,False,False,False,False,True
2026-07-01 21:23:00,Node A,28.16,7.28,14.4,-0.2,0.0,-0.3,False,False,False,False,False,True
2026-07-01 21:23:00,Node B,29.21,7.5,22.3,0.02,0.21,1.1,False,False,False,False,False,True
2026-07-01 21:38:00,Node A,28.08,7.28,14.3,-0.08,0.0,-0.1,False,False,False,False,False,True
2026-07-01 21:38:00,Node B,29.13,7.74,23.3,-0.08,0.24,1.0,False,False,False,False,False,True
2026-07-01 21:53:00,Node A,28.09,7.25,14.5,0.01,-0.03,0.2,False,False,False,False,False,True
2026-07-01 21:53:00,Node B,29.12,8.03,23.5,-0.01,0.29,0.2,False,False,False,False,False,True
2026-07-01 22:08:00,Node A,27.9,7.29,14.6,-0.19,0.04,0.1,False,False,False,False,False,True
2026-07-01 22:08:00,Node B,29.33,8.37,23.7,0.21,0.34,0.2,False,False,False,False,False,True
2026-07-01 22:23:00,Node A,27.65,7.24,14.4,-0.25,-0.05,-0.2,False,False,False,False,False,True
2026-07-01 22:23:00,Node B,29.2,8.36,23.9,-0.13,-0.01,0.2,False,False,False,False,False,True
2026-07-01 22:38:00,Node A,27.43,7.23,14.4,-0.22,-0.01,0.0,False,False,False,False,False,True
2026-07-01 22:38:00,Node B,29.15,8.33,23.7,-0.05,-0.03,-0.2,False,False,False,False,False,True
2026-07-01 22:53:00,Node A,27.34,7.23,14.7,-0.09,0.0,0.3,False,False,False,False,False,True
2026-07-01 22:53:00,Node B,29.08,8.3,23.9,-0.07,-0.03,0.2,False,False,False,False,False,True
2026-07-01 23:08:00,Node A,27.12,7.24,14.4,-0.22,0.01,-0.3,False,False,False,False,False,True
2026-07-01 23:08:00,Node B,29.13,8.28,24.1,0.05,-0.02,0.2,False,False,False,False,False,True
2026-07-01 23:23:00,Node A,27.07,7.26,14.1,-0.05,0.02,-0.3,False,False,False,False,False,True
2026-07-01 23:23:00,Node B,29.19,8.13,23.9,0.06,-0.15,-0.2,False,False,False,False,False,True
2026-07-01 23:38:00,Node A,27.08,7.23,14.4,0.01,-0.03,0.3,False,False,False,False,False,True
2026-07-01 23:38:00,Node B,29.1,7.97,24.0,-0.09,-0.16,0.1,False,False,False,False,False,True
2026-07-01 23:53:00,Node A,26.98,7.22,14.9,-0.1,-0.01,0.5,False,False,False,False,False,True
2026-07-01 23:53:00,Node B,28.84,7.82,23.8,-0.26,-0.15,-0.2,False,False,False,False,False,True
2026-07-02 00:08:00,Node A,26.95,7.25,14.8,-0.03,0.03,-0.1,False,False,False,False,False,True
2026-07-02 00:08:00,Node B,28.75,7.71,23.9,-0.09,-0.11,0.1,False,False,False,False,False,True
2026-07-02 00:23:00,Node A,26.92,7.22,14.7,-0.03,-0.03,-0.1,False,False,False,False,False,True
2026-07-02 00:23:00,Node B,28.55,7.53,24.1,-0.2,-0.18,0.2,False,False,False,False,False,True
2026-07-02 00:38:00,Node A,26.79,7.21,14.6,-0.13,-0.01,-0.1,False,False,False,False,False,True
2026-07-02 00:38:00,Node B,28.49,7.36,20.7,-0.06,-0.17,-3.4,False,False,False,False,False,True
2026-07-02 00:53:00,Node A,26.57,7.22,15.0,-0.22,0.01,0.4,False,False,False,False,False,True
2026-07-02 00:53:00,Node B,28.35,7.22,20.3,-0.14,-0.14,-0.4,False,False,False,False,False,True
2026-07-02 01:08:00,Node A,26.46,7.19,15.0,-0.11,-0.03,0.0,False,False,False,False,False,True
2026-07-02 01:08:00,Node B,28.33,7.05,19.6,-0.02,-0.17,-0.7,False,False,False,False,False,True
2026-07-02 01:23:00,Node A,26.53,7.19,14.8,0.07,0.0,-0.2,False,False,False,False,False,True
2026-07-02 01:23:00,Node B,28.28,6.84,19.1,-0.05,-0.21,-0.5,False,False,False,False,False,True
2026-07-02 01:38:00,Node A,26.47,7.2,14.9,-0.06,0.01,0.1,False,False,False,False,False,True
2026-07-02 01:38:00,Node B,28.14,6.83,18.8,-0.14,-0.01,-0.3,False,False,False,False,False,True
2026-07-02 01:53:00,Node A,26.31,7.21,15.3,-0.16,0.01,0.4,False,False,False,False,True,True
2026-07-02 01:53:00,Node B,27.98,6.81,18.5,-0.16,-0.02,-0.3,False,False,False,False,False,True
2026-07-02 02:08:00,Node A,26.4,7.21,17.0,0.09,0.0,1.7,False,False,False,False,True,True
2026-07-02 02:08:00,Node B,28.06,6.84,18.0,0.08,0.03,-0.5,False,False,False,False,False,True
2026-07-02 02:23:00,Node A,26.38,7.21,20.0,-0.02,0.0,3.0,False,False,False,False,True,True
2026-07-02 02:23:00,Node B,27.86,6.85,17.4,-0.2,0.01,-0.6,False,False,False,False,False,True
2026-07-02 02:38:00,Node A,26.39,7.21,19.7,0.01,0.0,-0.3,False,False,False,False,True,True
2026-07-02 02:38:00,Node B,27.91,6.88,17.1,0.05,0.03,-0.3,False,False,False,False,False,True
2026-07-02 02:53:00,Node A,26.41,7.9,19.9,0.02,0.69,0.2,False,False,True,True,False,False
2026-07-02 02:53:00,Node B,27.94,6.89,16.9,0.03,0.01,-0.2,False,False,False,False,False,True
2026-07-02 03:08:00,Node A,26.49,7.9,20.0,0.08,0.0,0.1,False,False,False,False,False,True
2026-07-02 03:08:00,Node B,27.98,6.87,16.2,0.04,-0.02,-0.7,False,False,False,False,False,True
2026-07-02 03:23:00,Node A,26.57,7.87,20.0,0.08,-0.03,0.0,False,False,False,False,False,True
2026-07-02 03:23:00,Node B,27.84,6.85,16.1,-0.14,-0.02,-0.1,False,False,False,False,False,True
2026-07-02 03:38:00,Node A,26.7,7.87,20.2,0.13,0.0,0.2,False,False,False,False,False,True
2026-07-02 03:38:00,Node B,27.76,6.85,15.5,-0.08,0.0,-0.6,False,False,False,False,False,True
2026-07-02 03:53:00,Node A,26.56,7.88,20.1,-0.14,0.01,-0.1,False,False,False,False,False,True
2026-07-02 03:53:00,Node B,27.69,6.87,15.0,-0.07,0.02,-0.5,False,False,False,False,False,True
2026-07-02 04:08:00,Node A,26.62,7.75,19.6,0.06,-0.13,-0.5,False,False,False,False,False,True
2026-07-02 04:08:00,Node B,27.74,6.88,14.7,0.05,0.01,-0.3,False,False,False,False,False,True
2026-07-02 04:23:00,Node A,26.59,7.59,19.4,-0.03,-0.16,-0.2,False,False,False,False,False,True
2026-07-02 04:23:00,Node B,27.67,6.9,14.7,-0.07,0.02,0.0,False,False,False,False,False,True
2026-07-02 04:38:00,Node A,26.69,7.44,19.0,0.1,-0.15,-0.4,False,False,False,False,False,True
2026-07-02 04:38:00,Node B,27.85,6.93,14.9,0.18,0.03,0.2,False,False,False,False,False,True
2026-07-02 04:53:00,Node A,26.74,7.3,18.2,0.05,-0.14,-0.8,False,False,False,False,False,True
2026-07-02 04:53:00,Node B,27.83,6.9,15.0,-0.02,-0.03,0.1,False,False,False,False,False,True
2026-07-02 05:08:00,Node A,26.98,7.18,18.1,0.24,-0.12,-0.1,False,False,False,False,False,True
2026-07-02 05:08:00,Node B,28.01,6.88,15.1,0.18,-0.02,0.1,False,False,False,False,False,True
2026-07-02 05:23:00,Node A,26.97,7.17,18.1,-0.01,-0.01,0.0,False,False,False,False,False,True
2026-07-02 05:23:00,Node B,27.92,6.86,14.8,-0.09,-0.02,-0.3,False,False,False,False,False,True
2026-07-02 05:53:00,Node A,27.04,7.17,17.0,,,,True,False,False,False,False,False
2026-07-02 05:53:00,Node B,27.96,6.88,14.7,,,,True,False,False,False,False,False
2026-07-02 06:08:00,Node A,27.13,7.2,16.3,0.09,0.03,-0.7,False,False,False,False,False,True
2026-07-02 06:08:00,Node B,27.87,6.91,14.5,-0.09,0.03,-0.2,False,False,False,False,False,True
2026-07-02 06:23:00,Node A,27.16,7.23,15.7,0.03,0.03,-0.6,False,False,False,False,False,True
2026-07-02 06:23:00,Node B,27.99,6.9,14.8,0.12,-0.01,0.3,False,False,False,False,False,True
2026-07-02 06:38:00,Node A,27.31,7.23,15.1,0.15,0.0,-0.6,False,False,False,False,False,True
2026-07-02 06:38:00,Node B,28.03,6.9,14.9,0.04,0.0,0.1,False,False,False,False,False,True
2026-07-02 06:53:00,Node A,27.38,7.22,15.7,0.07,-0.01,0.6,False,False,False,False,False,True
2026-07-02 06:53:00,Node B,28.18,6.93,15.0,0.15,0.03,0.1,False,False,False,False,False,True
2026-07-02 07:08:00,Node A,27.4,7.23,15.7,0.02,0.01,0.0,False,False,False,False,False,True
2026-07-02 07:08:00,Node B,28.13,6.94,14.9,-0.05,0.01,-0.1,False,False,False,False,False,True
2026-07-02 07:23:00,Node A,27.53,7.23,15.2,0.13,0.0,-0.5,False,False,False,False,False,True
2026-07-02 07:23:00,Node B,28.16,6.95,15.0,0.03,0.01,0.1,False,False,False,False,False,True
2026-07-02 07:38:00,Node A,27.66,7.2,15.2,0.13,-0.03,0.0,False,False,False,False,False,True
2026-07-02 07:38:00,Node B,28.22,6.94,14.9,0.06,-0.01,-0.1,False,False,False,False,False,True
2026-07-02 07:53:00,Node A,27.79,7.19,15.3,0.13,-0.01,0.1,False,False,False,False,False,True
2026-07-02 07:53:00,Node B,28.48,6.91,15.1,0.26,-0.03,0.2,False,False,False,False,False,True
2026-07-02 08:08:00,Node A,28.07,7.18,15.0,0.28,-0.01,-0.3,False,False,False,False,False,True
2026-07-02 08:08:00,Node B,28.68,6.9,15.1,0.2,-0.01,0.0,False,False,False,False,False,True
2026-07-02 08:23:00,Node A,28.1,7.22,15.4,0.03,0.04,0.4,False,False,False,False,False,True
2026-07-02 08:23:00,Node B,28.75,6.95,16.2,0.07,0.05,1.1,False,False,False,False,False,True
2026-07-02 08:38:00,Node A,28.26,7.18,15.4,0.16,-0.04,0.0,False,False,False,False,False,True
2026-07-02 08:38:00,Node B,28.91,6.92,17.2,0.16,-0.03,1.0,False,False,False,False,True,True
2026-07-02 09:23:00,Node A,28.76,7.25,15.3,,,,True,False,False,False,False,False
2026-07-02 09:23:00,Node B,29.3,6.91,18.7,,,,True,False,False,False,True,False
2026-07-02 09:38:00,Node A,28.98,7.25,15.2,0.22,0.0,-0.1,False,False,False,False,False,True
2026-07-02 09:38:00,Node B,29.39,7.63,18.8,0.09,0.72,0.1,False,False,True,True,False,False
2026-07-02 09:53:00,Node A,28.94,7.27,15.1,-0.04,0.02,-0.1,False,False,False,False,False,True
2026-07-02 09:53:00,Node B,29.49,7.65,18.8,0.1,0.02,0.0,False,False,False,False,False,True
2026-07-02 10:08:00,Node A,29.09,7.29,15.2,0.15,0.02,0.1,False,False,False,False,False,True
2026-07-02 10:08:00,Node B,29.67,7.64,18.2,0.18,-0.01,-0.6,False,False,False,False,False,True
2026-07-02 10:23:00,Node A,29.15,7.26,15.4,0.06,-0.03,0.2,False,False,False,False,False,True
2026-07-02 10:23:00,Node B,29.77,7.54,18.0,0.1,-0.1,-0.2,False,False,False,False,False,True
2026-07-02 10:38:00,Node A,29.27,7.26,15.6,0.12,0.0,0.2,False,False,False,False,False,True
2026-07-02 10:38:00,Node B,29.77,7.42,18.0,0.0,-0.12,0.0,False,False,False,False,False,True
2026-07-02 10:53:00,Node A,29.4,7.29,15.7,0.13,0.03,0.1,False,False,False,False,False,True
2026-07-02 10:53:00,Node B,29.89,7.33,17.3,0.12,-0.09,-0.7,False,False,False,False,False,True
2026-07-02 11:08:00,Node A,29.42,7.3,16.1,0.02,0.01,0.4,False,False,False,False,False,True
2026-07-02 11:08:00,Node B,30.12,7.24,17.2,0.23,-0.09,-0.1,False,False,False,False,False,True
2026-07-02 11:23:00,Node A,29.46,7.27,16.4,0.04,-0.03,0.3,False,False,False,False,False,True
2026-07-02 11:23:00,Node B,30.23,7.11,16.8,0.11,-0.13,-0.4,False,False,False,False,False,True
2026-07-02 11:38:00,Node A,29.56,7.29,16.9,0.1,0.02,0.5,False,False,False,False,False,True
2026-07-02 11:38:00,Node B,30.22,7.02,17.4,-0.01,-0.09,0.6,False,False,False,False,False,True
2026-07-02 11:53:00,Node A,29.72,7.3,17.4,0.16,0.01,0.5,False,False,False,False,False,True
2026-07-02 11:53:00,Node B,30.4,7.0,17.4,0.18,-0.02,0.0,False,False,False,False,False,True
2026-07-02 12:08:00,Node A,29.86,7.37,18.1,0.14,0.07,0.7,False,False,False,False,False,True
2026-07-02 12:08:00,Node B,30.53,7.01,17.7,0.13,0.01,0.3,False,False,False,False,False,True
2026-07-02 12:23:00,Node A,30.09,7.51,18.2,0.23,0.14,0.1,False,False,False,False,False,True
2026-07-02 12:23:00,Node B,30.81,7.02,18.4,0.28,0.01,0.7,False,False,False,False,False,True
2026-07-02 12:38:00,Node A,30.32,7.68,18.2,0.23,0.17,0.0,False,False,False,False,False,True
2026-07-02 12:38:00,Node B,31.14,7.01,18.9,0.33,-0.01,0.5,False,False,False,False,False,True
2026-07-02 12:53:00,Node A,30.51,7.87,18.1,0.19,0.19,-0.1,False,False,False,False,False,True
2026-07-02 12:53:00,Node B,31.23,7.13,18.9,0.09,0.12,0.0,False,False,False,False,False,True
2026-07-02 13:08:00,Node A,30.83,8.04,18.1,0.32,0.17,0.0,False,False,False,False,False,True
2026-07-02 13:08:00,Node B,31.38,7.38,18.9,0.15,0.25,0.0,False,False,False,False,False,True
2026-07-02 13:23:00,Node A,30.77,8.24,18.4,-0.06,0.2,0.3,False,False,False,False,False,True
2026-07-02 13:23:00,Node B,31.62,7.7,19.1,0.24,0.32,0.2,False,False,False,False,False,True
2026-07-02 13:38:00,Node A,30.87,8.27,18.5,0.1,0.03,0.1,False,False,False,False,False,True
2026-07-02 13:38:00,Node B,31.75,8.05,19.0,0.13,0.35,-0.1,False,False,False,False,True,True
2026-07-02 13:53:00,Node A,30.8,8.25,18.8,-0.07,-0.02,0.3,False,False,False,False,True,True
2026-07-02 13:53:00,Node B,31.8,8.07,18.9,0.05,0.02,-0.1,False,False,False,False,True,True
2026-07-02 14:08:00,Node A,31.02,8.27,18.8,0.22,0.02,0.0,False,False,False,False,True,True
2026-07-02 14:08:00,Node B,31.89,8.07,18.9,0.09,0.0,0.0,False,False,False,False,True,True
2026-07-02 14:23:00,Node A,31.14,8.19,19.1,0.12,-0.08,0.3,False,False,False,False,True,True
2026-07-02 14:23:00,Node B,31.95,8.1,19.2,0.06,0.03,0.3,False,False,False,False,True,True
2026-07-02 14:38:00,Node A,31.36,8.07,19.3,0.22,-0.12,0.2,False,False,False,False,True,True
2026-07-02 14:38:00,Node B,32.09,8.01,19.4,0.14,-0.09,0.2,False,True,False,True,True,False
2026-07-02 14:53:00,Node A,31.11,8.02,7.2,-0.25,-0.05,-12.1,False,False,True,True,False,False
2026-07-02 14:53:00,Node B,32.22,7.94,19.1,0.13,-0.07,-0.3,False,True,False,True,True,False
2026-07-02 15:08:00,Node A,31.24,7.93,7.3,0.13,-0.09,0.1,False,False,False,False,False,True
2026-07-02 15:08:00,Node B,32.15,7.81,18.9,-0.07,-0.13,-0.2,False,True,False,True,True,False
2026-07-02 15:23:00,Node A,31.14,7.81,6.9,-0.1,-0.12,-0.4,False,False,False,False,False,True
2026-07-02 15:23:00,Node B,32.13,7.71,18.4,-0.02,-0.1,-0.5,False,True,False,True,True,False
2026-07-02 15:38:00,Node A,31.22,7.75,6.6,0.08,-0.06,-0.3,False,False,False,False,False,True
2026-07-02 15:38:00,Node B,32.17,7.6,18.1,0.04,-0.11,-0.3,False,True,False,True,True,False
2026-07-02 15:53:00,Node A,31.14,7.68,6.6,-0.08,-0.07,0.0,False,False,False,False,False,True
2026-07-02 15:53:00,Node B,32.19,7.48,18.1,0.02,-0.12,0.0,False,True,False,True,True,False
2026-07-02 16:08:00,Node A,31.05,7.57,6.7,-0.09,-0.11,0.1,False,False,False,False,False,True
2026-07-02 16:08:00,Node B,32.14,7.39,17.8,-0.05,-0.09,-0.3,False,True,False,True,True,False
2026-07-02 16:23:00,Node A,31.03,7.49,6.7,-0.02,-0.08,0.0,False,False,False,False,False,True
2026-07-02 16:23:00,Node B,32.02,7.27,17.5,-0.12,-0.12,-0.3,False,True,False,True,False,False
2026-07-02 16:38:00,Node A,30.97,7.42,6.8,-0.06,-0.07,0.1,False,False,False,False,False,True
2026-07-02 16:38:00,Node B,31.78,7.2,17.1,-0.24,-0.07,-0.4,False,False,False,False,False,True
2026-07-02 16:53:00,Node A,30.94,7.36,6.7,-0.03,-0.06,-0.1,False,False,False,False,False,True
2026-07-02 16:53:00,Node B,31.6,7.08,17.4,-0.18,-0.12,0.3,False,False,False,False,False,True
2026-07-02 17:08:00,Node A,30.88,7.36,6.2,-0.06,0.0,-0.5,False,False,False,False,False,True
2026-07-02 17:08:00,Node B,31.71,7.07,17.2,0.11,-0.01,-0.2,False,False,False,False,False,True
2026-07-02 17:23:00,Node A,30.82,7.39,5.8,-0.06,0.03,-0.4,False,False,False,False,False,True
2026-07-02 17:23:00,Node B,31.62,7.06,16.7,-0.09,-0.01,-0.5,False,False,False,False,False,True
2026-07-02 17:38:00,Node A,30.82,7.4,5.2,0.0,0.01,-0.6,False,False,False,False,False,True
2026-07-02 17:38:00,Node B,31.46,7.08,16.6,-0.16,0.02,-0.1,False,False,False,False,False,True
2026-07-02 17:53:00,Node A,30.7,7.39,4.8,-0.12,-0.01,-0.4,False,False,False,False,False,True
2026-07-02 17:53:00,Node B,31.38,7.05,16.4,-0.08,-0.03,-0.2,False,False,False,False,False,True
2026-07-02 18:08:00,Node A,30.57,7.36,4.7,-0.13,-0.03,-0.1,False,False,False,False,False,True
2026-07-02 18:08:00,Node B,31.21,7.05,16.3,-0.17,0.0,-0.1,False,False,False,False,False,True
2026-07-02 18:23:00,Node A,30.3,7.37,4.9,-0.27,0.01,0.2,False,False,False,False,False,True
2026-07-02 18:23:00,Node B,31.06,7.01,15.7,-0.15,-0.04,-0.6,False,False,False,False,False,True
2026-07-02 18:38:00,Node A,30.1,7.36,5.3,-0.2,-0.01,0.4,False,False,False,False,False,True
2026-07-02 18:38:00,Node B,30.76,7.02,16.1,-0.3,0.01,0.4,False,False,False,False,False,True
2026-07-02 18:53:00,Node A,30.0,7.36,5.3,-0.1,0.0,0.0,False,False,False,False,False,True
2026-07-02 18:53:00,Node B,30.63,7.0,15.9,-0.13,-0.02,-0.2,False,False,False,False,False,True
2026-07-02 19:08:00,Node A,29.83,7.39,5.5,-0.17,0.03,0.2,False,False,False,False,False,True
2026-07-02 19:08:00,Node B,30.53,7.0,15.9,-0.1,0.0,0.0,False,False,False,False,False,True
2026-07-02 20:23:00,Node A,28.72,7.31,4.3,,,,True,False,False,False,False,False
2026-07-02 20:23:00,Node B,29.57,7.1,15.8,,,,True,False,False,False,False,False
2026-07-02 20:38:00,Node A,28.51,7.29,4.2,-0.21,-0.02,-0.1,False,False,False,False,False,True
2026-07-02 20:38:00,Node B,29.53,7.13,15.9,-0.04,0.03,0.1,False,False,False,False,False,True
2026-07-02 20:53:00,Node A,28.36,7.28,4.4,-0.15,-0.01,0.2,False,False,False,False,False,True
2026-07-02 20:53:00,Node B,29.33,7.09,16.3,-0.2,-0.04,0.4,False,False,False,False,False,True
2026-07-02 21:08:00,Node A,28.34,7.26,4.6,-0.02,-0.02,0.2,False,False,False,False,False,True
2026-07-02 21:08:00,Node B,29.12,7.08,16.2,-0.21,-0.01,-0.1,False,False,False,False,False,True
2026-07-02 21:23:00,Node A,28.16,7.24,4.7,-0.18,-0.02,0.1,False,False,False,False,False,True
2026-07-02 21:23:00,Node B,28.98,7.05,16.3,-0.14,-0.03,0.1,False,False,False,False,False,True
2026-07-02 21:38:00,Node A,28.08,7.22,4.8,-0.08,-0.02,0.1,False,False,False,False,False,True
2026-07-02 21:38:00,Node B,28.71,7.07,16.3,-0.27,0.02,0.0,False,False,False,False,False,True
2026-07-02 21:53:00,Node A,27.89,7.24,4.5,-0.19,0.02,-0.3,False,False,False,False,False,True
2026-07-02 21:53:00,Node B,28.38,7.07,16.2,-0.33,0.0,-0.1,False,False,False,False,False,True
2026-07-02 22:08:00,Node A,27.91,7.22,4.6,0.02,-0.02,0.1,False,False,False,False,False,True
2026-07-02 22:08:00,Node B,28.37,7.02,16.1,-0.01,-0.05,-0.1,False,False,False,False,False,True
2026-07-02 22:53:00,Node A,27.59,7.26,4.7,,,,True,False,False,False,False,False
2026-07-02 22:53:00,Node B,27.96,7.0,16.4,,,,True,False,False,False,False,False
2026-07-02 23:08:00,Node A,27.32,7.23,4.7,-0.27,-0.03,0.0,False,False,False,False,False,True
2026-07-02 23:08:00,Node B,27.79,6.98,16.9,-0.17,-0.02,0.5,False,False,False,False,False,True
2026-07-02 23:23:00,Node A,27.38,7.21,4.9,0.06,-0.02,0.2,False,False,False,False,False,True
2026-07-02 23:23:00,Node B,27.67,6.97,16.6,-0.12,-0.01,-0.3,False,False,False,False,False,True
2026-07-02 23:38:00,Node A,27.26,7.18,5.3,-0.12,-0.03,0.4,False,False,False,False,False,True
2026-07-02 23:38:00,Node B,27.54,6.97,16.4,-0.13,0.0,-0.2,False,False,False,False,False,True
2026-07-02 23:53:00,Node A,27.12,7.18,5.2,-0.14,0.0,-0.1,False,False,False,False,False,True
2026-07-02 23:53:00,Node B,27.37,6.96,16.2,-0.17,-0.01,-0.2,False,False,False,False,False,True
2026-07-03 00:23:00,Node A,27.03,7.18,4.9,,,,True,False,False,False,False,False
2026-07-03 00:23:00,Node B,27.26,6.93,16.6,,,,True,False,False,False,False,False
2026-07-03 00:38:00,Node A,26.76,7.16,4.8,-0.27,-0.02,-0.1,False,False,False,False,False,True
2026-07-03 00:38:00,Node B,27.1,6.9,17.1,-0.16,-0.03,0.5,False,False,False,False,False,True
2026-07-03 00:53:00,Node A,26.66,7.14,4.8,-0.1,-0.02,0.0,False,False,False,False,False,True
2026-07-03 00:53:00,Node B,27.02,6.89,17.4,-0.08,-0.01,0.3,False,False,False,False,False,True
2026-07-03 01:08:00,Node A,26.49,7.14,5.1,-0.17,0.0,0.3,False,False,False,False,False,True
2026-07-03 01:08:00,Node B,27.01,6.88,17.8,-0.01,-0.01,0.4,False,False,False,False,False,True
2026-07-03 01:23:00,Node A,26.29,7.19,5.0,-0.2,0.05,-0.1,False,False,False,False,False,True
2026-07-03 01:23:00,Node B,26.96,6.96,18.3,-0.05,0.08,0.5,False,False,False,False,False,True
2026-07-03 01:38:00,Node A,26.25,7.19,5.9,-0.04,0.0,0.9,False,False,False,False,False,True
2026-07-03 01:38:00,Node B,26.98,7.09,19.3,0.02,0.13,1.0,False,False,False,False,False,True
2026-07-03 01:53:00,Node A,26.35,7.19,8.1,0.1,0.0,2.2,False,False,False,False,True,True
2026-07-03 01:53:00,Node B,26.82,7.21,20.2,-0.16,0.12,0.9,False,False,False,False,False,True
2026-07-03 02:08:00,Node A,26.37,7.2,8.0,0.02,0.01,-0.1,False,False,False,False,True,True
2026-07-03 02:08:00,Node B,26.91,7.4,21.4,0.09,0.19,1.2,False,False,False,False,False,True
2026-07-03 02:23:00,Node A,26.26,7.15,8.2,-0.11,-0.05,0.2,False,False,False,False,True,True
2026-07-03 02:23:00,Node B,26.96,7.6,22.2,0.05,0.2,0.8,False,False,False,False,False,True
2026-07-03 02:38:00,Node A,26.3,7.19,8.4,0.04,0.04,0.2,False,False,False,False,True,True
2026-07-03 02:38:00,Node B,26.93,7.84,22.8,-0.03,0.24,0.6,False,False,False,False,False,True
2026-07-03 02:53:00,Node A,26.41,6.55,8.7,0.11,-0.64,0.3,False,False,True,True,False,False
2026-07-03 02:53:00,Node B,26.98,7.84,22.8,0.05,0.0,0.0,False,False,False,False,False,True
2026-07-03 03:08:00,Node A,26.36,6.56,8.6,-0.05,0.01,-0.1,False,False,False,False,False,True
2026-07-03 03:08:00,Node B,27.11,7.82,23.2,0.13,-0.02,0.4,False,False,False,False,False,True
2026-07-03 03:23:00,Node A,26.36,6.54,8.4,0.0,-0.02,-0.2,False,False,False,False,False,True
2026-07-03 03:23:00,Node B,27.15,7.83,22.9,0.04,0.01,-0.3,False,False,False,False,False,True
2026-07-03 03:38:00,Node A,26.43,6.5,8.3,0.07,-0.04,-0.1,False,False,False,False,False,True
2026-07-03 03:38:00,Node B,27.31,7.81,23.3,0.16,-0.02,0.4,False,False,False,False,False,True
2026-07-03 03:53:00,Node A,26.54,6.65,8.2,0.11,0.15,-0.1,False,False,False,False,False,True
2026-07-03 03:53:00,Node B,27.48,7.85,23.6,0.17,0.04,0.3,False,False,False,False,False,True
2026-07-03 04:08:00,Node A,26.44,6.79,7.9,-0.1,0.14,-0.3,False,False,False,False,False,True
2026-07-03 04:08:00,Node B,27.5,7.78,23.3,0.02,-0.07,-0.3,False,False,False,False,False,True
2026-07-03 04:23:00,Node A,26.52,6.94,7.7,0.08,0.15,-0.2,False,False,False,False,False,True
2026-07-03 04:23:00,Node B,27.65,7.69,23.3,0.15,-0.09,0.0,False,False,False,False,False,True
2026-07-03 04:38:00,Node A,26.46,7.05,7.6,-0.06,0.11,-0.1,False,False,False,False,False,True
2026-07-03 04:38:00,Node B,27.92,7.63,23.2,0.27,-0.06,-0.1,False,False,False,False,False,True
2026-07-03 04:53:00,Node A,26.57,7.19,7.3,0.11,0.14,-0.3,False,False,False,False,False,True
2026-07-03 04:53:00,Node B,28.01,7.63,23.6,0.09,0.0,0.4,False,False,False,False,False,True
2026-07-03 05:08:00,Node A,26.75,7.16,6.6,0.18,-0.03,-0.7,False,False,False,False,False,True
2026-07-03 05:08:00,Node B,28.09,7.55,23.4,0.08,-0.08,-0.2,False,False,False,False,False,True
2026-07-03 05:23:00,Node A,26.74,7.14,6.7,-0.01,-0.02,0.1,False,False,False,False,False,True
2026-07-03 05:23:00,Node B,28.15,7.5,23.5,0.06,-0.05,0.1,False,False,False,False,False,True
2026-07-03 05:38:00,Node A,26.78,7.13,6.4,0.04,-0.01,-0.3,False,False,False,False,False,True
2026-07-03 05:38:00,Node B,28.26,7.44,23.0,0.11,-0.06,-0.5,False,False,False,False,False,True
2026-07-03 05:53:00,Node A,26.72,7.14,6.5,-0.06,0.01,0.1,False,False,False,False,False,True
2026-07-03 05:53:00,Node B,28.52,7.38,22.8,0.26,-0.06,-0.2,False,False,False,False,False,True
2026-07-03 06:08:00,Node A,26.88,7.15,7.1,0.16,0.01,0.6,False,False,False,False,False,True
2026-07-03 06:08:00,Node B,28.51,7.36,22.8,-0.01,-0.02,0.0,False,False,False,False,False,True
2026-07-03 06:23:00,Node A,27.11,7.16,7.0,0.23,0.01,-0.1,False,False,False,False,False,True
2026-07-03 06:23:00,Node B,28.58,7.29,21.9,0.07,-0.07,-0.9,False,False,False,False,False,True
2026-07-03 06:38:00,Node A,27.43,7.26,7.2,0.32,0.1,0.2,False,False,False,False,False,True
2026-07-03 06:38:00,Node B,28.59,7.27,21.7,0.01,-0.02,-0.2,False,False,False,False,False,True
2026-07-03 06:53:00,Node A,27.66,7.5,7.2,0.23,0.24,0.0,False,False,False,False,False,True
2026-07-03 06:53:00,Node B,28.73,7.2,21.2,0.14,-0.07,-0.5,False,False,False,False,False,True
2026-07-03 07:08:00,Node A,28.1,7.77,7.2,0.44,0.27,0.0,False,False,False,False,False,True
2026-07-03 07:08:00,Node B,28.64,7.11,21.0,-0.09,-0.09,-0.2,False,False,False,False,False,True
2026-07-03 07:23:00,Node A,28.35,8.08,7.5,0.25,0.31,0.3,False,False,False,False,False,True
2026-07-03 07:23:00,Node B,28.93,7.07,20.5,0.29,-0.04,-0.5,False,False,False,False,False,True
2026-07-03 07:38:00,Node A,28.71,8.44,8.3,0.36,0.36,0.8,False,False,False,False,False,True
2026-07-03 07:38:00,Node B,29.1,7.05,20.4,0.17,-0.02,-0.1,False,False,False,False,False,True
2026-07-03 07:53:00,Node A,28.91,8.43,8.4,0.2,-0.01,0.1,False,False,False,False,False,True
2026-07-03 07:53:00,Node B,29.23,6.96,20.0,0.13,-0.09,-0.4,False,False,False,False,False,True
2026-07-03 08:08:00,Node A,29.23,8.45,8.8,0.32,0.02,0.4,False,False,False,False,False,True
2026-07-03 08:08:00,Node B,29.29,6.96,19.8,0.06,0.0,-0.2,False,False,False,False,False,True
2026-07-03 08:23:00,Node A,29.38,8.46,9.1,0.15,0.01,0.3,False,False,False,False,False,True
2026-07-03 08:23:00,Node B,29.49,6.97,19.4,0.2,0.01,-0.4,False,False,False,False,False,True
2026-07-03 08:38:00,Node A,29.44,8.47,9.2,0.06,0.01,0.1,False,False,False,False,False,True
2026-07-03 08:38:00,Node B,29.78,6.98,19.2,0.29,0.01,-0.2,False,False,False,False,False,True
2026-07-03 08:53:00,Node A,29.52,8.3,9.2,0.08,-0.17,0.0,False,False,False,False,False,True
2026-07-03 08:53:00,Node B,29.99,6.99,18.7,0.21,0.01,-0.5,False,False,False,False,False,True
2026-07-03 09:08:00,Node A,29.63,8.16,9.1,0.11,-0.14,-0.1,False,False,False,False,False,True
2026-07-03 09:08:00,Node B,30.08,7.01,18.5,0.09,0.02,-0.2,False,False,False,False,False,True
2026-07-03 09:23:00,Node A,29.7,7.99,9.0,0.07,-0.17,-0.1,False,False,False,False,False,True
2026-07-03 09:23:00,Node B,30.07,7.02,18.8,-0.01,0.01,0.3,False,False,False,False,False,True
2026-07-03 09:38:00,Node A,29.97,7.83,8.9,0.27,-0.16,-0.1,False,False,False,False,False,True
2026-07-03 09:38:00,Node B,30.05,7.03,19.5,-0.02,0.01,0.7,False,False,False,False,True,True
2026-07-03 09:53:00,Node A,30.19,7.69,9.0,0.22,-0.14,0.1,False,False,False,False,False,True
2026-07-03 09:53:00,Node B,30.26,7.03,20.4,0.21,0.0,0.9,False,False,False,False,True,True
2026-07-03 10:08:00,Node A,30.21,7.54,8.9,0.02,-0.15,-0.1,False,False,False,False,False,True
2026-07-03 10:08:00,Node B,30.47,7.01,22.0,0.21,-0.02,1.6,False,False,False,False,True,True
2026-07-03 10:23:00,Node A,30.45,7.43,8.7,0.24,-0.11,-0.2,False,False,False,False,False,True
2026-07-03 10:23:00,Node B,30.58,7.02,22.1,0.11,0.01,0.1,False,False,False,False,True,True
2026-07-03 10:38:00,Node A,30.56,7.3,8.6,0.11,-0.13,-0.1,False,False,False,False,False,True
2026-07-03 10:38:00,Node B,30.5,7.82,22.2,-0.08,0.8,0.1,False,False,True,True,False,False
2026-07-03 11:23:00,Node A,30.83,7.32,8.5,,,,True,False,False,False,False,False
2026-07-03 11:23:00,Node B,30.8,7.76,22.2,,,,True,False,False,False,False,False
2026-07-03 11:38:00,Node A,31.09,7.33,8.6,0.26,0.01,0.1,False,False,False,False,False,True
2026-07-03 11:38:00,Node B,30.75,7.66,22.3,-0.05,-0.1,0.1,False,False,False,False,False,True
2026-07-03 11:53:00,Node A,31.47,7.31,9.3,0.38,-0.02,0.7,False,False,False,False,True,True
2026-07-03 11:53:00,Node B,30.84,7.57,21.8,0.09,-0.09,-0.5,False,False,False,False,False,True
2026-07-03 12:08:00,Node A,31.45,7.3,9.7,-0.02,-0.01,0.4,False,False,False,False,True,True
2026-07-03 12:08:00,Node B,30.86,7.53,21.7,0.02,-0.04,-0.1,False,False,False,False,False,True
2026-07-03 12:23:00,Node A,31.65,7.3,9.8,0.2,0.0,0.1,False,False,False,False,True,True
2026-07-03 12:23:00,Node B,30.9,7.45,21.3,0.04,-0.08,-0.4,False,False,False,False,False,True
2026-07-03 12:38:00,Node A,31.96,7.43,10.2,0.31,0.13,0.4,False,False,False,False,True,True
2026-07-03 12:38:00,Node B,30.85,7.38,20.8,-0.05,-0.07,-0.5,False,False,False,False,False,True
2026-07-03 12:53:00,Node A,32.11,7.73,10.3,0.15,0.3,0.1,False,True,False,True,True,False
2026-07-03 12:53:00,Node B,30.7,7.35,20.3,-0.15,-0.03,-0.5,False,False,False,False,False,True
2026-07-03 13:08:00,Node A,32.18,8.07,10.1,0.07,0.34,-0.2,False,True,False,True,True,False
2026-07-03 13:08:00,Node B,30.64,7.27,19.9,-0.06,-0.08,-0.4,False,False,False,False,False,True
2026-07-03 13:23:00,Node A,32.37,8.47,10.0,0.19,0.4,-0.1,False,True,False,True,True,False
2026-07-03 13:23:00,Node B,30.76,7.17,19.3,0.12,-0.1,-0.6,False,False,False,False,False,True
2026-07-03 13:38:00,Node A,32.43,8.45,9.8,0.06,-0.02,-0.2,False,True,False,True,True,False
2026-07-03 13:38:00,Node B,30.88,7.08,19.0,0.12,-0.09,-0.3,False,False,False,False,False,True
2026-07-03 13:53:00,Node A,32.67,8.45,9.2,0.24,0.0,-0.6,False,True,False,True,True,False
2026-07-03 13:53:00,Node B,31.04,7.1,18.4,0.16,0.02,-0.6,False,False,False,False,False,True
2026-07-03 14:08:00,Node A,32.63,8.45,9.4,-0.04,0.0,0.2,False,True,False,True,True,False
2026-07-03 14:08:00,Node B,31.03,7.06,18.4,-0.01,-0.04,0.0,False,False,False,False,False,True
2026-07-03 14:23:00,Node A,32.6,8.4,8.8,-0.03,-0.05,-0.6,False,True,False,True,True,False
2026-07-03 14:23:00,Node B,31.15,7.08,18.1,0.12,0.02,-0.3,False,False,False,False,False,True
2026-07-03 14:38:00,Node A,32.63,8.28,8.6,0.03,-0.12,-0.2,False,True,False,True,True,False
2026-07-03 14:38:00,Node B,31.12,7.05,17.9,-0.03,-0.03,-0.2,False,False,False,False,False,True
2026-07-03 14:53:00,Node A,32.63,8.23,8.4,0.0,-0.05,-0.2,False,True,False,True,True,False
2026-07-03 14:53:00,Node B,31.05,7.03,18.1,-0.07,-0.02,0.2,False,False,False,False,False,True
2026-07-03 15:08:00,Node A,32.51,8.17,8.4,-0.12,-0.06,0.0,False,True,False,True,True,False
2026-07-03 15:08:00,Node B,31.02,7.0,17.9,-0.03,-0.03,-0.2,False,False,False,False,False,True
2026-07-03 15:53:00,Node A,32.22,7.93,7.8,,,,True,True,False,True,True,False
2026-07-03 15:53:00,Node B,31.1,7.02,17.4,,,,True,False,False,False,False,False
2026-07-03 16:08:00,Node A,32.06,7.83,7.5,-0.16,-0.1,-0.3,False,True,False,True,False,False
2026-07-03 16:08:00,Node B,31.13,7.03,17.2,0.03,0.01,-0.2,False,False,False,False,False,True
2026-07-03 16:23:00,Node A,31.94,7.76,6.9,-0.12,-0.07,-0.6,False,False,False,False,False,True
2026-07-03 16:23:00,Node B,31.09,7.04,17.5,-0.04,0.01,0.3,False,False,False,False,False,True
2026-07-03 16:38:00,Node A,31.64,7.66,6.9,-0.3,-0.1,0.0,False,False,False,False,False,True
2026-07-03 16:38:00,Node B,31.02,7.05,17.5,-0.07,0.01,0.0,False,False,False,False,False,True
2026-07-03 16:53:00,Node A,31.5,7.58,6.4,-0.14,-0.08,-0.5,False,False,False,False,False,True
2026-07-03 16:53:00,Node B,31.01,7.08,17.5,-0.01,0.03,0.0,False,False,False,False,False,True
2026-07-03 17:08:00,Node A,31.35,7.55,6.4,-0.15,-0.03,0.0,False,False,False,False,False,True
2026-07-03 17:08:00,Node B,30.86,7.06,17.1,-0.15,-0.02,-0.4,False,False,False,False,False,True
2026-07-03 17:23:00,Node A,31.3,7.46,6.8,-0.05,-0.09,0.4,False,False,False,False,False,True
2026-07-03 17:23:00,Node B,30.87,7.08,17.6,0.01,0.02,0.5,False,False,False,False,False,True
2026-07-03 17:38:00,Node A,31.36,7.39,6.7,0.06,-0.07,-0.1,False,False,False,False,False,True
2026-07-03 17:38:00,Node B,30.87,7.1,17.7,0.0,0.02,0.1,False,False,False,False,False,True
2026-07-03 17:53:00,Node A,31.27,7.39,6.1,-0.09,0.0,-0.6,False,False,False,False,False,True
2026-07-03 17:53:00,Node B,30.61,7.09,17.7,-0.26,-0.01,0.0,False,False,False,False,False,True
2026-07-03 18:08:00,Node A,31.38,7.35,5.9,0.11,-0.04,-0.2,False,False,False,False,False,True
2026-07-03 18:08:00,Node B,30.45,7.07,17.8,-0.16,-0.02,0.1,False,False,False,False,False,True
2026-07-03 18:23:00,Node A,31.43,7.39,6.2,0.05,0.04,0.3,False,False,False,False,False,True
2026-07-03 18:23:00,Node B,30.38,7.06,17.3,-0.07,-0.01,-0.5,False,False,False,False,False,True
2026-07-03 18:38:00,Node A,31.43,7.43,6.3,0.0,0.04,0.1,False,False,False,False,False,True
2026-07-03 18:38:00,Node B,30.33,7.03,17.7,-0.05,-0.03,0.4,False,False,False,False,False,True
2026-07-03 18:53:00,Node A,31.22,7.39,6.0,-0.21,-0.04,-0.3,False,False,False,False,False,True
2026-07-03 18:53:00,Node B,30.25,7.07,17.8,-0.08,0.04,0.1,False,False,False,False,False,True
2026-07-03 19:08:00,Node A,30.91,7.38,6.3,-0.31,-0.01,0.3,False,False,False,False,False,True
2026-07-03 19:08:00,Node B,30.08,7.04,18.1,-0.17,-0.03,0.3,False,False,False,False,False,True
2026-07-03 19:23:00,Node A,30.6,7.36,6.4,-0.31,-0.02,0.1,False,False,False,False,False,True
2026-07-03 19:23:00,Node B,29.97,7.06,17.8,-0.11,0.02,-0.3,False,False,False,False,False,True
2026-07-03 19:38:00,Node A,30.31,7.36,6.3,-0.29,0.0,-0.1,False,False,False,False,False,True
2026-07-03 19:38:00,Node B,29.76,7.05,17.4,-0.21,-0.01,-0.4,False,False,False,False,False,True
2026-07-03 19:53:00,Node A,30.14,7.35,6.1,-0.17,-0.01,-0.2,False,False,False,False,False,True
2026-07-03 19:53:00,Node B,29.65,7.06,17.8,-0.11,0.01,0.4,False,False,False,False,False,True
2026-07-03 20:08:00,Node A,29.84,7.33,5.7,-0.3,-0.02,-0.4,False,False,False,False,False,True
2026-07-03 20:08:00,Node B,29.55,7.03,17.8,-0.1,-0.03,0.0,False,False,False,False,False,True
2026-07-03 20:23:00,Node A,29.55,7.32,5.5,-0.29,-0.01,-0.2,False,False,False,False,False,True
2026-07-03 20:23:00,Node B,29.3,7.0,18.1,-0.25,-0.03,0.3,False,False,False,False,False,True
2026-07-03 20:38:00,Node A,29.43,7.3,5.6,-0.12,-0.02,0.1,False,False,False,False,False,True
2026-07-03 20:38:00,Node B,29.29,6.99,18.5,-0.01,-0.01,0.4,False,False,False,False,False,True
2026-07-03 20:53:00,Node A,29.27,7.29,5.7,-0.16,-0.01,0.1,False,False,False,False,False,True
2026-07-03 20:53:00,Node B,29.11,6.98,18.7,-0.18,-0.01,0.2,False,False,False,False,False,True
2026-07-03 21:08:00,Node A,29.03,7.28,5.8,-0.24,-0.01,0.1,False,False,False,False,False,True
2026-07-03 21:08:00,Node B,28.84,7.0,18.5,-0.27,0.02,-0.2,False,False,False,False,False,True
2026-07-03 21:23:00,Node A,28.91,7.27,5.6,-0.12,-0.01,-0.2,False,False,False,False,False,True
2026-07-03 21:23:00,Node B,28.79,6.99,18.1,-0.05,-0.01,-0.4,False,False,False,False,False,True
2026-07-03 21:38:00,Node A,28.69,7.27,5.6,-0.22,0.0,0.0,False,False,False,False,False,True
2026-07-03 21:38:00,Node B,28.62,7.0,18.0,-0.17,0.01,-0.1,False,False,False,False,False,True
2026-07-03 22:23:00,Node A,27.9,7.25,5.7,,,,True,False,False,False,False,False
2026-07-03 22:23:00,Node B,28.17,6.96,18.2,,,,True,False,False,False,False,False
2026-07-03 22:38:00,Node A,27.68,7.22,6.1,-0.22,-0.03,0.4,False,False,False,False,False,True
2026-07-03 22:38:00,Node B,28.09,6.92,18.7,-0.08,-0.04,0.5,False,False,False,False,False,True
2026-07-03 22:53:00,Node A,27.49,7.26,6.5,-0.19,0.04,0.4,False,False,False,False,False,True
2026-07-03 22:53:00,Node B,27.78,6.92,18.5,-0.31,0.0,-0.2,False,False,False,False,False,True
2026-07-03 23:08:00,Node A,27.2,7.25,6.6,-0.29,-0.01,0.1,False,False,False,False,False,True
2026-07-03 23:08:00,Node B,27.65,6.94,18.6,-0.13,0.02,0.1,False,False,False,False,False,True
2026-07-03 23:23:00,Node A,27.12,7.26,6.4,-0.08,0.01,-0.2,False,False,False,False,False,True
2026-07-03 23:23:00,Node B,27.35,6.93,18.8,-0.3,-0.01,0.2,False,False,False,False,False,True
2026-07-03 23:38:00,Node A,26.93,7.23,6.3,-0.19,-0.03,-0.1,False,False,False,False,False,True
2026-07-03 23:38:00,Node B,27.22,6.9,18.3,-0.13,-0.03,-0.5,False,False,False,False,False,True
2026-07-03 23:53:00,Node A,26.75,7.26,6.1,-0.18,0.03,-0.2,False,False,False,False,False,True
2026-07-03 23:53:00,Node B,27.18,6.93,18.6,-0.04,0.03,0.3,False,False,False,False,False,True
2026-07-04 00:08:00,Node A,26.64,7.23,6.2,-0.11,-0.03,0.1,False,False,False,False,False,True
2026-07-04 00:08:00,Node B,27.15,6.92,18.3,-0.03,-0.01,-0.3,False,False,False,False,False,True
2026-07-04 00:23:00,Node A,26.69,7.2,6.4,0.05,-0.03,0.2,False,False,False,False,False,True
2026-07-04 00:23:00,Node B,26.88,6.87,18.5,-0.27,-0.05,0.2,False,False,False,False,False,True
2026-07-04 00:38:00,Node A,26.69,7.17,6.0,0.0,-0.03,-0.4,False,False,False,False,False,True
2026-07-04 00:38:00,Node B,26.78,6.88,19.0,-0.1,0.01,0.5,False,False,False,False,False,True
2026-07-04 00:53:00,Node A,26.55,7.19,6.2,-0.14,0.02,0.2,False,False,False,False,False,True
2026-07-04 00:53:00,Node B,26.77,6.85,19.2,-0.01,-0.03,0.2,False,False,False,False,False,True
2026-07-04 01:08:00,Node A,26.58,7.19,6.1,0.03,0.0,-0.1,False,False,False,False,False,True
2026-07-04 01:08:00,Node B,26.64,6.86,19.0,-0.13,0.01,-0.2,False,False,False,False,False,True
2026-07-04 01:38:00,Node A,26.52,7.17,5.9,,,,True,False,False,False,False,False
2026-07-04 01:38:00,Node B,26.66,6.84,18.8,,,,True,False,False,False,False,False
2026-07-04 03:23:00,Node A,26.57,7.17,6.7,,,,True,False,False,False,False,False
2026-07-04 03:23:00,Node B,26.61,6.86,19.1,,,,True,False,False,False,False,False
2026-07-04 03:38:00,Node A,26.41,7.15,7.1,-0.16,-0.02,0.4,False,False,False,False,False,True
2026-07-04 03:38:00,Node B,26.59,6.83,19.1,-0.02,-0.03,0.0,False,False,False,False,False,True
2026-07-04 03:53:00,Node A,26.36,7.16,7.1,-0.05,0.01,0.0,False,False,False,False,False,True
2026-07-04 03:53:00,Node B,26.76,6.82,18.8,0.17,-0.01,-0.3,False,False,False,False,False,True
2026-07-04 04:08:00,Node A,26.27,7.16,6.9,-0.09,0.0,-0.2,False,False,False,False,False,True
2026-07-04 04:08:00,Node B,26.8,6.82,18.5,0.04,0.0,-0.3,False,False,False,False,False,True
2026-07-04 04:23:00,Node A,26.29,7.15,6.5,0.02,-0.01,-0.4,False,False,False,False,False,True
2026-07-04 04:23:00,Node B,26.99,6.83,18.6,0.19,0.01,0.1,False,False,False,False,False,True
2026-07-04 04:38:00,Node A,26.29,7.16,6.6,0.0,0.01,0.1,False,False,False,False,False,True
2026-07-04 04:38:00,Node B,27.02,6.8,19.0,0.03,-0.03,0.4,False,False,False,False,False,True
2026-07-04 04:53:00,Node A,26.4,7.14,6.7,0.11,-0.02,0.1,False,False,False,False,False,True
2026-07-04 04:53:00,Node B,27.15,6.8,18.9,0.13,0.0,-0.1,False,False,False,False,False,True
2026-07-04 05:08:00,Node A,26.34,7.16,7.9,-0.06,0.02,1.2,False,False,False,False,False,True
2026-07-04 05:08:00,Node B,27.22,6.82,19.1,0.07,0.02,0.2,False,False,False,False,False,True
2026-07-04 05:23:00,Node A,26.64,7.15,9.4,0.3,-0.01,1.5,False,False,False,False,False,True
2026-07-04 05:23:00,Node B,27.1,6.82,18.9,-0.12,0.0,-0.2,False,False,False,False,False,True
2026-07-04 05:38:00,Node A,26.25,7.2,11.5,-0.39,0.05,2.1,False,False,False,False,True,True
2026-07-04 05:38:00,Node B,27.2,6.86,19.1,0.1,0.04,0.2,False,False,False,False,False,True
2026-07-04 05:53:00,Node A,25.82,7.21,11.2,-0.43,0.01,-0.3,False,False,False,False,True,True
2026-07-04 05:53:00,Node B,27.24,6.92,19.2,0.04,0.06,0.1,False,False,False,False,False,True
2026-07-04 06:08:00,Node A,25.3,7.22,11.3,-0.52,0.01,0.1,False,False,False,False,True,True
2026-07-04 06:08:00,Node B,27.29,6.86,19.0,0.05,-0.06,-0.2,False,False,False,False,False,True
2026-07-04 06:23:00,Node A,25.43,6.84,11.2,0.13,-0.38,-0.1,False,False,False,False,True,True
2026-07-04 06:23:00,Node B,27.43,6.89,19.5,0.14,0.03,0.5,False,False,False,False,False,True
2026-07-04 06:38:00,Node A,25.57,6.09,11.6,0.14,-0.75,0.4,False,True,False,True,True,False
2026-07-04 06:38:00,Node B,27.53,6.87,19.4,0.1,-0.02,-0.1,False,False,False,False,False,True
2026-07-04 06:53:00,Node A,25.55,6.09,11.2,-0.02,0.0,-0.4,False,True,False,True,True,False
2026-07-04 06:53:00,Node B,27.58,6.88,19.1,0.05,0.01,-0.3,False,False,False,False,False,True
2026-07-04 07:08:00,Node A,25.77,6.09,10.4,0.22,0.0,-0.8,False,True,False,True,True,False
2026-07-04 07:08:00,Node B,27.79,6.92,19.0,0.21,0.04,-0.1,False,False,False,False,False,True
2026-07-04 07:23:00,Node A,26.06,6.1,9.9,0.29,0.01,-0.5,False,True,False,True,True,False
2026-07-04 07:23:00,Node B,27.87,6.9,19.1,0.08,-0.02,0.1,False,False,False,False,False,True
2026-07-04 07:38:00,Node A,26.1,6.22,9.7,0.04,0.12,-0.2,False,True,False,True,True,False
2026-07-04 07:38:00,Node B,28.01,6.9,18.9,0.14,0.0,-0.2,False,False,False,False,False,True
2026-07-04 07:53:00,Node A,26.4,6.27,9.1,0.3,0.05,-0.6,False,True,False,True,True,False
2026-07-04 07:53:00,Node B,28.21,6.91,18.8,0.2,0.01,-0.1,False,False,False,False,False,True
2026-07-04 08:08:00,Node A,26.72,6.4,8.5,0.32,0.13,-0.6,False,True,False,True,True,False
2026-07-04 08:08:00,Node B,28.57,6.93,18.9,0.36,0.02,0.1,False,False,False,False,False,True
2026-07-04 08:23:00,Node A,27.06,6.49,7.8,0.34,0.09,-0.7,False,True,False,True,False,False
2026-07-04 08:23:00,Node B,28.64,6.95,19.0,0.07,0.02,0.1,False,False,False,False,False,True
2026-07-04 08:53:00,Node A,27.46,6.68,8.5,,,,True,False,False,False,False,False
2026-07-04 08:53:00,Node B,28.87,6.93,18.7,,,,True,False,False,False,False,False
2026-07-04 09:08:00,Node A,27.51,6.74,9.3,0.05,0.06,0.8,False,False,False,False,True,True
2026-07-04 09:08:00,Node B,29.1,6.98,19.0,0.23,0.05,0.3,False,False,False,False,False,True
2026-07-04 09:23:00,Node A,27.39,6.83,10.8,-0.12,0.09,1.5,False,False,False,False,True,True
2026-07-04 09:23:00,Node B,29.27,6.97,18.9,0.17,-0.01,-0.1,False,False,False,False,False,True
2026-07-04 09:38:00,Node A,27.1,6.9,12.5,-0.29,0.07,1.7,False,False,False,False,True,True
2026-07-04 09:38:00,Node B,29.46,6.99,19.0,0.19,0.02,0.1,False,False,False,False,False,True
2026-07-04 09:53:00,Node A,27.47,6.55,12.9,0.37,-0.35,0.4,False,False,False,False,True,True
2026-07-04 09:53:00,Node B,29.68,6.99,18.8,0.22,0.0,-0.2,False,False,False,False,False,True
2026-07-04 10:08:00,Node A,27.8,5.9,12.6,0.33,-0.65,-0.3,False,True,False,True,True,False
2026-07-04 10:08:00,Node B,29.73,6.97,19.1,0.05,-0.02,0.3,False,False,False,False,False,True
2026-07-04 10:23:00,Node A,27.92,5.9,12.8,0.12,0.0,0.2,False,True,False,True,True,False
2026-07-04 10:23:00,Node B,29.94,6.98,19.3,0.21,0.01,0.2,False,False,False,False,False,True
2026-07-04 10:38:00,Node A,28.0,5.9,12.7,0.08,0.0,-0.1,False,True,False,True,True,False
2026-07-04 10:38:00,Node B,30.04,6.99,19.5,0.1,0.01,0.2,False,False,False,False,False,True
2026-07-04 10:53:00,Node A,28.17,5.9,12.8,0.17,0.0,0.1,False,True,False,True,True,False
2026-07-04 10:53:00,Node B,30.16,6.99,19.5,0.12,0.0,0.0,False,False,False,False,False,True
2026-07-04 11:08:00,Node A,28.26,5.9,11.9,0.09,0.0,-0.9,False,True,False,True,True,False
2026-07-04 11:08:00,Node B,30.36,7.02,19.4,0.2,0.03,-0.1,False,False,False,False,False,True
2026-07-04 11:23:00,Node A,28.52,5.9,11.2,0.26,0.0,-0.7,False,True,False,True,True,False
2026-07-04 11:23:00,Node B,30.56,7.04,19.6,0.2,0.02,0.2,False,False,False,False,False,True
2026-07-04 11:38:00,Node A,28.61,5.98,10.4,0.09,0.08,-0.8,False,True,False,True,True,False
2026-07-04 11:38:00,Node B,30.72,7.02,20.0,0.16,-0.02,0.4,False,False,False,False,False,True
2026-07-04 11:53:00,Node A,29.06,6.14,9.6,0.45,0.16,-0.8,False,True,False,True,True,False
2026-07-04 11:53:00,Node B,30.76,7.06,19.6,0.04,0.04,-0.4,False,False,False,False,False,True
2026-07-04 12:08:00,Node A,29.31,6.29,9.1,0.25,0.15,-0.5,False,True,False,True,False,False
2026-07-04 12:08:00,Node B,30.84,7.06,19.6,0.08,0.0,0.0,False,False,False,False,False,True
2026-07-04 12:38:00,Node A,29.61,6.61,7.1,,,,True,False,False,False,False,False
2026-07-04 12:38:00,Node B,30.83,7.04,19.7,,,,True,False,False,False,True,False
2026-07-04 12:53:00,Node A,29.73,6.75,6.9,0.12,0.14,-0.2,False,False,False,False,False,True
2026-07-04 12:53:00,Node B,30.79,7.07,19.9,-0.04,0.03,0.2,False,False,False,False,True,True
2026-07-04 13:08:00,Node A,29.94,6.91,7.3,0.21,0.16,0.4,False,False,False,False,False,True
2026-07-04 13:08:00,Node B,30.93,7.08,19.9,0.14,0.01,0.0,False,False,False,False,True,True
2026-07-04 13:23:00,Node A,30.06,7.08,7.4,0.12,0.17,0.1,False,False,False,False,False,True
2026-07-04 13:23:00,Node B,30.92,7.07,14.2,-0.01,-0.01,-5.7,False,False,True,True,False,False
2026-07-04 13:38:00,Node A,30.13,7.22,7.5,0.07,0.14,0.1,False,False,False,False,False,True
2026-07-04 13:38:00,Node B,31.05,7.06,14.3,0.13,-0.01,0.1,False,False,False,False,False,True
2026-07-04 13:53:00,Node A,30.11,7.33,7.6,-0.02,0.11,0.1,False,False,False,False,False,True
2026-07-04 13:53:00,Node B,31.0,7.05,14.4,-0.05,-0.01,0.1,False,False,False,False,False,True
2026-07-04 14:08:00,Node A,30.09,7.34,7.5,-0.02,0.01,-0.1,False,False,False,False,False,True
2026-07-04 14:08:00,Node B,31.2,7.06,14.4,0.2,0.01,0.0,False,False,False,False,False,True
2026-07-04 14:23:00,Node A,30.29,7.36,7.6,0.2,0.02,0.1,False,False,False,False,False,True
2026-07-04 14:23:00,Node B,31.16,7.04,14.6,-0.04,-0.02,0.2,False,False,False,False,False,True
2026-07-04 14:38:00,Node A,30.26,7.34,7.9,-0.03,-0.02,0.3,False,False,False,False,False,True
2026-07-04 14:38:00,Node B,31.17,7.06,14.3,0.01,0.02,-0.3,False,False,False,False,False,True
2026-07-04 14:53:00,Node A,30.18,7.35,7.7,-0.08,0.01,-0.2,False,False,False,False,False,True
2026-07-04 14:53:00,Node B,31.1,7.07,14.5,-0.07,0.01,0.2,False,False,False,False,False,True
2026-07-04 15:08:00,Node A,30.18,7.33,7.9,0.0,-0.02,0.2,False,False,False,False,False,True
2026-07-04 15:08:00,Node B,31.14,7.08,14.3,0.04,0.01,-0.2,False,False,False,False,False,True
2026-07-04 15:23:00,Node A,30.29,7.34,8.0,0.11,0.01,0.1,False,False,False,False,False,True
2026-07-04 15:23:00,Node B,31.16,7.08,14.5,0.02,0.0,0.2,False,False,False,False,False,True
2026-07-04 15:38:00,Node A,30.17,7.36,7.8,-0.12,0.02,-0.2,False,False,False,False,False,True
2026-07-04 15:38:00,Node B,31.14,7.07,14.2,-0.02,-0.01,-0.3,False,False,False,False,False,True
2026-07-04 15:53:00,Node A,30.11,7.36,7.5,-0.06,0.0,-0.3,False,False,False,False,False,True
2026-07-04 15:53:00,Node B,31.1,7.08,14.4,-0.04,0.01,0.2,False,False,False,False,False,True
2026-07-04 16:08:00,Node A,29.95,7.36,7.3,-0.16,0.0,-0.2,False,False,False,False,False,True
2026-07-04 16:08:00,Node B,31.15,7.1,14.4,0.05,0.02,0.0,False,False,False,False,False,True
2026-07-04 16:38:00,Node A,29.76,7.35,7.5,,,,True,False,False,False,False,False
2026-07-04 16:38:00,Node B,30.94,7.1,14.6,,,,True,False,False,False,False,False
2026-07-04 17:08:00,Node A,29.67,7.4,7.2,,,,True,False,False,False,False,False
2026-07-04 17:08:00,Node B,30.87,7.11,14.6,,,,True,False,False,False,False,False
2026-07-04 17:23:00,Node A,29.71,7.36,7.2,0.04,-0.04,0.0,False,False,False,False,False,True
2026-07-04 17:23:00,Node B,30.86,7.09,14.6,-0.01,-0.02,0.0,False,False,False,False,False,True
2026-07-04 17:38:00,Node A,29.72,7.37,7.1,0.01,0.01,-0.1,False,False,False,False,False,True
2026-07-04 17:38:00,Node B,30.79,7.1,14.5,-0.07,0.01,-0.1,False,False,False,False,False,True
2026-07-04 17:53:00,Node A,29.73,7.41,7.5,0.01,0.04,0.4,False,False,False,False,False,True
2026-07-04 17:53:00,Node B,30.76,7.14,14.6,-0.03,0.04,0.1,False,False,False,False,False,True
2026-07-04 18:08:00,Node A,29.49,7.4,6.8,-0.24,-0.01,-0.7,False,False,False,False,False,True
2026-07-04 18:08:00,Node B,30.49,7.08,14.8,-0.27,-0.06,0.2,False,False,False,False,False,True
2026-07-04 18:23:00,Node A,29.33,7.34,7.1,-0.16,-0.06,0.3,False,False,False,False,False,True
2026-07-04 18:23:00,Node B,30.39,7.08,14.8,-0.1,0.0,0.0,False,False,False,False,False,True
2026-07-04 18:38:00,Node A,29.33,7.33,7.4,0.0,-0.01,0.3,False,False,False,False,False,True
2026-07-04 18:38:00,Node B,30.35,7.11,15.2,-0.04,0.03,0.4,False,False,False,False,False,True
2026-07-04 18:53:00,Node A,29.2,7.33,7.5,-0.13,0.0,0.1,False,False,False,False,False,True
2026-07-04 18:53:00,Node B,30.28,7.12,15.1,-0.07,0.01,-0.1,False,False,False,False,False,True
2026-07-04 19:08:00,Node A,29.05,7.35,7.4,-0.15,0.02,-0.1,False,False,False,False,False,True
2026-07-04 19:08:00,Node B,30.27,7.08,15.1,-0.01,-0.04,0.0,False,False,False,False,False,True
2026-07-04 19:23:00,Node A,29.06,7.35,7.7,0.01,0.0,0.3,False,False,False,False,False,True
2026-07-04 19:23:00,Node B,30.07,7.06,14.9,-0.2,-0.02,-0.2,False,False,False,False,False,True
2026-07-04 19:38:00,Node A,29.06,7.34,7.7,0.0,-0.01,0.0,False,False,False,False,False,True
2026-07-04 19:38:00,Node B,29.93,7.09,14.8,-0.14,0.03,-0.1,False,False,False,False,False,True
2026-07-04 19:53:00,Node A,28.81,7.32,7.9,-0.25,-0.02,0.2,False,False,False,False,False,True
2026-07-04 19:53:00,Node B,29.86,7.06,14.7,-0.07,-0.03,-0.1,False,False,False,False,False,True
2026-07-04 20:08:00,Node A,28.68,7.28,7.6,-0.13,-0.04,-0.3,False,False,False,False,False,True
2026-07-04 20:08:00,Node B,29.59,7.04,14.9,-0.27,-0.02,0.2,False,False,False,False,False,True
2026-07-04 20:23:00,Node A,28.58,7.31,7.7,-0.1,0.03,0.1,False,False,False,False,False,True
2026-07-04 20:23:00,Node B,29.46,7.05,14.8,-0.13,0.01,-0.1,False,False,False,False,False,True
2026-07-04 20:38:00,Node A,28.31,7.33,7.8,-0.27,0.02,0.1,False,False,False,False,False,True
2026-07-04 20:38:00,Node B,29.35,7.04,14.6,-0.11,-0.01,-0.2,False,False,False,False,False,True
2026-07-04 20:53:00,Node A,28.23,7.3,8.1,-0.08,-0.03,0.3,False,False,False,False,False,True
2026-07-04 20:53:00,Node B,29.37,7.01,14.6,0.02,-0.03,0.0,False,False,False,False,False,True
2026-07-04 21:08:00,Node A,27.98,7.28,8.5,-0.25,-0.02,0.4,False,False,False,False,False,True
2026-07-04 21:08:00,Node B,29.27,7.02,14.6,-0.1,0.01,0.0,False,False,False,False,False,True
2026-07-04 21:23:00,Node A,27.88,7.26,8.3,-0.1,-0.02,-0.2,False,False,False,False,False,True
2026-07-04 21:23:00,Node B,29.11,7.02,14.8,-0.16,0.0,0.2,False,False,False,False,False,True
2026-07-04 21:38:00,Node A,27.89,7.24,8.2,0.01,-0.02,-0.1,False,False,False,False,False,True
2026-07-04 21:38:00,Node B,28.98,7.0,14.1,-0.13,-0.02,-0.7,False,False,False,False,False,True
2026-07-04 21:53:00,Node A,27.73,7.26,8.2,-0.16,0.02,0.0,False,False,False,False,False,True
2026-07-04 21:53:00,Node B,28.69,7.0,14.2,-0.29,0.0,0.1,False,False,False,False,False,True
2026-07-04 22:23:00,Node A,27.57,7.27,8.0,,,,True,False,False,False,False,False
2026-07-04 22:23:00,Node B,28.51,6.99,14.7,,,,True,False,False,False,False,False
2026-07-04 22:38:00,Node A,27.49,7.25,7.6,-0.08,-0.02,-0.4,False,False,False,False,False,True
2026-07-04 22:38:00,Node B,28.29,6.98,14.5,-0.22,-0.01,-0.2,False,False,False,False,False,True
2026-07-04 22:53:00,Node A,27.35,7.26,8.1,-0.14,0.01,0.5,False,False,False,False,False,True
2026-07-04 22:53:00,Node B,28.27,7.0,14.7,-0.02,0.02,0.2,False,False,False,False,False,True
2026-07-04 23:08:00,Node A,27.3,7.25,7.7,-0.05,-0.01,-0.4,False,False,False,False,False,True
2026-07-04 23:08:00,Node B,28.1,7.01,14.6,-0.17,0.01,-0.1,False,False,False,False,False,True
2026-07-04 23:23:00,Node A,27.21,7.28,7.8,-0.09,0.03,0.1,False,False,False,False,False,True
2026-07-04 23:23:00,Node B,28.26,6.98,14.4,0.16,-0.03,-0.2,False,False,False,False,False,True
2026-07-04 23:38:00,Node A,27.03,7.24,7.8,-0.18,-0.04,0.0,False,False,False,False,False,True
2026-07-04 23:38:00,Node B,28.19,6.99,14.7,-0.07,0.01,0.3,False,False,False,False,False,True
2026-07-04 23:53:00,Node A,26.94,7.26,7.8,-0.09,0.02,0.0,False,False,False,False,False,True
2026-07-04 23:53:00,Node B,28.14,6.99,15.2,-0.05,0.0,0.5,False,False,False,False,False,True
2026-07-05 00:08:00,Node A,26.83,7.25,7.5,-0.11,-0.01,-0.3,False,False,False,False,False,True
2026-07-05 00:08:00,Node B,28.1,6.96,15.8,-0.04,-0.03,0.6,False,False,False,False,False,True
2026-07-05 00:23:00,Node A,26.66,7.21,8.2,-0.17,-0.04,0.7,False,False,False,False,False,True
2026-07-05 00:23:00,Node B,28.05,6.97,16.3,-0.05,0.01,0.5,False,False,False,False,False,True
2026-07-05 00:38:00,Node A,26.56,7.19,7.8,-0.1,-0.02,-0.4,False,False,False,False,False,True
2026-07-05 00:38:00,Node B,27.98,6.97,16.8,-0.07,0.0,0.5,False,False,False,False,False,True
2026-07-05 00:53:00,Node A,26.63,7.18,8.0,0.07,-0.01,0.2,False,False,False,False,False,True
2026-07-05 00:53:00,Node B,28.13,6.96,17.2,0.15,-0.01,0.4,False,False,False,False,False,True
2026-07-05 01:08:00,Node A,26.47,7.17,8.0,-0.16,-0.01,0.0,False,False,False,False,False,True
2026-07-05 01:08:00,Node B,28.07,7.03,18.1,-0.06,0.07,0.9,False,False,False,False,False,True
2026-07-05 01:23:00,Node A,26.51,7.17,7.7,0.04,0.0,-0.3,False,False,False,False,False,True
2026-07-05 01:23:00,Node B,28.23,7.15,18.6,0.16,0.12,0.5,False,False,False,False,False,True
2026-07-05 01:38:00,Node A,26.52,7.19,7.7,0.01,0.02,0.0,False,False,False,False,False,True
2026-07-05 01:38:00,Node B,28.36,7.31,18.8,0.13,0.16,0.2,False,False,False,False,False,True
2026-07-05 01:53:00,Node A,26.53,7.18,7.5,0.01,-0.01,-0.2,False,False,False,False,False,True
2026-07-05 01:53:00,Node B,28.41,7.5,19.6,0.05,0.19,0.8,False,False,False,False,False,True
2026-07-05 02:08:00,Node A,26.45,7.18,7.6,-0.08,0.0,0.1,False,False,False,False,False,True
2026-07-05 02:08:00,Node B,28.48,7.7,19.4,0.07,0.2,-0.2,False,False,False,False,False,True
2026-07-05 02:23:00,Node A,26.26,7.18,7.5,-0.19,0.0,-0.1,False,False,False,False,False,True
2026-07-05 02:23:00,Node B,28.81,7.68,19.5,0.33,-0.02,0.1,False,False,False,False,False,True
2026-07-05 02:38:00,Node A,26.2,7.17,7.4,-0.06,-0.01,-0.1,False,False,False,False,False,True
2026-07-05 02:38:00,Node B,28.82,7.68,19.3,0.01,0.0,-0.2,False,False,False,False,False,True
2026-07-05 02:53:00,Node A,26.15,7.18,7.7,-0.05,0.01,0.3,False,False,False,False,False,True
2026-07-05 02:53:00,Node B,28.93,7.67,18.8,0.11,-0.01,-0.5,False,False,False,False,False,True
2026-07-05 03:08:00,Node A,26.24,7.18,7.8,0.09,0.0,0.1,False,False,False,False,False,True
2026-07-05 03:08:00,Node B,29.11,7.67,18.5,0.18,0.0,-0.3,False,False,False,False,False,True
2026-07-05 03:23:00,Node A,26.37,7.2,7.8,0.13,0.02,0.0,False,False,False,False,False,True
2026-07-05 03:23:00,Node B,29.07,7.68,18.8,-0.04,0.01,0.3,False,False,False,False,False,True
2026-07-05 03:38:00,Node A,26.57,7.16,7.5,0.2,-0.04,-0.3,False,False,False,False,False,True
2026-07-05 03:38:00,Node B,28.91,7.7,18.6,-0.16,0.02,-0.2,False,False,False,False,False,True
2026-07-05 03:53:00,Node A,26.62,7.18,7.7,0.05,0.02,0.2,False,False,False,False,False,True
2026-07-05 03:53:00,Node B,29.05,7.65,18.6,0.14,-0.05,0.0,False,False,False,False,False,True
2026-07-05 04:08:00,Node A,26.69,7.14,7.3,0.07,-0.04,-0.4,False,False,False,False,False,True
2026-07-05 04:08:00,Node B,29.21,7.57,18.9,0.16,-0.08,0.3,False,False,False,False,False,True
2026-07-05 04:23:00,Node A,26.63,7.12,7.1,-0.06,-0.02,-0.2,False,False,False,False,False,True
2026-07-05 04:23:00,Node B,29.35,7.52,18.7,0.14,-0.05,-0.2,False,False,False,False,False,True
2026-07-05 04:38:00,Node A,26.74,7.14,7.2,0.11,0.02,0.1,False,False,False,False,False,True
2026-07-05 04:38:00,Node B,29.53,7.48,19.0,0.18,-0.04,0.3,False,False,False,False,False,True
2026-07-05 04:53:00,Node A,26.68,7.16,7.5,-0.06,0.02,0.3,False,False,False,False,False,True
2026-07-05 04:53:00,Node B,29.5,7.44,19.2,-0.03,-0.04,0.2,False,False,False,False,False,True
2026-07-05 05:08:00,Node A,26.76,7.16,7.6,0.08,0.0,0.1,False,False,False,False,False,True
2026-07-05 05:08:00,Node B,29.49,7.36,19.2,-0.01,-0.08,0.0,False,False,False,False,False,True
2026-07-05 05:23:00,Node A,26.8,7.15,8.0,0.04,-0.01,0.4,False,False,False,False,False,True
2026-07-05 05:23:00,Node B,29.64,7.33,18.8,0.15,-0.03,-0.4,False,False,False,False,False,True
2026-07-05 05:38:00,Node A,26.83,7.14,8.0,0.03,-0.01,0.0,False,False,False,False,False,True
2026-07-05 05:38:00,Node B,29.83,7.28,18.3,0.19,-0.05,-0.5,False,False,False,False,False,True
2026-07-05 05:53:00,Node A,26.87,7.13,7.8,0.04,-0.01,-0.2,False,False,False,False,False,True
2026-07-05 05:53:00,Node B,30.01,7.19,17.8,0.18,-0.09,-0.5,False,False,False,False,False,True
2026-07-05 06:08:00,Node A,26.93,7.12,7.9,0.06,-0.01,0.1,False,False,False,False,False,True
2026-07-05 06:08:00,Node B,30.04,7.12,17.5,0.03,-0.07,-0.3,False,False,False,False,False,True
2026-07-05 06:23:00,Node A,27.12,7.15,7.8,0.19,0.03,-0.1,False,False,False,False,False,True
2026-07-05 06:23:00,Node B,30.21,7.06,17.7,0.17,-0.06,0.2,False,False,False,False,False,True
2026-07-05 06:38:00,Node A,27.33,7.15,7.7,0.21,0.0,-0.1,False,False,False,False,False,True
2026-07-05 06:38:00,Node B,30.24,7.03,17.5,0.03,-0.03,-0.2,False,False,False,False,False,True
2026-07-05 06:53:00,Node A,27.38,7.16,7.8,0.05,0.01,0.1,False,False,False,False,False,True
2026-07-05 06:53:00,Node B,30.51,6.97,17.6,0.27,-0.06,0.1,False,False,False,False,False,True
2026-07-05 07:08:00,Node A,27.47,7.17,8.2,0.09,0.01,0.4,False,False,False,False,False,True
2026-07-05 07:08:00,Node B,30.73,6.91,17.5,0.22,-0.06,-0.1,False,False,False,False,False,True
2026-07-05 07:23:00,Node A,27.5,7.17,8.5,0.03,0.0,0.3,False,False,False,False,False,True
2026-07-05 07:23:00,Node B,30.74,6.93,17.2,0.01,0.02,-0.3,False,False,False,False,False,True
2026-07-05 07:38:00,Node A,27.57,7.19,8.6,0.07,0.02,0.1,False,False,False,False,False,True
2026-07-05 07:38:00,Node B,30.93,6.91,16.8,0.19,-0.02,-0.4,False,False,False,False,False,True
2026-07-05 07:53:00,Node A,27.68,7.17,8.5,0.11,-0.02,-0.1,False,False,False,False,False,True
2026-07-05 07:53:00,Node B,31.02,6.9,16.0,0.09,-0.01,-0.8,False,False,False,False,False,True
2026-07-05 08:08:00,Node A,27.8,7.19,8.5,0.12,0.02,0.0,False,False,False,False,False,True
2026-07-05 08:08:00,Node B,30.87,6.93,15.4,-0.15,0.03,-0.6,False,False,False,False,False,True
2026-07-05 08:23:00,Node A,28.09,7.18,8.0,0.29,-0.01,-0.5,False,False,False,False,False,True
2026-07-05 08:23:00,Node B,31.02,6.92,15.0,0.15,-0.01,-0.4,False,False,False,False,False,True
2026-07-05 08:38:00,Node A,28.11,7.23,8.0,0.02,0.05,0.0,False,False,False,False,False,True
2026-07-05 08:38:00,Node B,31.0,6.91,14.8,-0.02,-0.01,-0.2,False,False,False,False,False,True
2026-07-05 08:53:00,Node A,28.16,7.23,8.1,0.05,0.0,0.1,False,False,False,False,False,True
2026-07-05 08:53:00,Node B,31.02,6.93,15.0,0.02,0.02,0.2,False,False,False,False,False,True
2026-07-05 09:08:00,Node A,28.29,7.25,8.2,0.13,0.02,0.1,False,False,False,False,False,True
2026-07-05 09:08:00,Node B,31.13,6.93,15.2,0.11,0.0,0.2,False,False,False,False,False,True
2026-07-05 09:23:00,Node A,28.45,7.27,8.0,0.16,0.02,-0.2,False,False,False,False,False,True
2026-07-05 09:23:00,Node B,31.23,6.92,15.7,0.1,-0.01,0.5,False,False,False,False,False,True
2026-07-05 10:23:00,Node A,28.9,7.27,12.3,,,,True,False,False,False,True,False
2026-07-05 10:23:00,Node B,31.36,6.95,16.0,,,,True,False,False,False,False,False
2026-07-05 10:38:00,Node A,28.97,7.26,12.1,0.07,-0.01,-0.2,False,False,False,False,True,True
2026-07-05 10:38:00,Node B,31.48,6.98,16.1,0.12,0.03,0.1,False,False,False,False,False,True
2026-07-05 10:53:00,Node A,29.07,6.47,12.3,0.1,-0.79,0.2,False,True,False,True,True,False
2026-07-05 10:53:00,Node B,31.49,7.0,16.1,0.01,0.02,0.0,False,False,False,False,False,True
2026-07-05 11:08:00,Node A,29.18,6.47,12.0,0.11,0.0,-0.3,False,True,False,True,True,False
2026-07-05 11:08:00,Node B,31.44,7.02,15.8,-0.05,0.02,-0.3,False,False,False,False,False,True
2026-07-05 11:23:00,Node A,29.36,6.49,12.1,0.18,0.02,0.1,False,True,False,True,True,False
2026-07-05 11:23:00,Node B,31.4,7.03,15.7,-0.04,0.01,-0.1,False,False,False,False,False,True
2026-07-05 11:38:00,Node A,29.42,6.46,12.0,0.06,-0.03,-0.1,False,True,False,True,True,False
2026-07-05 11:38:00,Node B,31.46,6.99,15.8,0.06,-0.04,0.1,False,False,False,False,False,True
2026-07-05 11:53:00,Node A,29.6,6.47,11.7,0.18,0.01,-0.3,False,True,False,True,False,False
2026-07-05 11:53:00,Node B,31.43,7.03,15.9,-0.03,0.04,0.1,False,False,False,False,False,True
2026-07-05 12:08:00,Node A,29.65,6.57,11.3,0.05,0.1,-0.4,False,False,False,False,False,True
2026-07-05 12:08:00,Node B,31.45,7.03,16.3,0.02,0.0,0.4,False,False,False,False,False,True
2026-07-05 12:23:00,Node A,29.79,6.67,10.9,0.14,0.1,-0.4,False,False,False,False,False,True
2026-07-05 12:23:00,Node B,31.41,7.02,16.5,-0.04,-0.01,0.2,False,False,False,False,False,True
2026-07-05 12:38:00,Node A,29.75,6.75,10.7,-0.04,0.08,-0.2,False,False,False,False,False,True
2026-07-05 12:38:00,Node B,31.6,6.99,16.6,0.19,-0.03,0.1,False,False,False,False,False,True
2026-07-05 12:53:00,Node A,29.88,6.85,9.7,0.13,0.1,-1.0,False,False,False,False,False,True
2026-07-05 12:53:00,Node B,31.65,7.04,16.3,0.05,0.05,-0.3,False,False,False,False,False,True
2026-07-05 13:08:00,Node A,29.86,6.95,9.3,-0.02,0.1,-0.4,False,False,False,False,False,True
2026-07-05 13:08:00,Node B,31.66,7.08,16.0,0.01,0.04,-0.3,False,False,False,False,False,True
2026-07-05 13:23:00,Node A,29.88,7.06,8.8,0.02,0.11,-0.5,False,False,False,False,False,True
2026-07-05 13:23:00,Node B,31.7,7.04,16.0,0.04,-0.04,0.0,False,False,False,False,False,True
2026-07-05 13:38:00,Node A,29.9,7.14,8.4,0.02,0.08,-0.4,False,False,False,False,False,True
2026-07-05 13:38:00,Node B,31.73,7.07,16.2,0.03,0.03,0.2,False,False,False,False,False,True
2026-07-05 13:53:00,Node A,30.0,7.25,8.9,0.1,0.11,0.5,False,False,False,False,False,True
2026-07-05 13:53:00,Node B,31.72,7.06,16.1,-0.01,-0.01,-0.1,False,False,False,False,False,True
2026-07-05 14:08:00,Node A,30.12,7.39,8.6,0.12,0.14,-0.3,False,False,False,False,False,True
2026-07-05 14:08:00,Node B,31.74,7.07,15.9,0.02,0.01,-0.2,False,False,False,False,False,True
2026-07-05 14:23:00,Node A,30.19,7.36,8.3,0.07,-0.03,-0.3,False,False,False,False,False,True
2026-07-05 14:23:00,Node B,31.86,7.03,15.9,0.12,-0.04,0.0,False,False,False,False,False,True
2026-07-05 14:38:00,Node A,30.2,7.38,8.6,0.01,0.02,0.3,False,False,False,False,False,True
2026-07-05 14:38:00,Node B,31.99,7.06,15.5,0.13,0.03,-0.4,False,False,False,False,False,True
2026-07-05 14:53:00,Node A,30.3,7.37,8.6,0.1,-0.01,0.0,False,False,False,False,False,True
2026-07-05 14:53:00,Node B,31.98,7.06,15.4,-0.01,0.0,-0.1,False,False,False,False,False,True
2026-07-05 15:08:00,Node A,30.32,7.37,8.8,0.02,0.0,0.2,False,False,False,False,False,True
2026-07-05 15:08:00,Node B,31.95,7.05,16.1,-0.03,-0.01,0.7,False,False,False,False,False,True
2026-07-05 15:38:00,Node A,30.14,7.34,8.9,,,,True,False,False,False,False,False
2026-07-05 15:38:00,Node B,31.69,7.06,16.2,,,,True,False,False,False,False,False
2026-07-05 15:53:00,Node A,30.17,7.33,9.1,0.03,-0.01,0.2,False,False,False,False,False,True
2026-07-05 15:53:00,Node B,31.6,7.08,16.1,-0.09,0.02,-0.1,False,False,False,False,False,True
2026-07-05 16:08:00,Node A,30.38,7.4,9.0,0.21,0.07,-0.1,False,False,False,False,False,True
2026-07-05 16:08:00,Node B,31.53,7.09,16.1,-0.07,0.01,0.0,False,False,False,False,False,True
2026-07-05 16:23:00,Node A,30.24,7.39,9.4,-0.14,-0.01,0.4,False,False,False,False,False,True
2026-07-05 16:23:00,Node B,31.47,7.11,16.2,-0.06,0.02,0.1,False,False,False,False,False,True
2026-07-05 16:38:00,Node A,30.01,7.39,8.8,-0.23,0.0,-0.6,False,False,False,False,False,True
2026-07-05 16:38:00,Node B,31.45,7.1,16.4,-0.02,-0.01,0.2,False,False,False,False,False,True
2026-07-05 16:53:00,Node A,29.95,7.38,8.9,-0.06,-0.01,0.1,False,False,False,False,False,True
2026-07-05 16:53:00,Node B,31.18,7.07,16.4,-0.27,-0.03,0.0,False,False,False,False,False,True
2026-07-05 17:38:00,Node A,29.65,7.36,8.3,,,,True,False,False,False,False,False
2026-07-05 17:38:00,Node B,30.99,7.09,16.1,,,,True,False,False,False,False,False
2026-07-05 17:53:00,Node A,29.55,7.37,8.5,-0.1,0.01,0.2,False,False,False,False,False,True
2026-07-05 17:53:00,Node B,30.74,7.06,16.4,-0.25,-0.03,0.3,False,False,False,False,False,True
2026-07-05 18:08:00,Node A,29.55,7.38,8.5,0.0,0.01,0.0,False,False,False,False,False,True
2026-07-05 18:08:00,Node B,30.59,7.04,16.2,-0.15,-0.02,-0.2,False,False,False,False,False,True
2026-07-05 18:23:00,Node A,29.45,7.35,8.9,-0.1,-0.03,0.4,False,False,False,False,False,True
2026-07-05 18:23:00,Node B,30.51,7.07,16.2,-0.08,0.03,0.0,False,False,False,False,False,True
2026-07-05 18:38:00,Node A,29.36,7.35,9.0,-0.09,0.0,0.1,False,False,False,False,False,True
2026-07-05 18:38:00,Node B,30.51,7.1,16.2,0.0,0.03,0.0,False,False,False,False,False,True
2026-07-05 18:53:00,Node A,29.23,7.35,9.4,-0.13,0.0,0.4,False,False,False,False,False,True
2026-07-05 18:53:00,Node B,30.26,7.11,16.5,-0.25,0.01,0.3,False,False,False,False,False,True
2026-07-05 19:08:00,Node A,29.22,7.38,9.2,-0.01,0.03,-0.2,False,False,False,False,False,True
2026-07-05 19:08:00,Node B,30.12,7.11,16.2,-0.14,0.0,-0.3,False,False,False,False,False,True
2026-07-05 19:23:00,Node A,29.0,7.31,9.2,-0.22,-0.07,0.0,False,False,False,False,False,True
2026-07-05 19:23:00,Node B,30.05,7.12,16.3,-0.07,0.01,0.1,False,False,False,False,False,True
2026-07-05 19:38:00,Node A,28.97,7.32,9.2,-0.03,0.01,0.0,False,False,False,False,False,True
2026-07-05 19:38:00,Node B,29.82,7.1,16.8,-0.23,-0.02,0.5,False,False,False,False,False,True
2026-07-05 19:53:00,Node A,28.83,7.31,9.6,-0.14,-0.01,0.4,False,False,False,False,False,True
2026-07-05 19:53:00,Node B,29.61,7.07,17.3,-0.21,-0.03,0.5,False,False,False,False,False,True
2026-07-05 20:08:00,Node A,28.78,7.33,9.4,-0.05,0.02,-0.2,False,False,False,False,False,True
2026-07-05 20:08:00,Node B,29.45,7.04,18.0,-0.16,-0.03,0.7,False,False,False,False,False,True
2026-07-05 20:23:00,Node A,28.57,7.34,9.1,-0.21,0.01,-0.3,False,False,False,False,False,True
2026-07-05 20:23:00,Node B,29.31,7.0,18.6,-0.14,-0.04,0.6,False,False,False,False,False,True
2026-07-05 20:38:00,Node A,28.45,7.3,9.3,-0.12,-0.04,0.2,False,False,False,False,False,True
2026-07-05 20:38:00,Node B,29.2,7.06,19.1,-0.11,0.06,0.5,False,False,False,False,False,True
2026-07-05 20:53:00,Node A,28.39,7.28,9.7,-0.06,-0.02,0.4,False,False,False,False,False,True
2026-07-05 20:53:00,Node B,29.12,7.24,19.5,-0.08,0.18,0.4,False,False,False,False,False,True
2026-07-05 21:08:00,Node A,28.19,7.28,9.8,-0.2,0.0,0.1,False,False,False,False,False,True
2026-07-05 21:08:00,Node B,29.05,7.46,20.1,-0.07,0.22,0.6,False,False,False,False,False,True
2026-07-05 21:23:00,Node A,28.04,7.26,9.7,-0.15,-0.02,-0.1,False,False,False,False,False,True
2026-07-05 21:23:00,Node B,28.73,7.68,20.7,-0.32,0.22,0.6,False,False,False,False,False,True
2026-07-05 21:38:00,Node A,28.08,7.26,9.2,0.04,0.0,-0.5,False,False,False,False,False,True
2026-07-05 21:38:00,Node B,28.53,7.92,20.4,-0.2,0.24,-0.3,False,False,False,False,False,True
2026-07-05 21:53:00,Node A,27.89,7.28,9.3,-0.19,0.02,0.1,False,False,False,False,False,True
2026-07-05 21:53:00,Node B,28.55,7.9,20.2,0.02,-0.02,-0.2,False,False,False,False,False,True
2026-07-05 22:08:00,Node A,27.69,7.27,8.9,-0.2,-0.01,-0.4,False,False,False,False,False,True
2026-07-05 22:08:00,Node B,28.5,7.9,20.4,-0.05,0.0,0.2,False,False,False,False,False,True
2026-07-05 22:23:00,Node A,27.67,7.26,8.9,-0.02,-0.01,0.0,False,False,False,False,False,True
2026-07-05 22:23:00,Node B,28.43,7.88,20.6,-0.07,-0.02,0.2,False,False,False,False,False,True
2026-07-05 22:38:00,Node A,27.51,7.25,8.9,-0.16,-0.01,0.0,False,False,False,False,False,True
2026-07-05 22:38:00,Node B,28.39,7.86,20.7,-0.04,-0.02,0.1,False,False,False,False,False,True
2026-07-05 22:53:00,Node A,27.38,7.23,9.1,-0.13,-0.02,0.2,False,False,False,False,False,True
2026-07-05 22:53:00,Node B,28.16,7.72,21.0,-0.23,-0.14,0.3,False,False,False,False,False,True
2026-07-05 23:08:00,Node A,27.25,7.24,8.6,-0.13,0.01,-0.5,False,False,False,False,False,True
2026-07-05 23:08:00,Node B,28.22,7.62,20.7,0.06,-0.1,-0.3,False,False,False,False,False,True
2026-07-05 23:23:00,Node A,27.06,7.23,8.7,-0.19,-0.01,0.1,False,False,False,False,False,True
2026-07-05 23:23:00,Node B,28.07,7.5,20.9,-0.15,-0.12,0.2,False,False,False,False,False,True
2026-07-05 23:38:00,Node A,26.94,7.21,8.8,-0.12,-0.02,0.1,False,False,False,False,False,True
2026-07-05 23:38:00,Node B,27.95,7.43,21.2,-0.12,-0.07,0.3,False,False,False,False,False,True
2026-07-05 23:53:00,Node A,26.86,7.15,9.0,-0.08,-0.06,0.2,False,False,False,False,True,True
2026-07-05 23:53:00,Node B,27.83,7.31,20.9,-0.12,-0.12,-0.3,False,False,False,False,False,True
2026-07-06 00:08:00,Node A,27.0,7.17,9.8,0.14,0.02,0.8,False,False,False,False,True,True
2026-07-06 00:08:00,Node B,27.9,7.2,21.0,0.07,-0.11,0.1,False,False,False,False,False,True
2026-07-06 00:23:00,Node A,26.77,7.18,11.4,-0.23,0.01,1.6,False,False,False,False,True,True
2026-07-06 00:23:00,Node B,27.84,7.08,20.8,-0.06,-0.12,-0.2,False,False,False,False,False,True
2026-07-06 00:38:00,Node A,26.69,7.19,12.7,-0.08,0.01,1.3,False,False,False,False,True,True
2026-07-06 00:38:00,Node B,27.71,6.95,20.5,-0.13,-0.13,-0.3,False,False,False,False,False,True
2026-07-06 00:53:00,Node A,26.69,7.82,12.9,0.0,0.63,0.2,False,False,True,True,False,False
2026-07-06 00:53:00,Node B,27.59,6.91,20.4,-0.12,-0.04,-0.1,False,False,False,False,False,True
2026-07-06 01:08:00,Node A,26.67,7.86,12.3,-0.02,0.04,-0.6,False,False,False,False,False,True
2026-07-06 01:08:00,Node B,27.46,6.91,20.5,-0.13,0.0,0.1,False,False,False,False,False,True
2026-07-06 01:23:00,Node A,26.54,7.86,12.5,-0.13,0.0,0.2,False,False,False,False,False,True
2026-07-06 01:23:00,Node B,27.38,6.89,20.2,-0.08,-0.02,-0.3,False,False,False,False,False,True
2026-07-06 01:38:00,Node A,26.54,7.84,12.5,0.0,-0.02,0.0,False,False,False,False,False,True
2026-07-06 01:38:00,Node B,27.47,6.87,20.0,0.09,-0.02,-0.2,False,False,False,False,False,True
2026-07-06 01:53:00,Node A,26.42,7.81,12.5,-0.12,-0.03,0.0,False,False,False,False,False,True
2026-07-06 01:53:00,Node B,27.59,6.88,20.2,0.12,0.01,0.2,False,False,False,False,False,True
2026-07-06 02:08:00,Node A,26.26,7.72,12.1,-0.16,-0.09,-0.4,False,False,False,False,False,True
2026-07-06 02:08:00,Node B,27.53,6.87,19.7,-0.06,-0.01,-0.5,False,False,False,False,False,True
2026-07-06 02:23:00,Node A,26.21,7.6,11.5,-0.05,-0.12,-0.6,False,False,False,False,False,True
2026-07-06 02:23:00,Node B,27.5,6.9,19.3,-0.03,0.03,-0.4,False,False,False,False,False,True
2026-07-06 02:38:00,Node A,26.24,7.45,11.4,0.03,-0.15,-0.1,False,False,False,False,False,True
2026-07-06 02:38:00,Node B,27.3,6.86,19.1,-0.2,-0.04,-0.2,False,False,False,False,False,True
2026-07-06 02:53:00,Node A,26.21,7.3,11.4,-0.03,-0.15,0.0,False,False,False,False,False,True
2026-07-06 02:53:00,Node B,27.23,6.87,18.5,-0.07,0.01,-0.6,False,False,False,False,False,True
2026-07-06 03:08:00,Node A,26.17,7.15,11.0,-0.04,-0.15,-0.4,False,False,False,False,False,True
2026-07-06 03:08:00,Node B,27.19,6.85,18.5,-0.04,-0.02,0.0,False,False,False,False,False,True
2026-07-06 03:23:00,Node A,26.42,7.18,10.7,0.25,0.03,-0.3,False,False,False,False,False,True
2026-07-06 03:23:00,Node B,27.22,6.86,18.2,0.03,0.01,-0.3,False,False,False,False,False,True
2026-07-06 03:38:00,Node A,26.29,7.15,10.0,-0.13,-0.03,-0.7,False,False,False,False,False,True
2026-07-06 03:38:00,Node B,27.15,6.89,18.1,-0.07,0.03,-0.1,False,False,False,False,False,True
2026-07-06 03:53:00,Node A,26.28,7.14,10.0,-0.01,-0.01,0.0,False,False,False,False,False,True
2026-07-06 03:53:00,Node B,27.14,6.9,17.7,-0.01,0.01,-0.4,False,False,False,False,False,True
2026-07-06 04:08:00,Node A,26.23,7.16,9.8,-0.05,0.02,-0.2,False,False,False,False,False,True
2026-07-06 04:08:00,Node B,27.15,6.87,17.6,0.01,-0.03,-0.1,False,False,False,False,False,True
2026-07-06 04:23:00,Node A,26.19,7.16,10.0,-0.04,0.0,0.2,False,False,False,False,False,True
2026-07-06 04:23:00,Node B,27.17,6.87,17.9,0.02,0.0,0.3,False,False,False,False,False,True
2026-07-06 04:38:00,Node A,26.26,7.17,9.8,0.07,0.01,-0.2,False,False,False,False,False,True
2026-07-06 04:38:00,Node B,27.07,6.9,17.6,-0.1,0.03,-0.3,False,False,False,False,False,True
2026-07-06 05:53:00,Node A,26.66,7.17,10.3,,,,True,False,False,False,False,False
2026-07-06 05:53:00,Node B,27.29,6.93,17.9,,,,True,False,False,False,False,False
2026-07-06 06:08:00,Node A,26.53,7.18,11.3,-0.13,0.01,1.0,False,False,False,False,False,True
2026-07-06 06:08:00,Node B,27.3,6.91,18.4,0.01,-0.02,0.5,False,False,False,False,False,True
2026-07-06 06:23:00,Node A,26.31,7.17,12.5,-0.22,-0.01,1.2,False,False,False,False,True,True
2026-07-06 06:23:00,Node B,27.41,6.88,18.3,0.11,-0.03,-0.1,False,False,False,False,False,True
2026-07-06 06:38:00,Node A,25.85,7.17,13.5,-0.46,0.0,1.0,False,False,False,False,True,True
2026-07-06 06:38:00,Node B,27.41,6.89,18.4,0.0,0.01,0.1,False,False,False,False,False,True
2026-07-06 06:53:00,Node A,25.96,6.99,14.0,0.11,-0.18,0.5,False,False,False,False,True,True
2026-07-06 06:53:00,Node B,27.55,6.88,18.3,0.14,-0.01,-0.1,False,False,False,False,False,True
2026-07-06 07:08:00,Node A,26.01,6.6,13.9,0.05,-0.39,-0.1,False,False,False,False,True,True
2026-07-06 07:08:00,Node B,27.74,6.88,17.8,0.19,0.0,-0.5,False,False,False,False,False,True
2026-07-06 07:23:00,Node A,26.08,6.15,13.7,0.07,-0.45,-0.2,False,True,False,True,True,False
2026-07-06 07:23:00,Node B,27.81,6.89,17.8,0.07,0.01,0.0,False,False,False,False,False,True
2026-07-06 07:38:00,Node A,26.18,6.18,13.6,0.1,0.03,-0.1,False,True,False,True,True,False
2026-07-06 07:38:00,Node B,27.95,6.9,17.3,0.14,0.01,-0.5,False,False,False,False,False,True
2026-07-06 07:53:00,Node A,26.28,6.18,13.7,0.1,0.0,0.1,False,True,False,True,True,False
2026-07-06 07:53:00,Node B,28.0,6.91,17.0,0.05,0.01,-0.3,False,False,False,False,False,True
2026-07-06 08:08:00,Node A,26.44,6.2,13.8,0.16,0.02,0.1,False,True,False,True,True,False
2026-07-06 08:08:00,Node B,28.25,6.91,17.1,0.25,0.0,0.1,False,False,False,False,False,True
2026-07-06 08:23:00,Node A,26.57,6.24,13.7,0.13,0.04,-0.1,False,True,False,True,True,False
2026-07-06 08:23:00,Node B,28.4,6.9,17.7,0.15,-0.01,0.6,False,False,False,False,False,True
2026-07-06 08:38:00,Node A,26.86,6.24,13.4,0.29,0.0,-0.3,False,True,False,True,True,False
2026-07-06 08:38:00,Node B,28.44,6.91,17.6,0.04,0.01,-0.1,False,False,False,False,False,True
2026-07-06 08:53:00,Node A,27.07,6.33,13.4,0.21,0.09,0.0,False,True,False,True,True,False
2026-07-06 08:53:00,Node B,28.69,6.91,17.8,0.25,0.0,0.2,False,False,False,False,False,True
2026-07-06 09:08:00,Node A,27.21,6.44,13.2,0.14,0.11,-0.2,False,True,False,True,False,False
2026-07-06 09:08:00,Node B,28.78,6.95,17.7,0.09,0.04,-0.1,False,False,False,False,False,True
2026-07-06 09:23:00,Node A,27.41,6.51,12.9,0.2,0.07,-0.3,False,False,False,False,False,True
2026-07-06 09:23:00,Node B,28.93,6.93,17.6,0.15,-0.02,-0.1,False,False,False,False,False,True
2026-07-06 11:08:00,Node A,29.1,7.2,11.0,,,,True,False,False,False,False,False
2026-07-06 11:08:00,Node B,30.02,7.03,17.8,,,,True,False,False,False,False,False
2026-07-06 11:23:00,Node A,29.25,7.26,11.1,0.15,0.06,0.1,False,False,False,False,False,True
2026-07-06 11:23:00,Node B,30.17,7.03,18.0,0.15,0.0,0.2,False,False,False,False,False,True
2026-07-06 11:38:00,Node A,29.51,7.33,10.6,0.26,0.07,-0.5,False,False,False,False,False,True
2026-07-06 11:38:00,Node B,30.24,7.01,18.0,0.07,-0.02,0.0,False,False,False,False,False,True
2026-07-06 11:53:00,Node A,29.43,7.34,10.2,-0.08,0.01,-0.4,False,False,False,False,False,True
2026-07-06 11:53:00,Node B,30.38,7.01,18.1,0.14,0.0,0.1,False,False,False,False,False,True
2026-07-06 12:08:00,Node A,29.52,7.34,9.9,0.09,0.0,-0.3,False,False,False,False,False,True
2026-07-06 12:08:00,Node B,30.49,7.0,18.5,0.11,-0.01,0.4,False,False,False,False,False,True
2026-07-06 12:23:00,Node A,29.62,7.35,10.1,0.1,0.01,0.2,False,False,False,False,False,True
2026-07-06 12:23:00,Node B,30.61,7.01,18.4,0.12,0.01,-0.1,False,False,False,False,False,True
2026-07-06 13:08:00,Node A,29.75,7.33,9.8,,,,True,False,False,False,False,False
2026-07-06 13:08:00,Node B,30.74,7.04,18.0,,,,True,False,False,False,False,False
2026-07-06 13:23:00,Node A,29.82,7.34,9.9,0.07,0.01,0.1,False,False,False,False,False,True
2026-07-06 13:23:00,Node B,30.8,7.02,19.1,0.06,-0.02,1.1,False,False,False,False,True,True
2026-07-06 13:38:00,Node A,29.78,7.34,9.8,-0.04,0.0,-0.1,False,False,False,False,False,True
2026-07-06 13:38:00,Node B,30.8,7.04,20.0,0.0,0.02,0.9,False,False,False,False,True,True
2026-07-06 13:53:00,Node A,29.68,7.34,10.3,-0.1,0.0,0.5,False,False,False,False,False,True
2026-07-06 13:53:00,Node B,30.48,7.03,21.5,-0.32,-0.01,1.5,False,False,False,False,True,True
2026-07-06 14:08:00,Node A,29.68,7.34,10.0,0.0,0.0,-0.3,False,False,False,False,False,True
2026-07-06 14:08:00,Node B,29.69,7.04,24.1,-0.79,0.01,2.6,False,False,False,False,True,True
2026-07-06 14:23:00,Node A,29.77,7.35,10.4,0.09,0.01,0.4,False,False,False,False,False,True
2026-07-06 14:23:00,Node B,29.91,6.8,26.6,0.22,-0.24,2.5,False,True,False,True,True,False
2026-07-06 14:38:00,Node A,29.7,7.33,10.3,-0.07,-0.02,-0.1,False,False,False,False,False,True
2026-07-06 14:38:00,Node B,29.95,6.35,26.7,0.04,-0.45,0.1,False,True,False,True,True,False
2026-07-06 14:53:00,Node A,29.74,7.35,10.1,0.04,0.02,-0.2,False,False,False,False,False,True
2026-07-06 14:53:00,Node B,30.01,5.9,26.9,0.06,-0.45,0.2,False,True,False,True,True,False
2026-07-06 15:08:00,Node A,29.76,7.37,10.1,0.02,0.02,0.0,False,False,False,False,False,True
2026-07-06 15:08:00,Node B,30.03,5.9,26.9,0.02,0.0,0.0,False,True,False,True,True,False
2026-07-06 15:23:00,Node A,29.93,7.38,11.5,0.17,0.01,1.4,False,False,False,False,False,True
2026-07-06 15:23:00,Node B,30.18,5.9,27.2,0.15,0.0,0.3,False,True,False,True,True,False
2026-07-06 15:38:00,Node A,29.65,7.37,14.7,-0.28,-0.01,3.2,False,False,False,False,False,True
2026-07-06 15:38:00,Node B,30.35,5.9,26.7,0.17,0.0,-0.5,False,True,False,True,True,False
2026-07-06 15:53:00,Node A,29.02,7.37,18.7,-0.63,0.0,4.0,False,False,False,False,False,True
2026-07-06 15:53:00,Node B,30.47,5.9,26.7,0.12,0.0,0.0,False,True,False,True,True,False
2026-07-06 16:08:00,Node A,28.19,7.35,18.6,-0.83,-0.02,-0.1,False,False,False,False,False,True
2026-07-06 16:08:00,Node B,30.46,5.9,26.1,-0.01,0.0,-0.6,False,True,False,True,True,False
2026-07-06 16:23:00,Node A,28.23,7.38,18.4,0.04,0.03,-0.2,False,False,False,False,False,True
2026-07-06 16:23:00,Node B,30.65,5.9,25.7,0.19,0.0,-0.4,False,True,False,True,True,False
2026-07-06 16:38:00,Node A,28.22,7.28,18.5,-0.01,-0.1,0.1,False,False,False,False,False,True
2026-07-06 16:38:00,Node B,30.73,6.0,26.4,0.08,0.1,0.7,False,True,False,True,True,False
2026-07-06 16:53:00,Node A,28.18,7.11,18.4,-0.04,-0.17,-0.1,False,False,False,False,False,True
2026-07-06 16:53:00,Node B,30.47,6.12,29.0,-0.26,0.12,2.6,False,True,False,True,True,False
2026-07-06 17:08:00,Node A,28.22,6.87,18.0,0.04,-0.24,-0.4,False,False,False,False,True,True
2026-07-06 17:08:00,Node B,30.24,6.3,32.3,-0.23,0.18,3.3,False,True,False,True,True,False
2026-07-06 17:23:00,Node A,28.29,6.57,19.1,0.07,-0.3,1.1,False,False,False,False,True,True
2026-07-06 17:23:00,Node B,29.68,6.31,35.7,-0.56,0.01,3.4,False,True,False,True,True,False
2026-07-06 17:38:00,Node A,28.17,6.57,20.4,-0.12,0.0,1.3,False,False,False,False,True,True
2026-07-06 17:38:00,Node B,29.21,6.15,35.0,-0.47,-0.16,-0.7,False,True,False,True,True,False
2026-07-06 17:53:00,Node A,28.05,6.6,22.3,-0.12,0.03,1.9,False,False,False,False,True,True
2026-07-06 17:53:00,Node B,28.96,5.9,34.6,-0.25,-0.25,-0.4,False,True,False,True,True,False
2026-07-06 18:08:00,Node A,27.45,6.2,22.5,-0.6,-0.4,0.2,False,True,False,True,True,False
2026-07-06 18:08:00,Node B,28.8,6.04,33.8,-0.16,0.14,-0.8,False,True,False,True,True,False
2026-07-06 18:23:00,Node A,26.77,5.9,23.2,-0.68,-0.3,0.7,False,True,False,True,True,False
2026-07-06 18:23:00,Node B,28.68,6.15,33.2,-0.12,0.11,-0.6,False,True,False,True,True,False
2026-07-06 18:38:00,Node A,26.87,5.9,23.8,0.1,0.0,0.6,False,True,False,True,True,False
2026-07-06 18:38:00,Node B,28.68,6.19,32.6,0.0,0.04,-0.6,False,True,False,True,True,False
2026-07-06 18:53:00,Node A,26.88,6.37,24.8,0.01,0.47,1.0,False,True,False,True,True,False
2026-07-06 18:53:00,Node B,28.59,6.16,31.9,-0.09,-0.03,-0.7,False,True,False,True,True,False
2026-07-06 19:08:00,Node A,26.68,6.42,17.6,-0.2,0.05,-7.2,False,True,False,True,True,False
2026-07-06 19:08:00,Node B,28.58,6.34,31.6,-0.01,0.18,-0.3,False,True,False,True,True,False
2026-07-06 19:23:00,Node A,26.82,6.48,17.4,0.14,0.06,-0.2,False,True,False,True,False,False
2026-07-06 19:23:00,Node B,28.55,6.53,30.1,-0.03,0.19,-1.5,False,True,False,True,True,False
2026-07-06 19:38:00,Node A,26.86,6.54,17.0,0.04,0.06,-0.4,False,False,False,False,False,True
2026-07-06 19:38:00,Node B,28.72,6.68,28.8,0.17,0.15,-1.3,False,True,False,True,True,False
2026-07-06 19:53:00,Node A,26.96,6.78,16.2,0.1,0.24,-0.8,False,False,False,False,False,True
2026-07-06 19:53:00,Node B,28.77,6.87,27.5,0.05,0.19,-1.3,False,True,False,True,True,False
2026-07-06 20:08:00,Node A,27.17,6.98,15.6,0.21,0.2,-0.6,False,False,False,False,False,True
2026-07-06 20:08:00,Node B,28.99,7.01,26.5,0.22,0.14,-1.0,False,True,False,True,True,False
2026-07-06 20:23:00,Node A,27.13,7.23,14.3,-0.04,0.25,-1.3,False,False,False,False,False,True
2026-07-06 20:23:00,Node B,28.91,7.01,25.3,-0.08,0.0,-1.2,False,True,False,True,False,False
2026-07-06 20:38:00,Node A,27.09,7.43,12.6,-0.04,0.2,-1.7,False,False,False,False,False,True
2026-07-06 20:38:00,Node B,29.01,7.0,24.3,0.1,-0.01,-1.0,False,False,False,False,False,True
2026-07-06 20:53:00,Node A,27.29,7.66,11.8,0.2,0.23,-0.8,False,False,False,False,False,True
2026-07-06 20:53:00,Node B,28.89,7.03,23.8,-0.12,0.03,-0.5,False,False,False,False,False,True
2026-07-06 21:08:00,Node A,27.37,7.51,11.2,0.08,-0.15,-0.6,False,False,False,False,False,True
2026-07-06 21:08:00,Node B,28.69,7.02,22.9,-0.2,-0.01,-0.9,False,False,False,False,False,True
2026-07-06 21:23:00,Node A,27.43,7.38,10.8,0.06,-0.13,-0.4,False,False,False,False,False,True
2026-07-06 21:23:00,Node B,28.55,7.02,21.6,-0.14,0.0,-1.3,False,False,False,False,False,True
2026-07-06 21:38:00,Node A,27.53,7.27,9.8,0.1,-0.11,-1.0,False,False,False,False,False,True
2026-07-06 21:38:00,Node B,28.41,7.01,20.6,-0.14,-0.01,-1.0,False,False,False,False,False,True
2026-07-06 21:53:00,Node A,27.5,7.28,9.2,-0.03,0.01,-0.6,False,False,False,False,False,True
2026-07-06 21:53:00,Node B,28.29,6.97,19.9,-0.12,-0.04,-0.7,False,False,False,False,False,True
2026-07-06 22:08:00,Node A,27.62,7.22,8.5,0.12,-0.06,-0.7,False,False,False,False,False,True
2026-07-06 22:08:00,Node B,28.0,6.97,18.5,-0.29,0.0,-1.4,False,False,False,False,False,True
2026-07-06 22:23:00,Node A,27.42,7.24,7.6,-0.2,0.02,-0.9,False,False,False,False,False,True
2026-07-06 22:23:00,Node B,27.72,6.99,18.6,-0.28,0.02,0.1,False,False,False,False,False,True
2026-07-06 22:38:00,Node A,27.27,7.2,7.2,-0.15,-0.04,-0.4,False,False,False,False,False,True
2026-07-06 22:38:00,Node B,27.67,6.99,18.7,-0.05,0.0,0.1,False,False,False,False,False,True
2026-07-06 22:53:00,Node A,27.17,7.21,6.7,-0.1,0.01,-0.5,False,False,False,False,False,True
2026-07-06 22:53:00,Node B,27.64,7.0,18.8,-0.03,0.01,0.1,False,False,False,False,False,True
2026-07-06 23:08:00,Node A,27.15,7.22,5.8,-0.02,0.01,-0.9,False,False,False,False,False,True
2026-07-06 23:08:00,Node B,27.49,6.99,19.1,-0.15,-0.01,0.3,False,False,False,False,False,True
2026-07-06 23:23:00,Node A,26.94,7.2,5.3,-0.21,-0.02,-0.5,False,False,False,False,False,True
2026-07-06 23:23:00,Node B,27.44,6.97,19.1,-0.05,-0.02,0.0,False,False,False,False,False,True
2026-07-06 23:38:00,Node A,26.86,7.16,5.7,-0.08,-0.04,0.4,False,False,False,False,True,True
2026-07-06 23:38:00,Node B,27.2,6.94,19.1,-0.24,-0.03,0.0,False,False,False,False,False,True
2026-07-06 23:53:00,Node A,26.78,7.15,7.4,-0.08,-0.01,1.7,False,False,False,False,True,True
2026-07-06 23:53:00,Node B,27.07,6.94,19.1,-0.13,0.0,0.0,False,False,False,False,False,True
2026-07-07 00:08:00,Node A,26.65,7.17,9.6,-0.13,0.02,2.2,False,False,False,False,True,True
2026-07-07 00:08:00,Node B,26.95,6.91,19.3,-0.12,-0.03,0.2,False,False,False,False,False,True
2026-07-07 00:23:00,Node A,26.14,6.73,9.5,-0.51,-0.44,-0.1,False,False,False,False,True,True
2026-07-07 00:23:00,Node B,26.89,6.89,19.4,-0.06,-0.02,0.1,False,False,False,False,False,True
2026-07-07 00:38:00,Node A,25.48,5.9,9.5,-0.66,-0.83,0.0,False,True,False,True,True,False
2026-07-07 00:38:00,Node B,26.75,6.92,19.3,-0.14,0.03,-0.1,False,False,False,False,False,True
2026-07-07 00:53:00,Node A,24.96,5.9,9.9,-0.52,0.0,0.4,False,True,False,True,True,False
2026-07-07 00:53:00,Node B,26.79,6.93,19.4,0.04,0.01,0.1,False,False,False,False,False,True
2026-07-07 01:08:00,Node A,24.73,5.9,9.6,-0.23,0.0,-0.3,False,True,False,True,True,False
2026-07-07 01:08:00,Node B,26.65,6.94,19.1,-0.14,0.01,-0.3,False,False,False,False,False,True
2026-07-07 01:23:00,Node A,24.71,5.9,9.2,-0.02,0.0,-0.4,False,True,False,True,True,False
2026-07-07 01:23:00,Node B,26.64,6.91,19.1,-0.01,-0.03,0.0,False,False,False,False,False,True
2026-07-07 01:38:00,Node A,24.5,5.9,8.4,-0.21,0.0,-0.8,False,True,False,True,True,False
2026-07-07 01:38:00,Node B,26.47,6.87,19.3,-0.17,-0.04,0.2,False,False,False,False,False,True
2026-07-07 01:53:00,Node A,24.48,5.97,7.7,-0.02,0.07,-0.7,False,True,False,True,True,False
2026-07-07 01:53:00,Node B,26.54,6.86,19.0,0.07,-0.01,-0.3,False,False,False,False,False,True
2026-07-07 02:08:00,Node A,24.52,6.15,7.5,0.04,0.18,-0.2,False,True,False,True,True,False
2026-07-07 02:08:00,Node B,26.37,6.85,18.9,-0.17,-0.01,-0.1,False,False,False,False,False,True
2026-07-07 02:23:00,Node A,24.6,6.33,6.6,0.08,0.18,-0.9,False,True,False,True,True,False
2026-07-07 02:23:00,Node B,26.43,6.83,18.8,0.06,-0.02,-0.1,False,False,False,False,False,True
2026-07-07 02:38:00,Node A,24.72,6.53,6.2,0.12,0.2,-0.4,False,True,False,True,True,False
2026-07-07 02:38:00,Node B,26.39,6.86,19.6,-0.04,0.03,0.8,False,False,False,False,False,True
2026-07-07 02:53:00,Node A,24.75,6.74,6.1,0.03,0.21,-0.1,False,True,False,True,True,False
2026-07-07 02:53:00,Node B,26.39,6.84,21.4,0.0,-0.02,1.8,False,False,False,False,True,True
2026-07-07 03:08:00,Node A,24.91,6.93,5.2,0.16,0.19,-0.9,False,True,False,True,False,False
2026-07-07 03:08:00,Node B,26.52,6.86,23.4,0.13,0.02,2.0,False,False,False,False,True,True
2026-07-07 03:23:00,Node A,25.02,7.17,5.0,0.11,0.24,-0.2,False,False,False,False,False,True
2026-07-07 03:23:00,Node B,26.54,6.85,23.5,0.02,-0.01,0.1,False,False,False,False,True,True
2026-07-07 03:38:00,Node A,25.11,7.15,4.5,0.09,-0.02,-0.5,False,False,False,False,False,True
2026-07-07 03:38:00,Node B,26.49,6.9,23.2,-0.05,0.05,-0.3,False,False,False,False,True,True
2026-07-07 03:53:00,Node A,25.32,7.17,4.6,0.21,0.02,0.1,False,False,False,False,False,True
2026-07-07 03:53:00,Node B,26.56,7.73,19.0,0.07,0.83,-4.2,False,False,True,True,False,False
2026-07-07 04:08:00,Node A,25.39,7.14,4.5,0.07,-0.03,-0.1,False,False,False,False,False,True
2026-07-07 04:08:00,Node B,26.51,7.73,19.2,-0.05,0.0,0.2,False,False,False,False,False,True
2026-07-07 04:38:00,Node A,25.85,7.16,4.5,,,,True,False,False,False,False,False
2026-07-07 04:38:00,Node B,26.64,7.58,20.2,,,,True,False,False,False,False,False
2026-07-07 04:53:00,Node A,25.82,7.14,4.8,-0.03,-0.02,0.3,False,False,False,False,False,True
2026-07-07 04:53:00,Node B,26.65,7.4,19.8,0.01,-0.18,-0.4,False,False,False,False,False,True
2026-07-07 05:08:00,Node A,25.92,7.14,4.5,0.1,0.0,-0.3,False,False,False,False,False,True
2026-07-07 05:08:00,Node B,26.61,7.27,19.4,-0.04,-0.13,-0.4,False,False,False,False,False,True
2026-07-07 05:23:00,Node A,26.2,7.13,4.5,0.28,-0.01,0.0,False,False,False,False,False,True
2026-07-07 05:23:00,Node B,26.95,7.09,18.7,0.34,-0.18,-0.7,False,False,False,False,False,True
2026-07-07 05:38:00,Node A,26.25,7.16,4.3,0.05,0.03,-0.2,False,False,False,False,False,True
2026-07-07 05:38:00,Node B,26.97,6.93,18.5,0.02,-0.16,-0.2,False,False,False,False,False,True
2026-07-07 05:53:00,Node A,26.48,7.18,4.4,0.23,0.02,0.1,False,False,False,False,False,True
2026-07-07 05:53:00,Node B,27.09,6.91,18.1,0.12,-0.02,-0.4,False,False,False,False,False,True
2026-07-07 06:08:00,Node A,26.72,7.2,4.4,0.24,0.02,0.0,False,False,False,False,False,True
2026-07-07 06:08:00,Node B,27.18,6.89,18.0,0.09,-0.02,-0.1,False,False,False,False,False,True
2026-07-07 06:23:00,Node A,26.92,7.22,4.3,0.2,0.02,-0.1,False,False,False,False,False,True
2026-07-07 06:23:00,Node B,27.39,6.93,17.5,0.21,0.04,-0.5,False,False,False,False,False,True
2026-07-07 06:38:00,Node A,26.97,7.27,4.5,0.05,0.05,0.2,False,False,False,False,False,True
2026-07-07 06:38:00,Node B,27.42,6.93,17.3,0.03,0.0,-0.2,False,False,False,False,False,True
2026-07-07 06:53:00,Node A,27.12,7.26,4.4,0.15,-0.01,-0.1,False,False,False,False,False,True
2026-07-07 06:53:00,Node B,27.53,6.94,16.8,0.11,0.01,-0.5,False,False,False,False,False,True
2026-07-07 07:08:00,Node A,27.18,7.22,4.3,0.06,-0.04,-0.1,False,False,False,False,False,True
2026-07-07 07:08:00,Node B,27.6,6.97,16.9,0.07,0.03,0.1,False,False,False,False,False,True
2026-07-07 07:23:00,Node A,27.32,7.24,4.1,0.14,0.02,-0.2,False,False,False,False,False,True
2026-07-07 07:23:00,Node B,27.66,6.96,17.1,0.06,-0.01,0.2,False,False,False,False,False,True
2026-07-07 07:38:00,Node A,27.51,7.26,4.2,0.19,0.02,0.1,False,False,False,False,False,True
2026-07-07 07:38:00,Node B,27.72,6.94,16.8,0.06,-0.02,-0.3,False,False,False,False,False,True
2026-07-07 07:53:00,Node A,27.5,7.23,4.2,-0.01,-0.03,0.0,False,False,False,False,False,True
2026-07-07 07:53:00,Node B,28.07,6.96,16.5,0.35,0.02,-0.3,False,False,False,False,False,True
2026-07-07 08:08:00,Node A,27.62,7.27,4.6,0.12,0.04,0.4,False,False,False,False,False,True
2026-07-07 08:08:00,Node B,28.27,6.93,15.9,0.2,-0.03,-0.6,False,False,False,False,False,True
2026-07-07 08:23:00,Node A,27.69,7.27,4.4,0.07,0.0,-0.2,False,False,False,False,False,True
2026-07-07 08:23:00,Node B,28.41,6.94,15.4,0.14,0.01,-0.5,False,False,False,False,False,True
2026-07-07 08:38:00,Node A,27.79,7.27,4.7,0.1,0.0,0.3,False,False,False,False,False,True
2026-07-07 08:38:00,Node B,28.66,6.94,15.0,0.25,0.0,-0.4,False,False,False,False,False,True
2026-07-07 08:53:00,Node A,27.93,7.26,4.7,0.14,-0.01,0.0,False,False,False,False,False,True
2026-07-07 08:53:00,Node B,28.66,6.94,14.8,0.0,0.0,-0.2,False,False,False,False,False,True
2026-07-07 09:08:00,Node A,28.1,7.28,4.2,0.17,0.02,-0.5,False,False,False,False,False,True
2026-07-07 09:08:00,Node B,28.9,6.95,15.0,0.24,0.01,0.2,False,False,False,False,False,True
2026-07-07 09:23:00,Node A,28.31,7.26,4.8,0.21,-0.02,0.6,False,False,False,False,False,True
2026-07-07 09:23:00,Node B,28.86,6.94,15.1,-0.04,-0.01,0.1,False,False,False,False,False,True
2026-07-07 09:38:00,Node A,28.45,7.25,5.2,0.14,-0.01,0.4,False,False,False,False,False,True
2026-07-07 09:38:00,Node B,29.11,6.92,15.4,0.25,-0.02,0.3,False,False,False,False,False,True
2026-07-07 09:53:00,Node A,28.81,7.25,6.0,0.36,0.0,0.8,False,False,False,False,False,True
2026-07-07 09:53:00,Node B,29.37,6.92,15.5,0.26,0.0,0.1,False,False,False,False,False,True
2026-07-07 10:08:00,Node A,29.16,7.31,6.3,0.35,0.06,0.3,False,False,False,False,False,True
2026-07-07 10:08:00,Node B,29.43,6.96,15.5,0.06,0.04,0.0,False,False,False,False,False,True
2026-07-07 10:23:00,Node A,29.42,7.44,7.2,0.26,0.13,0.9,False,False,False,False,False,True
2026-07-07 10:23:00,Node B,29.62,6.93,15.4,0.19,-0.03,-0.1,False,False,False,False,False,True
2026-07-07 10:38:00,Node A,29.75,7.64,8.3,0.33,0.2,1.1,False,False,False,False,False,True
2026-07-07 10:38:00,Node B,29.71,6.98,15.4,0.09,0.05,0.0,False,False,False,False,False,True
2026-07-07 10:53:00,Node A,29.93,7.87,9.2,0.18,0.23,0.9,False,False,False,False,False,True
2026-07-07 10:53:00,Node B,29.99,6.98,15.5,0.28,0.0,0.1,False,False,False,False,False,True
2026-07-07 11:08:00,Node A,30.35,8.14,9.5,0.42,0.27,0.3,False,False,False,False,False,True
2026-07-07 11:08:00,Node B,30.05,7.03,15.4,0.06,0.05,-0.1,False,False,False,False,False,True
2026-07-07 11:23:00,Node A,30.63,8.41,9.5,0.28,0.27,0.0,False,False,False,False,False,True
2026-07-07 11:23:00,Node B,29.96,7.01,15.7,-0.09,-0.02,0.3,False,False,False,False,False,True
2026-07-07 11:38:00,Node A,30.68,8.43,9.7,0.05,0.02,0.2,False,False,False,False,False,True
2026-07-07 11:38:00,Node B,30.05,7.03,15.9,0.09,0.02,0.2,False,False,False,False,False,True
2026-07-07 11:53:00,Node A,30.78,8.44,9.4,0.1,0.01,-0.3,False,False,False,False,False,True
2026-07-07 11:53:00,Node B,30.14,7.04,15.9,0.09,0.01,0.0,False,False,False,False,False,True
2026-07-07 12:08:00,Node A,30.83,8.44,9.6,0.05,0.0,0.2,False,False,False,False,False,True
2026-07-07 12:08:00,Node B,30.31,7.04,16.2,0.17,0.0,0.3,False,False,False,False,False,True
2026-07-07 12:23:00,Node A,30.96,8.45,8.8,0.13,0.01,-0.8,False,False,False,False,False,True
2026-07-07 12:23:00,Node B,30.44,7.05,16.5,0.13,0.01,0.3,False,False,False,False,False,True
2026-07-07 12:38:00,Node A,31.08,8.46,8.0,0.12,0.01,-0.8,False,False,False,False,False,True
2026-07-07 12:38:00,Node B,30.56,7.06,16.3,0.12,0.01,-0.2,False,False,False,False,False,True
2026-07-07 12:53:00,Node A,31.16,8.37,7.9,0.08,-0.09,-0.1,False,False,False,False,False,True
2026-07-07 12:53:00,Node B,30.59,7.06,16.1,0.03,0.0,-0.2,False,False,False,False,False,True
2026-07-07 13:08:00,Node A,31.28,8.32,7.6,0.12,-0.05,-0.3,False,False,False,False,False,True
2026-07-07 13:08:00,Node B,30.67,7.05,16.0,0.08,-0.01,-0.1,False,False,False,False,False,True
2026-07-07 13:23:00,Node A,31.36,8.26,7.2,0.08,-0.06,-0.4,False,False,False,False,False,True
2026-07-07 13:23:00,Node B,30.65,7.08,16.2,-0.02,0.03,0.2,False,False,False,False,False,True
2026-07-07 13:38:00,Node A,31.42,8.19,7.2,0.06,-0.07,0.0,False,False,False,False,False,True
2026-07-07 13:38:00,Node B,30.75,7.07,16.2,0.1,-0.01,0.0,False,False,False,False,False,True
2026-07-07 13:53:00,Node A,31.47,8.1,6.7,0.05,-0.09,-0.5,False,False,False,False,False,True
2026-07-07 13:53:00,Node B,30.87,7.08,15.8,0.12,0.01,-0.4,False,False,False,False,False,True
2026-07-07 14:08:00,Node A,31.43,8.0,6.2,-0.04,-0.1,-0.5,False,False,False,False,False,True
2026-07-07 14:08:00,Node B,30.83,7.09,16.1,-0.04,0.01,0.3,False,False,False,False,False,True
2026-07-07 14:23:00,Node A,31.38,7.89,6.0,-0.05,-0.11,-0.2,False,False,False,False,False,True
2026-07-07 14:23:00,Node B,30.69,7.1,15.8,-0.14,0.01,-0.3,False,False,False,False,False,True
2026-07-07 14:38:00,Node A,31.47,7.82,5.9,0.09,-0.07,-0.1,False,False,False,False,False,True
2026-07-07 14:38:00,Node B,30.79,7.08,15.8,0.1,-0.02,0.0,False,False,False,False,False,True
2026-07-07 14:53:00,Node A,31.54,7.77,5.6,0.07,-0.05,-0.3,False,False,False,False,False,True
2026-07-07 14:53:00,Node B,30.72,7.08,15.9,-0.07,0.0,0.1,False,False,False,False,False,True
2026-07-07 15:08:00,Node A,31.47,7.68,5.5,-0.07,-0.09,-0.1,False,False,False,False,False,True
2026-07-07 15:08:00,Node B,30.8,7.11,15.7,0.08,0.03,-0.2,False,False,False,False,False,True
2026-07-07 15:23:00,Node A,31.46,7.59,5.7,-0.01,-0.09,0.2,False,False,False,False,False,True
2026-07-07 15:23:00,Node B,30.75,7.09,15.9,-0.05,-0.02,0.2,False,False,False,False,False,True
2026-07-07 15:38:00,Node A,31.32,7.51,5.2,-0.14,-0.08,-0.5,False,False,False,False,False,True
2026-07-07 15:38:00,Node B,30.7,7.08,15.6,-0.05,-0.01,-0.3,False,False,False,False,False,True
2026-07-07 15:53:00,Node A,31.19,7.43,5.1,-0.13,-0.08,-0.1,False,False,False,False,False,True
2026-07-07 15:53:00,Node B,30.7,7.07,15.8,0.0,-0.01,0.2,False,False,False,False,False,True
2026-07-07 16:08:00,Node A,31.28,7.37,4.9,0.09,-0.06,-0.2,False,False,False,False,False,True
2026-07-07 16:08:00,Node B,30.64,7.06,15.9,-0.06,-0.01,0.1,False,False,False,False,False,True
2026-07-07 16:23:00,Node A,31.01,7.38,5.2,-0.27,0.01,0.3,False,False,False,False,False,True
2026-07-07 16:23:00,Node B,30.61,7.04,16.0,-0.03,-0.02,0.1,False,False,False,False,False,True
2026-07-07 16:38:00,Node A,30.86,7.38,5.1,-0.15,0.0,-0.1,False,False,False,False,False,True
2026-07-07 16:38:00,Node B,30.59,7.05,16.1,-0.02,0.01,0.1,False,False,False,False,False,True
2026-07-07 16:53:00,Node A,30.65,7.38,5.1,-0.21,0.0,0.0,False,False,False,False,False,True
2026-07-07 16:53:00,Node B,30.44,7.03,15.7,-0.15,-0.02,-0.4,False,False,False,False,False,True
2026-07-07 17:08:00,Node A,30.56,7.39,5.8,-0.09,0.01,0.7,False,False,False,False,False,True
2026-07-07 17:08:00,Node B,30.24,7.02,15.9,-0.2,-0.01,0.2,False,False,False,False,False,True
2026-07-07 17:23:00,Node A,29.86,7.4,7.1,-0.7,0.01,1.3,False,False,False,False,False,True
2026-07-07 17:23:00,Node B,30.22,7.02,16.0,-0.02,0.0,0.1,False,False,False,False,False,True
2026-07-07 17:38:00,Node A,28.91,7.38,8.5,-0.95,-0.02,1.4,False,False,False,False,True,True
2026-07-07 17:38:00,Node B,30.14,7.01,16.3,-0.08,-0.01,0.3,False,False,False,False,False,True
2026-07-07 17:53:00,Node A,28.77,7.37,10.1,-0.14,-0.01,1.6,False,False,False,False,True,True
2026-07-07 17:53:00,Node B,30.12,7.03,16.0,-0.02,0.02,-0.3,False,False,False,False,False,True
2026-07-07 18:08:00,Node A,28.65,7.34,11.9,-0.12,-0.03,1.8,False,False,False,False,True,True
2026-07-07 18:08:00,Node B,30.09,7.03,16.5,-0.03,0.0,0.5,False,False,False,False,False,True
2026-07-07 18:23:00,Node A,28.56,6.94,12.1,-0.09,-0.4,0.2,False,False,False,False,True,True
2026-07-07 18:23:00,Node B,29.96,7.02,18.2,-0.13,-0.01,1.7,False,False,False,False,True,True
2026-07-07 18:38:00,Node A,28.34,6.11,12.7,-0.22,-0.83,0.6,False,True,False,True,True,False
2026-07-07 18:38:00,Node B,29.99,7.01,20.1,0.03,-0.01,1.9,False,False,False,False,True,True
2026-07-07 18:53:00,Node A,28.44,6.11,12.6,0.1,0.0,-0.1,False,True,False,True,True,False
2026-07-07 18:53:00,Node B,29.97,7.01,22.8,-0.02,0.0,2.7,False,False,False,False,True,True
2026-07-07 19:08:00,Node A,28.46,6.11,12.4,0.02,0.0,-0.2,False,True,False,True,True,False
2026-07-07 19:08:00,Node B,29.87,7.02,22.9,-0.1,0.01,0.1,False,False,False,False,True,True
2026-07-07 19:23:00,Node A,28.29,6.09,12.5,-0.17,-0.02,0.1,False,True,False,True,True,False
2026-07-07 19:23:00,Node B,29.65,7.72,23.2,-0.22,0.7,0.3,False,False,True,True,False,False
2026-07-07 19:38:00,Node A,28.35,6.08,12.5,0.06,-0.01,0.0,False,True,False,True,True,False
2026-07-07 19:38:00,Node B,29.45,7.7,22.7,-0.2,-0.02,-0.5,False,False,False,False,False,True
2026-07-07 19:53:00,Node A,28.23,6.21,12.5,-0.12,0.13,0.0,False,True,False,True,True,False
2026-07-07 19:53:00,Node B,29.36,7.7,22.3,-0.09,0.0,-0.4,False,False,False,False,False,True
2026-07-07 20:08:00,Node A,28.14,6.31,12.7,-0.09,0.1,0.2,False,True,False,True,True,False
2026-07-07 20:08:00,Node B,29.22,7.67,21.7,-0.14,-0.03,-0.6,False,False,False,False,False,True
2026-07-07 20:23:00,Node A,27.99,6.42,12.5,-0.15,0.11,-0.2,False,True,False,True,False,False
2026-07-07 20:23:00,Node B,28.97,7.67,21.0,-0.25,0.0,-0.7,False,False,False,False,False,True
2026-07-07 20:38:00,Node A,27.85,6.58,12.4,-0.14,0.16,-0.1,False,False,False,False,False,True
2026-07-07 20:38:00,Node B,28.63,7.58,21.1,-0.34,-0.09,0.1,False,False,False,False,False,True
2026-07-07 20:53:00,Node A,27.9,6.69,12.0,0.05,0.11,-0.4,False,False,False,False,False,True
2026-07-07 20:53:00,Node B,28.52,7.49,20.4,-0.11,-0.09,-0.7,False,False,False,False,False,True
2026-07-07 21:08:00,Node A,27.77,6.82,11.2,-0.13,0.13,-0.8,False,False,False,False,False,True
2026-07-07 21:08:00,Node B,28.25,7.43,19.9,-0.27,-0.06,-0.5,False,False,False,False,False,True
2026-07-07 21:23:00,Node A,27.85,6.94,10.9,0.08,0.12,-0.3,False,False,False,False,False,True
2026-07-07 21:23:00,Node B,28.3,7.35,19.6,0.05,-0.08,-0.3,False,False,False,False,False,True
2026-07-07 21:38:00,Node A,27.8,7.04,10.2,-0.05,0.1,-0.7,False,False,False,False,False,True
2026-07-07 21:38:00,Node B,28.26,7.3,19.1,-0.04,-0.05,-0.5,False,False,False,False,False,True
2026-07-07 21:53:00,Node A,27.73,7.15,9.9,-0.07,0.11,-0.3,False,False,False,False,False,True
2026-07-07 21:53:00,Node B,28.1,7.19,18.3,-0.16,-0.11,-0.8,False,False,False,False,False,True
2026-07-07 22:08:00,Node A,27.54,7.25,9.4,-0.19,0.1,-0.5,False,False,False,False,False,True
2026-07-07 22:08:00,Node B,27.85,7.11,18.2,-0.25,-0.08,-0.1,False,False,False,False,False,True
2026-07-07 22:23:00,Node A,27.31,7.25,9.0,-0.23,0.0,-0.4,False,False,False,False,False,True
2026-07-07 22:23:00,Node B,27.7,7.02,17.6,-0.15,-0.09,-0.6,False,False,False,False,False,True
2026-07-07 22:38:00,Node A,27.22,7.24,8.6,-0.09,-0.01,-0.4,False,False,False,False,False,True
2026-07-07 22:38:00,Node B,27.5,6.96,17.1,-0.2,-0.06,-0.5,False,False,False,False,False,True
2026-07-07 22:53:00,Node A,27.15,7.24,8.3,-0.07,0.0,-0.3,False,False,False,False,False,True
2026-07-07 22:53:00,Node B,27.33,6.95,17.1,-0.17,-0.01,0.0,False,False,False,False,False,True
2026-07-07 23:08:00,Node A,27.0,7.25,7.9,-0.15,0.01,-0.4,False,False,False,False,False,True
2026-07-07 23:08:00,Node B,27.35,6.98,16.8,0.02,0.03,-0.3,False,False,False,False,False,True
2026-07-07 23:23:00,Node A,26.71,7.24,7.0,-0.29,-0.01,-0.9,False,False,False,False,False,True
2026-07-07 23:23:00,Node B,27.14,6.97,16.7,-0.21,-0.01,-0.1,False,False,False,False,False,True
2026-07-07 23:38:00,Node A,26.63,7.27,6.5,-0.08,0.03,-0.5,False,False,False,False,False,True
2026-07-07 23:38:00,Node B,27.06,6.97,16.5,-0.08,0.0,-0.2,False,False,False,False,False,True
2026-07-07 23:53:00,Node A,26.53,7.2,6.5,-0.1,-0.07,0.0,False,False,False,False,False,True
2026-07-07 23:53:00,Node B,26.96,6.96,16.9,-0.1,-0.01,0.4,False,False,False,False,False,True
2026-07-08 00:53:00,Node A,26.32,7.21,8.5,,,,True,False,False,False,True,False
2026-07-08 00:53:00,Node B,26.68,6.89,16.6,,,,True,False,False,False,False,False
2026-07-08 01:08:00,Node A,26.22,7.19,9.9,-0.1,-0.02,1.4,False,False,False,False,True,True
2026-07-08 01:08:00,Node B,26.61,6.91,16.5,-0.07,0.02,-0.1,False,False,False,False,False,True
2026-07-08 01:23:00,Node A,26.09,7.18,9.8,-0.13,-0.01,-0.1,False,False,False,False,True,True
2026-07-08 01:23:00,Node B,26.49,6.94,16.3,-0.12,0.03,-0.2,False,False,False,False,False,True
2026-07-08 01:38:00,Node A,25.99,7.16,9.6,-0.1,-0.02,-0.2,False,False,False,False,True,True
2026-07-08 01:38:00,Node B,26.44,6.89,16.5,-0.05,-0.05,0.2,False,False,False,False,False,True
2026-07-08 01:53:00,Node A,25.87,6.36,9.4,-0.12,-0.8,-0.2,False,True,False,True,True,False
2026-07-08 01:53:00,Node B,26.43,6.87,17.0,-0.01,-0.02,0.5,False,False,False,False,False,True
2026-07-08 02:08:00,Node A,25.85,6.37,9.1,-0.02,0.01,-0.3,False,True,False,True,True,False
2026-07-08 02:08:00,Node B,26.43,6.89,16.5,0.0,0.02,-0.5,False,False,False,False,False,True
2026-07-08 02:23:00,Node A,25.76,6.36,8.9,-0.09,-0.01,-0.2,False,True,False,True,True,False
2026-07-08 02:23:00,Node B,26.47,6.89,16.7,0.04,0.0,0.2,False,False,False,False,False,True
2026-07-08 02:38:00,Node A,25.76,6.36,8.8,0.0,0.0,-0.1,False,True,False,True,True,False
2026-07-08 02:38:00,Node B,26.47,6.92,16.8,0.0,0.03,0.1,False,False,False,False,False,True
2026-07-08 02:53:00,Node A,25.74,6.35,8.2,-0.02,-0.01,-0.6,False,True,False,True,True,False
2026-07-08 02:53:00,Node B,26.52,6.92,16.8,0.05,0.0,0.0,False,False,False,False,False,True
2026-07-08 03:08:00,Node A,25.84,6.45,7.4,0.1,0.1,-0.8,False,True,False,True,False,False
2026-07-08 03:08:00,Node B,26.48,6.91,16.9,-0.04,-0.01,0.1,False,False,False,False,False,True
2026-07-08 03:23:00,Node A,25.92,6.5,7.0,0.08,0.05,-0.4,False,False,False,False,False,True
2026-07-08 03:23:00,Node B,26.4,6.89,17.1,-0.08,-0.02,0.2,False,False,False,False,False,True
2026-07-08 03:38:00,Node A,26.01,6.61,6.5,0.09,0.11,-0.5,False,False,False,False,False,True
2026-07-08 03:38:00,Node B,26.55,6.9,17.2,0.15,0.01,0.1,False,False,False,False,False,True
2026-07-08 03:53:00,Node A,25.98,6.69,6.2,-0.03,0.08,-0.3,False,False,False,False,False,True
2026-07-08 03:53:00,Node B,26.65,6.91,17.5,0.1,0.01,0.3,False,False,False,False,False,True
2026-07-08 04:08:00,Node A,26.08,6.82,6.1,0.1,0.13,-0.1,False,False,False,False,False,True
2026-07-08 04:08:00,Node B,26.75,6.91,17.2,0.1,0.0,-0.3,False,False,False,False,False,True
2026-07-08 04:23:00,Node A,26.16,6.93,5.9,0.08,0.11,-0.2,False,False,False,False,False,True
2026-07-08 04:23:00,Node B,26.99,6.88,17.3,0.24,-0.03,0.1,False,False,False,False,False,True
2026-07-08 04:38:00,Node A,26.1,7.04,6.0,-0.06,0.11,0.1,False,False,False,False,False,True
2026-07-08 04:38:00,Node B,26.95,6.85,17.4,-0.04,-0.03,0.1,False,False,False,False,False,True
2026-07-08 04:53:00,Node A,26.32,7.13,6.2,0.22,0.09,0.2,False,False,False,False,False,True
2026-07-08 04:53:00,Node B,27.02,6.86,17.7,0.07,0.01,0.3,False,False,False,False,False,True
2026-07-08 05:08:00,Node A,26.43,7.15,6.0,0.11,0.02,-0.2,False,False,False,False,False,True
2026-07-08 05:08:00,Node B,27.22,6.86,18.0,0.2,0.0,0.3,False,False,False,False,False,True
2026-07-08 05:23:00,Node A,26.6,7.15,6.2,0.17,0.0,0.2,False,False,False,False,False,True
2026-07-08 05:23:00,Node B,27.38,6.86,18.2,0.16,0.0,0.2,False,False,False,False,False,True
2026-07-08 05:38:00,Node A,26.57,7.21,6.1,-0.03,0.06,-0.1,False,False,False,False,False,True
2026-07-08 05:38:00,Node B,27.51,6.86,18.0,0.13,0.0,-0.2,False,False,False,False,False,True
2026-07-08 05:53:00,Node A,26.53,7.19,6.3,-0.04,-0.02,0.2,False,False,False,False,False,True
2026-07-08 05:53:00,Node B,27.57,6.85,17.9,0.06,-0.01,-0.1,False,False,False,False,False,True
2026-07-08 06:08:00,Node A,26.53,7.18,5.9,0.0,-0.01,-0.4,False,False,False,False,False,True
2026-07-08 06:08:00,Node B,27.79,6.88,17.6,0.22,0.03,-0.3,False,False,False,False,False,True
2026-07-08 06:23:00,Node A,26.81,7.19,5.8,0.28,0.01,-0.1,False,False,False,False,False,True
2026-07-08 06:23:00,Node B,27.9,6.92,17.4,0.11,0.04,-0.2,False,False,False,False,False,True
2026-07-08 06:38:00,Node A,26.88,7.15,5.9,0.07,-0.04,0.1,False,False,False,False,False,True
2026-07-08 06:38:00,Node B,28.07,6.9,17.4,0.17,-0.02,0.0,False,False,False,False,False,True
2026-07-08 06:53:00,Node A,27.0,7.17,6.1,0.12,0.02,0.2,False,False,False,False,False,True
2026-07-08 06:53:00,Node B,28.33,6.94,18.9,0.26,0.04,1.5,False,False,False,False,False,True
2026-07-08 07:08:00,Node A,27.05,7.18,6.3,0.05,0.01,0.2,False,False,False,False,False,True
2026-07-08 07:08:00,Node B,28.43,6.92,21.4,0.1,-0.02,2.5,False,False,False,False,True,True
2026-07-08 07:23:00,Node A,27.19,7.19,6.2,0.14,0.01,-0.1,False,False,False,False,False,True
2026-07-08 07:23:00,Node B,28.64,6.89,21.7,0.21,-0.03,0.3,False,False,False,False,True,True
2026-07-08 07:38:00,Node A,27.22,7.18,6.2,0.03,-0.01,0.0,False,False,False,False,False,True
2026-07-08 07:38:00,Node B,28.67,6.88,21.7,0.03,-0.01,0.0,False,False,False,False,True,True
2026-07-08 07:53:00,Node A,27.64,7.16,5.8,0.42,-0.02,-0.4,False,False,False,False,False,True
2026-07-08 07:53:00,Node B,28.84,6.92,21.8,0.17,0.04,0.1,False,False,False,False,True,True
2026-07-08 08:08:00,Node A,27.84,7.18,5.8,0.2,0.02,0.0,False,False,False,False,False,True
2026-07-08 08:08:00,Node B,29.03,7.62,21.6,0.19,0.7,-0.2,False,False,True,True,False,False
2026-07-08 08:23:00,Node A,27.77,7.19,6.4,-0.07,0.01,0.6,False,False,False,False,False,True
2026-07-08 08:23:00,Node B,29.2,7.59,21.9,0.17,-0.03,0.3,False,False,False,False,False,True
2026-07-08 08:38:00,Node A,27.93,7.21,6.4,0.16,0.02,0.0,False,False,False,False,False,True
2026-07-08 08:38:00,Node B,29.35,7.61,21.5,0.15,0.02,-0.4,False,False,False,False,False,True
2026-07-08 08:53:00,Node A,27.97,7.22,6.5,0.04,0.01,0.1,False,False,False,False,False,True
2026-07-08 08:53:00,Node B,29.67,7.57,21.0,0.32,-0.04,-0.5,False,False,False,False,False,True
2026-07-08 09:23:00,Node A,28.03,7.27,6.6,,,,True,False,False,False,False,False
2026-07-08 09:23:00,Node B,30.05,7.42,19.6,,,,True,False,False,False,False,False
2026-07-08 09:38:00,Node A,28.27,7.28,6.4,0.24,0.01,-0.2,False,False,False,False,False,True
2026-07-08 09:38:00,Node B,30.32,7.33,19.7,0.27,-0.09,0.1,False,False,False,False,False,True
2026-07-08 09:53:00,Node A,28.51,7.27,6.4,0.24,-0.01,0.0,False,False,False,False,False,True
2026-07-08 09:53:00,Node B,30.62,7.27,20.5,0.3,-0.06,0.8,False,False,False,False,False,True
2026-07-08 10:08:00,Node A,28.58,7.28,6.4,0.07,0.01,0.0,False,False,False,False,False,True
2026-07-08 10:08:00,Node B,30.83,7.13,21.6,0.21,-0.14,1.1,False,False,False,False,True,True
2026-07-08 10:23:00,Node A,28.72,7.28,6.2,0.14,0.0,-0.2,False,False,False,False,False,True
2026-07-08 10:23:00,Node B,30.94,7.04,23.3,0.11,-0.09,1.7,False,False,False,False,True,True
2026-07-08 10:53:00,Node A,28.95,7.3,6.5,,,,True,False,False,False,False,False
2026-07-08 10:53:00,Node B,31.13,7.02,21.3,,,,True,False,False,False,True,False
2026-07-08 11:08:00,Node A,29.04,7.27,6.5,0.09,-0.03,0.0,False,False,False,False,False,True
2026-07-08 11:08:00,Node B,31.36,6.39,21.2,0.23,-0.63,-0.1,False,True,False,True,True,False
2026-07-08 11:23:00,Node A,29.15,7.29,7.2,0.11,0.02,0.7,False,False,False,False,False,True
2026-07-08 11:23:00,Node B,31.54,6.42,20.7,0.18,0.03,-0.5,False,True,False,True,True,False
2026-07-08 11:38:00,Node A,29.43,7.31,6.8,0.28,0.02,-0.4,False,False,False,False,False,True
2026-07-08 11:38:00,Node B,31.71,6.41,20.8,0.17,-0.01,0.1,False,True,False,True,True,False
2026-07-08 11:53:00,Node A,29.44,7.32,6.9,0.01,0.01,0.1,False,False,False,False,False,True
2026-07-08 11:53:00,Node B,31.98,6.54,20.4,0.27,0.13,-0.4,False,False,False,False,True,True
2026-07-08 12:08:00,Node A,29.25,7.28,7.2,-0.19,-0.04,0.3,False,False,False,False,False,True
2026-07-08 12:08:00,Node B,32.12,6.69,19.5,0.14,0.15,-0.9,False,True,False,True,True,False
2026-07-08 12:23:00,Node A,29.37,7.28,7.3,0.12,0.0,0.1,False,False,False,False,False,True
2026-07-08 12:23:00,Node B,32.23,6.81,18.6,0.11,0.12,-0.9,False,True,False,True,True,False
2026-07-08 12:38:00,Node A,29.47,7.31,6.9,0.1,0.03,-0.4,False,False,False,False,False,True
2026-07-08 12:38:00,Node B,32.29,6.99,17.4,0.06,0.18,-1.2,False,True,False,True,True,False
2026-07-08 12:53:00,Node A,29.44,7.33,6.9,-0.03,0.02,0.0,False,False,False,False,False,True
2026-07-08 12:53:00,Node B,32.52,7.1,16.6,0.23,0.11,-0.8,False,True,False,True,True,False
2026-07-08 13:08:00,Node A,29.56,7.31,6.9,0.12,-0.02,0.0,False,False,False,False,False,True
2026-07-08 13:08:00,Node B,32.68,7.1,15.8,0.16,0.0,-0.8,False,True,False,True,True,False
2026-07-08 13:23:00,Node A,29.59,7.32,6.9,0.03,0.01,0.0,False,False,False,False,False,True
2026-07-08 13:23:00,Node B,32.66,7.11,15.3,-0.02,0.01,-0.5,False,True,False,True,True,False
2026-07-08 13:38:00,Node A,29.84,7.33,6.6,0.25,0.01,-0.3,False,False,False,False,False,True
2026-07-08 13:38:00,Node B,32.67,7.08,14.3,0.01,-0.03,-1.0,False,True,False,True,True,False
2026-07-08 13:53:00,Node A,29.83,7.37,6.9,-0.01,0.04,0.3,False,False,False,False,False,True
2026-07-08 13:53:00,Node B,32.82,7.09,14.4,0.15,0.01,0.1,False,True,False,True,True,False
2026-07-08 14:08:00,Node A,30.0,7.37,6.8,0.17,0.0,-0.1,False,False,False,False,False,True
2026-07-08 14:08:00,Node B,32.84,7.09,14.7,0.02,0.0,0.3,False,True,False,True,True,False
2026-07-08 14:23:00,Node A,30.0,7.37,6.8,0.0,0.0,0.0,False,False,False,False,False,True
2026-07-08 14:23:00,Node B,32.9,7.11,14.8,0.06,0.02,0.1,False,True,False,True,True,False
2026-07-08 14:38:00,Node A,30.09,7.38,6.8,0.09,0.01,0.0,False,False,False,False,False,True
2026-07-08 14:38:00,Node B,33.06,7.1,14.5,0.16,-0.01,-0.3,False,True,False,True,True,False
2026-07-08 14:53:00,Node A,30.05,7.34,6.8,-0.04,-0.04,0.0,False,False,False,False,False,True
2026-07-08 14:53:00,Node B,33.18,7.09,14.7,0.12,-0.01,0.2,False,True,False,True,True,False
2026-07-08 15:08:00,Node A,30.01,7.34,6.5,-0.04,0.0,-0.3,False,False,False,False,False,True
2026-07-08 15:08:00,Node B,33.22,7.09,14.8,0.04,0.0,0.1,False,True,False,True,True,False
2026-07-08 15:23:00,Node A,30.04,7.38,6.5,0.03,0.04,0.0,False,False,False,False,False,True
2026-07-08 15:23:00,Node B,33.15,7.1,14.7,-0.07,0.01,-0.1,False,True,False,True,True,False
2026-07-08 15:38:00,Node A,29.83,7.39,6.6,-0.21,0.01,0.1,False,False,False,False,False,True
2026-07-08 15:38:00,Node B,33.24,7.14,14.5,0.09,0.04,-0.2,False,True,False,True,True,False
2026-07-08 15:53:00,Node A,29.88,7.37,6.7,0.05,-0.02,0.1,False,False,False,False,False,True
2026-07-08 15:53:00,Node B,33.2,7.15,14.7,-0.04,0.01,0.2,False,True,False,True,True,False
2026-07-08 16:08:00,Node A,29.78,7.37,6.9,-0.1,0.0,0.2,False,False,False,False,False,True
2026-07-08 16:08:00,Node B,33.22,7.13,14.7,0.02,-0.02,0.0,False,True,False,True,True,False
2026-07-08 16:23:00,Node A,29.84,7.36,6.9,0.06,-0.01,0.0,False,False,False,False,False,True
2026-07-08 16:23:00,Node B,33.32,7.1,14.9,0.1,-0.03,0.2,False,True,False,True,True,False
2026-07-08 16:38:00,Node A,29.77,7.36,6.5,-0.07,0.0,-0.4,False,False,False,False,False,True
2026-07-08 16:38:00,Node B,33.23,7.08,15.4,-0.09,-0.02,0.5,False,True,False,True,True,False
2026-07-08 16:53:00,Node A,29.8,7.33,6.6,0.03,-0.03,0.1,False,False,False,False,False,True
2026-07-08 16:53:00,Node B,33.09,7.1,14.8,-0.14,0.02,-0.6,False,True,False,True,True,False
2026-07-08 17:08:00,Node A,29.75,7.36,6.6,-0.05,0.03,0.0,False,False,False,False,False,True
2026-07-08 17:08:00,Node B,33.2,7.08,15.0,0.11,-0.02,0.2,False,True,False,True,True,False
2026-07-08 17:23:00,Node A,29.56,7.37,7.0,-0.19,0.01,0.4,False,False,False,False,False,True
2026-07-08 17:23:00,Node B,33.35,7.09,14.7,0.15,0.01,-0.3,False,True,False,True,True,False
2026-07-08 17:53:00,Node A,29.06,7.39,7.4,,,,True,False,False,False,False,False
2026-07-08 17:53:00,Node B,33.19,7.04,17.8,,,,True,True,False,True,True,False
2026-07-08 18:08:00,Node A,29.08,7.39,7.2,0.02,0.0,-0.2,False,False,False,False,False,True
2026-07-08 18:08:00,Node B,32.44,7.02,20.0,-0.75,-0.02,2.2,False,True,False,True,True,False
2026-07-08 18:23:00,Node A,28.89,7.37,7.1,-0.19,-0.02,-0.1,False,False,False,False,False,True
2026-07-08 18:23:00,Node B,31.56,6.86,23.2,-0.88,-0.16,3.2,False,False,False,False,True,True
2026-07-08 18:38:00,Node A,28.78,7.35,7.0,-0.11,-0.02,-0.1,False,False,False,False,False,True
2026-07-08 18:38:00,Node B,31.44,6.48,26.6,-0.12,-0.38,3.4,False,True,False,True,True,False
2026-07-08 18:53:00,Node A,28.61,7.36,7.0,-0.17,0.01,0.0,False,False,False,False,False,True
2026-07-08 18:53:00,Node B,31.19,5.94,26.8,-0.25,-0.54,0.2,False,True,False,True,True,False
2026-07-08 19:08:00,Node A,28.65,7.36,6.8,0.04,0.0,-0.2,False,False,False,False,False,True
2026-07-08 19:08:00,Node B,31.22,5.95,26.8,0.03,0.01,0.0,False,True,False,True,True,False
2026-07-08 19:23:00,Node A,28.7,7.34,6.6,0.05,-0.02,-0.2,False,False,False,False,False,True
2026-07-08 19:23:00,Node B,31.27,5.92,26.6,0.05,-0.03,-0.2,False,True,False,True,True,False
2026-07-08 19:38:00,Node A,28.57,7.32,6.8,-0.13,-0.02,0.2,False,False,False,False,False,True
2026-07-08 19:38:00,Node B,31.24,5.9,26.5,-0.03,-0.02,-0.1,False,True,False,True,True,False
2026-07-08 19:53:00,Node A,28.54,7.35,6.9,-0.03,0.03,0.1,False,False,False,False,False,True
2026-07-08 19:53:00,Node B,31.08,6.13,26.2,-0.16,0.23,-0.3,False,True,False,True,False,False
2026-07-08 20:53:00,Node A,27.81,7.26,6.8,,,,True,False,False,False,False,False
2026-07-08 20:53:00,Node B,30.95,6.97,24.9,,,,True,False,False,False,False,False
2026-07-08 21:08:00,Node A,27.79,7.26,6.9,-0.02,0.0,0.1,False,False,False,False,False,True
2026-07-08 21:08:00,Node B,30.99,6.98,24.2,0.04,0.01,-0.7,False,False,False,False,False,True
2026-07-08 21:23:00,Node A,27.62,7.27,7.1,-0.17,0.01,0.2,False,False,False,False,False,True
2026-07-08 21:23:00,Node B,30.92,6.98,23.0,-0.07,0.0,-1.2,False,False,False,False,False,True
2026-07-08 21:38:00,Node A,27.6,7.24,6.8,-0.02,-0.03,-0.3,False,False,False,False,False,True
2026-07-08 21:38:00,Node B,30.72,6.99,22.3,-0.2,0.01,-0.7,False,False,False,False,False,True
2026-07-08 21:53:00,Node A,27.43,7.2,6.7,-0.17,-0.04,-0.1,False,False,False,False,True,True
2026-07-08 21:53:00,Node B,30.61,6.97,21.6,-0.11,-0.02,-0.7,False,False,False,False,False,True
2026-07-08 22:08:00,Node A,27.23,7.21,7.6,-0.2,0.01,0.9,False,False,False,False,True,True
2026-07-08 22:08:00,Node B,30.46,6.96,20.6,-0.15,-0.01,-1.0,False,False,False,False,False,True
2026-07-08 22:23:00,Node A,27.23,7.24,9.2,0.0,0.03,1.6,False,False,False,False,True,True
2026-07-08 22:23:00,Node B,30.21,6.96,19.6,-0.25,0.0,-1.0,False,False,False,False,False,True
2026-07-08 22:38:00,Node A,27.22,7.23,11.6,-0.01,-0.01,2.4,False,False,False,False,True,True
2026-07-08 22:38:00,Node B,30.02,6.94,18.9,-0.19,-0.02,-0.7,False,False,False,False,False,True
2026-07-08 22:53:00,Node A,27.04,8.0,11.6,-0.18,0.77,0.0,False,False,True,True,False,False
2026-07-08 22:53:00,Node B,29.88,6.96,18.2,-0.14,0.02,-0.7,False,False,False,False,False,True
2026-07-08 23:08:00,Node A,26.94,8.01,11.8,-0.1,0.01,0.2,False,False,False,False,False,True
2026-07-08 23:08:00,Node B,29.74,6.96,17.2,-0.14,0.0,-1.0,False,False,False,False,False,True
2026-07-08 23:23:00,Node A,26.82,7.98,12.2,-0.12,-0.03,0.4,False,False,False,False,False,True
2026-07-08 23:23:00,Node B,29.62,6.95,16.5,-0.12,-0.01,-0.7,False,False,False,False,False,True
2026-07-08 23:38:00,Node A,26.71,7.87,12.1,-0.11,-0.11,-0.1,False,False,False,False,False,True
2026-07-08 23:38:00,Node B,29.46,6.99,15.8,-0.16,0.04,-0.7,False,False,False,False,False,True
2026-07-08 23:53:00,Node A,26.57,7.78,11.3,-0.14,-0.09,-0.8,False,False,False,False,False,True
2026-07-08 23:53:00,Node B,29.14,7.0,14.8,-0.32,0.01,-1.0,False,False,False,False,False,True
2026-07-09 00:08:00,Node A,26.54,7.66,10.8,-0.03,-0.12,-0.5,False,False,False,False,False,True
2026-07-09 00:08:00,Node B,28.86,6.96,15.2,-0.28,-0.04,0.4,False,False,False,False,False,True
2026-07-09 00:23:00,Node A,26.31,7.56,10.2,-0.23,-0.1,-0.6,False,False,False,False,False,True
2026-07-09 00:23:00,Node B,28.65,6.95,15.2,-0.21,-0.01,0.0,False,False,False,False,False,True
2026-07-09 00:38:00,Node A,26.39,7.44,9.4,0.08,-0.12,-0.8,False,False,False,False,False,True
2026-07-09 00:38:00,Node B,28.53,6.93,15.0,-0.12,-0.02,-0.2,False,False,False,False,False,True
2026-07-09 00:53:00,Node A,26.36,7.28,8.8,-0.03,-0.16,-0.6,False,False,False,False,False,True
2026-07-09 00:53:00,Node B,28.48,6.91,14.5,-0.05,-0.02,-0.5,False,False,False,False,False,True
2026-07-09 01:08:00,Node A,26.25,7.16,8.7,-0.11,-0.12,-0.1,False,False,False,False,False,True
2026-07-09 01:08:00,Node B,28.33,6.92,14.6,-0.15,0.01,0.1,False,False,False,False,False,True
2026-07-09 01:23:00,Node A,26.17,7.16,8.1,-0.08,0.0,-0.6,False,False,False,False,False,True
2026-07-09 01:23:00,Node B,28.18,6.93,14.7,-0.15,0.01,0.1,False,False,False,False,False,True
2026-07-09 01:38:00,Node A,26.32,7.16,8.0,0.15,0.0,-0.1,False,False,False,False,True,True
2026-07-09 01:38:00,Node B,28.07,6.95,14.7,-0.11,0.02,0.0,False,False,False,False,False,True
2026-07-09 01:53:00,Node A,26.44,7.32,9.1,0.12,0.16,1.1,False,False,False,False,True,True
2026-07-09 01:53:00,Node B,28.01,6.93,15.2,-0.06,-0.02,0.5,False,False,False,False,False,True
2026-07-09 02:08:00,Node A,26.45,7.66,10.0,0.01,0.34,0.9,False,False,False,False,True,True
2026-07-09 02:08:00,Node B,27.99,6.91,15.2,-0.02,-0.02,0.0,False,False,False,False,False,True
2026-07-09 02:23:00,Node A,26.66,8.08,10.2,0.21,0.42,0.2,False,False,False,False,True,True
2026-07-09 02:23:00,Node B,27.92,6.9,15.1,-0.07,-0.01,-0.1,False,False,False,False,False,True
2026-07-09 02:38:00,Node A,26.81,8.6,9.4,0.15,0.52,-0.8,False,True,False,True,True,False
2026-07-09 02:38:00,Node B,27.88,6.91,15.9,-0.04,0.01,0.8,False,False,False,False,False,True
2026-07-09 02:53:00,Node A,26.9,8.59,9.7,0.09,-0.01,0.3,False,True,False,True,True,False
2026-07-09 02:53:00,Node B,27.72,6.91,17.5,-0.16,0.0,1.6,False,False,False,False,True,True
2026-07-09 03:08:00,Node A,27.11,8.59,11.8,0.21,0.0,2.1,False,True,False,True,True,False
2026-07-09 03:08:00,Node B,27.7,6.91,19.4,-0.02,0.0,1.9,False,False,False,False,True,True
2026-07-09 03:38:00,Node A,27.37,8.64,14.2,,,,True,True,False,True,True,False
2026-07-09 03:38:00,Node B,27.59,6.9,22.1,,,,True,False,False,False,True,False
2026-07-09 03:53:00,Node A,27.48,8.5,14.5,0.11,-0.14,0.3,False,False,False,False,True,True
2026-07-09 03:53:00,Node B,27.46,7.6,22.1,-0.13,0.7,0.0,False,False,True,True,False,False
2026-07-09 04:08:00,Node A,27.6,9.17,14.7,0.12,0.67,0.2,False,True,False,True,True,False
2026-07-09 04:08:00,Node B,27.59,7.62,22.4,0.13,0.02,0.3,False,False,False,False,False,True
2026-07-09 04:23:00,Node A,27.69,9.03,14.6,0.09,-0.14,-0.1,False,True,False,True,True,False
2026-07-09 04:23:00,Node B,27.56,7.65,22.6,-0.03,0.03,0.2,False,False,False,False,False,True
2026-07-09 04:38:00,Node A,27.57,8.91,14.1,-0.12,-0.12,-0.5,False,True,False,True,True,False
2026-07-09 04:38:00,Node B,27.43,7.58,22.3,-0.13,-0.07,-0.3,False,False,False,False,False,True
2026-07-09 04:53:00,Node A,27.68,8.68,14.3,0.11,-0.23,0.2,False,True,False,True,False,False
2026-07-09 04:53:00,Node B,27.52,7.47,22.3,0.09,-0.11,0.0,False,False,False,False,False,True
2026-07-09 05:08:00,Node A,27.68,8.41,14.2,0.0,-0.27,-0.1,False,False,False,False,False,True
2026-07-09 05:08:00,Node B,27.5,7.4,21.5,-0.02,-0.07,-0.8,False,False,False,False,False,True
2026-07-09 05:53:00,Node A,27.88,7.64,12.9,,,,True,False,False,False,False,False
2026-07-09 05:53:00,Node B,27.7,7.16,18.5,,,,True,False,False,False,False,False
2026-07-09 06:08:00,Node A,28.02,7.41,12.2,0.14,-0.23,-0.7,False,False,False,False,False,True
2026-07-09 06:08:00,Node B,27.68,7.09,17.3,-0.02,-0.07,-1.2,False,False,False,False,False,True
2026-07-09 06:23:00,Node A,28.14,7.18,11.9,0.12,-0.23,-0.3,False,False,False,False,False,True
2026-07-09 06:23:00,Node B,27.77,7.02,16.5,0.09,-0.07,-0.8,False,False,False,False,False,True
2026-07-09 07:23:00,Node A,28.23,7.19,10.5,,,,True,False,False,False,False,False
2026-07-09 07:23:00,Node B,27.99,6.95,15.1,,,,True,False,False,False,False,False
2026-07-09 07:38:00,Node A,28.09,7.2,10.2,-0.14,0.01,-0.3,False,False,False,False,False,True
2026-07-09 07:38:00,Node B,28.24,6.95,15.3,0.25,0.0,0.2,False,False,False,False,False,True
2026-07-09 08:23:00,Node A,28.67,7.2,9.7,,,,True,False,False,False,True,False
2026-07-09 08:23:00,Node B,28.37,6.98,15.0,,,,True,False,False,False,False,False
2026-07-09 08:38:00,Node A,28.82,7.2,10.2,0.15,0.0,0.5,False,False,False,False,True,True
2026-07-09 08:38:00,Node B,28.57,7.01,15.0,0.2,0.03,0.0,False,False,False,False,False,True
2026-07-09 09:08:00,Node A,29.35,7.25,11.3,,,,True,False,False,False,True,False
2026-07-09 09:08:00,Node B,28.79,6.97,15.5,,,,True,False,False,False,False,False
2026-07-09 09:53:00,Node A,29.89,8.51,12.0,,,,True,True,False,True,False,False
2026-07-09 09:53:00,Node B,29.25,7.04,15.5,,,,True,False,False,False,False,False
2026-07-09 10:08:00,Node A,30.02,8.5,12.0,0.13,-0.01,0.0,False,False,False,False,False,True
2026-07-09 10:08:00,Node B,29.28,7.03,15.3,0.03,-0.01,-0.2,False,False,False,False,False,True
2026-07-09 11:08:00,Node A,30.52,8.23,11.5,,,,True,False,False,False,False,False
2026-07-09 11:08:00,Node B,29.8,7.02,16.3,,,,True,False,False,False,False,False
2026-07-09 11:23:00,Node A,30.79,8.12,11.9,0.27,-0.11,0.4,False,False,False,False,False,True
2026-07-09 11:23:00,Node B,29.84,7.03,16.3,0.04,0.01,0.0,False,False,False,False,False,True
2026-07-09 11:38:00,Node A,30.83,8.0,12.0,0.04,-0.12,0.1,False,False,False,False,False,True
2026-07-09 11:38:00,Node B,29.96,7.03,16.0,0.12,0.0,-0.3,False,False,False,False,False,True
2026-07-09 11:53:00,Node A,31.02,7.85,11.9,0.19,-0.15,-0.1,False,False,False,False,False,True
2026-07-09 11:53:00,Node B,30.12,7.0,16.4,0.16,-0.03,0.4,False,False,False,False,False,True
2026-07-09 12:08:00,Node A,31.08,7.74,12.0,0.06,-0.11,0.1,False,False,False,False,False,True
2026-07-09 12:08:00,Node B,30.16,6.97,15.8,0.04,-0.03,-0.6,False,False,False,False,False,True
2026-07-09 12:23:00,Node A,31.03,7.59,12.0,-0.05,-0.15,0.0,False,False,False,False,False,True
2026-07-09 12:23:00,Node B,30.27,6.99,15.8,0.11,0.02,0.0,False,False,False,False,False,True
2026-07-09 12:38:00,Node A,31.11,7.46,11.5,0.08,-0.13,-0.5,False,False,False,False,False,True
2026-07-09 12:38:00,Node B,30.42,7.0,15.8,0.15,0.01,0.0,False,False,False,False,False,True
2026-07-09 12:53:00,Node A,31.15,7.35,10.9,0.04,-0.11,-0.6,False,False,False,False,False,True
2026-07-09 12:53:00,Node B,30.67,7.02,15.7,0.25,0.02,-0.1,False,False,False,False,False,True
2026-07-09 13:23:00,Node A,31.1,7.32,11.2,,,,True,False,False,False,False,False
2026-07-09 13:23:00,Node B,30.83,7.03,15.6,,,,True,False,False,False,False,False
2026-07-09 13:38:00,Node A,31.19,7.34,10.9,0.09,0.02,-0.3,False,False,False,False,False,True
2026-07-09 13:38:00,Node B,30.89,7.04,15.6,0.06,0.01,0.0,False,False,False,False,False,True
2026-07-09 13:53:00,Node A,31.23,7.35,10.8,0.04,0.01,-0.1,False,False,False,False,False,True
2026-07-09 13:53:00,Node B,30.97,7.05,16.6,0.08,0.01,1.0,False,False,False,False,True,True
2026-07-09 14:08:00,Node A,31.3,7.38,11.4,0.07,0.03,0.6,False,False,False,False,False,True
2026-07-09 14:08:00,Node B,30.94,7.06,18.0,-0.03,0.01,1.4,False,False,False,False,True,True
2026-07-09 14:23:00,Node A,30.86,7.36,12.4,-0.44,-0.02,1.0,False,False,False,False,False,True
2026-07-09 14:23:00,Node B,30.79,7.07,19.7,-0.15,0.01,1.7,False,False,False,False,True,True
2026-07-09 14:38:00,Node A,30.26,7.38,13.1,-0.6,0.02,0.7,False,False,False,False,False,True
2026-07-09 14:38:00,Node B,30.77,7.06,21.6,-0.02,-0.01,1.9,False,False,False,False,True,True
2026-07-09 14:53:00,Node A,30.38,7.28,13.9,0.12,-0.1,0.8,False,False,False,False,False,True
2026-07-09 14:53:00,Node B,30.94,7.91,21.7,0.17,0.85,0.1,False,False,True,True,False,False
2026-07-09 15:08:00,Node A,30.33,7.09,13.7,-0.05,-0.19,-0.2,False,False,False,False,False,True
2026-07-09 15:08:00,Node B,30.73,7.94,21.8,-0.21,0.03,0.1,False,False,False,False,False,True
2026-07-09 15:23:00,Node A,30.27,6.84,14.0,-0.06,-0.25,0.3,False,False,False,False,False,True
2026-07-09 15:23:00,Node B,30.62,7.96,22.0,-0.11,0.02,0.2,False,False,False,False,False,True
2026-07-09 15:38:00,Node A,30.29,6.57,13.4,0.02,-0.27,-0.6,False,False,False,False,False,True
2026-07-09 15:38:00,Node B,30.75,7.77,21.4,0.13,-0.19,-0.6,False,False,False,False,False,True
2026-07-09 15:53:00,Node A,30.33,6.57,12.9,0.04,0.0,-0.5,False,False,False,False,False,True
2026-07-09 15:53:00,Node B,30.8,7.64,20.7,0.05,-0.13,-0.7,False,False,False,False,False,True
2026-07-09 16:08:00,Node A,30.41,6.52,12.7,0.08,-0.05,-0.2,False,False,False,False,False,True
2026-07-09 16:08:00,Node B,30.74,7.45,20.1,-0.06,-0.19,-0.6,False,False,False,False,False,True
2026-07-09 16:23:00,Node A,30.37,6.53,12.1,-0.04,0.01,-0.6,False,False,False,False,False,True
2026-07-09 16:23:00,Node B,30.72,7.29,19.3,-0.02,-0.16,-0.8,False,False,False,False,False,True
2026-07-09 16:53:00,Node A,30.33,6.51,10.8,,,,True,False,False,False,False,False
2026-07-09 16:53:00,Node B,30.7,7.07,18.4,,,,True,False,False,False,False,False
2026-07-09 17:08:00,Node A,30.46,6.61,10.5,0.13,0.1,-0.3,False,False,False,False,False,True
2026-07-09 17:08:00,Node B,30.71,7.1,17.4,0.01,0.03,-1.0,False,False,False,False,False,True
2026-07-09 17:23:00,Node A,30.47,6.73,10.0,0.01,0.12,-0.5,False,False,False,False,False,True
2026-07-09 17:23:00,Node B,30.52,7.1,16.5,-0.19,0.0,-0.9,False,False,False,False,False,True
2026-07-09 17:38:00,Node A,30.37,6.85,9.8,-0.1,0.12,-0.2,False,False,False,False,False,True
2026-07-09 17:38:00,Node B,30.39,7.06,15.6,-0.13,-0.04,-0.9,False,False,False,False,False,True
2026-07-09 17:53:00,Node A,30.29,6.91,9.2,-0.08,0.06,-0.6,False,False,False,False,False,True
2026-07-09 17:53:00,Node B,30.39,7.06,15.6,0.0,0.0,0.0,False,False,False,False,False,True
2026-07-09 18:08:00,Node A,30.3,7.0,9.1,0.01,0.09,-0.1,False,False,False,False,False,True
2026-07-09 18:08:00,Node B,30.33,7.06,16.1,-0.06,0.0,0.5,False,False,False,False,False,True
2026-07-09 18:23:00,Node A,30.13,7.11,8.9,-0.17,0.11,-0.2,False,False,False,False,False,True
2026-07-09 18:23:00,Node B,30.19,7.08,16.2,-0.14,0.02,0.1,False,False,False,False,False,True
2026-07-09 18:38:00,Node A,30.0,7.22,8.4,-0.13,0.11,-0.5,False,False,False,False,False,True
2026-07-09 18:38:00,Node B,29.97,7.07,16.6,-0.22,-0.01,0.4,False,False,False,False,False,True
2026-07-09 18:53:00,Node A,29.92,7.32,8.4,-0.08,0.1,0.0,False,False,False,False,False,True
2026-07-09 18:53:00,Node B,29.76,7.08,16.0,-0.21,0.01,-0.6,False,False,False,False,False,True
2026-07-09 19:08:00,Node A,29.77,7.32,7.8,-0.15,0.0,-0.6,False,False,False,False,False,True
2026-07-09 19:08:00,Node B,29.7,7.05,15.9,-0.06,-0.03,-0.1,False,False,False,False,False,True
2026-07-09 19:23:00,Node A,29.65,7.33,7.7,-0.12,0.01,-0.1,False,False,False,False,False,True
2026-07-09 19:23:00,Node B,29.7,7.09,15.8,0.0,0.04,-0.1,False,False,False,False,False,True
2026-07-09 19:38:00,Node A,29.42,7.32,7.7,-0.23,-0.01,0.0,False,False,False,False,False,True
2026-07-09 19:38:00,Node B,29.59,7.07,16.1,-0.11,-0.02,0.3,False,False,False,False,False,True
2026-07-09 19:53:00,Node A,29.28,7.31,7.5,-0.14,-0.01,-0.2,False,False,False,False,False,True
2026-07-09 19:53:00,Node B,29.31,7.03,16.2,-0.28,-0.04,0.1,False,False,False,False,False,True
2026-07-09 20:08:00,Node A,29.1,7.31,7.3,-0.18,0.0,-0.2,False,False,False,False,False,True
2026-07-09 20:08:00,Node B,29.05,7.04,16.3,-0.26,0.01,0.1,False,False,False,False,False,True
2026-07-09 20:23:00,Node A,28.83,7.27,7.3,-0.27,-0.04,0.0,False,False,False,False,False,True
2026-07-09 20:23:00,Node B,28.81,7.03,16.0,-0.24,-0.01,-0.3,False,False,False,False,False,True
2026-07-09 20:38:00,Node A,28.57,7.28,7.6,-0.26,0.01,0.3,False,False,False,False,False,True
2026-07-09 20:38:00,Node B,28.59,7.04,16.6,-0.22,0.01,0.6,False,False,False,False,False,True
2026-07-09 20:53:00,Node A,28.36,7.29,7.8,-0.21,0.01,0.2,False,False,False,False,False,True
2026-07-09 20:53:00,Node B,28.64,7.0,16.5,0.05,-0.04,-0.1,False,False,False,False,False,True
2026-07-09 21:53:00,Node A,27.31,7.26,8.5,,,,True,False,False,False,False,False
2026-07-09 21:53:00,Node B,28.06,7.0,16.6,,,,True,False,False,False,False,False
2026-07-09 22:08:00,Node A,27.23,7.25,8.5,-0.08,-0.01,0.0,False,False,False,False,False,True
2026-07-09 22:08:00,Node B,27.92,6.98,16.4,-0.14,-0.02,-0.2,False,False,False,False,False,True
2026-07-09 22:23:00,Node A,27.28,7.26,8.7,0.05,0.01,0.2,False,False,False,False,False,True
2026-07-09 22:23:00,Node B,27.82,6.98,16.4,-0.1,0.0,0.0,False,False,False,False,False,True
2026-07-09 22:38:00,Node A,27.25,7.25,8.7,-0.03,-0.01,0.0,False,False,False,False,False,True
2026-07-09 22:38:00,Node B,27.63,6.97,16.3,-0.19,-0.01,-0.1,False,False,False,False,False,True
2026-07-09 22:53:00,Node A,27.04,7.2,8.9,-0.21,-0.05,0.2,False,False,False,False,False,True
2026-07-09 22:53:00,Node B,27.61,6.98,16.7,-0.02,0.01,0.4,False,False,False,False,False,True
2026-07-09 23:08:00,Node A,27.06,7.2,8.6,0.02,0.0,-0.3,False,False,False,False,False,True
2026-07-09 23:08:00,Node B,27.44,7.01,17.0,-0.17,0.03,0.3,False,False,False,False,False,True
2026-07-09 23:23:00,Node A,26.82,7.21,8.9,-0.24,0.01,0.3,False,False,False,False,False,True
2026-07-09 23:23:00,Node B,27.36,6.99,16.6,-0.08,-0.02,-0.4,False,False,False,False,False,True
2026-07-09 23:38:00,Node A,26.44,7.19,9.1,-0.38,-0.02,0.2,False,False,False,False,False,True
2026-07-09 23:38:00,Node B,27.18,6.96,16.5,-0.18,-0.03,-0.1,False,False,False,False,False,True
2026-07-09 23:53:00,Node A,26.33,7.22,9.1,-0.11,0.03,0.0,False,False,False,False,False,True
2026-07-09 23:53:00,Node B,27.01,6.96,16.4,-0.17,0.0,-0.1,False,False,False,False,False,True
2026-07-10 00:08:00,Node A,26.35,7.2,8.8,0.02,-0.02,-0.3,False,False,False,False,False,True
2026-07-10 00:08:00,Node B,26.88,6.91,16.3,-0.13,-0.05,-0.1,False,False,False,False,False,True
2026-07-10 00:23:00,Node A,26.3,7.2,8.8,-0.05,0.0,0.0,False,False,False,False,False,True
2026-07-10 00:23:00,Node B,26.58,6.91,16.1,-0.3,0.0,-0.2,False,False,False,False,False,True
2026-07-10 00:38:00,Node A,26.37,7.23,8.4,0.07,0.03,-0.4,False,False,False,False,False,True
2026-07-10 00:38:00,Node B,26.45,6.93,16.1,-0.13,0.02,0.0,False,False,False,False,False,True
2026-07-10 00:53:00,Node A,26.21,7.2,8.8,-0.16,-0.03,0.4,False,False,False,False,False,True
2026-07-10 00:53:00,Node B,26.34,6.93,16.7,-0.11,0.0,0.6,False,False,False,False,False,True
2026-07-10 01:08:00,Node A,26.16,7.2,8.5,-0.05,0.0,-0.3,False,False,False,False,False,True
2026-07-10 01:08:00,Node B,26.22,6.91,16.6,-0.12,-0.02,-0.1,False,False,False,False,False,True
2026-07-10 01:23:00,Node A,26.16,7.21,8.7,0.0,0.01,0.2,False,False,False,False,False,True
2026-07-10 01:23:00,Node B,26.17,6.91,16.7,-0.05,0.0,0.1,False,False,False,False,False,True
2026-07-10 01:38:00,Node A,26.12,7.18,8.7,-0.04,-0.03,0.0,False,False,False,False,False,True
2026-07-10 01:38:00,Node B,26.33,6.91,16.7,0.16,0.0,0.0,False,False,False,False,False,True
2026-07-10 01:53:00,Node A,25.93,7.19,7.9,-0.19,0.01,-0.8,False,False,False,False,False,True
2026-07-10 01:53:00,Node B,26.15,6.92,16.7,-0.18,0.01,0.0,False,False,False,False,False,True
2026-07-10 02:08:00,Node A,25.9,7.17,8.1,-0.03,-0.02,0.2,False,False,False,False,False,True
2026-07-10 02:08:00,Node B,26.12,6.91,16.6,-0.03,-0.01,-0.1,False,False,False,False,False,True
2026-07-10 02:23:00,Node A,25.73,7.16,8.2,-0.17,-0.01,0.1,False,False,False,False,False,True
2026-07-10 02:23:00,Node B,26.1,6.97,16.6,-0.02,0.06,0.0,False,False,False,False,False,True
2026-07-10 02:38:00,Node A,25.81,7.19,8.8,0.08,0.03,0.6,False,False,False,False,False,True
2026-07-10 02:38:00,Node B,26.25,6.97,16.6,0.15,0.0,0.0,False,False,False,False,False,True
2026-07-10 02:53:00,Node A,25.87,7.21,8.9,0.06,0.02,0.1,False,False,False,False,False,True
2026-07-10 02:53:00,Node B,26.35,6.93,16.4,0.1,-0.04,-0.2,False,False,False,False,False,True
2026-07-10 03:08:00,Node A,25.87,7.2,8.8,0.0,-0.01,-0.1,False,False,False,False,False,True
2026-07-10 03:08:00,Node B,26.28,6.91,16.5,-0.07,-0.02,0.1,False,False,False,False,False,True
2026-07-10 03:23:00,Node A,25.86,7.18,8.7,-0.01,-0.02,-0.1,False,False,False,False,False,True
2026-07-10 03:23:00,Node B,26.17,6.88,16.8,-0.11,-0.03,0.3,False,False,False,False,False,True
2026-07-10 04:08:00,Node A,25.97,7.17,8.7,,,,True,False,False,False,False,False
2026-07-10 04:08:00,Node B,26.29,6.89,16.6,,,,True,False,False,False,False,False
2026-07-10 04:23:00,Node A,25.97,7.18,9.1,0.0,0.01,0.4,False,False,False,False,False,True
2026-07-10 04:23:00,Node B,26.38,6.85,16.8,0.09,-0.04,0.2,False,False,False,False,False,True
2026-07-10 04:38:00,Node A,25.96,7.16,9.1,-0.01,-0.02,0.0,False,False,False,False,False,True
2026-07-10 04:38:00,Node B,26.47,6.84,16.7,0.09,-0.01,-0.1,False,False,False,False,False,True
2026-07-10 04:53:00,Node A,26.09,7.11,9.2,0.13,-0.05,0.1,False,False,False,False,False,True
2026-07-10 04:53:00,Node B,26.73,6.88,17.1,0.26,0.04,0.4,False,False,False,False,False,True
2026-07-10 05:08:00,Node A,26.07,7.13,9.1,-0.02,0.02,-0.1,False,False,False,False,False,True
2026-07-10 05:08:00,Node B,26.97,6.86,17.0,0.24,-0.02,-0.1,False,False,False,False,False,True
2026-07-10 05:53:00,Node A,26.41,7.12,9.4,,,,True,False,False,False,False,False
2026-07-10 05:53:00,Node B,27.08,6.88,17.7,,,,True,False,False,False,False,False
2026-07-10 06:08:00,Node A,26.37,7.14,9.1,-0.04,0.02,-0.3,False,False,False,False,False,True
2026-07-10 06:08:00,Node B,26.91,6.9,17.8,-0.17,0.02,0.1,False,False,False,False,False,True
2026-07-10 06:38:00,Node A,26.73,7.16,9.9,,,,True,False,False,False,False,False
2026-07-10 06:38:00,Node B,27.07,6.85,17.2,,,,True,False,False,False,False,False
2026-07-10 06:53:00,Node A,26.85,7.16,9.4,0.12,0.0,-0.5,False,False,False,False,False,True
2026-07-10 06:53:00,Node B,27.22,6.85,17.2,0.15,0.0,0.0,False,False,False,False,False,True
2026-07-10 07:08:00,Node A,26.94,7.19,9.4,0.09,0.03,0.0,False,False,False,False,False,True
2026-07-10 07:08:00,Node B,27.52,6.86,17.1,0.3,0.01,-0.1,False,False,False,False,False,True
2026-07-10 07:23:00,Node A,27.08,7.24,9.9,0.14,0.05,0.5,False,False,False,False,False,True
2026-07-10 07:23:00,Node B,27.71,6.9,17.2,0.19,0.04,0.1,False,False,False,False,False,True
2026-07-10 07:38:00,Node A,27.14,7.22,11.4,0.06,-0.02,1.5,False,False,False,False,True,True
2026-07-10 07:38:00,Node B,27.69,6.93,17.4,-0.02,0.03,0.2,False,False,False,False,False,True
2026-07-10 08:08:00,Node A,26.67,6.99,14.7,,,,True,False,False,False,True,False
2026-07-10 08:08:00,Node B,28.1,6.95,17.1,,,,True,False,False,False,False,False
2026-07-10 08:23:00,Node A,26.35,6.57,16.7,-0.32,-0.42,2.0,False,False,False,False,True,True
2026-07-10 08:23:00,Node B,28.1,6.99,17.4,0.0,0.04,0.3,False,False,False,False,False,True
2026-07-10 09:23:00,Node A,26.91,6.0,17.2,,,,True,True,False,True,True,False
2026-07-10 09:23:00,Node B,28.68,6.94,17.3,,,,True,False,False,False,False,False
2026-07-10 09:38:00,Node A,26.99,5.99,17.5,0.08,-0.01,0.3,False,True,False,True,True,False
2026-07-10 09:38:00,Node B,28.77,6.96,17.6,0.09,0.02,0.3,False,False,False,False,False,True
2026-07-10 09:53:00,Node A,27.28,5.99,16.9,0.29,0.0,-0.6,False,True,False,True,True,False
2026-07-10 09:53:00,Node B,28.89,6.94,17.1,0.12,-0.02,-0.5,False,False,False,False,False,True
2026-07-10 10:08:00,Node A,27.42,6.2,16.6,0.14,0.21,-0.3,False,True,False,True,True,False
2026-07-10 10:08:00,Node B,29.04,6.99,17.2,0.15,0.05,0.1,False,False,False,False,False,True
2026-07-10 10:23:00,Node A,27.7,6.38,16.0,0.28,0.18,-0.6,False,True,False,True,False,False
2026-07-10 10:23:00,Node B,29.2,7.0,17.4,0.16,0.01,0.2,False,False,False,False,False,True
2026-07-10 10:38:00,Node A,27.92,6.53,15.7,0.22,0.15,-0.3,False,False,False,False,False,True
2026-07-10 10:38:00,Node B,29.48,6.97,17.4,0.28,-0.03,0.0,False,False,False,False,False,True
2026-07-10 10:53:00,Node A,28.15,6.75,15.0,0.23,0.22,-0.7,False,False,False,False,False,True
2026-07-10 10:53:00,Node B,29.59,6.95,17.2,0.11,-0.02,-0.2,False,False,False,False,False,True
2026-07-10 11:08:00,Node A,28.62,6.93,14.0,0.47,0.18,-1.0,False,False,False,False,False,True
2026-07-10 11:08:00,Node B,29.7,6.97,17.5,0.11,0.02,0.3,False,False,False,False,False,True
2026-07-10 12:08:00,Node A,29.27,7.31,12.1,,,,True,False,False,False,False,False
2026-07-10 12:08:00,Node B,30.08,7.03,17.5,,,,True,False,False,False,False,False
2026-07-10 12:23:00,Node A,29.32,7.32,11.7,0.05,0.01,-0.4,False,False,False,False,False,True
2026-07-10 12:23:00,Node B,30.22,7.04,17.5,0.14,0.01,0.0,False,False,False,False,False,True
2026-07-10 12:38:00,Node A,29.37,7.3,11.2,0.05,-0.02,-0.5,False,False,False,False,False,True
2026-07-10 12:38:00,Node B,30.37,7.04,17.6,0.15,0.0,0.1,False,False,False,False,False,True
2026-07-10 12:53:00,Node A,29.35,7.35,10.8,-0.02,0.05,-0.4,False,False,False,False,False,True
2026-07-10 12:53:00,Node B,30.37,7.03,17.8,0.0,-0.01,0.2,False,False,False,False,False,True
2026-07-10 13:08:00,Node A,29.33,7.34,10.1,-0.02,-0.01,-0.7,False,False,False,False,False,True
2026-07-10 13:08:00,Node B,30.51,7.01,17.8,0.14,-0.02,0.0,False,False,False,False,False,True
2026-07-10 13:23:00,Node A,29.44,7.36,9.5,0.11,0.02,-0.6,False,False,False,False,False,True
2026-07-10 13:23:00,Node B,30.51,7.02,17.9,0.0,0.01,0.1,False,False,False,False,False,True
2026-07-10 13:38:00,Node A,29.42,7.34,9.0,-0.02,-0.02,-0.5,False,False,False,False,False,True
2026-07-10 13:38:00,Node B,30.56,7.05,18.0,0.05,0.03,0.1,False,False,False,False,False,True
2026-07-10 13:53:00,Node A,29.42,7.35,9.0,0.0,0.01,0.0,False,False,False,False,False,True
2026-07-10 13:53:00,Node B,30.53,7.08,17.9,-0.03,0.03,-0.1,False,False,False,False,False,True
2026-07-10 14:08:00,Node A,29.63,7.36,9.0,0.21,0.01,0.0,False,False,False,False,False,True
2026-07-10 14:08:00,Node B,30.52,7.05,18.1,-0.01,-0.03,0.2,False,False,False,False,False,True
2026-07-10 14:23:00,Node A,29.73,7.36,9.3,0.1,0.0,0.3,False,False,False,False,False,True
2026-07-10 14:23:00,Node B,30.45,7.05,18.3,-0.07,0.0,0.2,False,False,False,False,False,True
2026-07-10 14:38:00,Node A,29.98,7.34,9.5,0.25,-0.02,0.2,False,False,False,False,False,True
2026-07-10 14:38:00,Node B,30.42,7.09,18.2,-0.03,0.04,-0.1,False,False,False,False,False,True
2026-07-10 14:53:00,Node A,29.96,7.32,9.4,-0.02,-0.02,-0.1,False,False,False,False,False,True
2026-07-10 14:53:00,Node B,30.48,7.09,17.8,0.06,0.0,-0.4,False,False,False,False,False,True
2026-07-10 15:08:00,Node A,29.87,7.32,9.5,-0.09,0.0,0.1,False,False,False,False,False,True
2026-07-10 15:08:00,Node B,30.47,7.11,17.9,-0.01,0.02,0.1,False,False,False,False,False,True
2026-07-10 15:23:00,Node A,29.81,7.33,9.4,-0.06,0.01,-0.1,False,False,False,False,False,True
2026-07-10 15:23:00,Node B,30.48,7.11,18.7,0.01,0.0,0.8,False,False,False,False,True,True
2026-07-10 15:38:00,Node A,30.07,7.31,9.0,0.26,-0.02,-0.4,False,False,False,False,False,True
2026-07-10 15:38:00,Node B,30.5,7.12,20.2,0.02,0.01,1.5,False,False,False,False,True,True
2026-07-10 15:53:00,Node A,30.12,7.32,9.1,0.05,0.01,0.1,False,False,False,False,False,True
2026-07-10 15:53:00,Node B,30.49,7.12,21.7,-0.01,0.0,1.5,False,False,False,False,True,True
2026-07-10 16:08:00,Node A,30.07,7.35,9.6,-0.05,0.03,0.5,False,False,False,False,False,True
2026-07-10 16:08:00,Node B,30.42,7.13,23.7,-0.07,0.01,2.0,False,False,False,False,True,True
2026-07-10 16:23:00,Node A,30.06,7.36,9.7,-0.01,0.01,0.1,False,False,False,False,False,True
2026-07-10 16:23:00,Node B,30.4,6.42,23.9,-0.02,-0.71,0.2,False,True,False,True,True,False
2026-07-10 16:38:00,Node A,30.05,7.37,9.8,-0.01,0.01,0.1,False,False,False,False,False,True
2026-07-10 16:38:00,Node B,30.35,6.36,23.9,-0.05,-0.06,0.0,False,True,False,True,True,False
2026-07-10 16:53:00,Node A,30.03,7.36,9.5,-0.02,-0.01,-0.3,False,False,False,False,False,True
2026-07-10 16:53:00,Node B,30.34,6.32,23.8,-0.01,-0.04,-0.1,False,True,False,True,True,False
2026-07-10 17:08:00,Node A,30.23,7.33,9.3,0.2,-0.03,-0.2,False,False,False,False,False,True
2026-07-10 17:08:00,Node B,30.22,6.32,22.9,-0.12,0.0,-0.9,False,True,False,True,True,False
2026-07-10 17:23:00,Node A,29.95,7.32,9.2,-0.28,-0.01,-0.1,False,False,False,False,False,True
2026-07-10 17:23:00,Node B,30.17,6.45,22.0,-0.05,0.13,-0.9,False,True,False,True,False,False
2026-07-10 17:38:00,Node A,29.9,7.33,9.1,-0.05,0.01,-0.1,False,False,False,False,False,True
2026-07-10 17:38:00,Node B,30.06,6.55,21.1,-0.11,0.1,-0.9,False,False,False,False,False,True
2026-07-10 17:53:00,Node A,29.88,7.33,9.2,-0.02,0.0,0.1,False,False,False,False,False,True
2026-07-10 17:53:00,Node B,30.1,6.66,20.2,0.04,0.11,-0.9,False,False,False,False,False,True
2026-07-10 18:08:00,Node A,29.82,7.36,9.2,-0.06,0.03,0.0,False,False,False,False,False,True
2026-07-10 18:08:00,Node B,30.03,6.79,19.5,-0.07,0.13,-0.7,False,False,False,False,False,True
2026-07-10 18:23:00,Node A,29.92,7.3,8.9,0.1,-0.06,-0.3,False,False,False,False,False,True
2026-07-10 18:23:00,Node B,29.99,6.9,18.8,-0.04,0.11,-0.7,False,False,False,False,False,True
2026-07-10 18:38:00,Node A,29.82,7.3,9.1,-0.1,0.0,0.2,False,False,False,False,False,True
2026-07-10 18:38:00,Node B,29.94,7.0,17.9,-0.05,0.1,-0.9,False,False,False,False,False,True
2026-07-10 19:23:00,Node A,29.72,7.29,9.3,,,,True,False,False,False,False,False
2026-07-10 19:23:00,Node B,29.46,6.97,18.2,,,,True,False,False,False,False,False
2026-07-10 19:38:00,Node A,29.71,7.25,9.3,-0.01,-0.04,0.0,False,False,False,False,False,True
2026-07-10 19:38:00,Node B,29.37,6.96,18.1,-0.09,-0.01,-0.1,False,False,False,False,False,True
2026-07-10 19:53:00,Node A,29.65,7.25,9.1,-0.06,0.0,-0.2,False,False,False,False,False,True
2026-07-10 19:53:00,Node B,29.27,6.97,17.9,-0.1,0.01,-0.2,False,False,False,False,False,True
2026-07-10 20:08:00,Node A,29.6,7.26,9.3,-0.05,0.01,0.2,False,False,False,False,False,True
2026-07-10 20:08:00,Node B,29.02,7.0,18.0,-0.25,0.03,0.1,False,False,False,False,False,True
2026-07-10 20:23:00,Node A,29.59,7.26,9.6,-0.01,0.0,0.3,False,False,False,False,False,True
2026-07-10 20:23:00,Node B,28.88,7.0,18.1,-0.14,0.0,0.1,False,False,False,False,False,True
2026-07-10 20:38:00,Node A,29.41,7.28,9.8,-0.18,0.02,0.2,False,False,False,False,False,True
2026-07-10 20:38:00,Node B,28.66,7.0,18.2,-0.22,0.0,0.1,False,False,False,False,False,True
2026-07-10 20:53:00,Node A,29.3,7.29,10.0,-0.11,0.01,0.2,False,False,False,False,False,True
2026-07-10 20:53:00,Node B,28.65,7.02,18.0,-0.01,0.02,-0.2,False,False,False,False,False,True
2026-07-10 21:08:00,Node A,29.32,7.32,10.3,0.02,0.03,0.3,False,False,False,False,False,True
2026-07-10 21:08:00,Node B,28.48,7.05,18.5,-0.17,0.03,0.5,False,False,False,False,False,True
2026-07-10 21:23:00,Node A,29.08,7.3,10.3,-0.24,-0.02,0.0,False,False,False,False,False,True
2026-07-10 21:23:00,Node B,28.35,7.02,18.6,-0.13,-0.03,0.1,False,False,False,False,False,True
2026-07-10 21:38:00,Node A,29.06,7.26,10.3,-0.02,-0.04,0.0,False,False,False,False,False,True
2026-07-10 21:38:00,Node B,28.07,7.03,18.5,-0.28,0.01,-0.1,False,False,False,False,False,True
2026-07-10 21:53:00,Node A,29.05,7.3,10.3,-0.01,0.04,0.0,False,False,False,False,False,True
2026-07-10 21:53:00,Node B,28.01,7.07,18.5,-0.06,0.04,0.0,False,False,False,False,False,True
2026-07-10 22:08:00,Node A,28.9,7.31,10.0,-0.15,0.01,-0.3,False,False,False,False,False,True
2026-07-10 22:08:00,Node B,27.78,7.01,18.6,-0.23,-0.06,0.1,False,False,False,False,False,True
2026-07-10 22:23:00,Node A,28.61,7.29,10.1,-0.29,-0.02,0.1,False,False,False,False,False,True
2026-07-10 22:23:00,Node B,27.57,6.99,18.7,-0.21,-0.02,0.1,False,False,False,False,False,True
2026-07-10 22:38:00,Node A,28.42,7.23,10.0,-0.19,-0.06,-0.1,False,False,False,False,False,True
2026-07-10 22:38:00,Node B,27.55,6.93,18.7,-0.02,-0.06,0.0,False,False,False,False,False,True
2026-07-10 22:53:00,Node A,28.34,7.24,10.4,-0.08,0.01,0.4,False,False,False,False,False,True
2026-07-10 22:53:00,Node B,27.35,6.91,18.9,-0.2,-0.02,0.2,False,False,False,False,False,True
2026-07-10 23:08:00,Node A,28.31,7.23,10.4,-0.03,-0.01,0.0,False,False,False,False,False,True
2026-07-10 23:08:00,Node B,27.36,6.93,19.0,0.01,0.02,0.1,False,False,False,False,False,True
2026-07-10 23:23:00,Node A,28.24,7.24,10.2,-0.07,0.01,-0.2,False,False,False,False,False,True
2026-07-10 23:23:00,Node B,27.11,6.93,18.9,-0.25,0.0,-0.1,False,False,False,False,False,True
2026-07-10 23:38:00,Node A,28.22,7.24,10.3,-0.02,0.0,0.1,False,False,False,False,False,True
2026-07-10 23:38:00,Node B,26.9,6.92,18.5,-0.21,-0.01,-0.4,False,False,False,False,False,True
2026-07-10 23:53:00,Node A,27.99,7.25,10.3,-0.23,0.01,0.0,False,False,False,False,False,True
2026-07-10 23:53:00,Node B,26.76,6.94,18.8,-0.14,0.02,0.3,False,False,False,False,False,True
2026-07-11 00:08:00,Node A,27.93,7.27,9.8,-0.06,0.02,-0.5,False,False,False,False,False,True
2026-07-11 00:08:00,Node B,26.63,6.95,18.3,-0.13,0.01,-0.5,False,False,False,False,False,True
2026-07-11 00:23:00,Node A,27.87,7.23,9.9,-0.06,-0.04,0.1,False,False,False,False,False,True
2026-07-11 00:23:00,Node B,26.48,6.93,18.6,-0.15,-0.02,0.3,False,False,False,False,True,True
2026-07-11 01:08:00,Node A,27.63,7.14,9.5,,,,True,False,False,False,False,False
2026-07-11 01:08:00,Node B,26.0,6.95,23.4,,,,True,False,False,False,True,False
2026-07-11 01:23:00,Node A,27.67,7.15,9.7,0.04,0.01,0.2,False,False,False,False,False,True
2026-07-11 01:23:00,Node B,25.41,6.76,25.6,-0.59,-0.19,2.2,False,True,False,True,True,False
2026-07-11 01:38:00,Node A,27.52,7.13,10.0,-0.15,-0.02,0.3,False,False,False,False,False,True
2026-07-11 01:38:00,Node B,24.54,6.41,28.0,-0.87,-0.35,2.4,False,True,False,True,True,False
2026-07-11 01:53:00,Node A,27.51,7.12,10.1,-0.01,-0.01,0.1,False,False,False,False,False,True
2026-07-11 01:53:00,Node B,24.63,5.94,28.2,0.09,-0.47,0.2,False,True,False,True,True,False
2026-07-11 02:08:00,Node A,27.55,7.14,9.5,0.04,0.02,-0.6,False,False,False,False,False,True
2026-07-11 02:08:00,Node B,24.56,5.9,28.2,-0.07,-0.04,0.0,False,True,False,True,True,False
2026-07-11 02:23:00,Node A,27.59,7.18,10.1,0.04,0.04,0.6,False,False,False,False,False,True
2026-07-11 02:23:00,Node B,24.38,5.9,28.0,-0.18,0.0,-0.2,False,True,False,True,True,False
2026-07-11 02:38:00,Node A,27.46,7.18,10.2,-0.13,0.0,0.1,False,False,False,False,False,True
2026-07-11 02:38:00,Node B,24.37,5.9,28.1,-0.01,0.0,0.1,False,True,False,True,True,False
2026-07-11 02:53:00,Node A,27.49,7.17,10.0,0.03,-0.01,-0.2,False,False,False,False,False,True
2026-07-11 02:53:00,Node B,24.42,5.9,28.2,0.05,0.0,0.1,False,True,False,True,True,False
2026-07-11 03:08:00,Node A,27.29,7.15,10.0,-0.2,-0.02,0.0,False,False,False,False,False,True
2026-07-11 03:08:00,Node B,24.42,5.9,28.4,0.0,0.0,0.2,False,True,False,True,True,False
2026-07-11 03:23:00,Node A,27.2,7.15,10.2,-0.09,0.0,0.2,False,False,False,False,False,True
2026-07-11 03:23:00,Node B,24.56,5.98,27.7,0.14,0.08,-0.7,False,True,False,True,True,False
2026-07-11 03:38:00,Node A,27.17,7.17,10.2,-0.03,0.02,0.0,False,False,False,False,False,True
2026-07-11 03:38:00,Node B,24.86,6.1,26.8,0.3,0.12,-0.9,False,True,False,True,True,False
2026-07-11 03:53:00,Node A,27.11,7.21,10.5,-0.06,0.04,0.3,False,False,False,False,False,True
2026-07-11 03:53:00,Node B,25.19,6.24,26.1,0.33,0.14,-0.7,False,True,False,True,True,False
2026-07-11 04:08:00,Node A,27.18,7.23,10.8,0.07,0.02,0.3,False,False,False,False,False,True
2026-07-11 04:08:00,Node B,25.48,6.36,21.0,0.29,0.12,-5.1,False,True,False,True,True,False
2026-07-11 04:23:00,Node A,27.29,7.24,10.9,0.11,0.01,0.1,False,False,False,False,False,True
2026-07-11 04:23:00,Node B,25.78,6.45,20.4,0.3,0.09,-0.6,False,True,False,True,False,False
2026-07-11 04:38:00,Node A,27.25,7.21,10.9,-0.04,-0.03,0.0,False,False,False,False,False,True
2026-07-11 04:38:00,Node B,26.04,6.61,19.4,0.26,0.16,-1.0,False,False,False,False,False,True
2026-07-11 04:53:00,Node A,27.28,7.16,10.4,0.03,-0.05,-0.5,False,False,False,False,False,True
2026-07-11 04:53:00,Node B,26.24,6.76,18.7,0.2,0.15,-0.7,False,False,False,False,False,True
2026-07-11 05:08:00,Node A,27.46,7.16,10.2,0.18,0.0,-0.2,False,False,False,False,False,True
2026-07-11 05:08:00,Node B,26.44,6.92,17.9,0.2,0.16,-0.8,False,False,False,False,False,True
2026-07-11 05:23:00,Node A,27.6,7.16,10.5,0.14,0.0,0.3,False,False,False,False,False,True
2026-07-11 05:23:00,Node B,26.85,6.9,17.2,0.41,-0.02,-0.7,False,False,False,False,False,True
2026-07-11 05:38:00,Node A,27.55,7.2,10.4,-0.05,0.04,-0.1,False,False,False,False,False,True
2026-07-11 05:38:00,Node B,26.94,6.86,16.7,0.09,-0.04,-0.5,False,False,False,False,False,True
2026-07-11 05:53:00,Node A,27.66,7.19,10.4,0.11,-0.01,0.0,False,False,False,False,False,True
2026-07-11 05:53:00,Node B,27.04,6.86,16.2,0.1,0.0,-0.5,False,False,False,False,False,True
2026-07-11 06:08:00,Node A,27.6,7.18,10.1,-0.06,-0.01,-0.3,False,False,False,False,False,True
2026-07-11 06:08:00,Node B,27.29,6.83,15.4,0.25,-0.03,-0.8,False,False,False,False,False,True
2026-07-11 06:23:00,Node A,27.61,7.17,10.1,0.01,-0.01,0.0,False,False,False,False,False,True
2026-07-11 06:23:00,Node B,27.54,6.89,15.4,0.25,0.06,0.0,False,False,False,False,False,True
2026-07-11 06:38:00,Node A,27.58,7.18,10.5,-0.03,0.01,0.4,False,False,False,False,False,True
2026-07-11 06:38:00,Node B,27.79,6.9,15.7,0.25,0.01,0.3,False,False,False,False,False,True
2026-07-11 06:53:00,Node A,27.8,7.18,10.7,0.22,0.0,0.2,False,False,False,False,False,True
2026-07-11 06:53:00,Node B,27.95,6.92,15.6,0.16,0.02,-0.1,False,False,False,False,False,True
2026-07-11 07:08:00,Node A,28.13,7.19,10.2,0.33,0.01,-0.5,False,False,False,False,False,True
2026-07-11 07:08:00,Node B,28.15,6.9,15.7,0.2,-0.02,0.1,False,False,False,False,False,True
2026-07-11 07:23:00,Node A,28.17,7.2,10.3,0.04,0.01,0.1,False,False,False,False,False,True
2026-07-11 07:23:00,Node B,28.41,6.91,16.2,0.26,0.01,0.5,False,False,False,False,False,True
2026-07-11 07:38:00,Node A,28.24,7.2,10.8,0.07,0.0,0.5,False,False,False,False,False,True
2026-07-11 07:38:00,Node B,28.61,6.9,17.1,0.2,-0.01,0.9,False,False,False,False,True,True
2026-07-11 07:53:00,Node A,28.52,7.19,10.3,0.28,-0.01,-0.5,False,False,False,False,False,True
2026-07-11 07:53:00,Node B,28.77,6.91,17.9,0.16,0.01,0.8,False,False,False,False,True,True
2026-07-11 08:08:00,Node A,28.45,7.21,10.4,-0.07,0.02,0.1,False,False,False,False,False,True
2026-07-11 08:08:00,Node B,29.08,7.13,18.8,0.31,0.22,0.9,False,False,False,False,True,True
2026-07-11 08:23:00,Node A,28.45,7.21,10.4,0.0,0.0,0.0,False,False,False,False,False,True
2026-07-11 08:23:00,Node B,29.39,7.56,19.5,0.31,0.43,0.7,False,False,False,False,True,True
2026-07-11 08:38:00,Node A,28.5,7.19,10.3,0.05,-0.02,-0.1,False,False,False,False,False,True
2026-07-11 08:38:00,Node B,29.66,8.1,20.3,0.27,0.54,0.8,False,False,True,True,False,False
2026-07-11 08:53:00,Node A,28.7,7.22,10.3,0.2,0.03,0.0,False,False,False,False,False,True
2026-07-11 08:53:00,Node B,29.97,8.16,20.2,0.31,0.06,-0.1,False,False,False,False,False,True
2026-07-11 09:08:00,Node A,28.86,7.22,10.2,0.16,0.0,-0.1,False,False,False,False,False,True
2026-07-11 09:08:00,Node B,30.26,8.16,19.9,0.29,0.0,-0.3,False,False,False,False,False,True
2026-07-11 09:23:00,Node A,28.97,7.2,10.4,0.11,-0.02,0.2,False,False,False,False,False,True
2026-07-11 09:23:00,Node B,30.6,8.17,20.1,0.34,0.01,0.2,False,False,False,False,True,True
2026-07-11 09:38:00,Node A,28.97,7.23,10.5,0.0,0.03,0.1,False,False,False,False,False,True
2026-07-11 09:38:00,Node B,30.9,8.22,21.2,0.3,0.05,1.1,False,False,False,False,True,True
2026-07-11 09:53:00,Node A,29.18,7.25,10.5,0.21,0.02,0.0,False,False,False,False,False,True
2026-07-11 09:53:00,Node B,31.13,8.19,22.9,0.23,-0.03,1.7,False,False,False,False,True,True
2026-07-11 10:08:00,Node A,29.18,7.28,10.5,0.0,0.03,0.0,False,False,False,False,False,True
2026-07-11 10:08:00,Node B,31.41,8.09,22.1,0.28,-0.1,-0.8,False,False,False,False,True,True
2026-07-11 10:23:00,Node A,29.3,7.29,10.4,0.12,0.01,-0.1,False,False,False,False,False,True
2026-07-11 10:23:00,Node B,31.66,7.38,23.5,0.25,-0.71,1.4,False,False,True,True,True,False
2026-07-11 10:38:00,Node A,29.25,7.27,10.1,-0.05,-0.02,-0.3,False,False,False,False,False,True
2026-07-11 10:38:00,Node B,31.89,7.25,23.3,0.23,-0.13,-0.2,False,False,False,False,True,True
2026-07-11 10:53:00,Node A,29.4,7.3,10.3,0.15,0.03,0.2,False,False,False,False,False,True
2026-07-11 10:53:00,Node B,32.04,7.18,22.6,0.15,-0.07,-0.7,False,True,False,True,True,False
2026-07-11 11:08:00,Node A,29.51,7.33,10.1,0.11,0.03,-0.2,False,False,False,False,False,True
2026-07-11 11:08:00,Node B,32.37,6.99,22.1,0.33,-0.19,-0.5,False,True,False,True,True,False
2026-07-11 11:23:00,Node A,29.71,7.33,10.0,0.2,0.0,-0.1,False,False,False,False,False,True
2026-07-11 11:23:00,Node B,32.68,6.89,21.9,0.31,-0.1,-0.2,False,True,False,True,True,False
2026-07-11 11:38:00,Node A,29.56,7.3,10.4,-0.15,-0.03,0.4,False,False,False,False,False,True
2026-07-11 11:38:00,Node B,32.86,6.88,21.3,0.18,-0.01,-0.6,False,True,False,True,True,False
2026-07-11 11:53:00,Node A,29.57,7.24,11.0,0.01,-0.06,0.6,False,False,False,False,False,True
2026-07-11 11:53:00,Node B,33.2,6.86,20.7,0.34,-0.02,-0.6,False,True,False,True,True,False
2026-07-11 12:08:00,Node A,29.72,7.28,11.1,0.15,0.04,0.1,False,False,False,False,False,True
2026-07-11 12:08:00,Node B,33.36,6.86,20.0,0.16,0.0,-0.7,False,True,False,True,True,False
2026-07-11 12:23:00,Node A,29.8,7.28,11.4,0.08,0.0,0.3,False,False,False,False,False,True
2026-07-11 12:23:00,Node B,33.46,6.97,19.4,0.1,0.11,-0.6,False,True,False,True,True,False
2026-07-11 12:38:00,Node A,29.83,7.3,11.3,0.03,0.02,-0.1,False,False,False,False,False,True
2026-07-11 12:38:00,Node B,33.5,7.06,18.5,0.04,0.09,-0.9,False,True,False,True,True,False
2026-07-11 12:53:00,Node A,29.84,7.28,11.2,0.01,-0.02,-0.1,False,False,False,False,False,True
2026-07-11 12:53:00,Node B,33.47,7.09,17.7,-0.03,0.03,-0.8,False,True,False,True,True,False
2026-07-11 13:08:00,Node A,30.04,7.29,10.7,0.2,0.01,-0.5,False,False,False,False,False,True
2026-07-11 13:08:00,Node B,33.6,7.13,17.2,0.13,0.04,-0.5,False,True,False,True,True,False
2026-07-11 13:23:00,Node A,29.79,7.32,10.7,-0.25,0.03,0.0,False,False,False,False,False,True
2026-07-11 13:23:00,Node B,33.6,7.13,17.0,0.0,0.0,-0.2,False,True,False,True,True,False
2026-07-11 13:38:00,Node A,29.9,7.33,10.5,0.11,0.01,-0.2,False,False,False,False,False,True
2026-07-11 13:38:00,Node B,33.6,7.14,16.5,0.0,0.01,-0.5,False,True,False,True,True,False
2026-07-11 13:53:00,Node A,29.88,7.29,10.7,-0.02,-0.04,0.2,False,False,False,False,False,True
2026-07-11 13:53:00,Node B,33.6,7.13,16.2,0.0,-0.01,-0.3,False,True,False,True,True,False
2026-07-11 14:23:00,Node A,29.94,7.32,11.3,,,,True,False,False,False,False,False
2026-07-11 14:23:00,Node B,33.6,7.09,16.3,,,,True,True,False,True,True,False
2026-07-11 14:38:00,Node A,29.93,7.35,11.0,-0.01,0.03,-0.3,False,False,False,False,False,True
2026-07-11 14:38:00,Node B,33.6,7.05,15.7,0.0,-0.04,-0.6,False,True,False,True,True,False
2026-07-11 14:53:00,Node A,29.84,7.35,11.1,-0.09,0.0,0.1,False,False,False,False,False,True
2026-07-11 14:53:00,Node B,33.6,7.07,15.5,0.0,0.02,-0.2,False,True,False,True,True,False
2026-07-11 15:08:00,Node A,29.88,7.36,10.7,0.04,0.01,-0.4,False,False,False,False,False,True
2026-07-11 15:08:00,Node B,33.6,7.08,15.2,0.0,0.01,-0.3,False,True,False,True,True,False
2026-07-11 15:23:00,Node A,29.78,7.37,10.9,-0.1,0.01,0.2,False,False,False,False,False,True
2026-07-11 15:23:00,Node B,33.6,7.11,14.5,0.0,0.03,-0.7,False,True,False,True,True,False
2026-07-11 15:38:00,Node A,29.66,7.33,11.0,-0.12,-0.04,0.1,False,False,False,False,False,True
2026-07-11 15:38:00,Node B,33.6,7.11,14.4,0.0,0.0,-0.1,False,True,False,True,True,False
2026-07-11 15:53:00,Node A,29.58,7.35,11.1,-0.08,0.02,0.1,False,False,False,False,False,True
2026-07-11 15:53:00,Node B,33.6,7.09,14.3,0.0,-0.02,-0.1,False,True,False,True,True,False
2026-07-11 16:08:00,Node A,29.41,7.33,10.8,-0.17,-0.02,-0.3,False,False,False,False,False,True
2026-07-11 16:08:00,Node B,33.6,7.1,14.8,0.0,0.01,0.5,False,True,False,True,True,False
2026-07-11 16:23:00,Node A,29.3,7.33,11.0,-0.11,0.0,0.2,False,False,False,False,False,True
2026-07-11 16:23:00,Node B,33.6,7.09,15.0,0.0,-0.01,0.2,False,True,False,True,True,False
2026-07-11 16:38:00,Node A,29.39,7.32,11.1,0.09,-0.01,0.1,False,False,False,False,False,True
2026-07-11 16:38:00,Node B,33.6,7.13,14.6,0.0,0.04,-0.4,False,True,False,True,True,False
2026-07-11 16:53:00,Node A,29.37,7.33,11.1,-0.02,0.01,0.0,False,False,False,False,False,True
2026-07-11 16:53:00,Node B,33.6,7.08,14.5,0.0,-0.05,-0.1,False,True,False,True,True,False
2026-07-11 17:08:00,Node A,29.11,7.39,11.0,-0.26,0.06,-0.1,False,False,False,False,False,True
2026-07-11 17:08:00,Node B,33.45,7.1,14.8,-0.15,0.02,0.3,False,True,False,True,True,False
2026-07-11 17:23:00,Node A,29.07,7.37,10.8,-0.04,-0.02,-0.2,False,False,False,False,False,True
2026-07-11 17:23:00,Node B,33.29,7.09,14.5,-0.16,-0.01,-0.3,False,True,False,True,True,False
2026-07-11 17:38:00,Node A,29.0,7.38,10.9,-0.07,0.01,0.1,False,False,False,False,True,True
2026-07-11 17:38:00,Node B,33.11,7.08,14.4,-0.18,-0.01,-0.1,False,True,False,True,True,False
2026-07-11 17:53:00,Node A,28.97,7.38,11.4,-0.03,0.0,0.5,False,False,False,False,True,True
2026-07-11 17:53:00,Node B,32.87,7.09,14.2,-0.24,0.01,-0.2,False,True,False,True,True,False
2026-07-11 18:08:00,Node A,28.94,7.38,12.2,-0.03,0.0,0.8,False,False,False,False,True,True
2026-07-11 18:08:00,Node B,32.7,7.09,14.3,-0.17,0.0,0.1,False,True,False,True,True,False
2026-07-11 18:23:00,Node A,28.84,7.38,13.7,-0.1,0.0,1.5,False,False,False,False,True,True
2026-07-11 18:23:00,Node B,32.52,7.07,14.3,-0.18,-0.02,0.0,False,True,False,True,True,False
2026-07-11 18:38:00,Node A,28.89,6.53,14.7,0.05,-0.85,1.0,False,False,True,True,True,False
2026-07-11 18:38:00,Node B,32.29,7.1,13.9,-0.23,0.03,-0.4,False,True,False,True,True,False
2026-07-11 18:53:00,Node A,28.81,6.5,15.2,-0.08,-0.03,0.5,False,False,False,False,True,True
2026-07-11 18:53:00,Node B,32.07,7.1,13.8,-0.22,0.0,-0.1,False,True,False,True,False,False
2026-07-11 19:08:00,Node A,28.71,6.49,15.6,-0.1,-0.01,0.4,False,True,False,True,True,False
2026-07-11 19:08:00,Node B,31.75,7.11,13.5,-0.32,0.01,-0.3,False,False,False,False,False,True
2026-07-11 19:23:00,Node A,28.62,6.42,16.3,-0.09,-0.07,0.7,False,True,False,True,True,False
2026-07-11 19:23:00,Node B,31.41,7.05,13.6,-0.34,-0.06,0.1,False,False,False,False,False,True
2026-07-11 19:38:00,Node A,28.42,6.5,17.3,-0.2,0.08,1.0,False,False,False,False,True,True
2026-07-11 19:38:00,Node B,31.1,7.02,13.9,-0.31,-0.03,0.3,False,False,False,False,False,True
2026-07-11 19:53:00,Node A,28.34,7.31,17.1,-0.08,0.81,-0.2,False,False,True,True,False,False
2026-07-11 19:53:00,Node B,31.04,7.01,14.1,-0.06,-0.01,0.2,False,False,False,False,False,True
2026-07-11 20:08:00,Node A,28.2,7.37,17.0,-0.14,0.06,-0.1,False,False,False,False,False,True
2026-07-11 20:08:00,Node B,30.86,6.99,14.1,-0.18,-0.02,0.0,False,False,False,False,False,True
2026-07-11 20:23:00,Node A,28.1,7.44,16.6,-0.1,0.07,-0.4,False,False,False,False,False,True
2026-07-11 20:23:00,Node B,30.73,7.0,13.9,-0.13,0.01,-0.2,False,False,False,False,False,True
2026-07-11 20:38:00,Node A,28.13,7.49,16.3,0.03,0.05,-0.3,False,False,False,False,False,True
2026-07-11 20:38:00,Node B,30.47,7.02,13.8,-0.26,0.02,-0.1,False,False,False,False,False,True
2026-07-11 20:53:00,Node A,27.87,7.45,16.6,-0.26,-0.04,0.3,False,False,False,False,False,True
2026-07-11 20:53:00,Node B,30.27,7.05,13.9,-0.2,0.03,0.1,False,False,False,False,False,True
2026-07-11 21:08:00,Node A,27.84,7.43,15.8,-0.03,-0.02,-0.8,False,False,False,False,False,True
2026-07-11 21:08:00,Node B,30.0,7.04,13.9,-0.27,-0.01,0.0,False,False,False,False,False,True
2026-07-11 21:23:00,Node A,27.76,7.42,15.5,-0.08,-0.01,-0.3,False,False,False,False,False,True
2026-07-11 21:23:00,Node B,29.72,7.01,13.8,-0.28,-0.03,-0.1,False,False,False,False,False,True
2026-07-11 21:38:00,Node A,27.5,7.44,15.2,-0.26,0.02,-0.3,False,False,False,False,False,True
2026-07-11 21:38:00,Node B,29.67,7.0,13.6,-0.05,-0.01,-0.2,False,False,False,False,False,True
2026-07-11 21:53:00,Node A,27.26,7.39,15.0,-0.24,-0.05,-0.2,False,False,False,False,False,True
2026-07-11 21:53:00,Node B,29.54,7.01,13.8,-0.13,0.01,0.2,False,False,False,False,False,True
2026-07-11 22:08:00,Node A,27.14,7.23,14.3,-0.12,-0.16,-0.7,False,False,False,False,False,True
2026-07-11 22:08:00,Node B,29.24,7.0,14.1,-0.3,-0.01,0.3,False,False,False,False,False,True
2026-07-11 22:23:00,Node A,27.07,7.24,13.7,-0.07,0.01,-0.6,False,False,False,False,False,True
2026-07-11 22:23:00,Node B,29.04,6.97,14.6,-0.2,-0.03,0.5,False,False,False,False,False,True
2026-07-11 22:38:00,Node A,27.02,7.23,13.4,-0.05,-0.01,-0.3,False,False,False,False,False,True
2026-07-11 22:38:00,Node B,28.82,6.99,14.8,-0.22,0.02,0.2,False,False,False,False,False,True
2026-07-11 22:53:00,Node A,26.84,7.27,12.7,-0.18,0.04,-0.7,False,False,False,False,False,True
2026-07-11 22:53:00,Node B,28.56,6.96,14.5,-0.26,-0.03,-0.3,False,False,False,False,False,True
2026-07-11 23:08:00,Node A,26.71,7.25,12.6,-0.13,-0.02,-0.1,False,False,False,False,False,True
2026-07-11 23:08:00,Node B,28.39,6.95,14.0,-0.17,-0.01,-0.5,False,False,False,False,False,True
2026-07-11 23:23:00,Node A,26.67,7.25,12.5,-0.04,0.0,-0.1,False,False,False,False,False,True
2026-07-11 23:23:00,Node B,28.23,6.94,14.4,-0.16,-0.01,0.4,False,False,False,False,False,True
2026-07-11 23:38:00,Node A,26.46,7.24,12.1,-0.21,-0.01,-0.4,False,False,False,False,False,True
2026-07-11 23:38:00,Node B,28.11,6.96,14.3,-0.12,0.02,-0.1,False,False,False,False,False,True
2026-07-11 23:53:00,Node A,26.31,7.23,11.8,-0.15,-0.01,-0.3,False,False,False,False,False,True
2026-07-11 23:53:00,Node B,27.81,6.94,14.7,-0.3,-0.02,0.4,False,False,False,False,False,True
2026-07-12 00:08:00,Node A,26.24,7.2,11.6,-0.07,-0.03,-0.2,False,False,False,False,False,True
2026-07-12 00:08:00,Node B,27.75,6.93,14.7,-0.06,-0.01,0.0,False,False,False,False,False,True
2026-07-12 00:23:00,Node A,26.08,7.18,11.5,-0.16,-0.02,-0.1,False,False,False,False,False,True
2026-07-12 00:23:00,Node B,27.66,6.91,14.9,-0.09,-0.02,0.2,False,False,False,False,False,True
2026-07-12 00:38:00,Node A,26.06,7.19,11.4,-0.02,0.01,-0.1,False,False,False,False,False,True
2026-07-12 00:38:00,Node B,27.51,6.91,14.7,-0.15,0.0,-0.2,False,False,False,False,False,True
2026-07-12 00:53:00,Node A,26.07,7.18,11.3,0.01,-0.01,-0.1,False,False,False,False,False,True
2026-07-12 00:53:00,Node B,27.39,6.9,14.9,-0.12,-0.01,0.2,False,False,False,False,False,True
2026-07-12 01:08:00,Node A,26.01,7.19,11.6,-0.06,0.01,0.3,False,False,False,False,False,True
2026-07-12 01:08:00,Node B,27.31,6.92,14.8,-0.08,0.02,-0.1,False,False,False,False,False,True
2026-07-12 01:23:00,Node A,26.09,7.22,11.5,0.08,0.03,-0.1,False,False,False,False,False,True
2026-07-12 01:23:00,Node B,27.2,6.91,14.3,-0.11,-0.01,-0.5,False,False,False,False,False,True
2026-07-12 01:38:00,Node A,26.06,7.25,11.5,-0.03,0.03,0.0,False,False,False,False,False,True
2026-07-12 01:38:00,Node B,27.03,6.9,14.7,-0.17,-0.01,0.4,False,False,False,False,False,True
2026-07-12 01:53:00,Node A,25.98,7.24,11.6,-0.08,-0.01,0.1,False,False,False,False,False,True
2026-07-12 01:53:00,Node B,26.83,6.89,14.7,-0.2,-0.01,0.0,False,False,False,False,False,True
2026-07-12 02:08:00,Node A,26.05,7.24,11.9,0.07,0.0,0.3,False,False,False,False,False,True
2026-07-12 02:08:00,Node B,26.72,6.89,15.0,-0.11,0.0,0.3,False,False,False,False,False,True
2026-07-12 02:23:00,Node A,25.99,7.26,12.0,-0.06,0.02,0.1,False,False,False,False,False,True
2026-07-12 02:23:00,Node B,26.59,6.87,15.0,-0.13,-0.02,0.0,False,False,False,False,False,True
2026-07-12 02:38:00,Node A,26.07,7.27,11.9,0.08,0.01,-0.1,False,False,False,False,False,True
2026-07-12 02:38:00,Node B,26.68,6.84,14.7,0.09,-0.03,-0.3,False,False,False,False,False,True
2026-07-12 02:53:00,Node A,25.86,7.23,11.4,-0.21,-0.04,-0.5,False,False,False,False,False,True
2026-07-12 02:53:00,Node B,26.66,6.85,15.2,-0.02,0.01,0.5,False,False,False,False,False,True
2026-07-12 03:08:00,Node A,25.75,7.17,11.4,-0.11,-0.06,0.0,False,False,False,False,False,True
2026-07-12 03:08:00,Node B,26.54,6.87,15.5,-0.12,0.02,0.3,False,False,False,False,True,True
2026-07-12 03:23:00,Node A,25.67,7.18,11.5,-0.08,0.01,0.1,False,False,False,False,False,True
2026-07-12 03:23:00,Node B,26.52,6.86,15.7,-0.02,-0.01,0.2,False,False,False,False,True,True
2026-07-12 03:38:00,Node A,25.69,7.19,12.0,0.02,0.01,0.5,False,False,False,False,False,True
2026-07-12 03:38:00,Node B,26.58,6.86,17.1,0.06,0.0,1.4,False,False,False,False,True,True
2026-07-12 03:53:00,Node A,25.7,7.17,12.0,0.01,-0.02,0.0,False,False,False,False,False,True
2026-07-12 03:53:00,Node B,26.44,6.86,18.8,-0.14,0.0,1.7,False,False,False,False,True,True
2026-07-12 04:08:00,Node A,25.64,7.18,11.9,-0.06,0.01,-0.1,False,False,False,False,False,True
2026-07-12 04:08:00,Node B,26.4,6.04,19.1,-0.04,-0.82,0.3,False,True,False,True,True,False
2026-07-12 04:23:00,Node A,25.88,7.15,12.0,0.24,-0.03,0.1,False,False,False,False,False,True
2026-07-12 04:23:00,Node B,26.31,6.03,18.9,-0.09,-0.01,-0.2,False,True,False,True,True,False
2026-07-12 04:38:00,Node A,25.86,7.11,11.7,-0.02,-0.04,-0.3,False,False,False,False,False,True
2026-07-12 04:38:00,Node B,26.34,6.08,19.1,0.03,0.05,0.2,False,True,False,True,True,False
2026-07-12 04:53:00,Node A,25.96,7.11,11.8,0.1,0.0,0.1,False,False,False,False,False,True
2026-07-12 04:53:00,Node B,26.48,6.04,19.2,0.14,-0.04,0.1,False,True,False,True,True,False
2026-07-12 05:08:00,Node A,26.01,7.14,11.9,0.05,0.03,0.1,False,False,False,False,False,True
2026-07-12 05:08:00,Node B,26.5,6.24,18.9,0.02,0.2,-0.3,False,True,False,True,True,False
2026-07-12 05:23:00,Node A,26.13,7.16,11.8,0.12,0.02,-0.1,False,False,False,False,False,True
2026-07-12 05:23:00,Node B,26.36,6.46,18.3,-0.14,0.22,-0.6,False,True,False,True,False,False
2026-07-12 05:38:00,Node A,26.21,7.18,11.7,0.08,0.02,-0.1,False,False,False,False,False,True
2026-07-12 05:38:00,Node B,26.29,6.64,17.5,-0.07,0.18,-0.8,False,False,False,False,False,True
2026-07-12 05:53:00,Node A,26.37,7.15,11.7,0.16,-0.03,0.0,False,False,False,False,False,True
2026-07-12 05:53:00,Node B,26.6,6.84,16.9,0.31,0.2,-0.6,False,False,False,False,False,True
2026-07-12 06:08:00,Node A,26.54,7.16,11.5,0.17,0.01,-0.2,False,False,False,False,False,True
2026-07-12 06:08:00,Node B,26.83,6.88,16.6,0.23,0.04,-0.3,False,False,False,False,False,True
2026-07-12 06:38:00,Node A,26.62,7.12,11.9,,,,True,False,False,False,False,False
2026-07-12 06:38:00,Node B,27.05,6.86,15.6,,,,True,False,False,False,False,False
2026-07-12 06:53:00,Node A,26.92,7.13,11.6,0.3,0.01,-0.3,False,False,False,False,False,True
2026-07-12 06:53:00,Node B,27.2,6.87,14.8,0.15,0.01,-0.8,False,False,False,False,False,True
2026-07-12 07:08:00,Node A,26.98,7.14,11.8,0.06,0.01,0.2,False,False,False,False,False,True
2026-07-12 07:08:00,Node B,27.37,6.89,14.4,0.17,0.02,-0.4,False,False,False,False,False,True
2026-07-12 07:23:00,Node A,27.3,7.16,12.2,0.32,0.02,0.4,False,False,False,False,False,True
2026-07-12 07:23:00,Node B,27.51,6.91,14.4,0.14,0.02,0.0,False,False,False,False,False,True
2026-07-12 07:38:00,Node A,27.5,7.18,12.1,0.2,0.02,-0.1,False,False,False,False,False,True
2026-07-12 07:38:00,Node B,27.54,6.92,14.7,0.03,0.01,0.3,False,False,False,False,False,True
2026-07-12 07:53:00,Node A,27.65,7.2,11.9,0.15,0.02,-0.2,False,False,False,False,False,True
2026-07-12 07:53:00,Node B,27.68,6.94,14.8,0.14,0.02,0.1,False,False,False,False,False,True
2026-07-12 08:08:00,Node A,27.76,7.24,11.8,0.11,0.04,-0.1,False,False,False,False,False,True
2026-07-12 08:08:00,Node B,27.95,6.91,15.1,0.27,-0.03,0.3,False,False,False,False,False,True
2026-07-12 08:23:00,Node A,27.78,7.26,11.8,0.02,0.02,0.0,False,False,False,False,False,True
2026-07-12 08:23:00,Node B,27.98,6.89,15.3,0.03,-0.02,0.2,False,False,False,False,False,True
2026-07-12 08:38:00,Node A,27.94,7.24,12.0,0.16,-0.02,0.2,False,False,False,False,False,True
2026-07-12 08:38:00,Node B,28.17,6.9,15.6,0.19,0.01,0.3,False,False,False,False,False,True
2026-07-12 08:53:00,Node A,28.07,7.24,12.2,0.13,0.0,0.2,False,False,False,False,False,True
2026-07-12 08:53:00,Node B,28.32,6.93,15.9,0.15,0.03,0.3,False,False,False,False,False,True
2026-07-12 09:08:00,Node A,28.15,7.26,12.2,0.08,0.02,0.0,False,False,False,False,False,True
2026-07-12 09:08:00,Node B,28.47,6.94,16.1,0.15,0.01,0.2,False,False,False,False,False,True
2026-07-12 09:23:00,Node A,28.16,7.25,12.3,0.01,-0.01,0.1,False,False,False,False,False,True
2026-07-12 09:23:00,Node B,28.78,6.95,16.0,0.31,0.01,-0.1,False,False,False,False,False,True
2026-07-12 09:38:00,Node A,28.26,7.25,12.4,0.1,0.0,0.1,False,False,False,False,False,True
2026-07-12 09:38:00,Node B,28.98,6.97,16.0,0.2,0.02,0.0,False,False,False,False,False,True
2026-07-12 09:53:00,Node A,28.57,7.25,12.3,0.31,0.0,-0.1,False,False,False,False,False,True
2026-07-12 09:53:00,Node B,29.0,7.01,15.9,0.02,0.04,-0.1,False,False,False,False,False,True
2026-07-12 10:08:00,Node A,28.69,7.26,12.6,0.12,0.01,0.3,False,False,False,False,False,True
2026-07-12 10:08:00,Node B,28.96,7.0,16.0,-0.04,-0.01,0.1,False,False,False,False,False,True
2026-07-12 10:23:00,Node A,28.7,7.28,12.8,0.01,0.02,0.2,False,False,False,False,False,True
2026-07-12 10:23:00,Node B,28.95,7.0,16.0,-0.01,0.0,0.0,False,False,False,False,False,True
2026-07-12 11:08:00,Node A,29.22,7.26,12.4,,,,True,False,False,False,False,False
2026-07-12 11:08:00,Node B,29.71,7.02,15.9,,,,True,False,False,False,False,False
2026-07-12 11:23:00,Node A,29.41,7.31,12.4,0.19,0.05,0.0,False,False,False,False,False,True
2026-07-12 11:23:00,Node B,29.89,7.04,16.0,0.18,0.02,0.1,False,False,False,False,True,True
2026-07-12 11:38:00,Node A,29.54,7.32,12.1,0.13,0.01,-0.3,False,False,False,False,False,True
2026-07-12 11:38:00,Node B,29.94,7.03,16.4,0.05,-0.01,0.4,False,False,False,False,True,True
2026-07-12 11:53:00,Node A,29.65,7.36,12.2,0.11,0.04,0.1,False,False,False,False,False,True
2026-07-12 11:53:00,Node B,29.98,7.06,17.4,0.04,0.03,1.0,False,False,False,False,True,True
2026-07-12 12:08:00,Node A,29.72,7.33,12.7,0.07,-0.03,0.5,False,False,False,False,False,True
2026-07-12 12:08:00,Node B,30.16,7.06,19.2,0.18,0.0,1.8,False,False,False,False,True,True
2026-07-12 12:23:00,Node A,29.92,7.32,12.6,0.2,-0.01,-0.1,False,False,False,False,False,True
2026-07-12 12:23:00,Node B,30.23,6.41,19.2,0.07,-0.65,0.0,False,True,False,True,True,False
2026-07-12 12:38:00,Node A,29.96,7.34,12.4,0.04,0.02,-0.2,False,False,False,False,False,True
2026-07-12 12:38:00,Node B,30.41,6.4,19.3,0.18,-0.01,0.1,False,True,False,True,True,False
2026-07-12 12:53:00,Node A,30.01,7.33,12.6,0.05,-0.01,0.2,False,False,False,False,False,True
2026-07-12 12:53:00,Node B,30.53,6.44,19.4,0.12,0.04,0.1,False,True,False,True,True,False
2026-07-12 13:08:00,Node A,30.11,7.33,12.6,0.1,0.0,0.0,False,False,False,False,False,True
2026-07-12 13:08:00,Node B,30.48,6.4,19.6,-0.05,-0.04,0.2,False,True,False,True,False,False
2026-07-12 13:23:00,Node A,30.33,7.35,12.4,0.22,0.02,-0.2,False,False,False,False,False,True
2026-07-12 13:23:00,Node B,30.51,6.6,19.0,0.03,0.2,-0.6,False,False,False,False,False,True
2026-07-12 13:38:00,Node A,30.39,7.34,12.3,0.06,-0.01,-0.1,False,False,False,False,False,True
2026-07-12 13:38:00,Node B,30.52,6.81,18.6,0.01,0.21,-0.4,False,False,False,False,False,True
2026-07-12 13:53:00,Node A,30.55,7.35,12.3,0.16,0.01,0.0,False,False,False,False,False,True
2026-07-12 13:53:00,Node B,30.6,6.96,18.2,0.08,0.15,-0.4,False,False,False,False,False,True
2026-07-12 14:53:00,Node A,30.77,7.32,13.1,,,,True,False,False,False,False,False
2026-07-12 14:53:00,Node B,30.74,7.08,16.6,,,,True,False,False,False,False,False
2026-07-12 15:08:00,Node A,30.82,7.32,13.4,0.05,0.0,0.3,False,False,False,False,False,True
2026-07-12 15:08:00,Node B,30.66,7.08,16.9,-0.08,0.0,0.3,False,False,False,False,False,True
2026-07-12 15:23:00,Node A,30.97,7.29,13.7,0.15,-0.03,0.3,False,False,False,False,False,True
2026-07-12 15:23:00,Node B,30.64,7.09,16.6,-0.02,0.01,-0.3,False,False,False,False,False,True
2026-07-12 15:38:00,Node A,31.14,7.41,14.2,0.17,0.12,0.5,False,False,False,False,False,True
2026-07-12 15:38:00,Node B,30.71,7.09,16.5,0.07,0.0,-0.1,False,False,False,False,False,True
2026-07-12 16:53:00,Node A,31.92,8.46,16.0,,,,True,False,False,False,False,False
2026-07-12 16:53:00,Node B,30.55,7.09,15.9,,,,True,False,False,False,False,False
2026-07-12 17:08:00,Node A,31.72,8.46,16.2,-0.2,0.0,0.2,False,False,False,False,False,True
2026-07-12 17:08:00,Node B,30.66,7.09,15.9,0.11,0.0,0.0,False,False,False,False,False,True
2026-07-12 17:23:00,Node A,31.71,8.45,16.0,-0.01,-0.01,-0.2,False,False,False,False,False,True
2026-07-12 17:23:00,Node B,30.53,7.08,16.1,-0.13,-0.01,0.2,False,False,False,False,False,True
2026-07-12 17:38:00,Node A,31.68,8.44,16.0,-0.03,-0.01,0.0,False,False,False,False,False,True
2026-07-12 17:38:00,Node B,30.31,7.06,16.1,-0.22,-0.02,0.0,False,False,False,False,False,True
2026-07-12 17:53:00,Node A,31.6,8.47,15.9,-0.08,0.03,-0.1,False,False,False,False,False,True
2026-07-12 17:53:00,Node B,30.21,7.04,16.1,-0.1,-0.02,0.0,False,False,False,False,False,True
2026-07-12 18:08:00,Node A,31.47,8.35,16.2,-0.13,-0.12,0.3,False,False,False,False,False,True
2026-07-12 18:08:00,Node B,29.93,7.02,16.2,-0.28,-0.02,0.1,False,False,False,False,False,True
2026-07-12 18:23:00,Node A,31.31,8.27,16.2,-0.16,-0.08,0.0,False,False,False,False,False,True
2026-07-12 18:23:00,Node B,29.89,7.02,16.1,-0.04,0.0,-0.1,False,False,False,False,False,True
2026-07-12 18:38:00,Node A,31.17,8.19,16.2,-0.14,-0.08,0.0,False,False,False,False,False,True
2026-07-12 18:38:00,Node B,29.79,7.05,16.0,-0.1,0.03,-0.1,False,False,False,False,False,True
2026-07-12 18:53:00,Node A,30.94,8.1,15.4,-0.23,-0.09,-0.8,False,False,False,False,False,True
2026-07-12 18:53:00,Node B,29.71,7.06,17.2,-0.08,0.01,1.2,False,False,False,False,False,True
2026-07-12 19:08:00,Node A,30.86,8.02,15.2,-0.08,-0.08,-0.2,False,False,False,False,False,True
2026-07-12 19:08:00,Node B,29.61,7.03,20.2,-0.1,-0.03,3.0,False,False,False,False,False,True
2026-07-12 19:23:00,Node A,30.66,7.93,15.0,-0.2,-0.09,-0.2,False,False,False,False,False,True
2026-07-12 19:23:00,Node B,29.15,7.03,23.2,-0.46,0.0,3.0,False,False,False,False,True,True
2026-07-12 19:38:00,Node A,30.57,7.8,14.7,-0.09,-0.13,-0.3,False,False,False,False,False,True
2026-07-12 19:38:00,Node B,28.63,7.03,23.3,-0.52,0.0,0.1,False,False,False,False,True,True
2026-07-12 19:53:00,Node A,30.35,7.7,14.3,-0.22,-0.1,-0.4,False,False,False,False,False,True
2026-07-12 19:53:00,Node B,28.03,7.01,23.7,-0.6,-0.02,0.4,False,False,False,False,True,True
2026-07-12 20:08:00,Node A,30.18,7.63,14.2,-0.17,-0.07,-0.1,False,False,False,False,False,True
2026-07-12 20:08:00,Node B,27.44,6.56,23.5,-0.59,-0.45,-0.2,False,False,False,False,True,True
2026-07-12 20:23:00,Node A,30.03,7.51,13.8,-0.15,-0.12,-0.4,False,False,False,False,False,True
2026-07-12 20:23:00,Node B,27.17,5.9,23.7,-0.27,-0.66,0.2,False,True,False,True,True,False
2026-07-12 20:38:00,Node A,29.86,7.39,13.8,-0.17,-0.12,0.0,False,False,False,False,False,True
2026-07-12 20:38:00,Node B,27.1,5.9,23.8,-0.07,0.0,0.1,False,True,False,True,True,False
2026-07-12 20:53:00,Node A,29.6,7.3,14.0,-0.26,-0.09,0.2,False,False,False,False,False,True
2026-07-12 20:53:00,Node B,26.87,5.9,24.1,-0.23,0.0,0.3,False,True,False,True,True,False
2026-07-12 21:08:00,Node A,29.47,7.3,13.5,-0.13,0.0,-0.5,False,False,False,False,False,True
2026-07-12 21:08:00,Node B,26.72,5.9,23.9,-0.15,0.0,-0.2,False,True,False,True,True,False
2026-07-12 21:23:00,Node A,29.38,7.3,13.1,-0.09,0.0,-0.4,False,False,False,False,False,True
2026-07-12 21:23:00,Node B,26.57,5.9,25.9,-0.15,0.0,2.0,False,True,False,True,True,False
2026-07-12 21:38:00,Node A,29.1,7.29,13.0,-0.28,-0.01,-0.1,False,False,False,False,False,True
2026-07-12 21:38:00,Node B,25.98,5.9,29.5,-0.59,0.0,3.6,False,True,False,True,True,False
2026-07-12 21:53:00,Node A,29.04,7.26,12.7,-0.06,-0.03,-0.3,False,False,False,False,False,True
2026-07-12 21:53:00,Node B,25.07,5.99,33.6,-0.91,0.09,4.1,False,True,False,True,True,False
2026-07-12 22:08:00,Node A,28.85,7.23,12.8,-0.19,-0.03,0.1,False,False,False,False,False,True
2026-07-12 22:08:00,Node B,25.2,6.14,32.7,0.13,0.15,-0.9,False,True,False,True,True,False
2026-07-12 22:23:00,Node A,28.56,7.25,13.1,-0.29,0.02,0.3,False,False,False,False,False,True
2026-07-12 22:23:00,Node B,24.98,6.13,35.8,-0.22,-0.01,3.1,False,True,False,True,True,False
2026-07-12 22:38:00,Node A,28.37,7.29,12.9,-0.19,0.04,-0.2,False,False,False,False,False,True
2026-07-12 22:38:00,Node B,24.76,5.98,40.4,-0.22,-0.15,4.6,False,True,False,True,True,False
2026-07-12 23:23:00,Node A,27.7,7.23,13.0,,,,True,False,False,False,False,False
2026-07-12 23:23:00,Node B,23.6,5.9,39.2,,,,True,True,False,True,True,False
2026-07-12 23:38:00,Node A,27.35,7.22,13.6,-0.35,-0.01,0.6,False,False,False,False,False,True
2026-07-12 23:38:00,Node B,23.75,5.9,38.4,0.15,0.0,-0.8,False,True,False,True,True,False
2026-07-12 23:53:00,Node A,27.19,7.19,13.2,-0.16,-0.03,-0.4,False,False,False,False,False,True
2026-07-12 23:53:00,Node B,23.93,5.9,37.7,0.18,0.0,-0.7,False,True,False,True,True,False
2026-07-13 00:08:00,Node A,27.36,7.25,13.2,0.17,0.06,0.0,False,False,False,False,False,True
2026-07-13 00:08:00,Node B,23.88,5.9,36.3,-0.05,0.0,-1.4,False,True,False,True,True,False
2026-07-13 00:23:00,Node A,27.28,7.27,13.2,-0.08,0.02,0.0,False,False,False,False,False,True
2026-07-13 00:23:00,Node B,24.04,5.9,34.7,0.16,0.0,-1.6,False,True,False,True,True,False
2026-07-13 00:38:00,Node A,27.3,7.25,12.9,0.02,-0.02,-0.3,False,False,False,False,False,True
2026-07-13 00:38:00,Node B,24.3,5.9,32.6,0.26,0.0,-2.1,False,True,False,True,True,False
2026-07-13 00:53:00,Node A,27.07,7.22,12.9,-0.23,-0.03,0.0,False,False,False,False,False,True
2026-07-13 00:53:00,Node B,24.49,5.9,30.7,0.19,0.0,-1.9,False,True,False,True,True,False
2026-07-13 01:08:00,Node A,27.05,7.17,13.0,-0.02,-0.05,0.1,False,False,False,False,False,True
2026-07-13 01:08:00,Node B,24.79,5.9,29.1,0.3,0.0,-1.6,False,True,False,True,True,False
2026-07-13 01:23:00,Node A,26.95,7.16,13.2,-0.1,-0.01,0.2,False,False,False,False,False,True
2026-07-13 01:23:00,Node B,25.09,6.0,27.5,0.3,0.1,-1.6,False,True,False,True,True,False
2026-07-13 01:38:00,Node A,26.94,7.15,13.8,-0.01,-0.01,0.6,False,False,False,False,False,True
2026-07-13 01:38:00,Node B,25.36,6.16,25.4,0.27,0.16,-2.1,False,True,False,True,True,False
2026-07-13 01:53:00,Node A,26.63,7.13,13.5,-0.31,-0.02,-0.3,False,False,False,False,False,True
2026-07-13 01:53:00,Node B,25.35,6.36,23.4,-0.01,0.2,-2.0,False,True,False,True,False,False
2026-07-13 02:08:00,Node A,26.47,7.16,13.6,-0.16,0.03,0.1,False,False,False,False,False,True
2026-07-13 02:08:00,Node B,25.31,6.54,21.6,-0.04,0.18,-1.8,False,False,False,False,False,True
2026-07-13 02:23:00,Node A,26.44,7.14,13.8,-0.03,-0.02,0.2,False,False,False,False,False,True
2026-07-13 02:23:00,Node B,25.23,6.69,19.6,-0.08,0.15,-2.0,False,False,False,False,False,True
2026-07-13 02:38:00,Node A,26.37,7.12,14.5,-0.07,-0.02,0.7,False,False,False,False,True,True
2026-07-13 02:38:00,Node B,25.15,6.87,18.0,-0.08,0.18,-1.6,False,False,False,False,False,True
2026-07-13 02:53:00,Node A,26.33,7.12,15.6,-0.04,0.0,1.1,False,False,False,False,True,True
2026-07-13 02:53:00,Node B,25.46,6.9,16.1,0.31,0.03,-1.9,False,False,False,False,False,True
2026-07-13 03:08:00,Node A,26.37,7.11,16.9,0.04,-0.01,1.3,False,False,False,False,True,True
2026-07-13 03:08:00,Node B,25.52,6.89,15.5,0.06,-0.01,-0.6,False,False,False,False,False,True
2026-07-13 03:23:00,Node A,26.44,7.15,18.3,0.07,0.04,1.4,False,False,False,False,True,True
2026-07-13 03:23:00,Node B,25.65,6.9,15.6,0.13,0.01,0.1,False,False,False,False,False,True
2026-07-13 03:38:00,Node A,26.33,6.29,18.2,-0.11,-0.86,-0.1,False,True,False,True,True,False
2026-07-13 03:38:00,Node B,25.65,6.88,15.7,0.0,-0.02,0.1,False,False,False,False,False,True
2026-07-13 03:53:00,Node A,26.43,6.36,18.1,0.1,0.07,-0.1,False,True,False,True,True,False
2026-07-13 03:53:00,Node B,25.74,6.87,15.5,0.09,-0.01,-0.2,False,False,False,False,False,True
2026-07-13 04:23:00,Node A,26.31,6.47,17.7,,,,True,True,False,True,False,False
2026-07-13 04:23:00,Node B,26.01,6.88,15.1,,,,True,False,False,False,False,False
2026-07-13 04:38:00,Node A,26.27,6.65,17.1,-0.04,0.18,-0.6,False,False,False,False,False,True
2026-07-13 04:38:00,Node B,26.13,6.88,15.3,0.12,0.0,0.2,False,False,False,False,False,True
2026-07-13 04:53:00,Node A,26.24,6.84,16.8,-0.03,0.19,-0.3,False,False,False,False,False,True
2026-07-13 04:53:00,Node B,26.32,6.9,15.8,0.19,0.02,0.5,False,False,False,False,False,True
2026-07-13 05:08:00,Node A,26.38,7.01,16.9,0.14,0.17,0.1,False,False,False,False,False,True
2026-07-13 05:08:00,Node B,26.58,6.87,15.6,0.26,-0.03,-0.2,False,False,False,False,False,True
2026-07-13 05:23:00,Node A,26.34,7.18,16.3,-0.04,0.17,-0.6,False,False,False,False,False,True
2026-07-13 05:23:00,Node B,26.68,6.87,15.5,0.1,0.0,-0.1,False,False,False,False,False,True
2026-07-13 05:38:00,Node A,26.28,7.19,16.3,-0.06,0.01,0.0,False,False,False,False,False,True
2026-07-13 05:38:00,Node B,26.55,6.89,15.3,-0.13,0.02,-0.2,False,False,False,False,False,True
2026-07-13 05:53:00,Node A,26.38,7.19,16.2,0.1,0.0,-0.1,False,False,False,False,False,True
2026-07-13 05:53:00,Node B,26.62,6.89,15.2,0.07,0.0,-0.1,False,False,False,False,False,True
2026-07-13 06:23:00,Node A,26.46,7.15,15.4,,,,True,False,False,False,False,False
2026-07-13 06:23:00,Node B,26.75,6.9,15.2,,,,True,False,False,False,False,False
2026-07-13 07:08:00,Node A,26.86,7.14,14.4,,,,True,False,False,False,False,False
2026-07-13 07:08:00,Node B,27.22,6.91,15.3,,,,True,False,False,False,False,False
2026-07-13 07:23:00,Node A,26.83,7.17,14.2,-0.03,0.03,-0.2,False,False,False,False,False,True
2026-07-13 07:23:00,Node B,27.29,6.88,15.5,0.07,-0.03,0.2,False,False,False,False,False,True
2026-07-13 07:38:00,Node A,27.06,7.23,14.0,0.23,0.06,-0.2,False,False,False,False,False,True
2026-07-13 07:38:00,Node B,27.47,6.88,15.9,0.18,0.0,0.4,False,False,False,False,False,True
2026-07-13 08:08:00,Node A,27.2,7.22,14.2,,,,True,False,False,False,False,False
2026-07-13 08:08:00,Node B,27.75,6.89,16.0,,,,True,False,False,False,False,False
2026-07-13 08:23:00,Node A,27.19,7.21,14.4,-0.01,-0.01,0.2,False,False,False,False,False,True
2026-07-13 08:23:00,Node B,27.85,6.92,15.6,0.1,0.03,-0.4,False,False,False,False,False,True
2026-07-13 08:38:00,Node A,27.53,7.22,13.8,0.34,0.01,-0.6,False,False,False,False,False,True
2026-07-13 08:38:00,Node B,28.01,6.93,15.5,0.16,0.01,-0.1,False,False,False,False,False,True
2026-07-13 08:53:00,Node A,27.71,7.25,13.9,0.18,0.03,0.1,False,False,False,False,False,True
2026-07-13 08:53:00,Node B,28.11,6.94,15.6,0.1,0.01,0.1,False,False,False,False,False,True
2026-07-13 09:08:00,Node A,27.65,7.23,14.1,-0.06,-0.02,0.2,False,False,False,False,False,True
2026-07-13 09:08:00,Node B,28.3,6.95,16.0,0.19,0.01,0.4,False,False,False,False,False,True
2026-07-13 09:23:00,Node A,27.88,7.21,14.0,0.23,-0.02,-0.1,False,False,False,False,False,True
2026-07-13 09:23:00,Node B,28.56,6.94,15.7,0.26,-0.01,-0.3,False,False,False,False,False,True
2026-07-13 09:38:00,Node A,28.07,7.25,13.8,0.19,0.04,-0.2,False,False,False,False,False,True
2026-07-13 09:38:00,Node B,28.74,6.96,15.6,0.18,0.02,-0.1,False,False,False,False,False,True
2026-07-13 09:53:00,Node A,28.3,7.28,13.8,0.23,0.03,0.0,False,False,False,False,False,True
2026-07-13 09:53:00,Node B,28.81,6.95,15.8,0.07,-0.01,0.2,False,False,False,False,False,True
2026-07-13 10:08:00,Node A,28.3,7.27,14.2,0.0,-0.01,0.4,False,False,False,False,False,True
2026-07-13 10:08:00,Node B,29.07,6.94,15.8,0.26,-0.01,0.0,False,False,False,False,False,True
2026-07-13 10:23:00,Node A,28.27,7.27,14.1,-0.03,0.0,-0.1,False,False,False,False,False,True
2026-07-13 10:23:00,Node B,29.25,6.95,15.9,0.18,0.01,0.1,False,False,False,False,False,True
2026-07-13 10:38:00,Node A,28.44,7.28,14.1,0.17,0.01,0.0,False,False,False,False,False,True
2026-07-13 10:38:00,Node B,29.32,6.96,15.9,0.07,0.01,0.0,False,False,False,False,False,True
2026-07-13 10:53:00,Node A,28.63,7.25,14.2,0.19,-0.03,0.1,False,False,False,False,False,True
2026-07-13 10:53:00,Node B,29.49,6.94,15.8,0.17,-0.02,-0.1,False,False,False,False,False,True
2026-07-13 11:08:00,Node A,28.64,7.28,14.0,0.01,0.03,-0.2,False,False,False,False,False,True
2026-07-13 11:08:00,Node B,29.52,6.94,15.8,0.03,0.0,0.0,False,False,False,False,False,True
2026-07-13 11:23:00,Node A,28.83,7.3,13.9,0.19,0.02,-0.1,False,False,False,False,False,True
2026-07-13 11:23:00,Node B,29.68,6.98,15.9,0.16,0.04,0.1,False,False,False,False,False,True
2026-07-13 11:38:00,Node A,28.97,7.28,13.8,0.14,-0.02,-0.1,False,False,False,False,False,True
2026-07-13 11:38:00,Node B,29.79,7.03,16.0,0.11,0.05,0.1,False,False,False,False,False,True
2026-07-13 11:53:00,Node A,28.99,7.29,14.2,0.02,0.01,0.4,False,False,False,False,False,True
2026-07-13 11:53:00,Node B,29.96,7.03,16.2,0.17,0.0,0.2,False,False,False,False,False,True
2026-07-13 12:08:00,Node A,29.1,7.3,13.9,0.11,0.01,-0.3,False,False,False,False,False,True
2026-07-13 12:08:00,Node B,30.08,7.04,16.6,0.12,0.01,0.4,False,False,False,False,False,True
2026-07-13 12:38:00,Node A,29.26,7.31,13.9,,,,True,False,False,False,False,False
2026-07-13 12:38:00,Node B,30.43,7.05,15.9,,,,True,False,False,False,False,False
2026-07-13 12:53:00,Node A,29.36,7.3,13.9,0.1,-0.01,0.0,False,False,False,False,False,True
2026-07-13 12:53:00,Node B,30.38,7.09,16.3,-0.05,0.04,0.4,False,False,False,False,True,True
2026-07-13 13:08:00,Node A,29.54,7.32,13.9,0.18,0.02,0.0,False,False,False,False,False,True
2026-07-13 13:08:00,Node B,30.38,7.11,16.0,0.0,0.02,-0.3,False,False,False,False,True,True
2026-07-13 13:23:00,Node A,29.51,7.29,14.0,-0.03,-0.03,0.1,False,False,False,False,False,True
2026-07-13 13:23:00,Node B,30.39,7.09,16.0,0.01,-0.02,0.0,False,False,False,False,True,True
2026-07-13 13:38:00,Node A,29.56,7.31,14.0,0.05,0.02,0.0,False,False,False,False,False,True
2026-07-13 13:38:00,Node B,30.62,7.1,16.0,0.23,0.01,0.0,False,False,False,False,True,True
2026-07-13 16:53:00,Node A,29.33,7.37,14.7,,,,True,False,False,False,False,False
2026-07-13 16:53:00,Node B,30.37,6.29,22.5,,,,True,True,False,True,False,False
2026-07-13 17:23:00,Node A,29.2,7.37,14.9,,,,True,False,False,False,False,False
2026-07-13 17:23:00,Node B,30.19,6.7,21.6,,,,True,False,False,False,False,False
2026-07-13 17:38:00,Node A,29.08,7.35,14.7,-0.12,-0.02,-0.2,False,False,False,False,False,True
2026-07-13 17:38:00,Node B,30.09,6.87,17.8,-0.1,0.17,-3.8,False,False,False,False,False,True
2026-07-13 18:08:00,Node A,28.78,7.35,14.8,,,,True,False,False,False,False,False
2026-07-13 18:08:00,Node B,29.84,7.04,17.4,,,,True,False,False,False,False,False
2026-07-13 18:23:00,Node A,28.8,7.34,14.9,0.02,-0.01,0.1,False,False,False,False,False,True
2026-07-13 18:23:00,Node B,29.69,7.03,16.8,-0.15,-0.01,-0.6,False,False,False,False,False,True
2026-07-13 18:38:00,Node A,28.65,7.34,14.9,-0.15,0.0,0.0,False,False,False,False,False,True
2026-07-13 18:38:00,Node B,29.53,7.02,16.2,-0.16,-0.01,-0.6,False,False,False,False,False,True
2026-07-13 18:53:00,Node A,28.62,7.35,14.8,-0.03,0.01,-0.1,False,False,False,False,False,True
2026-07-13 18:53:00,Node B,29.43,7.02,16.1,-0.1,0.0,-0.1,False,False,False,False,False,True
2026-07-13 19:08:00,Node A,28.33,7.35,14.5,-0.29,0.0,-0.3,False,False,False,False,False,True
2026-07-13 19:08:00,Node B,29.25,7.05,15.7,-0.18,0.03,-0.4,False,False,False,False,False,True
2026-07-13 19:23:00,Node A,28.33,7.33,14.5,0.0,-0.02,0.0,False,False,False,False,False,True
2026-07-13 19:23:00,Node B,29.18,7.1,15.2,-0.07,0.05,-0.5,False,False,False,False,False,True
2026-07-13 19:38:00,Node A,28.09,7.35,14.4,-0.24,0.02,-0.1,False,False,False,False,False,True
2026-07-13 19:38:00,Node B,28.91,7.1,14.9,-0.27,0.0,-0.3,False,False,False,False,False,True
2026-07-13 19:53:00,Node A,28.16,7.39,14.1,0.07,0.04,-0.3,False,False,False,False,False,True
2026-07-13 19:53:00,Node B,28.9,7.06,14.1,-0.01,-0.04,-0.8,False,False,False,False,False,True
2026-07-13 20:08:00,Node A,27.99,7.38,14.2,-0.17,-0.01,0.1,False,False,False,False,False,True
2026-07-13 20:08:00,Node B,28.81,7.04,13.4,-0.09,-0.02,-0.7,False,False,False,False,False,True
2026-07-13 20:23:00,Node A,27.88,7.38,15.8,-0.11,0.0,1.6,False,False,False,False,False,True
2026-07-13 20:23:00,Node B,28.63,7.05,13.0,-0.18,0.01,-0.4,False,False,False,False,False,True
2026-07-13 20:53:00,Node A,27.32,7.35,22.3,,,,True,False,False,False,True,False
2026-07-13 20:53:00,Node B,28.29,6.98,13.4,,,,True,False,False,False,False,False
2026-07-13 21:08:00,Node A,27.01,7.33,22.3,-0.31,-0.02,0.0,False,False,False,False,True,True
2026-07-13 21:08:00,Node B,28.17,6.93,13.7,-0.12,-0.05,0.3,False,False,False,False,False,True
2026-07-13 21:23:00,Node A,26.4,7.09,22.4,-0.61,-0.24,0.1,False,False,False,False,True,True
2026-07-13 21:23:00,Node B,28.02,6.95,13.8,-0.15,0.02,0.1,False,False,False,False,False,True
2026-07-13 21:38:00,Node A,25.82,6.69,22.4,-0.58,-0.4,0.0,False,False,False,False,True,True
2026-07-13 21:38:00,Node B,27.93,6.92,13.8,-0.09,-0.03,0.0,False,False,False,False,False,True
2026-07-13 21:53:00,Node A,25.55,6.16,22.4,-0.27,-0.53,0.0,False,True,False,True,True,False
2026-07-13 21:53:00,Node B,27.87,6.91,13.7,-0.06,-0.01,-0.1,False,False,False,False,False,True
2026-07-13 22:08:00,Node A,25.49,6.15,22.5,-0.06,-0.01,0.1,False,True,False,True,True,False
2026-07-13 22:08:00,Node B,27.74,6.87,13.8,-0.13,-0.04,0.1,False,False,False,False,False,True
2026-07-13 22:23:00,Node A,25.4,6.12,22.7,-0.09,-0.03,0.2,False,True,False,True,True,False
2026-07-13 22:23:00,Node B,27.63,6.9,13.8,-0.11,0.03,0.0,False,False,False,False,False,True
2026-07-13 22:38:00,Node A,25.42,6.12,22.4,0.02,0.0,-0.3,False,True,False,True,True,False
2026-07-13 22:38:00,Node B,27.44,6.89,13.7,-0.19,-0.01,-0.1,False,False,False,False,False,True
2026-07-13 22:53:00,Node A,25.39,6.08,22.7,-0.03,-0.04,0.3,False,True,False,True,True,False
2026-07-13 22:53:00,Node B,27.32,6.89,13.7,-0.12,0.0,0.0,False,False,False,False,False,True
2026-07-13 23:08:00,Node A,25.27,6.07,21.6,-0.12,-0.01,-1.1,False,True,False,True,True,False
2026-07-13 23:08:00,Node B,27.2,6.9,14.0,-0.12,0.01,0.3,False,False,False,False,False,True
2026-07-13 23:23:00,Node A,25.31,6.21,20.5,0.04,0.14,-1.1,False,True,False,True,True,False
2026-07-13 23:23:00,Node B,27.11,6.88,13.6,-0.09,-0.02,-0.4,False,False,False,False,False,True
2026-07-13 23:38:00,Node A,25.17,6.33,19.3,-0.14,0.12,-1.2,False,True,False,True,True,False
2026-07-13 23:38:00,Node B,26.95,6.86,14.0,-0.16,-0.02,0.4,False,False,False,False,False,True
2026-07-13 23:53:00,Node A,25.18,6.45,18.1,0.01,0.12,-1.2,False,True,False,True,False,False
2026-07-13 23:53:00,Node B,27.01,6.88,14.2,0.06,0.02,0.2,False,False,False,False,False,True
2026-07-14 00:08:00,Node A,25.16,6.52,17.0,-0.02,0.07,-1.1,False,False,False,False,False,True
2026-07-14 00:08:00,Node B,26.82,6.91,14.1,-0.19,0.03,-0.1,False,False,False,False,False,True
2026-07-14 00:23:00,Node A,25.3,6.6,16.0,0.14,0.08,-1.0,False,False,False,False,False,True
2026-07-14 00:23:00,Node B,26.58,6.91,14.1,-0.24,0.0,0.0,False,False,False,False,False,True
2026-07-14 03:38:00,Node A,26.16,7.23,19.0,,,,True,False,False,False,False,False
2026-07-14 03:38:00,Node B,26.0,6.9,14.1,,,,True,False,False,False,False,False
2026-07-14 03:53:00,Node A,26.27,7.42,19.2,0.11,0.19,0.2,False,False,False,False,False,True
2026-07-14 03:53:00,Node B,25.9,6.92,14.3,-0.1,0.02,0.2,False,False,False,False,False,True
2026-07-14 04:08:00,Node A,26.38,7.69,19.2,0.11,0.27,0.0,False,False,False,False,False,True
2026-07-14 04:08:00,Node B,26.07,6.91,14.5,0.17,-0.01,0.2,False,False,False,False,False,True
2026-07-14 04:23:00,Node A,26.59,7.95,19.4,0.21,0.26,0.2,False,False,False,False,False,True
2026-07-14 04:23:00,Node B,26.13,6.89,14.5,0.06,-0.02,0.0,False,False,False,False,False,True
2026-07-14 04:38:00,Node A,26.65,8.28,19.1,0.06,0.33,-0.3,False,False,False,False,False,True
2026-07-14 04:38:00,Node B,26.24,6.91,14.5,0.11,0.02,0.0,False,False,False,False,False,True
2026-07-14 04:53:00,Node A,26.74,8.32,19.3,0.09,0.04,0.2,False,False,False,False,False,True
2026-07-14 04:53:00,Node B,26.2,6.9,14.4,-0.04,-0.01,-0.1,False,False,False,False,False,True
2026-07-14 05:08:00,Node A,26.86,8.34,19.6,0.12,0.02,0.3,False,False,False,False,False,True
2026-07-14 05:08:00,Node B,26.28,6.92,14.0,0.08,0.02,-0.4,False,False,False,False,False,True
2026-07-14 05:23:00,Node A,26.89,8.33,19.1,0.03,-0.01,-0.5,False,False,False,False,False,True
2026-07-14 05:23:00,Node B,26.37,6.97,14.5,0.09,0.05,0.5,False,False,False,False,False,True
2026-07-14 05:38:00,Node A,27.11,8.33,18.8,0.22,0.0,-0.3,False,False,False,False,False,True
2026-07-14 05:38:00,Node B,26.43,6.93,14.3,0.06,-0.04,-0.2,False,False,False,False,False,True
2026-07-14 05:53:00,Node A,27.2,8.21,18.9,0.09,-0.12,0.1,False,False,False,False,False,True
2026-07-14 05:53:00,Node B,26.41,6.89,14.7,-0.02,-0.04,0.4,False,False,False,False,False,True
2026-07-14 06:08:00,Node A,27.31,8.09,19.1,0.11,-0.12,0.2,False,False,False,False,False,True
2026-07-14 06:08:00,Node B,26.4,6.92,14.8,-0.01,0.03,0.1,False,False,False,False,False,True
2026-07-14 06:23:00,Node A,27.47,7.99,19.3,0.16,-0.1,0.2,False,False,False,False,False,True
2026-07-14 06:23:00,Node B,26.7,6.9,14.6,0.3,-0.02,-0.2,False,False,False,False,False,True
2026-07-14 06:38:00,Node A,27.65,7.89,18.7,0.18,-0.1,-0.6,False,False,False,False,False,True
2026-07-14 06:38:00,Node B,26.69,6.9,14.5,-0.01,0.0,-0.1,False,False,False,False,False,True
2026-07-14 06:53:00,Node A,27.79,7.77,18.5,0.14,-0.12,-0.2,False,False,False,False,False,True
2026-07-14 06:53:00,Node B,26.79,6.92,16.9,0.1,0.02,2.4,False,False,False,False,False,True
2026-07-14 07:08:00,Node A,27.83,7.65,18.0,0.04,-0.12,-0.5,False,False,False,False,False,True
2026-07-14 07:08:00,Node B,27.1,6.88,21.5,0.31,-0.04,4.6,False,False,False,False,False,True
2026-07-14 07:23:00,Node A,27.89,7.55,17.4,0.06,-0.1,-0.6,False,False,False,False,False,True
2026-07-14 07:23:00,Node B,27.23,6.9,21.4,0.13,0.02,-0.1,False,False,False,False,False,True
2026-07-14 08:08:00,Node A,28.35,7.19,15.7,,,,True,False,False,False,False,False
2026-07-14 08:08:00,Node B,27.58,7.53,21.4,,,,True,False,False,False,False,False
2026-07-14 08:23:00,Node A,28.4,7.21,15.9,0.05,0.02,0.2,False,False,False,False,False,True
2026-07-14 08:23:00,Node B,27.76,7.56,21.0,0.18,0.03,-0.4,False,False,False,False,False,True
2026-07-14 08:38:00,Node A,28.41,7.22,15.5,0.01,0.01,-0.4,False,False,False,False,False,True
2026-07-14 08:38:00,Node B,27.93,7.59,20.9,0.17,0.03,-0.1,False,False,False,False,False,True
2026-07-14 08:53:00,Node A,28.56,7.22,15.5,0.15,0.0,0.0,False,False,False,False,False,True
2026-07-14 08:53:00,Node B,28.07,7.6,20.8,0.14,0.01,-0.1,False,False,False,False,False,True
2026-07-14 09:08:00,Node A,28.47,7.22,15.7,-0.09,0.0,0.2,False,False,False,False,False,True
2026-07-14 09:08:00,Node B,28.13,7.54,20.4,0.06,-0.06,-0.4,False,False,False,False,False,True
2026-07-14 09:23:00,Node A,28.68,7.2,16.2,0.21,-0.02,0.5,False,False,False,False,False,True
2026-07-14 09:23:00,Node B,28.35,7.47,19.7,0.22,-0.07,-0.7,False,False,False,False,False,True
2026-07-14 09:38:00,Node A,28.78,7.21,16.7,0.1,0.01,0.5,False,False,False,False,True,True
2026-07-14 09:38:00,Node B,28.69,7.42,19.3,0.34,-0.05,-0.4,False,False,False,False,False,True
2026-07-14 09:53:00,Node A,28.88,7.23,17.7,0.1,0.02,1.0,False,False,False,False,True,True
2026-07-14 09:53:00,Node B,28.87,7.36,19.1,0.18,-0.06,-0.2,False,False,False,False,False,True
2026-07-14 10:08:00,Node A,28.98,7.24,18.9,0.1,0.01,1.2,False,False,False,False,True,True
2026-07-14 10:08:00,Node B,28.85,7.28,18.6,-0.02,-0.08,-0.5,False,False,False,False,False,True
2026-07-14 10:23:00,Node A,29.19,7.23,18.5,0.21,-0.01,-0.4,False,False,False,False,True,True
2026-07-14 10:23:00,Node B,29.02,7.22,18.4,0.17,-0.06,-0.2,False,False,False,False,False,True
2026-07-14 10:38:00,Node A,29.15,6.48,18.6,-0.04,-0.75,0.1,False,True,False,True,False,False
2026-07-14 10:38:00,Node B,29.32,7.14,18.2,0.3,-0.08,-0.2,False,False,False,False,False,True
2026-07-14 10:53:00,Node A,29.13,6.53,18.7,-0.02,0.05,0.1,False,False,False,False,False,True
2026-07-14 10:53:00,Node B,29.3,7.13,18.1,-0.02,-0.01,-0.1,False,False,False,False,False,True
2026-07-14 11:08:00,Node A,29.35,6.57,18.4,0.22,0.04,-0.3,False,False,False,False,False,True
2026-07-14 11:08:00,Node B,29.36,7.09,17.6,0.06,-0.04,-0.5,False,False,False,False,False,True
2026-07-14 11:23:00,Node A,29.29,6.6,18.1,-0.06,0.03,-0.3,False,False,False,False,False,True
2026-07-14 11:23:00,Node B,29.53,7.03,17.2,0.17,-0.06,-0.4,False,False,False,False,False,True
2026-07-14 11:38:00,Node A,29.45,6.65,18.4,0.16,0.05,0.3,False,False,False,False,False,True
2026-07-14 11:38:00,Node B,29.58,7.02,16.7,0.05,-0.01,-0.5,False,False,False,False,False,True
2026-07-14 11:53:00,Node A,29.59,6.76,18.3,0.14,0.11,-0.1,False,False,False,False,False,True
2026-07-14 11:53:00,Node B,29.82,7.0,16.0,0.24,-0.02,-0.7,False,False,False,False,False,True
2026-07-14 12:08:00,Node A,29.56,6.84,17.8,-0.03,0.08,-0.5,False,False,False,False,False,True
2026-07-14 12:08:00,Node B,29.85,7.01,15.4,0.03,0.01,-0.6,False,False,False,False,False,True
2026-07-14 12:23:00,Node A,29.56,6.93,18.0,0.0,0.09,0.2,False,False,False,False,False,True
2026-07-14 12:23:00,Node B,29.87,7.01,15.2,0.02,0.0,-0.2,False,False,False,False,False,True
2026-07-14 12:38:00,Node A,29.51,7.03,17.9,-0.05,0.1,-0.1,False,False,False,False,False,True
2026-07-14 12:38:00,Node B,30.02,7.03,15.1,0.15,0.02,-0.1,False,False,False,False,False,True
2026-07-14 12:53:00,Node A,29.56,7.14,17.5,0.05,0.11,-0.4,False,False,False,False,False,True
2026-07-14 12:53:00,Node B,30.08,7.04,15.1,0.06,0.01,0.0,False,False,False,False,False,True
2026-07-14 13:08:00,Node A,29.44,7.19,17.4,-0.12,0.05,-0.1,False,False,False,False,False,True
2026-07-14 13:08:00,Node B,30.23,7.03,15.2,0.15,-0.01,0.1,False,False,False,False,False,True
2026-07-14 13:23:00,Node A,29.6,7.31,17.1,0.16,0.12,-0.3,False,False,False,False,False,True
2026-07-14 13:23:00,Node B,30.21,7.06,15.4,-0.02,0.03,0.2,False,False,False,False,False,True
2026-07-14 13:38:00,Node A,29.62,7.32,16.8,0.02,0.01,-0.3,False,False,False,False,False,True
2026-07-14 13:38:00,Node B,30.24,7.11,15.7,0.03,0.05,0.3,False,False,False,False,False,True
2026-07-14 13:53:00,Node A,29.54,7.37,16.0,-0.08,0.05,-0.8,False,False,False,False,False,True
2026-07-14 13:53:00,Node B,30.38,7.13,16.0,0.14,0.02,0.3,False,False,False,False,False,True
2026-07-14 14:08:00,Node A,29.34,7.36,15.9,-0.2,-0.01,-0.1,False,False,False,False,False,True
2026-07-14 14:08:00,Node B,30.62,7.12,16.5,0.24,-0.01,0.5,False,False,False,False,False,True
2026-07-14 14:23:00,Node A,29.3,7.36,16.2,-0.04,0.0,0.3,False,False,False,False,False,True
2026-07-14 14:23:00,Node B,30.69,7.12,17.2,0.07,0.0,0.7,False,False,False,False,False,True
2026-07-14 14:38:00,Node A,29.36,7.38,15.9,0.06,0.02,-0.3,False,False,False,False,False,True
2026-07-14 14:38:00,Node B,30.73,7.05,18.0,0.04,-0.07,0.8,False,False,False,False,False,True
2026-07-14 14:53:00,Node A,29.46,7.36,15.7,0.1,-0.02,-0.2,False,False,False,False,False,True
2026-07-14 14:53:00,Node B,30.67,7.02,19.2,-0.06,-0.03,1.2,False,False,False,False,True,True
2026-07-14 15:08:00,Node A,29.45,7.36,16.0,-0.01,0.0,0.3,False,False,False,False,False,True
2026-07-14 15:08:00,Node B,30.9,7.19,20.6,0.23,0.17,1.4,False,False,False,False,True,True
2026-07-14 15:23:00,Node A,29.39,7.36,15.9,-0.06,0.0,-0.1,False,False,False,False,False,True
2026-07-14 15:23:00,Node B,31.04,7.43,22.4,0.14,0.24,1.8,False,False,False,False,True,True
2026-07-14 15:38:00,Node A,29.5,7.32,16.0,0.11,-0.04,0.1,False,False,False,False,False,True
2026-07-14 15:38:00,Node B,31.11,7.72,23.6,0.07,0.29,1.2,False,False,False,False,True,True
2026-07-14 15:53:00,Node A,29.38,7.33,16.1,-0.12,0.01,0.1,False,False,False,False,False,True
2026-07-14 15:53:00,Node B,31.25,7.51,25.5,0.14,-0.21,1.9,False,True,False,True,True,False
2026-07-14 16:08:00,Node A,29.5,7.32,16.4,0.12,-0.01,0.3,False,False,False,False,False,True
2026-07-14 16:08:00,Node B,31.29,7.88,25.6,0.04,0.37,0.1,False,True,False,True,True,False
2026-07-14 16:23:00,Node A,29.46,7.33,16.1,-0.04,0.01,-0.3,False,False,False,False,False,True
2026-07-14 16:23:00,Node B,31.38,7.88,27.2,0.09,0.0,1.6,False,True,False,True,True,False
2026-07-14 16:38:00,Node A,29.41,7.34,15.9,-0.05,0.01,-0.2,False,False,False,False,False,True
2026-07-14 16:38:00,Node B,31.37,7.87,29.8,-0.01,-0.01,2.6,False,True,False,True,True,False
2026-07-14 16:53:00,Node A,29.41,7.34,15.9,0.0,0.0,0.0,False,False,False,False,False,True
2026-07-14 16:53:00,Node B,31.19,7.96,32.7,-0.18,0.09,2.9,False,True,False,True,True,False
2026-07-14 17:08:00,Node A,29.3,7.33,15.9,-0.11,-0.01,0.0,False,False,False,False,False,True
2026-07-14 17:08:00,Node B,31.01,8.63,32.2,-0.18,0.67,-0.5,False,True,False,True,True,False
2026-07-14 17:23:00,Node A,29.23,7.34,16.1,-0.07,0.01,0.2,False,False,False,False,False,True
2026-07-14 17:23:00,Node B,30.96,8.7,31.8,-0.05,0.07,-0.4,False,True,False,True,True,False
2026-07-14 17:38:00,Node A,29.11,7.35,16.5,-0.12,0.01,0.4,False,False,False,False,False,True
2026-07-14 17:38:00,Node B,30.8,8.75,32.2,-0.16,0.05,0.4,False,True,False,True,True,False
2026-07-14 17:53:00,Node A,29.13,7.34,16.6,0.02,-0.01,0.1,False,False,False,False,False,True
2026-07-14 17:53:00,Node B,30.86,8.63,31.9,0.06,-0.12,-0.3,False,True,False,True,True,False
2026-07-14 18:08:00,Node A,28.88,7.31,16.8,-0.25,-0.03,0.2,False,False,False,False,False,True
2026-07-14 18:08:00,Node B,30.71,8.46,31.4,-0.15,-0.17,-0.5,False,True,False,True,True,False
2026-07-14 18:23:00,Node A,28.85,7.34,16.2,-0.03,0.03,-0.6,False,False,False,False,False,True
2026-07-14 18:23:00,Node B,30.79,8.27,30.9,0.08,-0.19,-0.5,False,True,False,True,True,False
2026-07-14 18:38:00,Node A,28.69,7.34,16.7,-0.16,0.0,0.5,False,False,False,False,False,True
2026-07-14 18:38:00,Node B,30.61,8.07,28.3,-0.18,-0.2,-2.6,False,True,False,True,True,False
2026-07-14 18:53:00,Node A,28.61,7.34,16.5,-0.08,0.0,-0.2,False,False,False,False,False,True
2026-07-14 18:53:00,Node B,30.47,7.87,27.7,-0.14,-0.2,-0.6,False,True,False,True,True,False
2026-07-14 19:08:00,Node A,28.41,7.33,16.9,-0.2,-0.01,0.4,False,False,False,False,False,True
2026-07-14 19:08:00,Node B,30.57,7.64,26.7,0.1,-0.23,-1.0,False,True,False,True,True,False
2026-07-14 19:23:00,Node A,28.34,7.32,16.4,-0.07,-0.01,-0.5,False,False,False,False,False,True
2026-07-14 19:23:00,Node B,30.29,7.44,26.8,-0.28,-0.2,0.1,False,True,False,True,True,False
2026-07-14 19:38:00,Node A,28.26,7.32,16.5,-0.08,0.0,0.1,False,False,False,False,False,True
2026-07-14 19:38:00,Node B,30.13,7.17,25.4,-0.16,-0.27,-1.4,False,True,False,True,False,False
2026-07-14 19:53:00,Node A,28.05,7.32,16.3,-0.21,0.0,-0.2,False,False,False,False,False,True
2026-07-14 19:53:00,Node B,29.94,7.04,23.9,-0.19,-0.13,-1.5,False,False,False,False,False,True
2026-07-14 20:08:00,Node A,28.0,7.31,16.1,-0.05,-0.01,-0.2,False,False,False,False,False,True
2026-07-14 20:08:00,Node B,29.79,7.03,23.2,-0.15,-0.01,-0.7,False,False,False,False,False,True
2026-07-14 20:23:00,Node A,27.69,7.3,16.3,-0.31,-0.01,0.2,False,False,False,False,False,True
2026-07-14 20:23:00,Node B,29.59,7.04,22.3,-0.2,0.01,-0.9,False,False,False,False,False,True
2026-07-14 20:38:00,Node A,27.67,7.3,16.4,-0.02,0.0,0.1,False,False,False,False,False,True
2026-07-14 20:38:00,Node B,29.59,7.02,21.2,0.0,-0.02,-1.1,False,False,False,False,False,True
2026-07-14 20:53:00,Node A,27.43,7.3,16.4,-0.24,0.0,0.0,False,False,False,False,False,True
2026-07-14 20:53:00,Node B,29.46,7.01,20.8,-0.13,-0.01,-0.4,False,False,False,False,False,True
2026-07-14 21:08:00,Node A,27.34,7.29,16.4,-0.09,-0.01,0.0,False,False,False,False,False,True
2026-07-14 21:08:00,Node B,29.29,6.97,21.0,-0.17,-0.04,0.2,False,False,False,False,False,True
2026-07-14 21:38:00,Node A,27.03,7.24,16.8,,,,True,False,False,False,False,False
2026-07-14 21:38:00,Node B,29.09,7.0,21.7,,,,True,False,False,False,True,False
2026-07-14 21:53:00,Node A,26.97,7.26,17.1,-0.06,0.02,0.3,False,False,False,False,False,True
2026-07-14 21:53:00,Node B,29.11,7.11,22.5,0.02,0.11,0.8,False,False,False,False,True,True
2026-07-14 22:08:00,Node A,27.04,7.48,17.8,0.07,0.22,0.7,False,False,False,False,False,True
2026-07-14 22:08:00,Node B,28.93,7.52,24.0,-0.18,0.41,1.5,False,False,False,False,True,True
2026-07-14 22:23:00,Node A,27.0,7.83,17.8,-0.04,0.35,0.0,False,False,False,False,False,True
2026-07-14 22:23:00,Node B,28.83,8.16,24.2,-0.1,0.64,0.2,False,False,True,True,True,False
2026-07-14 22:38:00,Node A,26.9,8.32,18.5,-0.1,0.49,0.7,False,False,False,False,False,True
2026-07-14 22:38:00,Node B,28.8,8.97,24.6,-0.03,0.81,0.4,False,True,False,True,True,False
2026-07-14 22:53:00,Node A,26.9,8.3,18.5,0.0,-0.02,0.0,False,False,False,False,False,True
2026-07-14 22:53:00,Node B,28.75,9.24,25.1,-0.05,0.27,0.5,False,True,False,True,True,False
2026-07-14 23:08:00,Node A,26.83,8.3,19.0,-0.07,0.0,0.5,False,False,False,False,False,True
2026-07-14 23:08:00,Node B,28.81,9.4,24.8,0.06,0.16,-0.3,False,True,False,True,True,False
2026-07-14 23:23:00,Node A,26.9,8.28,18.6,0.07,-0.02,-0.4,False,False,False,False,False,True
2026-07-14 23:23:00,Node B,28.64,9.4,24.7,-0.17,0.0,-0.1,False,True,False,True,True,False
2026-07-14 23:38:00,Node A,26.89,8.22,19.1,-0.01,-0.06,0.5,False,False,False,False,True,True
2026-07-14 23:38:00,Node B,28.52,9.4,24.3,-0.12,0.0,-0.4,False,True,False,True,True,False
2026-07-14 23:53:00,Node A,26.89,8.12,18.9,0.0,-0.1,-0.2,False,False,False,False,True,True
2026-07-14 23:53:00,Node B,28.37,9.32,24.4,-0.15,-0.08,0.1,False,True,False,True,True,False
2026-07-15 00:08:00,Node A,26.86,8.07,20.5,-0.03,-0.05,1.6,False,False,False,False,True,True
2026-07-15 00:08:00,Node B,28.28,9.19,24.5,-0.09,-0.13,0.1,False,True,False,True,True,False
2026-07-15 00:23:00,Node A,26.64,8.0,23.1,-0.22,-0.07,2.6,False,False,False,False,True,True
2026-07-15 00:23:00,Node B,28.31,8.84,23.8,0.03,-0.35,-0.7,False,True,False,True,True,False
2026-07-15 00:38:00,Node A,26.48,7.91,26.7,-0.16,-0.09,3.6,False,True,False,True,True,False
2026-07-15 00:38:00,Node B,28.37,8.52,23.5,0.06,-0.32,-0.3,False,True,False,True,False,False
2026-07-15 00:53:00,Node A,26.18,7.42,27.1,-0.3,-0.49,0.4,False,True,False,True,True,False
2026-07-15 00:53:00,Node B,28.35,8.15,23.2,-0.02,-0.37,-0.3,False,False,False,False,False,True
2026-07-15 01:08:00,Node A,25.63,6.57,26.9,-0.55,-0.85,-0.2,False,True,False,True,True,False
2026-07-15 01:08:00,Node B,28.3,7.84,22.7,-0.05,-0.31,-0.5,False,False,False,False,False,True
2026-07-15 01:23:00,Node A,25.54,6.5,27.0,-0.09,-0.07,0.1,False,True,False,True,True,False
2026-07-15 01:23:00,Node B,28.22,7.48,22.4,-0.08,-0.36,-0.3,False,False,False,False,False,True
2026-07-15 01:38:00,Node A,25.68,6.44,12.5,0.14,-0.06,-14.5,False,True,False,True,True,False
2026-07-15 01:38:00,Node B,28.06,7.1,21.2,-0.16,-0.38,-1.2,False,False,False,False,False,True
2026-07-15 01:53:00,Node A,25.65,6.38,12.6,-0.03,-0.06,0.1,False,True,False,True,True,False
2026-07-15 01:53:00,Node B,27.94,6.9,20.3,-0.12,-0.2,-0.9,False,False,False,False,False,True
2026-07-15 02:08:00,Node A,25.54,6.26,12.8,-0.11,-0.12,0.2,False,True,False,True,True,False
2026-07-15 02:08:00,Node B,27.78,6.89,19.1,-0.16,-0.01,-1.2,False,False,False,False,True,True
2026-07-15 02:23:00,Node A,25.54,6.18,13.1,0.0,-0.08,0.3,False,True,False,True,True,False
2026-07-15 02:23:00,Node B,27.84,6.89,19.8,0.06,0.0,0.7,False,False,False,False,True,True
2026-07-15 02:38:00,Node A,25.65,6.23,12.8,0.11,0.05,-0.3,False,True,False,True,True,False
2026-07-15 02:38:00,Node B,27.49,6.9,21.5,-0.35,0.01,1.7,False,False,False,False,True,True
2026-07-15 02:53:00,Node A,25.94,6.29,12.7,0.29,0.06,-0.1,False,True,False,True,True,False
2026-07-15 02:53:00,Node B,26.83,6.88,23.8,-0.66,-0.02,2.3,False,False,False,False,True,True
2026-07-15 03:08:00,Node A,26.11,6.43,11.9,0.17,0.14,-0.8,False,True,False,True,False,False
2026-07-15 03:08:00,Node B,26.15,6.87,26.2,-0.68,-0.01,2.4,False,True,False,True,True,False
2026-07-15 03:23:00,Node A,26.28,6.58,11.4,0.17,0.15,-0.5,False,False,False,False,False,True
2026-07-15 03:23:00,Node B,26.0,6.86,25.0,-0.15,-0.01,-1.2,False,False,False,False,True,True
2026-07-15 03:53:00,Node A,26.7,6.82,11.6,,,,True,False,False,False,False,False
2026-07-15 03:53:00,Node B,26.09,5.98,25.0,,,,True,True,False,True,True,False
2026-07-15 04:08:00,Node A,26.46,6.96,12.1,-0.24,0.14,0.5,False,False,False,False,False,True
2026-07-15 04:08:00,Node B,26.24,6.0,25.0,0.15,0.02,0.0,False,True,False,True,True,False
2026-07-15 04:38:00,Node A,26.05,7.22,13.6,,,,True,False,False,False,True,False
2026-07-15 04:38:00,Node B,26.34,5.97,24.0,,,,True,True,False,True,True,False
2026-07-15 04:53:00,Node A,25.57,7.1,13.2,-0.48,-0.12,-0.4,False,False,False,False,True,True
2026-07-15 04:53:00,Node B,26.5,5.93,23.2,0.16,-0.04,-0.8,False,True,False,True,True,False
2026-07-15 05:08:00,Node A,25.57,6.8,12.9,0.0,-0.3,-0.3,False,False,False,False,True,True
2026-07-15 05:08:00,Node B,26.51,5.94,22.6,0.01,0.01,-0.6,False,True,False,True,True,False
2026-07-15 05:23:00,Node A,25.71,6.47,12.4,0.14,-0.33,-0.5,False,True,False,True,True,False
2026-07-15 05:23:00,Node B,26.69,6.05,22.1,0.18,0.11,-0.5,False,True,False,True,True,False
2026-07-15 05:38:00,Node A,25.87,6.05,11.9,0.16,-0.42,-0.5,False,True,False,True,True,False
2026-07-15 05:38:00,Node B,26.87,6.15,22.0,0.18,0.1,-0.1,False,True,False,True,True,False
2026-07-15 05:53:00,Node A,26.0,6.03,11.1,0.13,-0.02,-0.8,False,True,False,True,True,False
2026-07-15 05:53:00,Node B,26.93,6.22,21.3,0.06,0.07,-0.7,False,True,False,True,True,False
2026-07-15 06:08:00,Node A,26.06,6.04,10.0,0.06,0.01,-1.1,False,True,False,True,True,False
2026-07-15 06:08:00,Node B,27.07,6.33,20.7,0.14,0.11,-0.6,False,True,False,True,True,False
2026-07-15 06:23:00,Node A,26.26,6.01,9.7,0.2,-0.03,-0.3,False,True,False,True,True,False
2026-07-15 06:23:00,Node B,27.05,6.4,19.6,-0.02,0.07,-1.1,False,True,False,True,True,False
2026-07-15 06:38:00,Node A,26.32,6.23,9.1,0.06,0.22,-0.6,False,True,False,True,True,False
2026-07-15 06:38:00,Node B,27.41,6.47,18.8,0.36,0.07,-0.8,False,True,False,True,False,False
2026-07-15 06:53:00,Node A,26.56,6.48,8.5,0.24,0.25,-0.6,False,True,False,True,False,False
2026-07-15 06:53:00,Node B,27.51,6.56,18.6,0.1,0.09,-0.2,False,False,False,False,False,True
2026-07-15 07:08:00,Node A,26.84,6.74,7.9,0.28,0.26,-0.6,False,False,False,False,False,True
2026-07-15 07:08:00,Node B,27.52,6.62,18.2,0.01,0.06,-0.4,False,False,False,False,False,True
2026-07-15 07:23:00,Node A,26.85,6.97,7.7,0.01,0.23,-0.2,False,False,False,False,False,True
2026-07-15 07:23:00,Node B,27.76,6.73,19.1,0.24,0.11,0.9,False,False,False,False,False,True
2026-07-15 07:38:00,Node A,26.98,7.2,7.5,0.13,0.23,-0.2,False,False,False,False,False,True
2026-07-15 07:38:00,Node B,27.95,6.87,20.6,0.19,0.14,1.5,False,False,False,False,False,True
2026-07-15 07:53:00,Node A,27.05,7.21,7.0,0.07,0.01,-0.5,False,False,False,False,False,True
2026-07-15 07:53:00,Node B,27.41,6.97,23.3,-0.54,0.1,2.7,False,False,False,False,True,True
2026-07-15 08:08:00,Node A,27.32,7.2,6.8,0.27,-0.01,-0.2,False,False,False,False,False,True
2026-07-15 08:08:00,Node B,26.59,6.97,22.8,-0.82,0.0,-0.5,False,False,False,False,True,True
2026-07-15 08:23:00,Node A,27.37,7.18,5.9,0.05,-0.02,-0.9,False,False,False,False,False,True
2026-07-15 08:23:00,Node B,26.73,6.87,22.0,0.14,-0.1,-0.8,False,False,False,False,True,True
2026-07-15 08:38:00,Node A,27.54,7.22,5.3,0.17,0.04,-0.6,False,False,False,False,False,True
2026-07-15 08:38:00,Node B,26.82,6.59,21.9,0.09,-0.28,-0.1,False,False,False,False,True,True
2026-07-15 08:53:00,Node A,27.74,7.26,4.7,0.2,0.04,-0.6,False,False,False,False,False,True
2026-07-15 08:53:00,Node B,26.89,6.25,22.0,0.07,-0.34,0.1,False,True,False,True,True,False
2026-07-15 09:08:00,Node A,27.71,7.26,4.4,-0.03,0.0,-0.3,False,False,False,False,False,True
2026-07-15 09:08:00,Node B,27.26,6.24,21.8,0.37,-0.01,-0.2,False,True,False,True,True,False
2026-07-15 09:23:00,Node A,28.01,7.26,4.2,0.3,0.0,-0.2,False,False,False,False,False,True
2026-07-15 09:23:00,Node B,27.5,6.26,22.0,0.24,0.02,0.2,False,True,False,True,True,False
2026-07-15 09:38:00,Node A,28.22,7.22,4.1,0.21,-0.04,-0.1,False,False,False,False,False,True
2026-07-15 09:38:00,Node B,27.47,6.28,21.8,-0.03,0.02,-0.2,False,True,False,True,True,False
2026-07-15 09:53:00,Node A,28.36,7.25,4.2,0.14,0.03,0.1,False,False,False,False,False,True
2026-07-15 09:53:00,Node B,27.67,6.27,21.7,0.2,-0.01,-0.1,False,True,False,True,True,False
2026-07-15 10:08:00,Node A,28.74,7.29,3.9,0.38,0.04,-0.3,False,False,False,False,False,True
2026-07-15 10:08:00,Node B,27.86,6.38,20.9,0.19,0.11,-0.8,False,True,False,True,True,False
2026-07-15 10:23:00,Node A,29.09,7.27,3.6,0.35,-0.02,-0.3,False,False,False,False,False,True
2026-07-15 10:23:00,Node B,28.06,6.47,19.4,0.2,0.09,-1.5,False,True,False,True,False,False
2026-07-15 10:38:00,Node A,29.0,7.27,3.1,-0.09,0.0,-0.5,False,False,False,False,False,True
2026-07-15 10:38:00,Node B,28.33,6.55,19.0,0.27,0.08,-0.4,False,False,False,False,False,True
2026-07-15 10:53:00,Node A,29.07,7.28,3.0,0.07,0.01,-0.1,False,False,False,False,False,True
2026-07-15 10:53:00,Node B,28.49,6.62,17.6,0.16,0.07,-1.4,False,False,False,False,False,True
2026-07-15 11:08:00,Node A,28.99,7.29,3.0,-0.08,0.01,0.0,False,False,False,False,False,True
2026-07-15 11:08:00,Node B,28.71,6.68,16.5,0.22,0.06,-1.1,False,False,False,False,False,True
2026-07-15 11:23:00,Node A,28.97,7.33,3.4,-0.02,0.04,0.4,False,False,False,False,False,True
2026-07-15 11:23:00,Node B,29.0,6.75,15.3,0.29,0.07,-1.2,False,False,False,False,False,True
2026-07-15 11:53:00,Node A,29.21,7.31,2.8,,,,True,False,False,False,False,False
2026-07-15 11:53:00,Node B,29.45,6.93,14.8,,,,True,False,False,False,False,False
2026-07-15 12:08:00,Node A,29.24,7.32,2.7,0.03,0.01,-0.1,False,False,False,False,False,True
2026-07-15 12:08:00,Node B,29.73,7.06,15.0,0.28,0.13,0.2,False,False,False,False,False,True
2026-07-15 12:23:00,Node A,29.35,7.33,3.2,0.11,0.01,0.5,False,False,False,False,False,True
2026-07-15 12:23:00,Node B,29.96,7.06,14.9,0.23,0.0,-0.1,False,False,False,False,False,True
2026-07-15 12:38:00,Node A,29.26,7.36,3.1,-0.09,0.03,-0.1,False,False,False,False,False,True
2026-07-15 12:38:00,Node B,30.4,7.07,15.1,0.44,0.01,0.2,False,False,False,False,False,True
2026-07-15 12:53:00,Node A,29.36,7.37,3.6,0.1,0.01,0.5,False,False,False,False,False,True
2026-07-15 12:53:00,Node B,30.61,7.07,15.1,0.21,0.0,0.0,False,False,False,False,False,True
2026-07-15 13:08:00,Node A,29.28,7.35,3.5,-0.08,-0.02,-0.1,False,False,False,False,False,True
2026-07-15 13:08:00,Node B,30.63,7.09,15.4,0.02,0.02,0.3,False,False,False,False,False,True
2026-07-15 13:53:00,Node A,29.34,7.39,3.2,,,,True,False,False,False,False,False
2026-07-15 13:53:00,Node B,30.5,7.07,15.3,,,,True,False,False,False,False,False
2026-07-15 14:08:00,Node A,29.43,7.38,3.3,0.09,-0.01,0.1,False,False,False,False,False,True
2026-07-15 14:08:00,Node B,30.63,7.08,15.1,0.13,0.01,-0.2,False,False,False,False,False,True
2026-07-15 14:23:00,Node A,29.48,7.39,3.0,0.05,0.01,-0.3,False,False,False,False,False,True
2026-07-15 14:23:00,Node B,30.86,7.07,15.0,0.23,-0.01,-0.1,False,False,False,False,False,True
2026-07-15 14:38:00,Node A,29.5,7.44,3.1,0.02,0.05,0.1,False,False,False,False,False,True
2026-07-15 14:38:00,Node B,31.02,7.08,15.4,0.16,0.01,0.4,False,False,False,False,False,True
2026-07-15 15:08:00,Node A,29.52,7.44,3.3,,,,True,False,False,False,False,False
2026-07-15 15:08:00,Node B,31.06,7.11,16.1,,,,True,False,False,False,False,False
2026-07-15 15:23:00,Node A,29.52,7.41,3.4,0.0,-0.03,0.1,False,False,False,False,False,True
2026-07-15 15:23:00,Node B,31.07,7.09,15.9,0.01,-0.02,-0.2,False,False,False,False,False,True
2026-07-15 15:38:00,Node A,29.44,7.38,3.4,-0.08,-0.03,0.0,False,False,False,False,False,True
2026-07-15 15:38:00,Node B,31.04,7.09,15.4,-0.03,0.0,-0.5,False,False,False,False,False,True
2026-07-15 15:53:00,Node A,29.48,7.36,3.5,0.04,-0.02,0.1,False,False,False,False,False,True
2026-07-15 15:53:00,Node B,30.93,7.07,15.4,-0.11,-0.02,0.0,False,False,False,False,False,True
2026-07-15 16:08:00,Node A,29.38,7.36,3.3,-0.1,0.0,-0.2,False,False,False,False,False,True
2026-07-15 16:08:00,Node B,31.01,7.07,15.6,0.08,0.0,0.2,False,False,False,False,False,True
2026-07-15 16:23:00,Node A,29.38,7.36,3.3,0.0,0.0,0.0,False,False,False,False,False,True
2026-07-15 16:23:00,Node B,31.08,7.07,15.8,0.07,0.0,0.2,False,False,False,False,False,True
2026-07-15 16:38:00,Node A,29.32,7.35,3.1,-0.06,-0.01,-0.2,False,False,False,False,False,True
2026-07-15 16:38:00,Node B,31.02,7.07,15.9,-0.06,0.0,0.1,False,False,False,False,False,True
2026-07-15 16:53:00,Node A,29.41,7.36,3.3,0.09,0.01,0.2,False,False,False,False,False,True
2026-07-15 16:53:00,Node B,30.88,7.06,16.6,-0.14,-0.01,0.7,False,False,False,False,False,True
2026-07-15 17:08:00,Node A,29.22,7.38,3.4,-0.19,0.02,0.1,False,False,False,False,False,True
2026-07-15 17:08:00,Node B,30.86,7.06,18.1,-0.02,0.0,1.5,False,False,False,False,True,True
2026-07-15 17:38:00,Node A,28.99,7.41,3.3,,,,True,False,False,False,False,False
2026-07-15 17:38:00,Node B,30.11,7.04,21.3,,,,True,False,False,False,True,False
2026-07-15 17:53:00,Node A,28.6,7.39,3.6,-0.39,-0.02,0.3,False,False,False,False,False,True
2026-07-15 17:53:00,Node B,29.63,7.02,23.0,-0.48,-0.02,1.7,False,False,False,False,True,True
2026-07-15 18:08:00,Node A,28.66,7.37,3.9,0.06,-0.02,0.3,False,False,False,False,False,True
2026-07-15 18:08:00,Node B,29.05,6.55,25.4,-0.58,-0.47,2.4,False,True,False,True,True,False
2026-07-15 18:23:00,Node A,28.54,7.35,4.2,-0.12,-0.02,0.3,False,False,False,False,False,True
2026-07-15 18:23:00,Node B,29.02,5.9,30.1,-0.03,-0.65,4.7,False,True,False,True,True,False
2026-07-15 18:38:00,Node A,28.5,7.32,3.9,-0.04,-0.03,-0.3,False,False,False,False,False,True
2026-07-15 18:38:00,Node B,28.9,5.9,30.2,-0.12,0.0,0.1,False,True,False,True,True,False
2026-07-15 18:53:00,Node A,28.58,7.34,4.2,0.08,0.02,0.3,False,False,False,False,False,True
2026-07-15 18:53:00,Node B,29.03,5.9,30.3,0.13,0.0,0.1,False,True,False,True,True,False
2026-07-15 19:08:00,Node A,28.41,7.35,4.2,-0.17,0.01,0.0,False,False,False,False,False,True
2026-07-15 19:08:00,Node B,28.96,5.9,29.7,-0.07,0.0,-0.6,False,True,False,True,True,False
2026-07-15 19:23:00,Node A,28.23,7.34,4.4,-0.18,-0.01,0.2,False,False,False,False,False,True
2026-07-15 19:23:00,Node B,28.88,5.9,28.9,-0.08,0.0,-0.8,False,True,False,True,True,False
2026-07-15 19:38:00,Node A,28.1,7.34,4.3,-0.13,0.0,-0.1,False,False,False,False,False,True
2026-07-15 19:38:00,Node B,29.05,5.9,28.8,0.17,0.0,-0.1,False,True,False,True,True,False
2026-07-15 19:53:00,Node A,28.1,7.34,4.1,0.0,0.0,-0.2,False,False,False,False,False,True
2026-07-15 19:53:00,Node B,29.02,5.9,27.0,-0.03,0.0,-1.8,False,True,False,True,True,False
2026-07-15 20:08:00,Node A,28.0,7.34,4.3,-0.1,0.0,0.2,False,False,False,False,False,True
2026-07-15 20:08:00,Node B,28.92,5.9,25.7,-0.1,0.0,-1.3,False,True,False,True,True,False
2026-07-15 20:23:00,Node A,27.76,7.32,4.0,-0.24,-0.02,-0.3,False,False,False,False,False,True
2026-07-15 20:23:00,Node B,29.0,5.9,24.8,0.08,0.0,-0.9,False,True,False,True,True,False
2026-07-15 20:38:00,Node A,27.65,7.31,3.8,-0.11,-0.01,-0.2,False,False,False,False,False,True
2026-07-15 20:38:00,Node B,29.13,6.1,23.4,0.13,0.2,-1.4,False,True,False,True,True,False
2026-07-15 20:53:00,Node A,27.57,7.31,3.7,-0.08,0.0,-0.1,False,False,False,False,False,True
2026-07-15 20:53:00,Node B,29.18,6.32,22.2,0.05,0.22,-1.2,False,True,False,True,False,False
2026-07-15 21:08:00,Node A,27.43,7.28,4.1,-0.14,-0.03,0.4,False,False,False,False,False,True
2026-07-15 21:08:00,Node B,29.21,6.52,21.0,0.03,0.2,-1.2,False,False,False,False,False,True
2026-07-15 21:23:00,Node A,27.27,7.27,3.6,-0.16,-0.01,-0.5,False,False,False,False,False,True
2026-07-15 21:23:00,Node B,29.4,6.72,19.5,0.19,0.2,-1.5,False,False,False,False,False,True
2026-07-15 21:38:00,Node A,27.04,7.27,3.6,-0.23,0.0,0.0,False,False,False,False,False,True
2026-07-15 21:38:00,Node B,29.22,6.86,18.2,-0.18,0.14,-1.3,False,False,False,False,False,True
2026-07-15 21:53:00,Node A,26.88,7.26,3.5,-0.16,-0.01,-0.1,False,False,False,False,False,True
2026-07-15 21:53:00,Node B,28.95,6.98,17.1,-0.27,0.12,-1.1,False,False,False,False,False,True
2026-07-15 22:08:00,Node A,26.8,7.22,3.6,-0.08,-0.04,0.1,False,False,False,False,False,True
2026-07-15 22:08:00,Node B,28.7,6.99,16.2,-0.25,0.01,-0.9,False,False,False,False,False,True
2026-07-15 22:23:00,Node A,26.69,7.24,3.5,-0.11,0.02,-0.1,False,False,False,False,False,True
2026-07-15 22:23:00,Node B,28.72,6.99,16.3,0.02,0.0,0.1,False,False,False,False,False,True
2026-07-15 22:38:00,Node A,26.58,7.22,3.5,-0.11,-0.02,0.0,False,False,False,False,False,True
2026-07-15 22:38:00,Node B,28.58,6.99,16.2,-0.14,0.0,-0.1,False,False,False,False,False,True
2026-07-15 22:53:00,Node A,26.33,7.2,3.8,-0.25,-0.02,0.3,False,False,False,False,False,True
2026-07-15 22:53:00,Node B,28.38,6.98,16.4,-0.2,-0.01,0.2,False,False,False,False,False,True
2026-07-15 23:08:00,Node A,26.16,7.22,3.9,-0.17,0.02,0.1,False,False,False,False,False,True
2026-07-15 23:08:00,Node B,28.17,6.98,16.3,-0.21,0.0,-0.1,False,False,False,False,False,True
2026-07-15 23:23:00,Node A,26.08,7.22,3.6,-0.08,0.0,-0.3,False,False,False,False,False,True
2026-07-15 23:23:00,Node B,28.02,6.93,16.4,-0.15,-0.05,0.1,False,False,False,False,False,True
2026-07-16 01:08:00,Node A,25.73,7.23,3.9,,,,True,False,False,False,False,False
2026-07-16 01:08:00,Node B,27.51,6.93,17.0,,,,True,False,False,False,False,False
2026-07-16 01:23:00,Node A,25.73,7.21,4.1,0.0,-0.02,0.2,False,False,False,False,False,True
2026-07-16 01:23:00,Node B,27.34,6.91,16.7,-0.17,-0.02,-0.3,False,False,False,False,False,True
2026-07-16 01:38:00,Node A,25.67,7.2,4.3,-0.06,-0.01,0.2,False,False,False,False,False,True
2026-07-16 01:38:00,Node B,27.05,6.93,16.8,-0.29,0.02,0.1,False,False,False,False,False,True
2026-07-16 01:53:00,Node A,25.6,7.16,4.1,-0.07,-0.04,-0.2,False,False,False,False,False,True
2026-07-16 01:53:00,Node B,27.09,6.93,16.6,0.04,0.0,-0.2,False,False,False,False,False,True
2026-07-16 02:08:00,Node A,25.59,7.15,3.7,-0.01,-0.01,-0.4,False,False,False,False,False,True
2026-07-16 02:08:00,Node B,27.19,6.92,16.8,0.1,-0.01,0.2,False,False,False,False,False,True
2026-07-16 02:23:00,Node A,25.52,7.16,3.8,-0.07,0.01,0.1,False,False,False,False,False,True
2026-07-16 02:23:00,Node B,27.23,6.89,16.6,0.04,-0.03,-0.2,False,False,False,False,False,True
2026-07-16 02:38:00,Node A,25.52,7.17,4.0,0.0,0.01,0.2,False,False,False,False,False,True
2026-07-16 02:38:00,Node B,27.23,6.87,16.6,0.0,-0.02,0.0,False,False,False,False,False,True
2026-07-16 02:53:00,Node A,25.67,7.14,4.0,0.15,-0.03,0.0,False,False,False,False,False,True
2026-07-16 02:53:00,Node B,27.18,6.87,16.7,-0.05,0.0,0.1,False,False,False,False,False,True
2026-07-16 03:08:00,Node A,25.7,7.15,4.0,0.03,0.01,0.0,False,False,False,False,False,True
2026-07-16 03:08:00,Node B,27.12,6.86,16.6,-0.06,-0.01,-0.1,False,False,False,False,False,True
2026-07-16 03:23:00,Node A,25.64,7.13,4.0,-0.06,-0.02,0.0,False,False,False,False,False,True
2026-07-16 03:23:00,Node B,27.08,6.86,16.7,-0.04,0.0,0.1,False,False,False,False,False,True
2026-07-16 03:38:00,Node A,25.44,7.14,3.9,-0.2,0.01,-0.1,False,False,False,False,False,True
2026-07-16 03:38:00,Node B,26.96,6.84,16.7,-0.12,-0.02,0.0,False,False,False,False,False,True
2026-07-16 03:53:00,Node A,25.4,7.14,3.8,-0.04,0.0,-0.1,False,False,False,False,False,True
2026-07-16 03:53:00,Node B,27.24,6.8,16.3,0.28,-0.04,-0.4,False,False,False,False,False,True
2026-07-16 04:08:00,Node A,25.4,7.16,3.6,0.0,0.02,-0.2,False,False,False,False,False,True
2026-07-16 04:08:00,Node B,27.31,6.85,17.1,0.07,0.05,0.8,False,False,False,False,False,True
2026-07-16 04:23:00,Node A,25.66,7.12,3.6,0.26,-0.04,0.0,False,False,False,False,False,True
2026-07-16 04:23:00,Node B,27.38,6.9,18.7,0.07,0.05,1.6,False,False,False,False,True,True
2026-07-16 04:38:00,Node A,25.81,7.13,3.9,0.15,0.01,0.3,False,False,False,False,False,True
2026-07-16 04:38:00,Node B,27.39,6.88,20.9,0.01,-0.02,2.2,False,False,False,False,True,True
2026-07-16 04:53:00,Node A,25.85,7.15,3.8,0.04,0.02,-0.1,False,False,False,False,False,True
2026-07-16 04:53:00,Node B,27.46,6.89,23.3,0.07,0.01,2.4,False,False,False,False,True,True
2026-07-16 05:08:00,Node A,26.0,7.14,4.0,0.15,-0.01,0.2,False,False,False,False,False,True
2026-07-16 05:08:00,Node B,27.27,6.88,23.7,-0.19,-0.01,0.4,False,False,False,False,True,True
2026-07-16 05:23:00,Node A,26.1,7.14,3.7,0.1,0.0,-0.3,False,False,False,False,False,True
2026-07-16 05:23:00,Node B,27.35,7.55,24.0,0.08,0.67,0.3,False,False,True,True,True,False
2026-07-16 05:38:00,Node A,26.04,7.16,3.9,-0.06,0.02,0.2,False,False,False,False,False,True
2026-07-16 05:38:00,Node B,27.31,7.56,24.0,-0.04,0.01,0.0,False,False,False,False,True,True
2026-07-16 05:53:00,Node A,26.03,7.17,4.0,-0.01,0.01,0.1,False,False,False,False,False,True
2026-07-16 05:53:00,Node B,27.34,7.57,25.0,0.03,0.01,1.0,False,False,False,False,True,True
2026-07-16 06:08:00,Node A,26.25,7.12,4.1,0.22,-0.05,0.1,False,False,False,False,False,True
2026-07-16 06:08:00,Node B,27.04,7.59,26.8,-0.3,0.02,1.8,False,True,False,True,True,False
2026-07-16 06:23:00,Node A,26.35,7.16,4.0,0.1,0.04,-0.1,False,False,False,False,False,True
2026-07-16 06:23:00,Node B,26.41,7.41,29.8,-0.63,-0.18,3.0,False,True,False,True,True,False
2026-07-16 06:53:00,Node A,26.55,7.16,3.8,,,,True,False,False,False,False,False
2026-07-16 06:53:00,Node B,26.61,7.08,35.6,,,,True,True,False,True,True,False
2026-07-16 07:08:00,Node A,26.65,7.19,3.9,0.1,0.03,0.1,False,False,False,False,False,True
2026-07-16 07:08:00,Node B,26.77,6.64,35.0,0.16,-0.44,-0.6,False,True,False,True,True,False
2026-07-16 07:23:00,Node A,26.81,7.24,4.0,0.16,0.05,0.1,False,False,False,False,False,True
2026-07-16 07:23:00,Node B,26.89,6.12,34.2,0.12,-0.52,-0.8,False,True,False,True,True,False
2026-07-16 07:38:00,Node A,26.95,7.22,4.1,0.14,-0.02,0.1,False,False,False,False,False,True
2026-07-16 07:38:00,Node B,26.93,6.11,33.8,0.04,-0.01,-0.4,False,True,False,True,True,False
2026-07-16 07:53:00,Node A,27.23,7.21,4.6,0.28,-0.01,0.5,False,False,False,False,False,True
2026-07-16 07:53:00,Node B,27.22,6.13,34.5,0.29,0.02,0.7,False,True,False,True,True,False
2026-07-16 08:08:00,Node A,27.42,7.22,4.9,0.19,0.01,0.3,False,False,False,False,False,True
2026-07-16 08:08:00,Node B,27.42,6.11,34.9,0.2,-0.02,0.4,False,True,False,True,True,False
2026-07-16 08:23:00,Node A,27.43,7.18,5.0,0.01,-0.04,0.1,False,False,False,False,False,True
2026-07-16 08:23:00,Node B,27.75,6.25,35.4,0.33,0.14,0.5,False,True,False,True,True,False
2026-07-16 08:38:00,Node A,27.63,7.22,4.4,0.2,0.04,-0.6,False,False,False,False,False,True
2026-07-16 08:38:00,Node B,28.02,6.34,36.7,0.27,0.09,1.3,False,True,False,True,True,False
2026-07-16 08:53:00,Node A,27.76,7.24,4.3,0.13,0.02,-0.1,False,False,False,False,False,True
2026-07-16 08:53:00,Node B,28.24,6.49,35.2,0.22,0.15,-1.5,False,True,False,True,True,False
2026-07-16 09:08:00,Node A,27.9,7.24,4.6,0.14,0.0,0.3,False,False,False,False,False,True
2026-07-16 09:08:00,Node B,28.47,5.99,33.9,0.23,-0.5,-1.3,False,True,False,True,True,False
2026-07-16 09:23:00,Node A,27.99,7.24,4.5,0.09,0.0,-0.1,False,False,False,False,False,True
2026-07-16 09:23:00,Node B,28.69,6.09,32.8,0.22,0.1,-1.1,False,True,False,True,True,False
2026-07-16 09:53:00,Node A,28.26,7.27,4.4,,,,True,False,False,False,False,False
2026-07-16 09:53:00,Node B,29.02,6.37,28.9,,,,True,True,False,True,True,False
2026-07-16 10:08:00,Node A,28.31,7.28,4.2,0.05,0.01,-0.2,False,False,False,False,False,True
2026-07-16 10:08:00,Node B,29.03,6.36,27.5,0.01,-0.01,-1.4,False,True,False,True,False,False
2026-07-16 10:53:00,Node A,28.69,7.31,4.0,,,,True,False,False,False,False,False
2026-07-16 10:53:00,Node B,29.37,6.62,22.0,,,,True,False,False,False,False,False
2026-07-16 11:08:00,Node A,28.71,7.32,4.6,0.02,0.01,0.6,False,False,False,False,False,True
2026-07-16 11:08:00,Node B,29.37,6.7,20.5,0.0,0.08,-1.5,False,False,False,False,False,True
2026-07-16 11:23:00,Node A,28.88,7.36,5.0,0.17,0.04,0.4,False,False,False,False,False,True
2026-07-16 11:23:00,Node B,29.55,6.78,19.1,0.18,0.08,-1.4,False,False,False,False,False,True
2026-07-16 11:53:00,Node A,29.21,7.31,6.5,,,,True,False,False,False,True,False
2026-07-16 11:53:00,Node B,29.77,6.9,18.7,,,,True,False,False,False,False,False
2026-07-16 12:08:00,Node A,29.52,7.6,6.9,0.31,0.29,0.4,False,False,False,False,True,True
2026-07-16 12:08:00,Node B,29.9,6.97,18.6,0.13,0.07,-0.1,False,False,False,False,False,True
2026-07-16 12:23:00,Node A,29.7,8.09,7.4,0.18,0.49,0.5,False,False,False,False,True,True
2026-07-16 12:23:00,Node B,30.05,7.01,18.3,0.15,0.04,-0.3,False,False,False,False,False,True
2026-07-16 13:38:00,Node A,30.5,8.79,9.3,,,,True,True,False,True,True,False
2026-07-16 13:38:00,Node B,30.37,7.03,17.3,,,,True,False,False,False,False,False
2026-07-16 13:53:00,Node A,30.59,8.75,9.6,0.09,-0.04,0.3,False,True,False,True,True,False
2026-07-16 13:53:00,Node B,30.43,7.05,17.1,0.06,0.02,-0.2,False,False,False,False,False,True
2026-07-16 14:08:00,Node A,30.72,8.64,9.2,0.13,-0.11,-0.4,False,True,False,True,False,False
2026-07-16 14:08:00,Node B,30.54,7.07,17.0,0.11,0.02,-0.1,False,False,False,False,False,True
2026-07-16 14:23:00,Node A,30.68,8.47,9.0,-0.04,-0.17,-0.2,False,False,False,False,False,True
2026-07-16 14:23:00,Node B,30.61,7.05,17.5,0.07,-0.02,0.5,False,False,False,False,False,True
2026-07-16 14:38:00,Node A,30.69,8.32,8.7,0.01,-0.15,-0.3,False,False,False,False,False,True
2026-07-16 14:38:00,Node B,30.7,7.05,17.7,0.09,0.0,0.2,False,False,False,False,False,True
2026-07-16 14:53:00,Node A,30.76,8.21,8.3,0.07,-0.11,-0.4,False,False,False,False,False,True
2026-07-16 14:53:00,Node B,30.58,7.1,17.7,-0.12,0.05,0.0,False,False,False,False,False,True
2026-07-16 15:08:00,Node A,30.8,8.09,8.3,0.04,-0.12,0.0,False,False,False,False,False,True
2026-07-16 15:08:00,Node B,30.56,7.11,17.6,-0.02,0.01,-0.1,False,False,False,False,False,True
2026-07-16 15:23:00,Node A,30.85,7.93,8.3,0.05,-0.16,0.0,False,False,False,False,False,True
2026-07-16 15:23:00,Node B,30.61,7.09,17.8,0.05,-0.02,0.2,False,False,False,False,False,True
2026-07-16 15:38:00,Node A,30.81,7.81,7.9,-0.04,-0.12,-0.4,False,False,False,False,False,True
2026-07-16 15:38:00,Node B,30.53,7.06,17.5,-0.08,-0.03,-0.3,False,False,False,False,False,True
2026-07-16 15:53:00,Node A,30.96,7.62,7.5,0.15,-0.19,-0.4,False,False,False,False,False,True
2026-07-16 15:53:00,Node B,30.6,7.06,17.6,0.07,0.0,0.1,False,False,False,False,False,True
2026-07-16 16:08:00,Node A,30.86,7.46,7.7,-0.1,-0.16,0.2,False,False,False,False,False,True
2026-07-16 16:08:00,Node B,30.4,7.09,17.8,-0.2,0.03,0.2,False,False,False,False,False,True
2026-07-16 16:23:00,Node A,30.78,7.33,7.5,-0.08,-0.13,-0.2,False,False,False,False,False,True
2026-07-16 16:23:00,Node B,30.22,7.12,17.9,-0.18,0.03,0.1,False,False,False,False,False,True
2026-07-16 16:53:00,Node A,30.82,7.36,8.5,,,,True,False,False,False,False,False
2026-07-16 16:53:00,Node B,30.18,7.08,18.2,,,,True,False,False,False,False,False
2026-07-16 17:08:00,Node A,30.72,7.35,9.6,-0.1,-0.01,1.1,False,False,False,False,False,True
2026-07-16 17:08:00,Node B,29.95,7.12,18.0,-0.23,0.04,-0.2,False,False,False,False,False,True
2026-07-16 17:23:00,Node A,30.34,7.39,10.8,-0.38,0.04,1.2,False,False,False,False,False,True
2026-07-16 17:23:00,Node B,30.0,7.1,17.7,0.05,-0.02,-0.3,False,False,False,False,False,True
2026-07-16 17:38:00,Node A,30.01,7.39,12.6,-0.33,0.0,1.8,False,False,False,False,False,True
2026-07-16 17:38:00,Node B,29.91,7.1,17.6,-0.09,0.0,-0.1,False,False,False,False,False,True
2026-07-16 17:53:00,Node A,29.55,7.41,14.6,-0.46,0.02,2.0,False,False,False,False,False,True
2026-07-16 17:53:00,Node B,29.88,7.1,17.4,-0.03,0.0,-0.2,False,False,False,False,False,True
2026-07-16 18:08:00,Node A,29.1,7.29,14.3,-0.45,-0.12,-0.3,False,False,False,False,False,True
2026-07-16 18:08:00,Node B,29.67,7.05,17.7,-0.21,-0.05,0.3,False,False,False,False,False,True
2026-07-16 18:23:00,Node A,28.92,7.11,13.9,-0.18,-0.18,-0.4,False,False,False,False,False,True
2026-07-16 18:23:00,Node B,29.54,7.07,17.8,-0.13,0.02,0.1,False,False,False,False,False,True
2026-07-16 18:38:00,Node A,28.75,6.87,14.0,-0.17,-0.24,0.1,False,False,False,False,False,True
2026-07-16 18:38:00,Node B,29.46,7.02,17.8,-0.08,-0.05,0.0,False,False,False,False,False,True
2026-07-16 18:53:00,Node A,28.62,6.59,14.1,-0.13,-0.28,0.1,False,False,False,False,False,True
2026-07-16 18:53:00,Node B,29.15,6.99,17.9,-0.31,-0.03,0.1,False,False,False,False,False,True
2026-07-16 19:08:00,Node A,28.46,6.61,13.9,-0.16,0.02,-0.2,False,False,False,False,False,True
2026-07-16 19:08:00,Node B,29.05,7.01,18.2,-0.1,0.02,0.3,False,False,False,False,False,True
2026-07-16 19:23:00,Node A,28.31,6.62,12.6,-0.15,0.01,-1.3,False,False,False,False,False,True
2026-07-16 19:23:00,Node B,28.99,7.01,18.1,-0.06,0.0,-0.1,False,False,False,False,False,True
2026-07-16 19:53:00,Node A,28.53,6.6,10.6,,,,True,False,False,False,False,False
2026-07-16 19:53:00,Node B,28.81,7.0,18.1,,,,True,False,False,False,False,False
2026-07-16 20:08:00,Node A,28.73,6.58,10.3,0.2,-0.02,-0.3,False,False,False,False,False,True
2026-07-16 20:08:00,Node B,28.52,6.99,18.0,-0.29,-0.01,-0.1,False,False,False,False,False,True
2026-07-16 20:23:00,Node A,28.79,6.7,11.1,0.06,0.12,0.8,False,False,False,False,False,True
2026-07-16 20:23:00,Node B,28.45,6.97,17.9,-0.07,-0.02,-0.1,False,False,False,False,False,True
2026-07-16 20:38:00,Node A,28.44,6.93,11.5,-0.35,0.23,0.4,False,False,False,False,False,True
2026-07-16 20:38:00,Node B,28.24,6.99,18.4,-0.21,0.02,0.5,False,False,False,False,True,True
2026-07-16 20:53:00,Node A,27.9,6.91,12.9,-0.54,-0.02,1.4,False,False,False,False,False,True
2026-07-16 20:53:00,Node B,28.21,6.98,19.3,-0.03,-0.01,0.9,False,False,False,False,True,True
2026-07-16 21:08:00,Node A,27.31,6.51,15.1,-0.59,-0.4,2.2,False,False,False,False,False,True
2026-07-16 21:08:00,Node B,27.88,6.98,20.8,-0.33,0.0,1.5,False,False,False,False,True,True
2026-07-16 21:23:00,Node A,27.19,6.64,15.2,-0.12,0.13,0.1,False,False,False,False,False,True
2026-07-16 21:23:00,Node B,27.46,6.97,23.3,-0.42,-0.01,2.5,False,False,False,False,True,True
2026-07-16 21:38:00,Node A,27.21,6.78,15.4,0.02,0.14,0.2,False,False,False,False,False,True
2026-07-16 21:38:00,Node B,26.97,6.99,25.8,-0.49,0.02,2.5,False,True,False,True,True,False
2026-07-16 22:08:00,Node A,27.2,6.69,15.8,,,,True,False,False,False,False,False
2026-07-16 22:08:00,Node B,26.28,6.51,23.8,,,,True,False,False,False,True,False
2026-07-16 22:23:00,Node A,27.23,6.59,16.0,0.03,-0.1,0.2,False,False,False,False,False,True
2026-07-16 22:23:00,Node B,26.1,5.9,23.2,-0.18,-0.61,-0.6,False,True,False,True,True,False
2026-07-16 22:53:00,Node A,27.43,6.91,15.7,,,,True,False,False,False,False,False
2026-07-16 22:53:00,Node B,25.68,5.9,26.0,,,,True,True,False,True,True,False
2026-07-16 23:08:00,Node A,27.38,7.08,15.8,-0.05,0.17,0.1,False,False,False,False,False,True
2026-07-16 23:08:00,Node B,24.89,5.9,28.5,-0.79,0.0,2.5,False,True,False,True,True,False
2026-07-16 23:23:00,Node A,27.37,7.25,15.8,-0.01,0.17,0.0,False,False,False,False,False,True
2026-07-16 23:23:00,Node B,23.74,5.9,28.5,-1.15,0.0,0.0,False,True,False,True,True,False
2026-07-16 23:38:00,Node A,27.41,7.37,15.3,0.04,0.12,-0.5,False,False,False,False,False,True
2026-07-16 23:38:00,Node B,23.7,5.9,28.4,-0.04,0.0,-0.1,False,True,False,True,True,False
2026-07-16 23:53:00,Node A,27.56,7.54,14.0,0.15,0.17,-1.3,False,False,False,False,False,True
2026-07-16 23:53:00,Node B,23.6,5.9,27.9,-0.1,0.0,-0.5,False,True,False,True,True,False
2026-07-17 00:08:00,Node A,27.78,7.53,13.3,0.22,-0.01,-0.7,False,False,False,False,False,True
2026-07-17 00:08:00,Node B,23.67,5.9,27.2,0.07,0.0,-0.7,False,True,False,True,True,False
2026-07-17 00:23:00,Node A,27.92,7.48,12.6,0.14,-0.05,-0.7,False,False,False,False,False,True
2026-07-17 00:23:00,Node B,23.62,5.9,26.6,-0.05,0.0,-0.6,False,True,False,True,True,False
2026-07-17 00:38:00,Node A,27.89,7.44,11.9,-0.03,-0.04,-0.7,False,False,False,False,False,True
2026-07-17 00:38:00,Node B,23.84,5.9,25.8,0.22,0.0,-0.8,False,True,False,True,True,False
2026-07-17 00:53:00,Node A,27.72,7.39,11.3,-0.17,-0.05,-0.6,False,False,False,False,False,True
2026-07-17 00:53:00,Node B,24.11,5.9,24.3,0.27,0.0,-1.5,False,True,False,True,True,False
2026-07-17 01:08:00,Node A,27.55,7.33,10.4,-0.17,-0.06,-0.9,False,False,False,False,False,True
2026-07-17 01:08:00,Node B,24.4,5.9,23.1,0.29,0.0,-1.2,False,True,False,True,True,False
2026-07-17 01:23:00,Node A,27.4,7.27,9.5,-0.15,-0.06,-0.9,False,False,False,False,False,True
2026-07-17 01:23:00,Node B,24.66,5.9,22.1,0.26,0.0,-1.0,False,True,False,True,True,False
2026-07-17 01:38:00,Node A,27.42,7.22,9.1,0.02,-0.05,-0.4,False,False,False,False,False,True
2026-07-17 01:38:00,Node B,24.99,5.9,20.4,0.33,0.0,-1.7,False,True,False,True,True,False
2026-07-17 01:53:00,Node A,27.37,7.17,8.2,-0.05,-0.05,-0.9,False,False,False,False,False,True
2026-07-17 01:53:00,Node B,25.03,5.94,19.4,0.04,0.04,-1.0,False,True,False,True,True,False
2026-07-17 02:08:00,Node A,27.28,7.15,7.3,-0.09,-0.02,-0.9,False,False,False,False,False,True
2026-07-17 02:08:00,Node B,25.2,6.06,18.2,0.17,0.12,-1.2,False,True,False,True,True,False
2026-07-17 02:23:00,Node A,27.13,7.18,7.0,-0.15,0.03,-0.3,False,False,False,False,False,True
2026-07-17 02:23:00,Node B,25.36,6.17,17.1,0.16,0.11,-1.1,False,True,False,True,True,False
2026-07-17 02:38:00,Node A,27.15,7.2,5.9,0.02,0.02,-1.1,False,False,False,False,False,True
2026-07-17 02:38:00,Node B,25.47,6.29,16.0,0.11,0.12,-1.1,False,True,False,True,True,False
2026-07-17 02:53:00,Node A,27.08,7.17,5.6,-0.07,-0.03,-0.3,False,False,False,False,False,True
2026-07-17 02:53:00,Node B,25.53,6.38,15.0,0.06,0.09,-1.0,False,True,False,True,False,False
2026-07-17 03:08:00,Node A,27.13,7.17,5.6,0.05,0.0,0.0,False,False,False,False,False,True
2026-07-17 03:08:00,Node B,25.66,6.5,14.3,0.13,0.12,-0.7,False,False,False,False,False,True
2026-07-17 03:23:00,Node A,27.26,7.16,5.2,0.13,-0.01,-0.4,False,False,False,False,False,True
2026-07-17 03:23:00,Node B,25.81,6.62,13.5,0.15,0.12,-0.8,False,False,False,False,False,True
2026-07-17 03:38:00,Node A,27.27,7.16,4.9,0.01,0.0,-0.3,False,False,False,False,False,True
2026-07-17 03:38:00,Node B,25.82,6.78,14.0,0.01,0.16,0.5,False,False,False,False,False,True
2026-07-17 03:53:00,Node A,27.37,7.19,5.1,0.1,0.03,0.2,False,False,False,False,False,True
2026-07-17 03:53:00,Node B,25.75,6.91,13.7,-0.07,0.13,-0.3,False,False,False,False,False,True
2026-07-17 04:08:00,Node A,27.41,7.17,5.4,0.04,-0.02,0.3,False,False,False,False,False,True
2026-07-17 04:08:00,Node B,25.78,6.93,13.3,0.03,0.02,-0.4,False,False,False,False,False,True
2026-07-17 04:23:00,Node A,27.65,7.21,5.4,0.24,0.04,0.0,False,False,False,False,False,True
2026-07-17 04:23:00,Node B,26.05,6.91,13.2,0.27,-0.02,-0.1,False,False,False,False,False,True
2026-07-17 04:38:00,Node A,27.76,7.19,5.7,0.11,-0.02,0.3,False,False,False,False,False,True
2026-07-17 04:38:00,Node B,26.19,6.86,13.3,0.14,-0.05,0.1,False,False,False,False,False,True
2026-07-17 04:53:00,Node A,27.79,7.18,5.7,0.03,-0.01,0.0,False,False,False,False,False,True
2026-07-17 04:53:00,Node B,26.15,6.85,13.3,-0.04,-0.01,0.0,False,False,False,False,False,True
2026-07-17 05:08:00,Node A,27.75,7.17,5.3,-0.04,-0.01,-0.4,False,False,False,False,False,True
2026-07-17 05:08:00,Node B,26.13,6.87,13.5,-0.02,0.02,0.2,False,False,False,False,False,True
2026-07-17 05:23:00,Node A,27.77,7.2,5.2,0.02,0.03,-0.1,False,False,False,False,False,True
2026-07-17 05:23:00,Node B,25.97,6.86,13.5,-0.16,-0.01,0.0,False,False,False,False,False,True
2026-07-17 05:38:00,Node A,27.96,7.19,5.6,0.19,-0.01,0.4,False,False,False,False,False,True
2026-07-17 05:38:00,Node B,26.23,6.88,13.8,0.26,0.02,0.3,False,False,False,False,False,True
2026-07-17 05:53:00,Node A,28.08,7.17,5.8,0.12,-0.02,0.2,False,False,False,False,False,True
2026-07-17 05:53:00,Node B,26.33,6.91,14.1,0.1,0.03,0.3,False,False,False,False,False,True
2026-07-17 06:08:00,Node A,28.14,7.16,5.5,0.06,-0.01,-0.3,False,False,False,False,False,True
2026-07-17 06:08:00,Node B,26.51,6.92,14.1,0.18,0.01,0.0,False,False,False,False,False,True
2026-07-17 06:23:00,Node A,28.38,7.18,5.3,0.24,0.02,-0.2,False,False,False,False,False,True
2026-07-17 06:23:00,Node B,26.58,6.91,16.0,0.07,-0.01,1.9,False,False,False,False,False,True
2026-07-17 06:38:00,Node A,28.56,7.19,5.5,0.18,0.01,0.2,False,False,False,False,False,True
2026-07-17 06:38:00,Node B,26.53,6.9,19.0,-0.05,-0.01,3.0,False,False,False,False,False,True
2026-07-17 07:38:00,Node A,29.15,7.17,10.1,,,,True,False,False,False,False,False
2026-07-17 07:38:00,Node B,26.13,6.85,23.1,,,,True,False,False,False,True,False
2026-07-17 08:38:00,Node A,30.07,7.96,10.1,,,,True,False,False,False,False,False
2026-07-17 08:38:00,Node B,26.72,6.18,23.8,,,,True,True,False,True,True,False
2026-07-17 08:53:00,Node A,30.17,7.95,9.9,0.1,-0.01,-0.2,False,False,False,False,False,True
2026-07-17 08:53:00,Node B,27.1,6.17,23.9,0.38,-0.01,0.1,False,True,False,True,True,False
2026-07-17 09:08:00,Node A,30.33,8.0,9.5,0.16,0.05,-0.4,False,False,False,False,False,True
2026-07-17 09:08:00,Node B,27.34,6.17,23.7,0.24,0.0,-0.2,False,True,False,True,True,False
2026-07-17 09:23:00,Node A,30.36,7.89,9.5,0.03,-0.11,0.0,False,False,False,False,False,True
2026-07-17 09:23:00,Node B,27.6,6.17,22.7,0.26,0.0,-1.0,False,True,False,True,True,False
2026-07-17 09:38:00,Node A,30.54,7.78,9.1,0.18,-0.11,-0.4,False,False,False,False,True,True
2026-07-17 09:38:00,Node B,27.85,6.33,21.8,0.25,0.16,-0.9,False,True,False,True,True,False
2026-07-17 09:53:00,Node A,30.54,7.66,9.7,0.0,-0.12,0.6,False,False,False,False,True,True
2026-07-17 09:53:00,Node B,28.08,6.44,21.4,0.23,0.11,-0.4,False,True,False,True,False,False
2026-07-17 10:08:00,Node A,30.69,7.56,10.2,0.15,-0.1,0.5,False,False,False,False,True,True
2026-07-17 10:08:00,Node B,28.17,6.59,21.0,0.09,0.15,-0.4,False,False,False,False,False,True
2026-07-17 10:23:00,Node A,30.83,7.46,11.0,0.14,-0.1,0.8,False,False,False,False,True,True
2026-07-17 10:23:00,Node B,28.41,6.76,20.4,0.24,0.17,-0.6,False,False,False,False,False,True
2026-07-17 10:38:00,Node A,30.93,8.08,12.1,0.1,0.62,1.1,False,False,True,True,False,False
2026-07-17 10:38:00,Node B,28.59,6.89,20.0,0.18,0.13,-0.4,False,False,False,False,False,True
2026-07-17 10:53:00,Node A,31.0,8.0,11.7,0.07,-0.08,-0.4,False,False,False,False,False,True
2026-07-17 10:53:00,Node B,28.78,7.06,19.7,0.19,0.17,-0.3,False,False,False,False,False,True
2026-07-17 11:08:00,Node A,31.07,8.01,11.1,0.07,0.01,-0.6,False,False,False,False,False,True
2026-07-17 11:08:00,Node B,28.89,7.07,19.1,0.11,0.01,-0.6,False,False,False,False,False,True
2026-07-17 11:23:00,Node A,31.21,8.01,11.0,0.14,0.0,-0.1,False,False,False,False,False,True
2026-07-17 11:23:00,Node B,29.14,7.04,18.7,0.25,-0.03,-0.4,False,False,False,False,False,True
2026-07-17 11:38:00,Node A,31.23,7.92,10.7,0.02,-0.09,-0.3,False,False,False,False,False,True
2026-07-17 11:38:00,Node B,29.36,7.05,17.8,0.22,0.01,-0.9,False,False,False,False,False,True
2026-07-17 11:53:00,Node A,31.35,7.85,10.7,0.12,-0.07,0.0,False,False,False,False,False,True
2026-07-17 11:53:00,Node B,29.54,7.03,17.0,0.18,-0.02,-0.8,False,False,False,False,False,True
2026-07-17 12:08:00,Node A,31.36,7.74,10.1,0.01,-0.11,-0.6,False,False,False,False,False,True
2026-07-17 12:08:00,Node B,29.65,7.03,16.6,0.11,0.0,-0.4,False,False,False,False,False,True
2026-07-17 12:23:00,Node A,31.47,7.65,9.2,0.11,-0.09,-0.9,False,False,False,False,False,True
2026-07-17 12:23:00,Node B,29.86,6.98,16.3,0.21,-0.05,-0.3,False,False,False,False,False,True
2026-07-17 12:38:00,Node A,31.56,7.55,9.0,0.09,-0.1,-0.2,False,False,False,False,False,True
2026-07-17 12:38:00,Node B,29.93,7.03,15.4,0.07,0.05,-0.9,False,False,False,False,False,True
2026-07-17 12:53:00,Node A,31.6,7.46,8.1,0.04,-0.09,-0.9,False,False,False,False,False,True
2026-07-17 12:53:00,Node B,30.05,7.01,14.7,0.12,-0.02,-0.7,False,False,False,False,False,True
2026-07-17 13:08:00,Node A,31.62,7.38,7.4,0.02,-0.08,-0.7,False,False,False,False,False,True
2026-07-17 13:08:00,Node B,30.09,7.0,14.5,0.04,-0.01,-0.2,False,False,False,False,False,True
2026-07-17 13:23:00,Node A,31.62,7.33,6.4,0.0,-0.05,-1.0,False,False,False,False,False,True
2026-07-17 13:23:00,Node B,30.13,6.98,14.6,0.04,-0.02,0.1,False,False,False,False,False,True
2026-07-17 13:38:00,Node A,31.66,7.34,5.8,0.04,0.01,-0.6,False,False,False,False,False,True
2026-07-17 13:38:00,Node B,30.22,6.96,14.8,0.09,-0.02,0.2,False,False,False,False,False,True
2026-07-17 13:53:00,Node A,31.79,7.32,5.6,0.13,-0.02,-0.2,False,False,False,False,False,True
2026-07-17 13:53:00,Node B,30.24,6.98,14.8,0.02,0.02,0.0,False,False,False,False,False,True
2026-07-17 14:08:00,Node A,31.71,7.3,6.1,-0.08,-0.02,0.5,False,False,False,False,False,True
2026-07-17 14:08:00,Node B,30.37,6.99,14.8,0.13,0.01,0.0,False,False,False,False,False,True
2026-07-17 14:23:00,Node A,31.55,7.36,6.5,-0.16,0.06,0.4,False,False,False,False,False,True
2026-07-17 14:23:00,Node B,30.39,7.02,14.8,0.02,0.03,0.0,False,False,False,False,False,True
2026-07-17 14:38:00,Node A,31.7,7.34,6.1,0.15,-0.02,-0.4,False,False,False,False,False,True
2026-07-17 14:38:00,Node B,30.32,7.07,14.5,-0.07,0.05,-0.3,False,False,False,False,False,True
2026-07-17 14:53:00,Node A,31.55,7.3,6.0,-0.15,-0.04,-0.1,False,False,False,False,False,True
2026-07-17 14:53:00,Node B,30.14,7.1,14.4,-0.18,0.03,-0.1,False,False,False,False,False,True
2026-07-17 15:08:00,Node A,31.57,7.32,6.0,0.02,0.02,0.0,False,False,False,False,False,True
2026-07-17 15:08:00,Node B,30.33,7.14,14.4,0.19,0.04,0.0,False,False,False,False,False,True
2026-07-17 15:23:00,Node A,31.52,7.36,5.9,-0.05,0.04,-0.1,False,False,False,False,False,True
2026-07-17 15:23:00,Node B,30.38,7.13,14.5,0.05,-0.01,0.1,False,False,False,False,False,True
2026-07-17 15:38:00,Node A,31.5,7.39,6.2,-0.02,0.03,0.3,False,False,False,False,False,True
2026-07-17 15:38:00,Node B,30.46,7.11,14.4,0.08,-0.02,-0.1,False,False,False,False,False,True
2026-07-17 15:53:00,Node A,31.45,7.38,6.2,-0.05,-0.01,0.0,False,False,False,False,False,True
2026-07-17 15:53:00,Node B,30.51,7.05,14.4,0.05,-0.06,0.0,False,False,False,False,False,True
2026-07-17 16:08:00,Node A,31.3,7.38,6.3,-0.15,0.0,0.1,False,False,False,False,False,True
2026-07-17 16:08:00,Node B,30.47,7.09,14.2,-0.04,0.04,-0.2,False,False,False,False,False,True
2026-07-17 16:23:00,Node A,31.27,7.37,6.5,-0.03,-0.01,0.2,False,False,False,False,False,True
2026-07-17 16:23:00,Node B,30.37,7.1,14.4,-0.1,0.01,0.2,False,False,False,False,False,True
2026-07-17 16:38:00,Node A,31.21,7.39,6.2,-0.06,0.02,-0.3,False,False,False,False,False,True
2026-07-17 16:38:00,Node B,30.34,7.1,14.8,-0.03,0.0,0.4,False,False,False,False,False,True
2026-07-17 16:53:00,Node A,31.03,7.37,6.1,-0.18,-0.02,-0.1,False,False,False,False,False,True
2026-07-17 16:53:00,Node B,30.22,7.11,14.8,-0.12,0.01,0.0,False,False,False,False,False,True
2026-07-17 17:08:00,Node A,30.89,7.34,6.2,-0.14,-0.03,0.1,False,False,False,False,False,True
2026-07-17 17:08:00,Node B,30.18,7.1,15.0,-0.04,-0.01,0.2,False,False,False,False,False,True
2026-07-17 17:23:00,Node A,30.8,7.34,5.8,-0.09,0.0,-0.4,False,False,False,False,False,True
2026-07-17 17:23:00,Node B,29.98,7.13,15.3,-0.2,0.03,0.3,False,False,False,False,False,True
2026-07-17 17:38:00,Node A,30.53,7.33,6.0,-0.27,-0.01,0.2,False,False,False,False,False,True
2026-07-17 17:38:00,Node B,29.9,7.12,15.2,-0.08,-0.01,-0.1,False,False,False,False,False,True
2026-07-17 17:53:00,Node A,30.28,7.33,6.2,-0.25,0.0,0.2,False,False,False,False,False,True
2026-07-17 17:53:00,Node B,29.85,7.1,15.0,-0.05,-0.02,-0.2,False,False,False,False,False,True
2026-07-17 18:08:00,Node A,30.16,7.3,6.1,-0.12,-0.03,-0.1,False,False,False,False,False,True
2026-07-17 18:08:00,Node B,29.58,7.1,14.8,-0.27,0.0,-0.2,False,False,False,False,False,True
2026-07-17 18:23:00,Node A,30.07,7.31,6.0,-0.09,0.01,-0.1,False,False,False,False,False,True
2026-07-17 18:23:00,Node B,29.53,7.06,14.9,-0.05,-0.04,0.1,False,False,False,False,False,True
2026-07-17 18:38:00,Node A,29.98,7.3,6.3,-0.09,-0.01,0.3,False,False,False,False,False,True
2026-07-17 18:38:00,Node B,29.35,7.05,15.0,-0.18,-0.01,0.1,False,False,False,False,False,True
2026-07-17 18:53:00,Node A,29.75,7.29,6.2,-0.23,-0.01,-0.1,False,False,False,False,False,True
2026-07-17 18:53:00,Node B,29.07,7.05,15.3,-0.28,0.0,0.3,False,False,False,False,False,True
2026-07-17 19:08:00,Node A,29.55,7.28,5.9,-0.2,-0.01,-0.3,False,False,False,False,False,True
2026-07-17 19:08:00,Node B,29.01,7.04,15.4,-0.06,-0.01,0.1,False,False,False,False,False,True
2026-07-17 19:23:00,Node A,29.44,7.29,6.0,-0.11,0.01,0.1,False,False,False,False,False,True
2026-07-17 19:23:00,Node B,28.93,7.08,15.3,-0.08,0.04,-0.1,False,False,False,False,False,True
2026-07-17 19:38:00,Node A,29.11,7.26,6.5,-0.33,-0.03,0.5,False,False,False,False,False,True
2026-07-17 19:38:00,Node B,28.78,7.01,15.7,-0.15,-0.07,0.4,False,False,False,False,False,True
2026-07-17 19:53:00,Node A,28.9,7.27,6.7,-0.21,0.01,0.2,False,False,False,False,False,True
2026-07-17 19:53:00,Node B,28.69,7.02,15.6,-0.09,0.01,-0.1,False,False,False,False,False,True
2026-07-17 20:08:00,Node A,28.89,7.24,7.0,-0.01,-0.03,0.3,False,False,False,False,False,True
2026-07-17 20:08:00,Node B,28.66,7.0,15.8,-0.03,-0.02,0.2,False,False,False,False,False,True
2026-07-17 20:23:00,Node A,28.71,7.22,6.9,-0.18,-0.02,-0.1,False,False,False,False,False,True
2026-07-17 20:23:00,Node B,28.6,7.05,16.0,-0.06,0.05,0.2,False,False,False,False,False,True
2026-07-17 20:38:00,Node A,28.38,7.3,7.0,-0.33,0.08,0.1,False,False,False,False,False,True
2026-07-17 20:38:00,Node B,28.49,7.06,16.5,-0.11,0.01,0.5,False,False,False,False,False,True
2026-07-17 20:53:00,Node A,28.12,7.26,7.2,-0.26,-0.04,0.2,False,False,False,False,False,True
2026-07-17 20:53:00,Node B,28.44,7.05,17.1,-0.05,-0.01,0.6,False,False,False,False,False,True
2026-07-17 21:08:00,Node A,27.96,7.24,7.0,-0.16,-0.02,-0.2,False,False,False,False,False,True
2026-07-17 21:08:00,Node B,28.38,7.09,17.3,-0.06,0.04,0.2,False,False,False,False,False,True
2026-07-17 21:23:00,Node A,27.82,7.28,7.1,-0.14,0.04,0.1,False,False,False,False,False,True
2026-07-17 21:23:00,Node B,28.18,7.2,17.9,-0.2,0.11,0.6,False,False,False,False,False,True
2026-07-17 21:53:00,Node A,27.58,7.26,6.7,,,,True,False,False,False,False,False
2026-07-17 21:53:00,Node B,27.89,7.53,19.1,,,,True,False,False,False,False,False
2026-07-17 22:08:00,Node A,27.55,7.23,6.8,-0.03,-0.03,0.1,False,False,False,False,False,True
2026-07-17 22:08:00,Node B,27.77,7.7,19.4,-0.12,0.17,0.3,False,False,False,False,False,True
2026-07-17 22:23:00,Node A,27.55,7.19,6.9,0.0,-0.04,0.1,False,False,False,False,False,True
2026-07-17 22:23:00,Node B,27.73,7.94,19.9,-0.04,0.24,0.5,False,False,False,False,False,True
2026-07-17 22:38:00,Node A,27.38,7.18,7.1,-0.17,-0.01,0.2,False,False,False,False,False,True
2026-07-17 22:38:00,Node B,27.7,7.94,20.3,-0.03,0.0,0.4,False,False,False,False,False,True
2026-07-17 22:53:00,Node A,27.27,7.18,7.1,-0.11,0.0,0.0,False,False,False,False,False,True
2026-07-17 22:53:00,Node B,27.73,7.95,20.1,0.03,0.01,-0.2,False,False,False,False,False,True
2026-07-17 23:08:00,Node A,27.01,7.2,6.9,-0.26,0.02,-0.2,False,False,False,False,False,True
2026-07-17 23:08:00,Node B,27.63,7.97,20.2,-0.1,0.02,0.1,False,False,False,False,False,True
2026-07-17 23:23:00,Node A,26.99,7.17,6.8,-0.02,-0.03,-0.1,False,False,False,False,False,True
2026-07-17 23:23:00,Node B,27.43,7.87,20.1,-0.2,-0.1,-0.1,False,False,False,False,False,True
2026-07-17 23:38:00,Node A,26.81,7.17,7.2,-0.18,0.0,0.4,False,False,False,False,False,True
2026-07-17 23:38:00,Node B,27.17,7.79,19.8,-0.26,-0.08,-0.3,False,False,False,False,False,True
2026-07-17 23:53:00,Node A,26.76,7.18,7.0,-0.05,0.01,-0.2,False,False,False,False,False,True
2026-07-17 23:53:00,Node B,27.19,7.71,19.8,0.02,-0.08,0.0,False,False,False,False,False,True
2026-07-18 00:08:00,Node A,26.79,7.17,7.1,0.03,-0.01,0.1,False,False,False,False,False,True
2026-07-18 00:08:00,Node B,27.11,7.56,19.6,-0.08,-0.15,-0.2,False,False,False,False,False,True
2026-07-18 00:23:00,Node A,26.66,7.19,7.2,-0.13,0.02,0.1,False,False,False,False,False,True
2026-07-18 00:23:00,Node B,27.1,7.46,19.7,-0.01,-0.1,0.1,False,False,False,False,False,True
2026-07-18 00:38:00,Node A,26.49,7.18,6.9,-0.17,-0.01,-0.3,False,False,False,False,False,True
2026-07-18 00:38:00,Node B,26.97,7.39,19.3,-0.13,-0.07,-0.4,False,False,False,False,False,True
2026-07-18 00:53:00,Node A,26.43,7.19,6.6,-0.06,0.01,-0.3,False,False,False,False,False,True
2026-07-18 00:53:00,Node B,26.97,7.31,18.6,0.0,-0.08,-0.7,False,False,False,False,False,True
2026-07-18 01:08:00,Node A,26.5,7.21,6.8,0.07,0.02,0.2,False,False,False,False,False,True
2026-07-18 01:08:00,Node B,26.95,7.18,18.2,-0.02,-0.13,-0.4,False,False,False,False,False,True
2026-07-18 01:23:00,Node A,26.4,7.17,6.9,-0.1,-0.04,0.1,False,False,False,False,False,True
2026-07-18 01:23:00,Node B,26.96,7.09,17.7,0.01,-0.09,-0.5,False,False,False,False,False,True
2026-07-18 01:38:00,Node A,26.36,7.18,7.1,-0.04,0.01,0.2,False,False,False,False,False,True
2026-07-18 01:38:00,Node B,26.81,7.02,17.5,-0.15,-0.07,-0.2,False,False,False,False,False,True
2026-07-18 01:53:00,Node A,26.34,7.19,6.9,-0.02,0.01,-0.2,False,False,False,False,False,True
2026-07-18 01:53:00,Node B,26.6,6.9,17.3,-0.21,-0.12,-0.2,False,False,False,False,False,True
2026-07-18 02:08:00,Node A,26.15,7.19,7.1,-0.19,0.0,0.2,False,False,False,False,False,True
2026-07-18 02:08:00,Node B,26.43,6.94,16.7,-0.17,0.04,-0.6,False,False,False,False,False,True
2026-07-18 02:23:00,Node A,26.03,7.16,7.2,-0.12,-0.03,0.1,False,False,False,False,False,True
2026-07-18 02:23:00,Node B,26.43,6.97,16.2,0.0,0.03,-0.5,False,False,False,False,False,True
2026-07-18 02:53:00,Node A,25.79,7.15,7.0,,,,True,False,False,False,False,False
2026-07-18 02:53:00,Node B,26.31,6.91,15.5,,,,True,False,False,False,False,False
2026-07-18 03:08:00,Node A,25.87,7.17,6.8,0.08,0.02,-0.2,False,False,False,False,False,True
2026-07-18 03:08:00,Node B,26.33,6.88,15.6,0.02,-0.03,0.1,False,False,False,False,False,True
2026-07-18 03:23:00,Node A,25.83,7.15,7.0,-0.04,-0.02,0.2,False,False,False,False,False,True
2026-07-18 03:23:00,Node B,26.36,6.88,15.4,0.03,0.0,-0.2,False,False,False,False,False,True
2026-07-18 03:38:00,Node A,25.84,7.18,7.2,0.01,0.03,0.2,False,False,False,False,False,True
2026-07-18 03:38:00,Node B,26.36,6.88,15.5,0.0,0.0,0.1,False,False,False,False,False,True
2026-07-18 03:53:00,Node A,25.8,7.17,7.6,-0.04,-0.01,0.4,False,False,False,False,False,True
2026-07-18 03:53:00,Node B,26.3,6.91,15.4,-0.06,0.03,-0.1,False,False,False,False,False,True
2026-07-18 04:08:00,Node A,25.87,7.19,7.5,0.07,0.02,-0.1,False,False,False,False,False,True
2026-07-18 04:08:00,Node B,26.17,6.92,15.2,-0.13,0.01,-0.2,False,False,False,False,False,True
2026-07-18 04:23:00,Node A,25.92,7.17,7.6,0.05,-0.02,0.1,False,False,False,False,False,True
2026-07-18 04:23:00,Node B,26.32,6.89,15.4,0.15,-0.03,0.2,False,False,False,False,False,True
2026-07-18 04:38:00,Node A,25.87,7.15,7.9,-0.05,-0.02,0.3,False,False,False,False,False,True
2026-07-18 04:38:00,Node B,26.32,6.91,15.5,0.0,0.02,0.1,False,False,False,False,False,True
2026-07-18 04:53:00,Node A,25.84,7.14,7.4,-0.03,-0.01,-0.5,False,False,False,False,False,True
2026-07-18 04:53:00,Node B,26.25,6.92,15.5,-0.07,0.01,0.0,False,False,False,False,False,True
2026-07-18 05:08:00,Node A,25.93,7.13,7.4,0.09,-0.01,0.0,False,False,False,False,False,True
2026-07-18 05:08:00,Node B,26.29,6.95,15.6,0.04,0.03,0.1,False,False,False,False,False,True
2026-07-18 05:23:00,Node A,25.97,7.14,7.6,0.04,0.01,0.2,False,False,False,False,False,True
2026-07-18 05:23:00,Node B,26.38,6.93,15.8,0.09,-0.02,0.2,False,False,False,False,False,True
2026-07-18 05:38:00,Node A,26.09,7.13,7.1,0.12,-0.01,-0.5,False,False,False,False,False,True
2026-07-18 05:38:00,Node B,26.2,6.94,15.9,-0.18,0.01,0.1,False,False,False,False,False,True
2026-07-18 05:53:00,Node A,26.28,7.14,7.4,0.19,0.01,0.3,False,False,False,False,False,True
2026-07-18 05:53:00,Node B,26.46,6.93,16.0,0.26,-0.01,0.1,False,False,False,False,False,True
2026-07-18 06:08:00,Node A,26.33,7.17,7.0,0.05,0.03,-0.4,False,False,False,False,False,True
2026-07-18 06:08:00,Node B,26.36,6.93,15.9,-0.1,0.0,-0.1,False,False,False,False,False,True
2026-07-18 06:23:00,Node A,26.29,7.16,6.6,-0.04,-0.01,-0.4,False,False,False,False,False,True
2026-07-18 06:23:00,Node B,26.44,6.92,15.8,0.08,-0.01,-0.1,False,False,False,False,False,True
2026-07-18 06:38:00,Node A,26.35,7.17,7.2,0.06,0.01,0.6,False,False,False,False,False,True
2026-07-18 06:38:00,Node B,26.5,6.92,15.9,0.06,0.0,0.1,False,False,False,False,False,True
2026-07-18 06:53:00,Node A,26.56,7.21,7.1,0.21,0.04,-0.1,False,False,False,False,False,True
2026-07-18 06:53:00,Node B,26.79,6.95,15.8,0.29,0.03,-0.1,False,False,False,False,False,True
2026-07-18 07:08:00,Node A,26.56,7.18,7.1,0.0,-0.03,0.0,False,False,False,False,False,True
2026-07-18 07:08:00,Node B,27.06,6.93,16.0,0.27,-0.02,0.2,False,False,False,False,False,True
2026-07-18 07:23:00,Node A,26.66,7.2,7.3,0.1,0.02,0.2,False,False,False,False,False,True
2026-07-18 07:23:00,Node B,27.15,6.95,16.3,0.09,0.02,0.3,False,False,False,False,False,True
2026-07-18 07:38:00,Node A,26.67,7.19,7.9,0.01,-0.01,0.6,False,False,False,False,False,True
2026-07-18 07:38:00,Node B,27.27,6.95,16.1,0.12,0.0,-0.2,False,False,False,False,False,True
2026-07-18 07:53:00,Node A,26.86,7.19,7.9,0.19,0.0,0.0,False,False,False,False,False,True
2026-07-18 07:53:00,Node B,27.28,6.94,16.3,0.01,-0.01,0.2,False,False,False,False,False,True
2026-07-18 08:08:00,Node A,26.84,7.18,8.0,-0.02,-0.01,0.1,False,False,False,False,False,True
2026-07-18 08:08:00,Node B,27.31,6.93,16.3,0.03,-0.01,0.0,False,False,False,False,False,True
2026-07-18 08:23:00,Node A,27.02,7.19,7.9,0.18,0.01,-0.1,False,False,False,False,False,True
2026-07-18 08:23:00,Node B,27.52,6.93,16.1,0.21,0.0,-0.2,False,False,False,False,False,True
2026-07-18 08:38:00,Node A,27.15,7.21,8.2,0.13,0.02,0.3,False,False,False,False,False,True
2026-07-18 08:38:00,Node B,27.7,6.9,15.7,0.18,-0.03,-0.4,False,False,False,False,False,True
2026-07-18 08:53:00,Node A,27.26,7.2,7.8,0.11,-0.01,-0.4,False,False,False,False,False,True
2026-07-18 08:53:00,Node B,27.93,6.92,15.6,0.23,0.02,-0.1,False,False,False,False,False,True
2026-07-18 09:08:00,Node A,27.38,7.25,7.4,0.12,0.05,-0.4,False,False,False,False,False,True
2026-07-18 09:08:00,Node B,28.12,6.93,15.7,0.19,0.01,0.1,False,False,False,False,False,True
2026-07-18 09:23:00,Node A,27.69,7.29,7.6,0.31,0.04,0.2,False,False,False,False,False,True
2026-07-18 09:23:00,Node B,28.19,6.95,15.7,0.07,0.02,0.0,False,False,False,False,False,True
2026-07-18 10:38:00,Node A,28.3,7.3,8.7,,,,True,False,False,False,False,False
2026-07-18 10:38:00,Node B,27.79,6.69,21.3,,,,True,False,False,False,True,False
2026-07-18 10:53:00,Node A,28.39,7.29,9.7,0.09,-0.01,1.0,False,False,False,False,False,True
2026-07-18 10:53:00,Node B,27.74,6.05,22.0,-0.05,-0.64,0.7,False,True,False,True,True,False
2026-07-18 11:08:00,Node A,28.6,7.3,10.4,0.21,0.01,0.7,False,False,False,False,False,True
2026-07-18 11:08:00,Node B,28.02,6.05,22.3,0.28,0.0,0.3,False,True,False,True,True,False
2026-07-18 11:23:00,Node A,28.97,7.34,10.6,0.37,0.04,0.2,False,False,False,False,False,True
2026-07-18 11:23:00,Node B,28.15,6.06,22.2,0.13,0.01,-0.1,False,True,False,True,True,False
2026-07-18 11:38:00,Node A,29.13,7.44,10.9,0.16,0.1,0.3,False,False,False,False,False,True
2026-07-18 11:38:00,Node B,28.37,6.06,21.7,0.22,0.0,-0.5,False,True,False,True,True,False
2026-07-18 11:53:00,Node A,29.52,7.58,11.2,0.39,0.14,0.3,False,False,False,False,False,True
2026-07-18 11:53:00,Node B,28.39,6.06,21.9,0.02,0.0,0.2,False,True,False,True,True,False
2026-07-18 12:08:00,Node A,29.53,7.8,11.1,0.01,0.22,-0.1,False,False,False,False,False,True
2026-07-18 12:08:00,Node B,28.35,6.07,23.2,-0.04,0.01,1.3,False,True,False,True,True,False
2026-07-18 12:23:00,Node A,29.91,8.03,11.3,0.38,0.23,0.2,False,False,False,False,False,True
2026-07-18 12:23:00,Node B,28.05,6.25,25.3,-0.3,0.18,2.1,False,True,False,True,True,False
2026-07-18 12:38:00,Node A,30.13,8.25,11.2,0.22,0.22,-0.1,False,False,False,False,False,True
2026-07-18 12:38:00,Node B,27.63,6.46,27.6,-0.42,0.21,2.3,False,True,False,True,True,False
2026-07-18 12:53:00,Node A,30.28,8.23,10.9,0.15,-0.02,-0.3,False,False,False,False,False,True
2026-07-18 12:53:00,Node B,27.68,6.63,27.0,0.05,0.17,-0.6,False,True,False,True,True,False
2026-07-18 13:08:00,Node A,30.58,8.22,10.8,0.3,-0.01,-0.1,False,False,False,False,False,True
2026-07-18 13:08:00,Node B,28.08,6.66,26.5,0.4,0.03,-0.5,False,True,False,True,True,False
2026-07-18 13:23:00,Node A,30.77,8.21,10.6,0.19,-0.01,-0.2,False,False,False,False,False,True
2026-07-18 13:23:00,Node B,28.11,6.53,25.6,0.03,-0.13,-0.9,False,True,False,True,True,False
2026-07-18 13:38:00,Node A,30.82,8.2,10.6,0.05,-0.01,0.0,False,False,False,False,False,True
2026-07-18 13:38:00,Node B,28.23,6.16,24.9,0.12,-0.37,-0.7,False,True,False,True,True,False
2026-07-18 13:53:00,Node A,30.9,8.17,10.4,0.08,-0.03,-0.2,False,False,False,False,False,True
2026-07-18 13:53:00,Node B,28.46,6.18,24.5,0.23,0.02,-0.4,False,True,False,True,True,False
2026-07-18 14:08:00,Node A,30.84,8.24,10.0,-0.06,0.07,-0.4,False,False,False,False,False,True
2026-07-18 14:08:00,Node B,28.59,6.2,23.9,0.13,0.02,-0.6,False,True,False,True,True,False
2026-07-18 14:23:00,Node A,30.87,8.14,10.1,0.03,-0.1,0.1,False,False,False,False,False,True
2026-07-18 14:23:00,Node B,28.9,6.22,24.2,0.31,0.02,0.3,False,True,False,True,True,False
2026-07-18 14:38:00,Node A,31.0,8.08,10.0,0.13,-0.06,-0.1,False,False,False,False,False,True
2026-07-18 14:38:00,Node B,29.16,6.3,23.0,0.26,0.08,-1.2,False,True,False,True,True,False
2026-07-18 14:53:00,Node A,30.92,7.98,10.2,-0.08,-0.1,0.2,False,False,False,False,False,True
2026-07-18 14:53:00,Node B,29.21,6.39,23.1,0.05,0.09,0.1,False,True,False,True,True,False
2026-07-18 15:08:00,Node A,30.81,7.9,10.0,-0.11,-0.08,-0.2,False,False,False,False,False,True
2026-07-18 15:08:00,Node B,29.61,6.48,23.4,0.4,0.09,0.3,False,True,False,True,True,False
2026-07-18 15:23:00,Node A,31.0,7.8,9.5,0.19,-0.1,-0.5,False,False,False,False,False,True
2026-07-18 15:23:00,Node B,30.05,6.56,23.8,0.44,0.08,0.4,False,False,False,False,True,True
2026-07-18 15:38:00,Node A,31.03,7.77,9.1,0.03,-0.03,-0.4,False,False,False,False,False,True
2026-07-18 15:38:00,Node B,30.28,6.62,24.3,0.23,0.06,0.5,False,False,False,False,True,True
2026-07-18 15:53:00,Node A,31.0,7.69,8.9,-0.03,-0.08,-0.2,False,False,False,False,False,True
2026-07-18 15:53:00,Node B,30.52,6.9,25.1,0.24,0.28,0.8,False,True,False,True,True,False
2026-07-18 16:08:00,Node A,30.91,7.64,9.0,-0.09,-0.05,0.1,False,False,False,False,False,True
2026-07-18 16:08:00,Node B,30.48,7.33,23.8,-0.04,0.43,-1.3,False,False,False,False,True,True
2026-07-18 16:23:00,Node A,30.75,7.59,9.1,-0.16,-0.05,0.1,False,False,False,False,False,True
2026-07-18 16:23:00,Node B,30.54,7.89,22.6,0.06,0.56,-1.2,False,False,True,True,False,False
2026-07-18 16:38:00,Node A,30.64,7.52,8.8,-0.11,-0.07,-0.3,False,False,False,False,False,True
2026-07-18 16:38:00,Node B,30.52,7.99,21.9,-0.02,0.1,-0.7,False,False,False,False,False,True
2026-07-18 16:53:00,Node A,30.66,7.49,9.0,0.02,-0.03,0.2,False,False,False,False,False,True
2026-07-18 16:53:00,Node B,30.39,8.07,20.9,-0.13,0.08,-1.0,False,False,False,False,False,True
2026-07-18 17:08:00,Node A,30.62,7.42,8.8,-0.04,-0.07,-0.2,False,False,False,False,False,True
2026-07-18 17:08:00,Node B,30.49,8.1,20.8,0.1,0.03,-0.1,False,False,False,False,False,True
2026-07-18 17:23:00,Node A,30.41,7.36,8.4,-0.21,-0.06,-0.4,False,False,False,False,False,True
2026-07-18 17:23:00,Node B,30.47,8.13,20.4,-0.02,0.03,-0.4,False,False,False,False,False,True
2026-07-18 17:38:00,Node A,30.38,7.37,7.7,-0.03,0.01,-0.7,False,False,False,False,False,True
2026-07-18 17:38:00,Node B,30.45,8.15,20.1,-0.02,0.02,-0.3,False,False,False,False,False,True
2026-07-18 17:53:00,Node A,30.41,7.38,7.6,0.03,0.01,-0.1,False,False,False,False,False,True
2026-07-18 17:53:00,Node B,30.44,8.08,20.0,-0.01,-0.07,-0.1,False,False,False,False,False,True
2026-07-18 18:08:00,Node A,30.22,7.4,7.9,-0.19,0.02,0.3,False,False,False,False,False,True
2026-07-18 18:08:00,Node B,30.56,7.98,19.8,0.12,-0.1,-0.2,False,False,False,False,False,True
2026-07-18 18:23:00,Node A,30.22,7.4,7.8,0.0,0.0,-0.1,False,False,False,False,False,True
2026-07-18 18:23:00,Node B,30.58,7.88,19.4,0.02,-0.1,-0.4,False,False,False,False,False,True
2026-07-18 18:38:00,Node A,30.19,7.37,8.0,-0.03,-0.03,0.2,False,False,False,False,False,True
2026-07-18 18:38:00,Node B,30.45,7.82,19.2,-0.13,-0.06,-0.2,False,False,False,False,False,True
2026-07-18 18:53:00,Node A,30.07,7.38,7.9,-0.12,0.01,-0.1,False,False,False,False,False,True
2026-07-18 18:53:00,Node B,30.55,7.76,18.7,0.1,-0.06,-0.5,False,False,False,False,False,True
2026-07-18 19:08:00,Node A,29.88,7.39,7.9,-0.19,0.01,0.0,False,False,False,False,False,True
2026-07-18 19:08:00,Node B,30.38,7.65,18.4,-0.17,-0.11,-0.3,False,False,False,False,False,True
2026-07-18 19:23:00,Node A,29.61,7.36,7.8,-0.27,-0.03,-0.1,False,False,False,False,False,True
2026-07-18 19:23:00,Node B,30.26,7.56,18.2,-0.12,-0.09,-0.2,False,False,False,False,False,True
2026-07-18 19:38:00,Node A,29.2,7.36,8.2,-0.41,0.0,0.4,False,False,False,False,False,True
2026-07-18 19:38:00,Node B,30.07,7.5,17.9,-0.19,-0.06,-0.3,False,False,False,False,False,True
2026-07-18 19:53:00,Node A,29.17,7.35,8.1,-0.03,-0.01,-0.1,False,False,False,False,False,True
2026-07-18 19:53:00,Node B,29.87,7.41,17.4,-0.2,-0.09,-0.5,False,False,False,False,False,True
2026-07-18 20:08:00,Node A,28.96,7.32,8.3,-0.21,-0.03,0.2,False,False,False,False,False,True
2026-07-18 20:08:00,Node B,29.76,7.37,17.3,-0.11,-0.04,-0.1,False,False,False,False,False,True
2026-07-18 20:23:00,Node A,28.87,7.28,8.2,-0.09,-0.04,-0.1,False,False,False,False,False,True
2026-07-18 20:23:00,Node B,29.76,7.27,17.2,0.0,-0.1,-0.1,False,False,False,False,False,True
2026-07-18 20:38:00,Node A,28.51,7.28,8.0,-0.36,0.0,-0.2,False,False,False,False,False,True
2026-07-18 20:38:00,Node B,29.5,7.18,17.0,-0.26,-0.09,-0.2,False,False,False,False,False,True
2026-07-18 20:53:00,Node A,28.34,7.26,8.4,-0.17,-0.02,0.4,False,False,False,False,False,True
2026-07-18 20:53:00,Node B,29.28,7.09,16.4,-0.22,-0.09,-0.6,False,False,False,False,False,True
2026-07-18 21:08:00,Node A,28.07,7.28,8.2,-0.27,0.02,-0.2,False,False,False,False,False,True
2026-07-18 21:08:00,Node B,29.11,7.03,16.0,-0.17,-0.06,-0.4,False,False,False,False,False,True
2026-07-18 21:23:00,Node A,27.93,7.31,8.5,-0.14,0.03,0.3,False,False,False,False,False,True
2026-07-18 21:23:00,Node B,28.91,7.02,15.6,-0.2,-0.01,-0.4,False,False,False,False,False,True
2026-07-18 21:38:00,Node A,27.68,7.32,8.7,-0.25,0.01,0.2,False,False,False,False,False,True
2026-07-18 21:38:00,Node B,28.83,7.02,15.8,-0.08,0.0,0.2,False,False,False,False,False,True
2026-07-18 21:53:00,Node A,27.63,7.29,8.6,-0.05,-0.03,-0.1,False,False,False,False,False,True
2026-07-18 21:53:00,Node B,28.86,6.99,15.9,0.03,-0.03,0.1,False,False,False,False,False,True
2026-07-18 22:08:00,Node A,27.48,7.33,8.8,-0.15,0.04,0.2,False,False,False,False,False,True
2026-07-18 22:08:00,Node B,28.64,6.99,15.7,-0.22,0.0,-0.2,False,False,False,False,False,True
2026-07-18 22:23:00,Node A,27.22,7.32,8.4,-0.26,-0.01,-0.4,False,False,False,False,False,True
2026-07-18 22:23:00,Node B,28.32,6.99,15.6,-0.32,0.0,-0.1,False,False,False,False,False,True
2026-07-18 22:38:00,Node A,27.02,7.29,8.5,-0.2,-0.03,0.1,False,False,False,False,False,True
2026-07-18 22:38:00,Node B,28.11,6.99,15.3,-0.21,0.0,-0.3,False,False,False,False,False,True
2026-07-18 22:53:00,Node A,26.69,7.25,8.2,-0.33,-0.04,-0.3,False,False,False,False,False,True
2026-07-18 22:53:00,Node B,28.04,6.97,15.5,-0.07,-0.02,0.2,False,False,False,False,False,True
2026-07-18 23:08:00,Node A,26.4,7.22,8.0,-0.29,-0.03,-0.2,False,False,False,False,False,True
2026-07-18 23:08:00,Node B,27.83,7.02,15.4,-0.21,0.05,-0.1,False,False,False,False,False,True
2026-07-18 23:23:00,Node A,26.14,7.22,7.9,-0.26,0.0,-0.1,False,False,False,False,False,True
2026-07-18 23:23:00,Node B,27.79,6.98,15.0,-0.04,-0.04,-0.4,False,False,False,False,False,True
2026-07-18 23:38:00,Node A,25.93,7.18,8.0,-0.21,-0.04,0.1,False,False,False,False,False,True
2026-07-18 23:38:00,Node B,27.61,6.97,15.4,-0.18,-0.01,0.4,False,False,False,False,False,True
2026-07-18 23:53:00,Node A,25.88,7.15,8.1,-0.05,-0.03,0.1,False,False,False,False,False,True
2026-07-18 23:53:00,Node B,27.42,6.96,15.4,-0.19,-0.01,0.0,False,False,False,False,False,True
2026-07-19 00:08:00,Node A,25.89,7.11,8.1,0.01,-0.04,0.0,False,False,False,False,False,True
2026-07-19 00:08:00,Node B,27.4,6.95,15.3,-0.02,-0.01,-0.1,False,False,False,False,False,True
2026-07-19 00:23:00,Node A,25.93,7.13,8.1,0.04,0.02,0.0,False,False,False,False,False,True
2026-07-19 00:23:00,Node B,27.4,6.94,15.4,0.0,-0.01,0.1,False,False,False,False,False,True
2026-07-19 00:38:00,Node A,25.68,7.16,7.8,-0.25,0.03,-0.3,False,False,False,False,False,True
2026-07-19 00:38:00,Node B,27.13,6.9,15.8,-0.27,-0.04,0.4,False,False,False,False,False,True
2026-07-19 00:53:00,Node A,25.52,7.17,7.9,-0.16,0.01,0.1,False,False,False,False,False,True
2026-07-19 00:53:00,Node B,27.1,6.88,15.8,-0.03,-0.02,0.0,False,False,False,False,False,True
2026-07-19 01:08:00,Node A,25.57,7.17,8.1,0.05,0.0,0.2,False,False,False,False,False,True
2026-07-19 01:08:00,Node B,27.07,6.86,15.7,-0.03,-0.02,-0.1,False,False,False,False,False,True
2026-07-19 01:23:00,Node A,25.6,7.18,8.4,0.03,0.01,0.3,False,False,False,False,False,True
2026-07-19 01:23:00,Node B,27.05,6.89,15.6,-0.02,0.03,-0.1,False,False,False,False,False,True
2026-07-19 01:38:00,Node A,25.63,7.18,8.5,0.03,0.0,0.1,False,False,False,False,False,True
2026-07-19 01:38:00,Node B,26.91,6.89,16.1,-0.14,0.0,0.5,False,False,False,False,False,True
2026-07-19 01:53:00,Node A,25.64,7.2,8.6,0.01,0.02,0.1,False,False,False,False,False,True
2026-07-19 01:53:00,Node B,26.69,6.88,16.2,-0.22,-0.01,0.1,False,False,False,False,False,True
2026-07-19 02:08:00,Node A,25.47,7.22,8.6,-0.17,0.02,0.0,False,False,False,False,False,True
2026-07-19 02:08:00,Node B,26.49,6.88,16.2,-0.2,0.0,0.0,False,False,False,False,False,True
2026-07-19 02:23:00,Node A,25.4,7.19,9.0,-0.07,-0.03,0.4,False,False,False,False,False,True
2026-07-19 02:23:00,Node B,26.56,6.89,15.9,0.07,0.01,-0.3,False,False,False,False,False,True
2026-07-19 02:53:00,Node A,25.35,7.17,10.3,,,,True,False,False,False,False,False
2026-07-19 02:53:00,Node B,26.4,6.9,15.8,,,,True,False,False,False,False,False
2026-07-19 03:08:00,Node A,25.39,7.19,13.3,0.04,0.02,3.0,False,False,False,False,True,True
2026-07-19 03:08:00,Node B,26.26,6.89,16.1,-0.14,-0.01,0.3,False,False,False,False,False,True
2026-07-19 03:23:00,Node A,25.36,7.22,13.5,-0.03,0.03,0.2,False,False,False,False,True,True
2026-07-19 03:23:00,Node B,26.28,6.91,15.9,0.02,0.02,-0.2,False,False,False,False,False,True
2026-07-19 03:38:00,Node A,25.49,7.21,13.5,0.13,-0.01,0.0,False,False,False,False,True,True
2026-07-19 03:38:00,Node B,26.31,6.92,15.6,0.03,0.01,-0.3,False,False,False,False,False,True
2026-07-19 03:53:00,Node A,25.6,7.16,13.6,0.11,-0.05,0.1,False,False,False,False,True,True
2026-07-19 03:53:00,Node B,26.33,6.89,16.1,0.02,-0.03,0.5,False,False,False,False,False,True
2026-07-19 04:08:00,Node A,25.55,7.75,13.1,-0.05,0.59,-0.5,False,False,True,True,False,False
2026-07-19 04:08:00,Node B,26.54,6.91,16.6,0.21,0.02,0.5,False,False,False,False,True,True
2026-07-19 04:23:00,Node A,25.6,7.77,13.0,0.05,0.02,-0.1,False,False,False,False,False,True
2026-07-19 04:23:00,Node B,26.53,6.91,17.6,-0.01,0.0,1.0,False,False,False,False,True,True
2026-07-19 04:38:00,Node A,25.52,7.76,13.2,-0.08,-0.01,0.2,False,False,False,False,False,True
2026-07-19 04:38:00,Node B,26.57,6.89,18.3,0.04,-0.02,0.7,False,False,False,False,True,True
2026-07-19 04:53:00,Node A,25.67,7.62,12.9,0.15,-0.14,-0.3,False,False,False,False,False,True
2026-07-19 04:53:00,Node B,25.87,6.86,19.4,-0.7,-0.03,1.1,False,False,False,False,True,True
2026-07-19 05:08:00,Node A,25.63,7.48,12.8,-0.04,-0.14,-0.1,False,False,False,False,False,True
2026-07-19 05:08:00,Node B,24.73,6.82,21.4,-1.14,-0.04,2.0,False,True,False,True,True,False
2026-07-19 05:38:00,Node A,25.8,7.27,12.2,,,,True,False,False,False,False,False
2026-07-19 05:38:00,Node B,24.7,5.9,23.5,,,,True,True,False,True,True,False
2026-07-19 05:53:00,Node A,25.92,7.14,11.9,0.12,-0.13,-0.3,False,False,False,False,False,True
2026-07-19 05:53:00,Node B,24.95,5.9,23.3,0.25,0.0,-0.2,False,True,False,True,True,False
2026-07-19 06:08:00,Node A,25.91,7.13,11.4,-0.01,-0.01,-0.5,False,False,False,False,False,True
2026-07-19 06:08:00,Node B,24.83,5.9,23.4,-0.12,0.0,0.1,False,True,False,True,True,False
2026-07-19 06:23:00,Node A,26.0,7.15,11.5,0.09,0.02,0.1,False,False,False,False,False,True
2026-07-19 06:23:00,Node B,24.97,5.9,23.2,0.14,0.0,-0.2,False,True,False,True,True,False
2026-07-19 06:38:00,Node A,25.93,7.19,11.1,-0.07,0.04,-0.4,False,False,False,False,False,True
2026-07-19 06:38:00,Node B,25.32,5.9,19.8,0.35,0.0,-3.4,False,True,False,True,True,False
2026-07-19 06:53:00,Node A,26.22,7.19,11.1,0.29,0.0,0.0,False,False,False,False,False,True
2026-07-19 06:53:00,Node B,25.59,6.0,20.0,0.27,0.1,0.2,False,True,False,True,True,False
2026-07-19 07:08:00,Node A,26.41,7.18,11.2,0.19,-0.01,0.1,False,False,False,False,False,True
2026-07-19 07:08:00,Node B,25.73,6.14,19.9,0.14,0.14,-0.1,False,True,False,True,True,False
2026-07-19 07:23:00,Node A,26.62,7.23,10.9,0.21,0.05,-0.3,False,False,False,False,False,True
2026-07-19 07:23:00,Node B,26.11,6.29,20.4,0.38,0.15,0.5,False,True,False,True,True,False
2026-07-19 07:38:00,Node A,26.82,7.22,10.8,0.2,-0.01,-0.1,False,False,False,False,False,True
2026-07-19 07:38:00,Node B,26.34,6.45,22.3,0.23,0.16,1.9,False,True,False,True,False,False
2026-07-19 07:53:00,Node A,27.02,7.32,10.6,0.2,0.1,-0.2,False,False,False,False,False,True
2026-07-19 07:53:00,Node B,26.63,6.61,21.8,0.29,0.16,-0.5,False,False,False,False,False,True
2026-07-19 08:08:00,Node A,27.12,7.56,10.8,0.1,0.24,0.2,False,False,False,False,False,True
2026-07-19 08:08:00,Node B,26.95,6.78,21.4,0.32,0.17,-0.4,False,False,False,False,False,True
2026-07-19 08:23:00,Node A,27.41,7.8,10.4,0.29,0.24,-0.4,False,False,False,False,False,True
2026-07-19 08:23:00,Node B,27.28,6.9,20.7,0.33,0.12,-0.7,False,False,False,False,False,True
2026-07-19 08:38:00,Node A,27.63,8.11,11.1,0.22,0.31,0.7,False,False,False,False,False,True
2026-07-19 08:38:00,Node B,27.69,6.93,20.0,0.41,0.03,-0.7,False,False,False,False,False,True
2026-07-19 08:53:00,Node A,27.82,8.46,11.5,0.19,0.35,0.4,False,False,False,False,True,True
2026-07-19 08:53:00,Node B,27.9,6.98,19.4,0.21,0.05,-0.6,False,False,False,False,False,True
2026-07-19 09:08:00,Node A,28.14,8.46,11.3,0.32,0.0,-0.2,False,False,False,False,True,True
2026-07-19 09:08:00,Node B,28.02,6.98,18.7,0.12,0.0,-0.7,False,False,False,False,False,True
2026-07-19 09:23:00,Node A,28.38,8.45,11.0,0.24,-0.01,-0.3,False,False,False,False,True,True
2026-07-19 09:23:00,Node B,28.15,6.95,18.0,0.13,-0.03,-0.7,False,False,False,False,False,True
2026-07-19 09:38:00,Node A,28.69,8.48,11.6,0.31,0.03,0.6,False,False,False,False,True,True
2026-07-19 09:38:00,Node B,28.23,6.95,17.4,0.08,0.0,-0.6,False,False,False,False,False,True
2026-07-19 09:53:00,Node A,29.14,8.51,11.2,0.45,0.03,-0.4,False,True,False,True,False,False
2026-07-19 09:53:00,Node B,28.39,6.93,17.0,0.16,-0.02,-0.4,False,False,False,False,False,True
2026-07-19 10:08:00,Node A,29.16,8.48,11.2,0.02,-0.03,0.0,False,False,False,False,False,True
2026-07-19 10:08:00,Node B,28.64,6.94,16.2,0.25,0.01,-0.8,False,False,False,False,False,True
2026-07-19 10:23:00,Node A,29.45,8.37,11.3,0.29,-0.11,0.1,False,False,False,False,False,True
2026-07-19 10:23:00,Node B,28.89,6.96,15.6,0.25,0.02,-0.6,False,False,False,False,False,True
2026-07-19 10:53:00,Node A,29.54,8.13,10.8,,,,True,False,False,False,False,False
2026-07-19 10:53:00,Node B,29.25,6.98,15.0,,,,True,False,False,False,False,False
2026-07-19 11:08:00,Node A,29.71,7.99,10.7,0.17,-0.14,-0.1,False,False,False,False,False,True
2026-07-19 11:08:00,Node B,29.31,6.99,14.9,0.06,0.01,-0.1,False,False,False,False,False,True
2026-07-19 11:23:00,Node A,29.82,7.87,10.8,0.11,-0.12,0.1,False,False,False,False,False,True
2026-07-19 11:23:00,Node B,29.37,7.05,15.0,0.06,0.06,0.1,False,False,False,False,False,True
2026-07-19 11:38:00,Node A,29.93,7.71,10.3,0.11,-0.16,-0.5,False,False,False,False,False,True
2026-07-19 11:38:00,Node B,29.51,7.04,15.1,0.14,-0.01,0.1,False,False,False,False,False,True
2026-07-19 11:53:00,Node A,30.06,7.6,10.1,0.13,-0.11,-0.2,False,False,False,False,False,True
2026-07-19 11:53:00,Node B,29.56,7.06,14.9,0.05,0.02,-0.2,False,False,False,False,False,True
2026-07-19 12:08:00,Node A,30.17,7.44,10.0,0.11,-0.16,-0.1,False,False,False,False,False,True
2026-07-19 12:08:00,Node B,29.68,7.06,14.9,0.12,0.0,0.0,False,False,False,False,False,True
2026-07-19 12:23:00,Node A,30.26,7.28,9.5,0.09,-0.16,-0.5,False,False,False,False,False,True
2026-07-19 12:23:00,Node B,29.87,7.08,14.7,0.19,0.02,-0.2,False,False,False,False,False,True
2026-07-19 12:38:00,Node A,30.21,7.27,9.1,-0.05,-0.01,-0.4,False,False,False,False,False,True
2026-07-19 12:38:00,Node B,30.13,7.08,14.9,0.26,0.0,0.2,False,False,False,False,False,True
2026-07-19 12:53:00,Node A,30.18,7.32,8.8,-0.03,0.05,-0.3,False,False,False,False,False,True
2026-07-19 12:53:00,Node B,30.2,7.08,15.2,0.07,0.0,0.3,False,False,False,False,False,True
2026-07-19 13:08:00,Node A,30.27,7.3,8.7,0.09,-0.02,-0.1,False,False,False,False,False,True
2026-07-19 13:08:00,Node B,30.36,7.06,15.2,0.16,-0.02,0.0,False,False,False,False,False,True
2026-07-19 13:23:00,Node A,30.26,7.31,9.0,-0.01,0.01,0.3,False,False,False,False,False,True
2026-07-19 13:23:00,Node B,30.34,7.03,15.2,-0.02,-0.03,0.0,False,False,False,False,False,True
2026-07-19 13:38:00,Node A,30.24,7.3,8.9,-0.02,-0.01,-0.1,False,False,False,False,False,True
2026-07-19 13:38:00,Node B,30.53,7.06,17.4,0.19,0.03,2.2,False,False,False,False,False,True
2026-07-19 14:23:00,Node A,30.12,7.33,9.1,,,,True,False,False,False,False,False
2026-07-19 14:23:00,Node B,30.66,7.85,21.1,,,,True,False,False,False,False,False
2026-07-19 14:38:00,Node A,30.2,7.31,8.9,0.08,-0.02,-0.2,False,False,False,False,False,True
2026-07-19 14:38:00,Node B,30.48,7.86,18.9,-0.18,0.01,-2.2,False,False,False,False,False,True
2026-07-19 14:53:00,Node A,30.11,7.32,9.1,-0.09,0.01,0.2,False,False,False,False,False,True
2026-07-19 14:53:00,Node B,30.5,7.88,18.9,0.02,0.02,0.0,False,False,False,False,False,True
2026-07-19 16:08:00,Node A,29.79,7.32,10.0,,,,True,False,False,False,False,False
2026-07-19 16:08:00,Node B,30.56,7.09,17.3,,,,True,False,False,False,False,False
2026-07-19 16:23:00,Node A,29.38,7.33,10.2,-0.41,0.01,0.2,False,False,False,False,False,True
2026-07-19 16:23:00,Node B,30.56,7.09,17.1,0.0,0.0,-0.2,False,False,False,False,False,True
2026-07-19 16:38:00,Node A,29.11,7.34,10.2,-0.27,0.01,0.0,False,False,False,False,False,True
2026-07-19 16:38:00,Node B,30.5,7.09,16.8,-0.06,0.0,-0.3,False,False,False,False,False,True
2026-07-19 16:53:00,Node A,29.06,7.34,10.0,-0.05,0.0,-0.2,False,False,False,False,False,True
2026-07-19 16:53:00,Node B,30.46,7.12,16.9,-0.04,0.03,0.1,False,False,False,False,False,True
2026-07-19 17:23:00,Node A,28.89,7.37,9.2,,,,True,False,False,False,False,False
2026-07-19 17:23:00,Node B,30.49,7.1,16.4,,,,True,False,False,False,False,False
2026-07-19 17:38:00,Node A,28.81,7.38,9.1,-0.08,0.01,-0.1,False,False,False,False,False,True
2026-07-19 17:38:00,Node B,30.53,7.05,15.9,0.04,-0.05,-0.5,False,False,False,False,False,True
2026-07-19 17:53:00,Node A,28.65,7.37,9.8,-0.16,-0.01,0.7,False,False,False,False,False,True
2026-07-19 17:53:00,Node B,30.23,7.08,15.5,-0.3,0.03,-0.4,False,False,False,False,False,True
2026-07-19 18:08:00,Node A,28.44,7.38,9.4,-0.21,0.01,-0.4,False,False,False,False,False,True
2026-07-19 18:08:00,Node B,30.04,7.08,14.8,-0.19,0.0,-0.7,False,False,False,False,False,True
2026-07-19 18:23:00,Node A,28.37,7.35,9.1,-0.07,-0.03,-0.3,False,False,False,False,False,True
2026-07-19 18:23:00,Node B,30.01,7.1,14.8,-0.03,0.02,0.0,False,False,False,False,False,True
2026-07-19 18:38:00,Node A,28.28,7.35,9.5,-0.09,0.0,0.4,False,False,False,False,False,True
2026-07-19 18:38:00,Node B,29.72,7.09,14.5,-0.29,-0.01,-0.3,False,False,False,False,False,True
2026-07-19 19:08:00,Node A,28.15,7.33,9.1,,,,True,False,False,False,False,False
2026-07-19 19:08:00,Node B,29.6,7.01,14.4,,,,True,False,False,False,False,False
2026-07-19 19:23:00,Node A,28.19,7.34,9.2,0.04,0.01,0.1,False,False,False,False,False,True
2026-07-19 19:23:00,Node B,29.49,7.02,14.6,-0.11,0.01,0.2,False,False,False,False,False,True
2026-07-19 19:38:00,Node A,28.16,7.35,9.3,-0.03,0.01,0.1,False,False,False,False,False,True
2026-07-19 19:38:00,Node B,29.45,7.04,14.6,-0.04,0.02,0.0,False,False,False,False,False,True
2026-07-19 19:53:00,Node A,28.11,7.33,9.4,-0.05,-0.02,0.1,False,False,False,False,False,True
2026-07-19 19:53:00,Node B,29.39,7.01,14.6,-0.06,-0.03,0.0,False,False,False,False,False,True
2026-07-19 20:08:00,Node A,28.1,7.34,9.5,-0.01,0.01,0.1,False,False,False,False,False,True
2026-07-19 20:08:00,Node B,29.26,7.03,14.0,-0.13,0.02,-0.6,False,False,False,False,False,True
2026-07-19 20:23:00,Node A,27.84,7.32,9.3,-0.26,-0.02,-0.2,False,False,False,False,False,True
2026-07-19 20:23:00,Node B,29.05,7.03,14.3,-0.21,0.0,0.3,False,False,False,False,False,True
2026-07-19 20:38:00,Node A,27.67,7.31,9.7,-0.17,-0.01,0.4,False,False,False,False,False,True
2026-07-19 20:38:00,Node B,29.04,7.04,14.3,-0.01,0.01,0.0,False,False,False,False,False,True
2026-07-19 20:53:00,Node A,27.5,7.29,9.5,-0.17,-0.02,-0.2,False,False,False,False,False,True
2026-07-19 20:53:00,Node B,28.96,7.03,14.3,-0.08,-0.01,0.0,False,False,False,False,False,True
2026-07-19 21:08:00,Node A,27.27,7.3,9.7,-0.23,0.01,0.2,False,False,False,False,False,True
2026-07-19 21:08:00,Node B,28.82,7.03,14.3,-0.14,0.0,0.0,False,False,False,False,False,True
2026-07-19 21:23:00,Node A,27.2,7.3,9.8,-0.07,0.0,0.1,False,False,False,False,False,True
2026-07-19 21:23:00,Node B,28.63,7.05,14.5,-0.19,0.02,0.2,False,False,False,False,False,True
2026-07-19 21:38:00,Node A,26.88,7.28,9.6,-0.32,-0.02,-0.2,False,False,False,False,False,True
2026-07-19 21:38:00,Node B,28.68,7.03,14.7,0.05,-0.02,0.2,False,False,False,False,False,True
2026-07-19 21:53:00,Node A,26.95,7.27,9.6,0.07,-0.01,0.0,False,False,False,False,False,True
2026-07-19 21:53:00,Node B,28.62,7.02,14.5,-0.06,-0.01,-0.2,False,False,False,False,False,True
2026-07-19 22:08:00,Node A,26.75,7.28,9.7,-0.2,0.01,0.1,False,False,False,False,False,True
2026-07-19 22:08:00,Node B,28.48,6.99,14.5,-0.14,-0.03,0.0,False,False,False,False,False,True
2026-07-19 22:23:00,Node A,26.61,7.27,9.7,-0.14,-0.01,0.0,False,False,False,False,False,True
2026-07-19 22:23:00,Node B,28.35,7.03,14.8,-0.13,0.04,0.3,False,False,False,False,False,True
2026-07-19 22:38:00,Node A,26.26,7.26,10.0,-0.35,-0.01,0.3,False,False,False,False,False,True
2026-07-19 22:38:00,Node B,28.21,7.02,14.5,-0.14,-0.01,-0.3,False,False,False,False,False,True
2026-07-19 22:53:00,Node A,26.17,7.24,9.8,-0.09,-0.02,-0.2,False,False,False,False,False,True
2026-07-19 22:53:00,Node B,28.01,7.02,14.3,-0.2,0.0,-0.2,False,False,False,False,False,True
2026-07-19 23:23:00,Node A,25.99,7.21,9.7,,,,True,False,False,False,False,False
2026-07-19 23:23:00,Node B,27.76,6.95,14.6,,,,True,False,False,False,False,False
2026-07-19 23:38:00,Node A,25.88,7.17,9.6,-0.11,-0.04,-0.1,False,False,False,False,False,True
2026-07-19 23:38:00,Node B,27.64,6.9,14.7,-0.12,-0.05,0.1,False,False,False,False,False,True
2026-07-19 23:53:00,Node A,25.74,7.17,9.1,-0.14,0.0,-0.5,False,False,False,False,False,True
2026-07-19 23:53:00,Node B,27.33,6.9,14.8,-0.31,0.0,0.1,False,False,False,False,False,True
2026-07-20 00:08:00,Node A,25.69,7.2,9.4,-0.05,0.03,0.3,False,False,False,False,False,True
2026-07-20 00:08:00,Node B,27.35,6.89,14.7,0.02,-0.01,-0.1,False,False,False,False,False,True
2026-07-20 00:23:00,Node A,25.78,7.2,9.6,0.09,0.0,0.2,False,False,False,False,False,True
2026-07-20 00:23:00,Node B,27.21,6.91,15.0,-0.14,0.02,0.3,False,False,False,False,False,True
2026-07-20 00:38:00,Node A,25.58,7.21,9.6,-0.2,0.01,0.0,False,False,False,False,False,True
2026-07-20 00:38:00,Node B,27.03,6.88,14.8,-0.18,-0.03,-0.2,False,False,False,False,False,True
2026-07-20 00:53:00,Node A,25.48,7.18,9.8,-0.1,-0.03,0.2,False,False,False,False,False,True
2026-07-20 00:53:00,Node B,26.97,6.91,14.9,-0.06,0.03,0.1,False,False,False,False,False,True
2026-07-20 01:08:00,Node A,25.58,7.16,9.8,0.1,-0.02,0.0,False,False,False,False,False,True
2026-07-20 01:08:00,Node B,26.98,6.88,15.2,0.01,-0.03,0.3,False,False,False,False,False,True
2026-07-20 01:23:00,Node A,25.51,7.17,9.6,-0.07,0.01,-0.2,False,False,False,False,False,True
2026-07-20 01:23:00,Node B,26.96,6.86,15.6,-0.02,-0.02,0.4,False,False,False,False,False,True
2026-07-20 01:38:00,Node A,25.46,7.16,9.7,-0.05,-0.01,0.1,False,False,False,False,False,True
2026-07-20 01:38:00,Node B,26.89,6.85,16.2,-0.07,-0.01,0.6,False,False,False,False,False,True
2026-07-20 01:53:00,Node A,25.29,7.14,9.7,-0.17,-0.02,0.0,False,False,False,False,False,True
2026-07-20 01:53:00,Node B,27.2,6.84,16.6,0.31,-0.01,0.4,False,False,False,False,False,True
2026-07-20 02:08:00,Node A,25.28,7.12,10.2,-0.01,-0.02,0.5,False,False,False,False,False,True
2026-07-20 02:08:00,Node B,27.43,6.83,17.0,0.23,-0.01,0.4,False,False,False,False,True,True
2026-07-20 02:23:00,Node A,25.36,7.14,10.1,0.08,0.02,-0.1,False,False,False,False,False,True
2026-07-20 02:23:00,Node B,27.46,6.84,17.6,0.03,0.01,0.6,False,False,False,False,True,True
2026-07-20 02:38:00,Node A,25.34,7.16,9.8,-0.02,0.02,-0.3,False,False,False,False,False,True
2026-07-20 02:38:00,Node B,27.49,7.09,18.2,0.03,0.25,0.6,False,False,False,False,True,True
2026-07-20 02:53:00,Node A,25.24,7.17,9.8,-0.1,0.01,0.0,False,False,False,False,False,True
2026-07-20 02:53:00,Node B,27.63,7.48,18.7,0.14,0.39,0.5,False,False,False,False,True,True
2026-07-20 03:08:00,Node A,25.4,7.19,10.1,0.16,0.02,0.3,False,False,False,False,False,True
2026-07-20 03:08:00,Node B,27.62,8.04,19.2,-0.01,0.56,0.5,False,False,True,True,False,False
2026-07-20 03:23:00,Node A,25.43,7.18,10.3,0.03,-0.01,0.2,False,False,False,False,False,True
2026-07-20 03:23:00,Node B,27.68,8.05,20.2,0.06,0.01,1.0,False,False,False,False,False,True
2026-07-20 03:38:00,Node A,25.39,7.19,10.6,-0.04,0.01,0.3,False,False,False,False,False,True
2026-07-20 03:38:00,Node B,27.72,8.06,19.9,0.04,0.01,-0.3,False,False,False,False,False,True
2026-07-20 03:53:00,Node A,25.36,7.21,10.1,-0.03,0.02,-0.5,False,False,False,False,False,True
2026-07-20 03:53:00,Node B,27.67,8.01,19.9,-0.05,-0.05,0.0,False,False,False,False,False,True
2026-07-20 04:08:00,Node A,25.25,7.22,10.3,-0.11,0.01,0.2,False,False,False,False,False,True
2026-07-20 04:08:00,Node B,27.63,8.04,20.1,-0.04,0.03,0.2,False,False,False,False,False,True
2026-07-20 04:23:00,Node A,25.48,7.19,10.3,0.23,-0.03,0.0,False,False,False,False,False,True
2026-07-20 04:23:00,Node B,27.86,8.09,20.4,0.23,0.05,0.3,False,False,False,False,False,True
2026-07-20 04:38:00,Node A,25.43,7.18,10.5,-0.05,-0.01,0.2,False,False,False,False,False,True
2026-07-20 04:38:00,Node B,28.09,8.04,20.8,0.23,-0.05,0.4,False,False,False,False,False,True
2026-07-20 04:53:00,Node A,25.46,7.21,10.4,0.03,0.03,-0.1,False,False,False,False,False,True
2026-07-20 04:53:00,Node B,27.96,7.96,20.6,-0.13,-0.08,-0.2,False,False,False,False,False,True
2026-07-20 05:08:00,Node A,25.7,7.23,10.7,0.24,0.02,0.3,False,False,False,False,False,True
2026-07-20 05:08:00,Node B,28.03,7.87,20.5,0.07,-0.09,-0.1,False,False,False,False,False,True
2026-07-20 05:23:00,Node A,25.71,7.23,10.5,0.01,0.0,-0.2,False,False,False,False,False,True
2026-07-20 05:23:00,Node B,28.03,7.77,20.4,0.0,-0.1,-0.1,False,False,False,False,False,True
2026-07-20 05:38:00,Node A,25.81,7.23,10.6,0.1,0.0,0.1,False,False,False,False,False,True
2026-07-20 05:38:00,Node B,28.21,7.69,20.1,0.18,-0.08,-0.3,False,False,False,False,False,True
2026-07-20 05:53:00,Node A,25.64,7.23,10.6,-0.17,0.0,0.0,False,False,False,False,False,True
2026-07-20 05:53:00,Node B,28.32,7.66,20.4,0.11,-0.03,0.3,False,False,False,False,False,True
2026-07-20 06:08:00,Node A,25.68,7.21,10.4,0.04,-0.02,-0.2,False,False,False,False,False,True
2026-07-20 06:08:00,Node B,28.39,7.55,19.9,0.07,-0.11,-0.5,False,False,False,False,False,True
2026-07-20 06:23:00,Node A,25.85,7.2,10.4,0.17,-0.01,0.0,False,False,False,False,False,True
2026-07-20 06:23:00,Node B,28.42,7.48,19.7,0.03,-0.07,-0.2,False,False,False,False,False,True
2026-07-20 06:38:00,Node A,26.0,7.18,10.4,0.15,-0.02,0.0,False,False,False,False,False,True
2026-07-20 06:38:00,Node B,28.42,7.4,19.4,0.0,-0.08,-0.3,False,False,False,False,False,True
2026-07-20 06:53:00,Node A,26.12,7.19,10.4,0.12,0.01,0.0,False,False,False,False,False,True
2026-07-20 06:53:00,Node B,28.37,7.29,19.2,-0.05,-0.11,-0.2,False,False,False,False,False,True
2026-07-20 07:08:00,Node A,26.21,7.18,10.3,0.09,-0.01,-0.1,False,False,False,False,False,True
2026-07-20 07:08:00,Node B,28.32,7.23,18.7,-0.05,-0.06,-0.5,False,False,False,False,False,True
2026-07-20 07:23:00,Node A,26.4,7.22,10.8,0.19,0.04,0.5,False,False,False,False,False,True
2026-07-20 07:23:00,Node B,28.38,7.14,18.2,0.06,-0.09,-0.5,False,False,False,False,False,True
2026-07-20 07:38:00,Node A,26.62,7.23,10.6,0.22,0.01,-0.2,False,False,False,False,False,True
2026-07-20 07:38:00,Node B,28.53,7.08,17.9,0.15,-0.06,-0.3,False,False,False,False,False,True
2026-07-20 07:53:00,Node A,26.58,7.24,10.4,-0.04,0.01,-0.2,False,False,False,False,False,True
2026-07-20 07:53:00,Node B,28.72,6.99,17.9,0.19,-0.09,0.0,False,False,False,False,False,True
2026-07-20 08:08:00,Node A,26.82,7.24,10.8,0.24,0.0,0.4,False,False,False,False,False,True
2026-07-20 08:08:00,Node B,28.76,6.92,17.8,0.04,-0.07,-0.1,False,False,False,False,False,True
2026-07-20 08:23:00,Node A,26.93,7.25,10.8,0.11,0.01,0.0,False,False,False,False,False,True
2026-07-20 08:23:00,Node B,28.89,6.94,17.4,0.13,0.02,-0.4,False,False,False,False,False,True
2026-07-20 08:38:00,Node A,26.9,7.27,10.5,-0.03,0.02,-0.3,False,False,False,False,False,True
2026-07-20 08:38:00,Node B,28.92,6.94,16.9,0.03,0.0,-0.5,False,False,False,False,False,True
2026-07-20 08:53:00,Node A,27.19,7.25,10.7,0.29,-0.02,0.2,False,False,False,False,False,True
2026-07-20 08:53:00,Node B,29.06,6.96,16.7,0.14,0.02,-0.2,False,False,False,False,False,True
2026-07-20 09:08:00,Node A,27.38,7.26,10.7,0.19,0.01,0.0,False,False,False,False,False,True
2026-07-20 09:08:00,Node B,29.15,6.95,16.3,0.09,-0.01,-0.4,False,False,False,False,False,True
2026-07-20 09:23:00,Node A,27.49,7.23,10.3,0.11,-0.03,-0.4,False,False,False,False,False,True
2026-07-20 09:23:00,Node B,29.15,6.93,15.9,0.0,-0.02,-0.4,False,False,False,False,False,True
2026-07-20 09:38:00,Node A,27.74,7.24,10.2,0.25,0.01,-0.1,False,False,False,False,False,True
2026-07-20 09:38:00,Node B,29.23,6.99,15.8,0.08,0.06,-0.1,False,False,False,False,False,True
2026-07-20 09:53:00,Node A,27.76,7.22,10.1,0.02,-0.02,-0.1,False,False,False,False,False,True
2026-07-20 09:53:00,Node B,29.42,6.96,15.9,0.19,-0.03,0.1,False,False,False,False,False,True
2026-07-20 10:08:00,Node A,27.68,7.25,10.8,-0.08,0.03,0.7,False,False,False,False,False,True
2026-07-20 10:08:00,Node B,29.49,6.98,15.6,0.07,0.02,-0.3,False,False,False,False,False,True
2026-07-20 10:23:00,Node A,27.76,7.23,10.8,0.08,-0.02,0.0,False,False,False,False,False,True
2026-07-20 10:23:00,Node B,29.66,7.05,16.0,0.17,0.07,0.4,False,False,False,False,False,True
2026-07-20 10:38:00,Node A,28.09,7.23,10.9,0.33,0.0,0.1,False,False,False,False,False,True
2026-07-20 10:38:00,Node B,29.6,7.06,15.8,-0.06,0.01,-0.2,False,False,False,False,False,True
2026-07-20 10:53:00,Node A,28.05,7.24,10.8,-0.04,0.01,-0.1,False,False,False,False,False,True
2026-07-20 10:53:00,Node B,29.7,7.03,15.3,0.1,-0.03,-0.5,False,False,False,False,False,True
2026-07-20 11:08:00,Node A,28.17,7.31,11.0,0.12,0.07,0.2,False,False,False,False,False,True
2026-07-20 11:08:00,Node B,29.78,7.03,15.2,0.08,0.0,-0.1,False,False,False,False,False,True
2026-07-20 11:23:00,Node A,28.26,7.3,11.1,0.09,-0.01,0.1,False,False,False,False,False,True
2026-07-20 11:23:00,Node B,29.84,7.02,15.3,0.06,-0.01,0.1,False,False,False,False,False,True
2026-07-20 11:38:00,Node A,28.3,7.31,11.3,0.04,0.01,0.2,False,False,False,False,False,True
2026-07-20 11:38:00,Node B,29.94,7.03,15.3,0.1,0.01,0.0,False,False,False,False,False,True
2026-07-20 12:08:00,Node A,28.63,7.34,11.2,,,,True,False,False,False,False,False
2026-07-20 12:08:00,Node B,29.98,7.03,15.7,,,,True,False,False,False,False,False
2026-07-20 12:23:00,Node A,28.76,7.31,11.3,0.13,-0.03,0.1,False,False,False,False,False,True
2026-07-20 12:23:00,Node B,29.98,7.07,15.9,0.0,0.04,0.2,False,False,False,False,False,True
2026-07-20 12:38:00,Node A,28.78,7.31,11.2,0.02,0.0,-0.1,False,False,False,False,False,True
2026-07-20 12:38:00,Node B,29.91,7.04,16.0,-0.07,-0.03,0.1,False,False,False,False,False,True
2026-07-20 12:53:00,Node A,28.88,7.29,11.5,0.1,-0.02,0.3,False,False,False,False,False,True
2026-07-20 12:53:00,Node B,29.86,7.03,16.0,-0.05,-0.01,0.0,False,False,False,False,False,True
2026-07-20 13:08:00,Node A,29.01,7.3,11.6,0.13,0.01,0.1,False,False,False,False,False,True
2026-07-20 13:08:00,Node B,29.97,7.04,16.1,0.11,0.01,0.1,False,False,False,False,False,True
2026-07-20 13:23:00,Node A,29.07,7.29,11.7,0.06,-0.01,0.1,False,False,False,False,False,True
2026-07-20 13:23:00,Node B,29.94,7.0,16.2,-0.03,-0.04,0.1,False,False,False,False,False,True
2026-07-20 13:38:00,Node A,29.11,7.29,11.2,0.04,0.0,-0.5,False,False,False,False,False,True
2026-07-20 13:38:00,Node B,29.99,7.0,15.9,0.05,0.0,-0.3,False,False,False,False,False,True
2026-07-20 13:53:00,Node A,29.37,7.31,11.1,0.26,0.02,-0.1,False,False,False,False,False,True
2026-07-20 13:53:00,Node B,30.13,6.99,16.0,0.14,-0.01,0.1,False,False,False,False,False,True
2026-07-20 14:08:00,Node A,29.25,7.3,11.5,-0.12,-0.01,0.4,False,False,False,False,False,True
2026-07-20 14:08:00,Node B,30.22,7.0,15.9,0.09,0.01,-0.1,False,False,False,False,False,True
2026-07-20 14:23:00,Node A,29.3,7.33,10.9,0.05,0.03,-0.6,False,False,False,False,False,True
2026-07-20 14:23:00,Node B,30.2,7.01,16.0,-0.02,0.01,0.1,False,False,False,False,False,True
2026-07-20 14:38:00,Node A,29.32,7.36,11.0,0.02,0.03,0.1,False,False,False,False,False,True
2026-07-20 14:38:00,Node B,30.08,7.02,16.2,-0.12,0.01,0.2,False,False,False,False,False,True
2026-07-20 14:53:00,Node A,29.12,7.36,10.9,-0.2,0.0,-0.1,False,False,False,False,False,True
2026-07-20 14:53:00,Node B,30.19,7.02,15.7,0.11,0.0,-0.5,False,False,False,False,False,True
2026-07-20 15:08:00,Node A,29.19,7.33,11.0,0.07,-0.03,0.1,False,False,False,False,False,True
2026-07-20 15:08:00,Node B,30.34,7.04,16.1,0.15,0.02,0.4,False,False,False,False,False,True
2026-07-20 15:23:00,Node A,29.21,7.32,11.2,0.02,-0.01,0.2,False,False,False,False,False,True
2026-07-20 15:23:00,Node B,30.34,7.03,16.0,0.0,-0.01,-0.1,False,False,False,False,False,True
2026-07-20 15:38:00,Node A,29.26,7.37,11.3,0.05,0.05,0.1,False,False,False,False,False,True
2026-07-20 15:38:00,Node B,30.22,7.05,16.3,-0.12,0.02,0.3,False,False,False,False,False,True
2026-07-20 15:53:00,Node A,29.13,7.37,11.0,-0.13,0.0,-0.3,False,False,False,False,False,True
2026-07-20 15:53:00,Node B,30.2,7.04,16.7,-0.02,-0.01,0.4,False,False,False,False,False,True
2026-07-20 16:08:00,Node A,29.16,7.37,10.7,0.03,0.0,-0.3,False,False,False,False,False,True
2026-07-20 16:08:00,Node B,30.27,7.04,16.5,0.07,0.0,-0.2,False,False,False,False,False,True
2026-07-20 16:23:00,Node A,29.1,7.35,10.6,-0.06,-0.02,-0.1,False,False,False,False,False,True
2026-07-20 16:23:00,Node B,30.24,7.03,16.4,-0.03,-0.01,-0.1,False,False,False,False,False,True
2026-07-20 16:38:00,Node A,29.19,7.39,10.8,0.09,0.04,0.2,False,False,False,False,False,True
2026-07-20 16:38:00,Node B,30.26,7.03,16.2,0.02,0.0,-0.2,False,False,False,False,False,True
2026-07-20 16:53:00,Node A,29.0,7.41,10.9,-0.19,0.02,0.1,False,False,False,False,False,True
2026-07-20 16:53:00,Node B,30.21,7.02,16.2,-0.05,-0.01,0.0,False,False,False,False,False,True
2026-07-20 17:23:00,Node A,29.02,7.39,10.9,,,,True,False,False,False,False,False
2026-07-20 17:23:00,Node B,30.0,7.03,16.5,,,,True,False,False,False,False,False
2026-07-20 17:38:00,Node A,28.86,7.37,11.3,-0.16,-0.02,0.4,False,False,False,False,False,True
2026-07-20 17:38:00,Node B,29.94,7.01,16.4,-0.06,-0.02,-0.1,False,False,False,False,False,True
2026-07-20 17:53:00,Node A,28.75,7.37,11.0,-0.11,0.0,-0.3,False,False,False,False,False,True
2026-07-20 17:53:00,Node B,29.74,7.02,16.1,-0.2,0.01,-0.3,False,False,False,False,False,True
2026-07-20 18:08:00,Node A,28.56,7.38,10.6,-0.19,0.01,-0.4,False,False,False,False,False,True
2026-07-20 18:08:00,Node B,29.66,7.02,16.0,-0.08,0.0,-0.1,False,False,False,False,False,True
2026-07-20 18:23:00,Node A,28.48,7.35,10.2,-0.08,-0.03,-0.4,False,False,False,False,False,True
2026-07-20 18:23:00,Node B,29.5,7.01,16.0,-0.16,-0.01,0.0,False,False,False,False,False,True
2026-07-20 18:38:00,Node A,28.35,7.37,10.1,-0.13,0.02,-0.1,False,False,False,False,False,True
2026-07-20 18:38:00,Node B,29.36,7.0,16.2,-0.14,-0.01,0.2,False,False,False,False,False,True
2026-07-20 18:53:00,Node A,28.23,7.32,10.4,-0.12,-0.05,0.3,False,False,False,False,False,True
2026-07-20 18:53:00,Node B,29.22,7.03,15.9,-0.14,0.03,-0.3,False,False,False,False,False,True
2026-07-20 19:08:00,Node A,28.26,7.37,10.3,0.03,0.05,-0.1,False,False,False,False,False,True
2026-07-20 19:08:00,Node B,28.92,7.02,15.7,-0.3,-0.01,-0.2,False,False,False,False,False,True
2026-07-20 19:23:00,Node A,28.13,7.33,10.6,-0.13,-0.04,0.3,False,False,False,False,False,True
2026-07-20 19:23:00,Node B,28.73,7.05,16.7,-0.19,0.03,1.0,False,False,False,False,True,True
2026-07-20 19:38:00,Node A,27.9,7.3,10.7,-0.23,-0.03,0.1,False,False,False,False,False,True
2026-07-20 19:38:00,Node B,28.32,7.04,18.5,-0.41,-0.01,1.8,False,False,False,False,True,True
2026-07-20 19:53:00,Node A,27.76,7.28,11.0,-0.14,-0.02,0.3,False,False,False,False,False,True
2026-07-20 19:53:00,Node B,27.59,7.05,20.9,-0.73,0.01,2.4,False,False,False,False,True,True
2026-07-20 20:08:00,Node A,27.68,7.25,11.2,-0.08,-0.03,0.2,False,False,False,False,False,True
2026-07-20 20:08:00,Node B,26.73,6.7,23.9,-0.86,-0.35,3.0,False,False,False,False,True,True
2026-07-20 20:23:00,Node A,27.6,7.24,11.2,-0.08,-0.01,0.0,False,False,False,False,False,True
2026-07-20 20:23:00,Node B,26.72,5.99,27.0,-0.01,-0.71,3.1,False,True,False,True,True,False
2026-07-20 20:38:00,Node A,27.41,7.25,11.3,-0.19,0.01,0.1,False,False,False,False,False,True
2026-07-20 20:38:00,Node B,26.65,5.98,26.7,-0.07,-0.01,-0.3,False,True,False,True,True,False
2026-07-20 20:53:00,Node A,27.21,7.28,11.4,-0.2,0.03,0.1,False,False,False,False,False,True
2026-07-20 20:53:00,Node B,26.45,5.96,27.0,-0.2,-0.02,0.3,False,True,False,True,True,False
2026-07-20 21:38:00,Node A,27.04,7.31,11.7,,,,True,False,False,False,False,False
2026-07-20 21:38:00,Node B,26.26,6.1,27.7,,,,True,True,False,True,True,False
2026-07-20 21:53:00,Node A,26.86,7.32,11.4,-0.18,0.01,-0.3,False,False,False,False,False,True
2026-07-20 21:53:00,Node B,26.05,6.25,27.0,-0.21,0.15,-0.7,False,True,False,True,True,False
2026-07-20 22:08:00,Node A,26.85,7.29,11.4,-0.01,-0.03,0.0,False,False,False,False,False,True
2026-07-20 22:08:00,Node B,25.55,6.41,27.2,-0.5,0.16,0.2,False,True,False,True,True,False
2026-07-20 22:23:00,Node A,26.64,7.28,11.1,-0.21,-0.01,-0.3,False,False,False,False,False,True
2026-07-20 22:23:00,Node B,24.96,6.55,27.3,-0.59,0.14,0.1,False,True,False,True,True,False
2026-07-20 22:38:00,Node A,26.61,7.26,11.2,-0.03,-0.02,0.1,False,False,False,False,False,True
2026-07-20 22:38:00,Node B,25.03,6.61,27.8,0.07,0.06,0.5,False,True,False,True,True,False
2026-07-20 22:53:00,Node A,26.39,7.21,11.2,-0.22,-0.05,0.0,False,False,False,False,False,True
2026-07-20 22:53:00,Node B,25.0,6.59,26.7,-0.03,-0.02,-1.1,False,True,False,True,True,False
2026-07-20 23:08:00,Node A,26.23,7.22,11.1,-0.16,0.01,-0.1,False,False,False,False,False,True
2026-07-20 23:08:00,Node B,25.12,6.5,25.4,0.12,-0.09,-1.3,False,True,False,True,True,False
2026-07-20 23:23:00,Node A,26.14,7.23,11.3,-0.09,0.01,0.2,False,False,False,False,True,True
2026-07-20 23:23:00,Node B,25.24,6.19,24.0,0.12,-0.31,-1.4,False,True,False,True,True,False
2026-07-20 23:38:00,Node A,26.05,7.21,11.8,-0.09,-0.02,0.5,False,False,False,False,True,True
2026-07-20 23:38:00,Node B,25.35,6.17,22.4,0.11,-0.02,-1.6,False,True,False,True,True,False
2026-07-20 23:53:00,Node A,25.93,7.22,13.1,-0.12,0.01,1.3,False,False,False,False,True,True
2026-07-20 23:53:00,Node B,25.24,6.16,21.9,-0.11,-0.01,-0.5,False,True,False,True,True,False
2026-07-21 00:08:00,Node A,25.77,7.23,13.8,-0.16,0.01,0.7,False,False,False,False,True,True
2026-07-21 00:08:00,Node B,25.29,6.16,22.2,0.05,0.0,0.3,False,True,False,True,True,False
2026-07-21 00:23:00,Node A,25.62,7.79,15.4,-0.15,0.56,1.6,False,False,True,True,False,False
2026-07-21 00:23:00,Node B,25.13,6.13,22.2,-0.16,-0.03,0.0,False,True,False,True,True,False
2026-07-21 00:38:00,Node A,25.51,7.78,15.3,-0.11,-0.01,-0.1,False,False,False,False,False,True
2026-07-21 00:38:00,Node B,25.19,6.11,22.3,0.06,-0.02,0.1,False,True,False,True,True,False
2026-07-21 00:53:00,Node A,25.44,7.78,15.2,-0.07,0.0,-0.1,False,False,False,False,False,True
2026-07-21 00:53:00,Node B,25.15,6.3,22.2,-0.04,0.19,-0.1,False,True,False,True,True,False
2026-07-21 01:08:00,Node A,25.36,7.8,15.1,-0.08,0.02,-0.1,False,False,False,False,False,True
2026-07-21 01:08:00,Node B,25.31,6.42,21.3,0.16,0.12,-0.9,False,True,False,True,False,False
2026-07-21 01:23:00,Node A,25.22,7.81,15.2,-0.14,0.01,0.1,False,False,False,False,False,True
2026-07-21 01:23:00,Node B,25.21,6.58,20.9,-0.1,0.16,-0.4,False,False,False,False,False,True
2026-07-21 01:38:00,Node A,25.27,7.67,15.4,0.05,-0.14,0.2,False,False,False,False,False,True
2026-07-21 01:38:00,Node B,25.3,6.75,20.2,0.09,0.17,-0.7,False,False,False,False,False,True
2026-07-21 01:53:00,Node A,25.15,7.49,15.3,-0.12,-0.18,-0.1,False,False,False,False,False,True
2026-07-21 01:53:00,Node B,25.36,6.91,19.7,0.06,0.16,-0.5,False,False,False,False,False,True
2026-07-21 02:08:00,Node A,25.12,7.32,14.9,-0.03,-0.17,-0.4,False,False,False,False,False,True
2026-07-21 02:08:00,Node B,25.3,6.85,18.7,-0.06,-0.06,-1.0,False,False,False,False,False,True
2026-07-21 02:23:00,Node A,25.27,7.18,14.1,0.15,-0.14,-0.8,False,False,False,False,False,True
2026-07-21 02:23:00,Node B,25.4,6.85,17.9,0.1,0.0,-0.8,False,False,False,False,False,True
2026-07-21 02:38:00,Node A,25.3,7.18,14.2,0.03,0.0,0.1,False,False,False,False,False,True
2026-07-21 02:38:00,Node B,25.48,6.87,17.7,0.08,0.02,-0.2,False,False,False,False,False,True
2026-07-21 02:53:00,Node A,25.21,7.17,13.9,-0.09,-0.01,-0.3,False,False,False,False,False,True
2026-07-21 02:53:00,Node B,25.34,6.87,18.1,-0.14,0.0,0.4,False,False,False,False,False,True
2026-07-21 03:08:00,Node A,25.28,7.17,13.5,0.07,0.0,-0.4,False,False,False,False,False,True
2026-07-21 03:08:00,Node B,25.58,6.88,19.0,0.24,0.01,0.9,False,False,False,False,False,True
2026-07-21 03:23:00,Node A,25.38,7.18,12.8,0.1,0.01,-0.7,False,False,False,False,False,True
2026-07-21 03:23:00,Node B,25.64,6.99,19.7,0.06,0.11,0.7,False,False,False,False,False,True
2026-07-21 03:38:00,Node A,25.36,7.16,12.7,-0.02,-0.02,-0.1,False,False,False,False,False,True
2026-07-21 03:38:00,Node B,25.93,7.13,20.8,0.29,0.14,1.1,False,False,False,False,False,True
2026-07-21 03:53:00,Node A,25.31,7.15,12.6,-0.05,-0.01,-0.1,False,False,False,False,False,True
2026-07-21 03:53:00,Node B,25.95,7.3,21.9,0.02,0.17,1.1,False,False,False,False,False,True
2026-07-21 04:08:00,Node A,25.25,7.12,12.4,-0.06,-0.03,-0.2,False,False,False,False,False,True
2026-07-21 04:08:00,Node B,26.25,7.56,22.3,0.3,0.26,0.4,False,False,False,False,False,True
2026-07-21 04:23:00,Node A,25.27,7.11,13.1,0.02,-0.01,0.7,False,False,False,False,True,True
2026-07-21 04:23:00,Node B,26.39,7.84,22.0,0.14,0.28,-0.3,False,False,False,False,False,True
2026-07-21 04:38:00,Node A,25.47,7.14,14.3,0.2,0.03,1.2,False,False,False,False,True,True
2026-07-21 04:38:00,Node B,26.55,7.84,21.8,0.16,0.0,-0.2,False,False,False,False,False,True
2026-07-21 04:53:00,Node A,25.36,7.15,16.2,-0.11,0.01,1.9,False,False,False,False,True,True
2026-07-21 04:53:00,Node B,26.68,7.83,21.6,0.13,-0.01,-0.2,False,False,False,False,False,True
2026-07-21 05:08:00,Node A,25.06,7.15,18.9,-0.3,0.0,2.7,False,False,False,False,True,True
2026-07-21 05:08:00,Node B,26.63,7.82,21.9,-0.05,-0.01,0.3,False,False,False,False,False,True
2026-07-21 05:23:00,Node A,24.63,6.86,19.1,-0.43,-0.29,0.2,False,True,False,True,True,False
2026-07-21 05:23:00,Node B,26.79,7.82,22.3,0.16,0.0,0.4,False,False,False,False,False,True
2026-07-21 05:38:00,Node A,24.32,6.16,19.2,-0.31,-0.7,0.1,False,True,False,True,True,False
2026-07-21 05:38:00,Node B,26.95,7.82,22.2,0.16,0.0,-0.1,False,False,False,False,False,True
2026-07-21 06:23:00,Node A,24.82,6.16,19.1,,,,True,True,False,True,True,False
2026-07-21 06:23:00,Node B,27.42,7.72,22.4,,,,True,False,False,False,False,False
2026-07-21 06:38:00,Node A,24.87,6.18,19.5,0.05,0.02,0.4,False,True,False,True,True,False
2026-07-21 06:38:00,Node B,27.66,7.7,23.0,0.24,-0.02,0.6,False,False,False,False,True,True
2026-07-21 06:53:00,Node A,25.08,6.18,19.6,0.21,0.0,0.1,False,True,False,True,True,False
2026-07-21 06:53:00,Node B,27.69,7.65,23.5,0.03,-0.05,0.5,False,False,False,False,True,True
2026-07-21 07:08:00,Node A,25.08,6.32,19.4,0.0,0.14,-0.2,False,True,False,True,True,False
2026-07-21 07:08:00,Node B,27.9,7.83,24.1,0.21,0.18,0.6,False,False,False,False,True,True
2026-07-21 07:23:00,Node A,25.31,6.42,18.4,0.23,0.1,-1.0,False,True,False,True,True,False
2026-07-21 07:23:00,Node B,28.12,8.22,21.1,0.22,0.39,-3.0,False,False,False,False,True,True
2026-07-21 07:38:00,Node A,25.6,6.61,18.1,0.29,0.19,-0.3,False,False,False,False,True,True
2026-07-21 07:38:00,Node B,28.3,8.8,21.6,0.18,0.58,0.5,False,True,False,True,True,False
2026-07-21 07:53:00,Node A,25.54,6.76,18.4,-0.06,0.15,0.3,False,False,False,False,True,True
2026-07-21 07:53:00,Node B,28.63,8.73,21.9,0.33,-0.07,0.3,False,True,False,True,True,False
2026-07-21 08:08:00,Node A,25.76,6.91,10.4,0.22,0.15,-8.0,False,False,True,True,True,False
2026-07-21 08:08:00,Node B,28.79,8.66,21.8,0.16,-0.07,-0.1,False,True,False,True,True,False
2026-07-21 08:23:00,Node A,25.96,7.02,9.7,0.2,0.11,-0.7,False,False,False,False,True,True
2026-07-21 08:23:00,Node B,28.99,8.67,21.6,0.2,0.01,-0.2,False,True,False,True,True,False
2026-07-21 08:38:00,Node A,26.19,7.22,9.0,0.23,0.2,-0.7,False,False,False,False,True,True
2026-07-21 08:38:00,Node B,29.26,8.58,21.0,0.27,-0.09,-0.6,False,True,False,True,False,False
2026-07-21 08:53:00,Node A,26.5,6.5,8.3,0.31,-0.72,-0.7,False,False,True,True,True,False
2026-07-21 08:53:00,Node B,29.53,8.42,20.8,0.27,-0.16,-0.2,False,False,False,False,False,True
2026-07-21 09:08:00,Node A,26.76,6.52,7.2,0.26,0.02,-1.1,False,False,False,False,True,True
2026-07-21 09:08:00,Node B,29.68,8.27,20.7,0.15,-0.15,-0.1,False,False,False,False,False,True
2026-07-21 09:23:00,Node A,26.76,6.5,7.3,0.0,-0.02,0.1,False,False,False,False,True,True
2026-07-21 09:23:00,Node B,29.87,8.08,20.4,0.19,-0.19,-0.3,False,False,False,False,False,True
2026-07-21 09:38:00,Node A,27.09,6.48,6.9,0.33,-0.02,-0.4,False,True,False,True,False,False
2026-07-21 09:38:00,Node B,30.02,8.01,20.1,0.15,-0.07,-0.3,False,False,False,False,False,True
2026-07-21 09:53:00,Node A,27.26,6.56,6.3,0.17,0.08,-0.6,False,False,False,False,False,True
2026-07-21 09:53:00,Node B,30.15,7.93,20.1,0.13,-0.08,0.0,False,False,False,False,False,True
2026-07-21 10:08:00,Node A,27.52,6.67,6.1,0.26,0.11,-0.2,False,False,False,False,False,True
2026-07-21 10:08:00,Node B,30.2,7.86,19.9,0.05,-0.07,-0.2,False,False,False,False,False,True
2026-07-21 10:23:00,Node A,27.76,6.79,5.6,0.24,0.12,-0.5,False,False,False,False,False,True
2026-07-21 10:23:00,Node B,30.29,7.77,19.8,0.09,-0.09,-0.1,False,False,False,False,False,True
2026-07-21 10:38:00,Node A,28.03,6.89,5.4,0.27,0.1,-0.2,False,False,False,False,False,True
2026-07-21 10:38:00,Node B,30.59,7.72,19.1,0.3,-0.05,-0.7,False,False,False,False,False,True
2026-07-21 10:53:00,Node A,28.13,7.02,4.9,0.1,0.13,-0.5,False,False,False,False,False,True
2026-07-21 10:53:00,Node B,30.51,7.62,18.2,-0.08,-0.1,-0.9,False,False,False,False,False,True
2026-07-21 11:08:00,Node A,28.16,7.11,4.5,0.03,0.09,-0.4,False,False,False,False,False,True
2026-07-21 11:08:00,Node B,30.6,7.53,17.4,0.09,-0.09,-0.8,False,False,False,False,False,True
2026-07-21 11:23:00,Node A,28.32,7.22,4.2,0.16,0.11,-0.3,False,False,False,False,False,True
2026-07-21 11:23:00,Node B,30.73,7.45,17.2,0.13,-0.08,-0.2,False,False,False,False,False,True
2026-07-21 11:38:00,Node A,28.48,7.31,3.7,0.16,0.09,-0.5,False,False,False,False,False,True
2026-07-21 11:38:00,Node B,30.77,7.35,16.4,0.04,-0.1,-0.8,False,False,False,False,False,True
2026-07-21 11:53:00,Node A,28.6,7.3,3.4,0.12,-0.01,-0.3,False,False,False,False,False,True
2026-07-21 11:53:00,Node B,30.86,7.19,16.1,0.09,-0.16,-0.3,False,False,False,False,False,True
2026-07-21 12:08:00,Node A,28.58,7.28,3.4,-0.02,-0.02,0.0,False,False,False,False,False,True
2026-07-21 12:08:00,Node B,30.88,7.13,15.9,0.02,-0.06,-0.2,False,False,False,False,False,True
2026-07-21 12:23:00,Node A,28.69,7.28,3.7,0.11,0.0,0.3,False,False,False,False,False,True
2026-07-21 12:23:00,Node B,30.86,7.03,15.9,-0.02,-0.1,0.0,False,False,False,False,False,True
2026-07-21 12:38:00,Node A,28.65,7.29,3.3,-0.04,0.01,-0.4,False,False,False,False,False,True
2026-07-21 12:38:00,Node B,30.89,7.02,15.4,0.03,-0.01,-0.5,False,False,False,False,False,True
2026-07-21 12:53:00,Node A,28.84,7.32,3.3,0.19,0.03,0.0,False,False,False,False,False,True
2026-07-21 12:53:00,Node B,30.99,7.03,14.9,0.1,0.01,-0.5,False,False,False,False,False,True
2026-07-21 13:23:00,Node A,28.92,7.35,3.7,,,,True,False,False,False,False,False
2026-07-21 13:23:00,Node B,31.18,7.03,14.9,,,,True,False,False,False,False,False
2026-07-21 13:38:00,Node A,28.98,7.36,3.8,0.06,0.01,0.1,False,False,False,False,False,True
2026-07-21 13:38:00,Node B,30.87,7.05,15.1,-0.31,0.02,0.2,False,False,False,False,False,True
2026-07-21 13:53:00,Node A,29.01,7.35,3.8,0.03,-0.01,0.0,False,False,False,False,False,True
2026-07-21 13:53:00,Node B,30.7,7.07,15.2,-0.17,0.02,0.1,False,False,False,False,False,True
2026-07-21 14:08:00,Node A,28.89,7.38,3.7,-0.12,0.03,-0.1,False,False,False,False,False,True
2026-07-21 14:08:00,Node B,30.75,7.04,15.2,0.05,-0.03,0.0,False,False,False,False,False,True
2026-07-21 14:23:00,Node A,28.8,7.4,3.7,-0.09,0.02,0.0,False,False,False,False,False,True
2026-07-21 14:23:00,Node B,30.73,7.05,14.9,-0.02,0.01,-0.3,False,False,False,False,False,True
2026-07-21 14:38:00,Node A,28.97,7.4,3.8,0.17,0.0,0.1,False,False,False,False,False,True
2026-07-21 14:38:00,Node B,30.82,7.04,14.9,0.09,-0.01,0.0,False,False,False,False,False,True
2026-07-21 14:53:00,Node A,29.06,7.38,4.3,0.09,-0.02,0.5,False,False,False,False,False,True
2026-07-21 14:53:00,Node B,30.76,7.05,15.0,-0.06,0.01,0.1,False,False,False,False,False,True
2026-07-21 15:08:00,Node A,28.95,7.35,4.2,-0.11,-0.03,-0.1,False,False,False,False,False,True
2026-07-21 15:08:00,Node B,30.67,7.06,15.2,-0.09,0.01,0.2,False,False,False,False,True,True
2026-07-21 15:23:00,Node A,29.12,7.36,4.3,0.17,0.01,0.1,False,False,False,False,False,True
2026-07-21 15:23:00,Node B,30.61,7.07,15.5,-0.06,0.01,0.3,False,False,False,False,True,True
2026-07-21 15:38:00,Node A,29.09,7.33,4.2,-0.03,-0.03,-0.1,False,False,False,False,False,True
2026-07-21 15:38:00,Node B,30.59,7.06,16.4,-0.02,-0.01,0.9,False,False,False,False,True,True
2026-07-21 15:53:00,Node A,29.14,7.34,4.1,0.05,0.01,-0.1,False,False,False,False,False,True
2026-07-21 15:53:00,Node B,30.47,7.05,18.0,-0.12,-0.01,1.6,False,False,False,False,True,True
2026-07-21 16:08:00,Node A,28.92,7.34,4.4,-0.22,0.0,0.3,False,False,False,False,False,True
2026-07-21 16:08:00,Node B,30.42,6.33,19.8,-0.05,-0.72,1.8,False,True,False,True,True,False
2026-07-21 16:23:00,Node A,28.95,7.36,4.6,0.03,0.02,0.2,False,False,False,False,False,True
2026-07-21 16:23:00,Node B,30.41,6.33,19.9,-0.01,0.0,0.1,False,True,False,True,True,False
2026-07-21 16:38:00,Node A,29.01,7.4,4.6,0.06,0.04,0.0,False,False,False,False,False,True
2026-07-21 16:38:00,Node B,30.29,6.35,20.4,-0.12,0.02,0.5,False,True,False,True,True,False
2026-07-21 16:53:00,Node A,29.03,7.38,4.9,0.02,-0.02,0.3,False,False,False,False,False,True
2026-07-21 16:53:00,Node B,30.03,6.44,20.4,-0.26,0.09,0.0,False,True,False,True,False,False
2026-07-21 17:08:00,Node A,29.01,7.38,4.7,-0.02,0.0,-0.2,False,False,False,False,False,True
2026-07-21 17:08:00,Node B,29.81,6.51,20.5,-0.22,0.07,0.1,False,False,False,False,False,True
2026-07-21 17:23:00,Node A,28.96,7.35,4.6,-0.05,-0.03,-0.1,False,False,False,False,False,True
2026-07-21 17:23:00,Node B,29.77,6.56,20.5,-0.04,0.05,0.0,False,False,False,False,False,True
2026-07-21 17:38:00,Node A,28.68,7.34,4.7,-0.28,-0.01,0.1,False,False,False,False,False,True
2026-07-21 17:38:00,Node B,29.75,6.64,20.1,-0.02,0.08,-0.4,False,False,False,False,False,True
2026-07-21 17:53:00,Node A,28.84,7.36,4.9,0.16,0.02,0.2,False,False,False,False,False,True
2026-07-21 17:53:00,Node B,29.58,6.72,19.5,-0.17,0.08,-0.6,False,False,False,False,False,True
2026-07-21 18:08:00,Node A,28.6,7.36,4.8,-0.24,0.0,-0.1,False,False,False,False,False,True
2026-07-21 18:08:00,Node B,29.49,6.78,19.1,-0.09,0.06,-0.4,False,False,False,False,False,True
2026-07-21 18:23:00,Node A,28.56,7.36,4.7,-0.04,0.0,-0.1,False,False,False,False,False,True
2026-07-21 18:23:00,Node B,29.3,6.85,18.1,-0.19,0.07,-1.0,False,False,False,False,False,True
2026-07-21 18:38:00,Node A,28.27,7.35,4.3,-0.29,-0.01,-0.4,False,False,False,False,False,True
2026-07-21 18:38:00,Node B,29.22,6.95,17.5,-0.08,0.1,-0.6,False,False,False,False,False,True
2026-07-21 18:53:00,Node A,28.2,7.32,4.7,-0.07,-0.03,0.4,False,False,False,False,False,True
2026-07-21 18:53:00,Node B,28.92,7.04,17.1,-0.3,0.09,-0.4,False,False,False,False,False,True
2026-07-21 19:08:00,Node A,28.0,7.33,4.8,-0.2,0.01,0.1,False,False,False,False,False,True
2026-07-21 19:08:00,Node B,28.86,7.08,16.5,-0.06,0.04,-0.6,False,False,False,False,False,True
2026-07-21 19:23:00,Node A,28.02,7.31,5.0,0.02,-0.02,0.2,False,False,False,False,False,True
2026-07-21 19:23:00,Node B,28.8,7.08,15.7,-0.06,0.0,-0.8,False,False,False,False,False,True
2026-07-21 19:38:00,Node A,27.83,7.28,5.0,-0.19,-0.03,0.0,False,False,False,False,False,True
2026-07-21 19:38:00,Node B,28.62,7.09,15.8,-0.18,0.01,0.1,False,False,False,False,False,True
2026-07-21 19:53:00,Node A,27.68,7.27,4.7,-0.15,-0.01,-0.3,False,False,False,False,False,True
2026-07-21 19:53:00,Node B,28.56,7.08,15.8,-0.06,-0.01,0.0,False,False,False,False,False,True
2026-07-21 20:08:00,Node A,27.44,7.29,4.9,-0.24,0.02,0.2,False,False,False,False,False,True
2026-07-21 20:08:00,Node B,28.49,7.08,15.7,-0.07,0.0,-0.1,False,False,False,False,False,True
2026-07-21 20:23:00,Node A,27.26,7.28,4.9,-0.18,-0.01,0.0,False,False,False,False,False,True
2026-07-21 20:23:00,Node B,28.06,7.06,15.5,-0.43,-0.02,-0.2,False,False,False,False,False,True
2026-07-21 20:38:00,Node A,27.23,7.31,4.9,-0.03,0.03,0.0,False,False,False,False,False,True
2026-07-21 20:38:00,Node B,28.05,7.04,15.7,-0.01,-0.02,0.2,False,False,False,False,False,True
2026-07-21 20:53:00,Node A,27.06,7.28,5.2,-0.17,-0.03,0.3,False,False,False,False,False,True
2026-07-21 20:53:00,Node B,27.91,7.04,15.0,-0.14,0.0,-0.7,False,False,False,False,False,True
2026-07-21 21:08:00,Node A,26.94,7.27,5.2,-0.12,-0.01,0.0,False,False,False,False,False,True
2026-07-21 21:08:00,Node B,27.83,7.04,15.1,-0.08,0.0,0.1,False,False,False,False,False,True
2026-07-21 21:23:00,Node A,26.95,7.25,5.8,0.01,-0.02,0.6,False,False,False,False,False,True
2026-07-21 21:23:00,Node B,27.76,7.03,15.3,-0.07,-0.01,0.2,False,False,False,False,False,True
2026-07-21 21:38:00,Node A,26.83,7.26,6.3,-0.12,0.01,0.5,False,False,False,False,False,True
2026-07-21 21:38:00,Node B,27.52,7.03,15.5,-0.24,0.0,0.2,False,False,False,False,False,True
2026-07-21 21:53:00,Node A,26.82,7.25,7.0,-0.01,-0.01,0.7,False,False,False,False,False,True
2026-07-21 21:53:00,Node B,27.36,7.0,15.5,-0.16,-0.03,0.0,False,False,False,False,False,True
2026-07-21 22:08:00,Node A,26.68,7.35,7.3,-0.14,0.1,0.3,False,False,False,False,False,True
2026-07-21 22:08:00,Node B,27.04,6.99,15.1,-0.32,-0.01,-0.4,False,False,False,False,False,True
2026-07-21 22:23:00,Node A,26.77,7.46,7.9,0.09,0.11,0.6,False,False,False,False,False,True
2026-07-21 22:23:00,Node B,26.98,6.98,15.4,-0.06,-0.01,0.3,False,False,False,False,False,True
2026-07-21 22:38:00,Node A,26.74,7.65,8.5,-0.03,0.19,0.6,False,False,False,False,False,True
2026-07-21 22:38:00,Node B,26.84,6.96,15.7,-0.14,-0.02,0.3,False,False,False,False,False,True
2026-07-21 22:53:00,Node A,26.73,7.89,9.1,-0.01,0.24,0.6,False,False,False,False,False,True
2026-07-21 22:53:00,Node B,26.63,6.96,16.3,-0.21,0.0,0.6,False,False,False,False,False,True
2026-07-21 23:08:00,Node A,26.77,8.15,9.2,0.04,0.26,0.1,False,False,False,False,False,True
2026-07-21 23:08:00,Node B,26.48,6.96,15.9,-0.15,0.0,-0.4,False,False,False,False,False,True
2026-07-21 23:23:00,Node A,26.67,8.4,9.2,-0.1,0.25,0.0,False,False,False,False,False,True
2026-07-21 23:23:00,Node B,26.43,6.99,15.6,-0.05,0.03,-0.3,False,False,False,False,False,True
2026-07-21 23:38:00,Node A,26.6,8.39,9.2,-0.07,-0.01,0.0,False,False,False,False,False,True
2026-07-21 23:38:00,Node B,26.33,6.99,15.9,-0.1,0.0,0.3,False,False,False,False,False,True
2026-07-21 23:53:00,Node A,26.6,8.4,8.8,0.0,0.01,-0.4,False,False,False,False,False,True
2026-07-21 23:53:00,Node B,26.27,6.96,16.1,-0.06,-0.03,0.2,False,False,False,False,False,True
2026-07-22 00:08:00,Node A,26.6,8.38,9.1,0.0,-0.02,0.3,False,False,False,False,False,True
2026-07-22 00:08:00,Node B,26.05,6.96,16.4,-0.22,0.0,0.3,False,False,False,False,False,True
2026-07-22 00:23:00,Node A,26.34,8.32,9.3,-0.26,-0.06,0.2,False,False,False,False,False,True
2026-07-22 00:23:00,Node B,25.97,6.96,16.3,-0.08,0.0,-0.1,False,False,False,False,False,True
2026-07-22 00:38:00,Node A,26.35,8.23,8.8,0.01,-0.09,-0.5,False,False,False,False,False,True
2026-07-22 00:38:00,Node B,25.92,6.98,16.1,-0.05,0.02,-0.2,False,False,False,False,False,True
2026-07-22 00:53:00,Node A,26.32,8.16,8.2,-0.03,-0.07,-0.6,False,False,False,False,False,True
2026-07-22 00:53:00,Node B,25.88,6.95,16.2,-0.04,-0.03,0.1,False,False,False,False,False,True
2026-07-22 01:08:00,Node A,26.19,8.02,8.3,-0.13,-0.14,0.1,False,False,False,False,False,True
2026-07-22 01:08:00,Node B,25.84,6.96,16.1,-0.04,0.01,-0.1,False,False,False,False,False,True
2026-07-22 01:23:00,Node A,26.18,7.94,8.3,-0.01,-0.08,0.0,False,False,False,False,False,True
2026-07-22 01:23:00,Node B,25.79,6.96,16.6,-0.05,0.0,0.5,False,False,False,False,False,True
2026-07-22 01:38:00,Node A,26.06,7.8,8.0,-0.12,-0.14,-0.3,False,False,False,False,False,True
2026-07-22 01:38:00,Node B,25.62,6.96,16.7,-0.17,0.0,0.1,False,False,False,False,False,True
2026-07-22 01:53:00,Node A,26.14,7.72,7.9,0.08,-0.08,-0.1,False,False,False,False,False,True
2026-07-22 01:53:00,Node B,25.55,6.96,16.5,-0.07,0.0,-0.2,False,False,False,False,False,True
2026-07-22 02:08:00,Node A,25.98,7.63,7.6,-0.16,-0.09,-0.3,False,False,False,False,False,True
2026-07-22 02:08:00,Node B,25.64,6.98,16.5,0.09,0.02,0.0,False,False,False,False,False,True
2026-07-22 02:23:00,Node A,25.78,7.48,7.5,-0.2,-0.15,-0.1,False,False,False,False,False,True
2026-07-22 02:23:00,Node B,25.7,6.97,16.4,0.06,-0.01,-0.1,False,False,False,False,False,True
2026-07-22 02:38:00,Node A,25.8,7.41,7.3,0.02,-0.07,-0.2,False,False,False,False,False,True
2026-07-22 02:38:00,Node B,25.62,7.0,16.3,-0.08,0.03,-0.1,False,False,False,False,False,True
2026-07-22 02:53:00,Node A,25.94,7.29,7.8,0.14,-0.12,0.5,False,False,False,False,False,True
2026-07-22 02:53:00,Node B,25.6,6.98,16.3,-0.02,-0.02,0.0,False,False,False,False,False,True
2026-07-22 03:08:00,Node A,25.9,7.19,7.6,-0.04,-0.1,-0.2,False,False,False,False,False,True
2026-07-22 03:08:00,Node B,25.54,6.94,16.5,-0.06,-0.04,0.2,False,False,False,False,False,True
2026-07-22 03:23:00,Node A,26.05,7.11,7.2,0.15,-0.08,-0.4,False,False,False,False,False,True
2026-07-22 03:23:00,Node B,25.55,6.9,16.6,0.01,-0.04,0.1,False,False,False,False,False,True
2026-07-22 03:38:00,Node A,26.01,7.13,6.6,-0.04,0.02,-0.6,False,False,False,False,False,True
2026-07-22 03:38:00,Node B,25.73,6.87,16.6,0.18,-0.03,0.0,False,False,False,False,False,True
2026-07-22 03:53:00,Node A,26.06,7.14,6.6,0.05,0.01,0.0,False,False,False,False,True,True
2026-07-22 03:53:00,Node B,25.59,6.89,16.8,-0.14,0.02,0.2,False,False,False,False,False,True
2026-07-22 04:08:00,Node A,26.01,7.11,7.0,-0.05,-0.03,0.4,False,False,False,False,True,True
2026-07-22 04:08:00,Node B,25.71,6.88,16.5,0.12,-0.01,-0.3,False,False,False,False,False,True
2026-07-22 04:23:00,Node A,25.98,7.1,7.5,-0.03,-0.01,0.5,False,False,False,False,True,True
2026-07-22 04:23:00,Node B,25.69,6.91,16.4,-0.02,0.03,-0.1,False,False,False,False,False,True
2026-07-22 04:38:00,Node A,26.02,7.12,8.2,0.04,0.02,0.7,False,False,False,False,True,True
2026-07-22 04:38:00,Node B,25.67,6.95,16.6,-0.02,0.04,0.2,False,False,False,False,False,True
2026-07-22 04:53:00,Node A,26.07,6.55,8.0,0.05,-0.57,-0.2,False,False,True,True,False,False
2026-07-22 04:53:00,Node B,25.76,6.94,16.6,0.09,-0.01,0.0,False,False,False,False,False,True
2026-07-22 05:08:00,Node A,26.29,6.53,7.7,0.22,-0.02,-0.3,False,False,False,False,False,True
2026-07-22 05:08:00,Node B,25.83,6.95,16.5,0.07,0.01,-0.1,False,False,False,False,False,True
2026-07-22 05:23:00,Node A,26.38,6.57,7.9,0.09,0.04,0.2,False,False,False,False,False,True
2026-07-22 05:23:00,Node B,25.87,6.93,16.8,0.04,-0.02,0.3,False,False,False,False,False,True
2026-07-22 05:38:00,Node A,26.4,6.56,7.7,0.02,-0.01,-0.2,False,False,False,False,False,True
2026-07-22 05:38:00,Node B,26.03,6.96,16.7,0.16,0.03,-0.1,False,False,False,False,False,True
2026-07-22 05:53:00,Node A,26.65,6.65,7.9,0.25,0.09,0.2,False,False,False,False,False,True
2026-07-22 05:53:00,Node B,26.07,6.97,16.1,0.04,0.01,-0.6,False,False,False,False,False,True
2026-07-22 06:08:00,Node A,26.49,6.7,7.7,-0.16,0.05,-0.2,False,False,False,False,False,True
2026-07-22 06:08:00,Node B,26.23,6.96,16.3,0.16,-0.01,0.2,False,False,False,False,False,True
2026-07-22 06:23:00,Node A,26.53,6.74,7.4,0.04,0.04,-0.3,False,False,False,False,False,True
2026-07-22 06:23:00,Node B,26.2,6.92,16.7,-0.03,-0.04,0.4,False,False,False,False,False,True
2026-07-22 06:38:00,Node A,26.58,6.84,7.5,0.05,0.1,0.1,False,False,False,False,False,True
2026-07-22 06:38:00,Node B,26.39,6.93,17.3,0.19,0.01,0.6,False,False,False,False,False,True
2026-07-22 06:53:00,Node A,26.73,6.88,7.4,0.15,0.04,-0.1,False,False,False,False,False,True
2026-07-22 06:53:00,Node B,26.62,6.92,17.7,0.23,-0.01,0.4,False,False,False,False,False,True
2026-07-22 07:08:00,Node A,26.73,6.97,7.4,0.0,0.09,0.0,False,False,False,False,False,True
2026-07-22 07:08:00,Node B,26.89,6.92,18.3,0.27,0.0,0.6,False,False,False,False,False,True
2026-07-22 07:23:00,Node A,26.92,7.02,7.2,0.19,0.05,-0.2,False,False,False,False,False,True
2026-07-22 07:23:00,Node B,27.11,7.14,19.1,0.22,0.22,0.8,False,False,False,False,False,True
2026-07-22 07:53:00,Node A,27.01,7.12,7.1,,,,True,False,False,False,False,False
2026-07-22 07:53:00,Node B,27.7,8.0,20.3,,,,True,False,False,False,False,False
2026-07-22 08:08:00,Node A,27.1,7.15,6.8,0.09,0.03,-0.3,False,False,False,False,False,True
2026-07-22 08:08:00,Node B,28.09,7.98,21.3,0.39,-0.02,1.0,False,False,False,False,False,True
2026-07-22 08:23:00,Node A,27.1,7.17,6.3,0.0,0.02,-0.5,False,False,False,False,False,True
2026-07-22 08:23:00,Node B,28.47,7.98,21.9,0.38,0.0,0.6,False,False,False,False,False,True
2026-07-22 08:38:00,Node A,27.33,7.17,6.2,0.23,0.0,-0.1,False,False,False,False,False,True
2026-07-22 08:38:00,Node B,28.73,8.0,22.3,0.26,0.02,0.4,False,False,False,False,True,True
2026-07-22 08:53:00,Node A,27.38,7.17,6.4,0.05,0.0,0.2,False,False,False,False,False,True
2026-07-22 08:53:00,Node B,28.81,7.9,22.7,0.08,-0.1,0.4,False,False,False,False,True,True
2026-07-22 09:08:00,Node A,27.64,7.21,6.2,0.26,0.04,-0.2,False,False,False,False,False,True
2026-07-22 09:08:00,Node B,28.95,7.78,23.8,0.14,-0.12,1.1,False,False,False,False,True,True
2026-07-22 09:23:00,Node A,27.8,7.22,5.9,0.16,0.01,-0.3,False,False,False,False,False,True
2026-07-22 09:23:00,Node B,29.28,7.7,25.0,0.33,-0.08,1.2,False,False,False,False,True,True
2026-07-22 09:38:00,Node A,27.81,7.22,5.6,0.01,0.0,-0.3,False,False,False,False,False,True
2026-07-22 09:38:00,Node B,29.52,7.65,25.4,0.24,-0.05,0.4,False,True,False,True,True,False
2026-07-22 09:53:00,Node A,27.88,7.22,5.6,0.07,0.0,0.0,False,False,False,False,False,True
2026-07-22 09:53:00,Node B,29.66,6.81,27.7,0.14,-0.84,2.3,False,True,False,True,True,False
2026-07-22 10:08:00,Node A,27.96,7.23,5.6,0.08,0.01,0.0,False,False,False,False,False,True
2026-07-22 10:08:00,Node B,29.9,6.75,27.1,0.24,-0.06,-0.6,False,True,False,True,True,False
2026-07-22 10:23:00,Node A,28.06,7.24,5.4,0.1,0.01,-0.2,False,False,False,False,False,True
2026-07-22 10:23:00,Node B,30.25,6.68,27.5,0.35,-0.07,0.4,False,True,False,True,True,False
2026-07-22 10:38:00,Node A,28.2,7.26,5.4,0.14,0.02,0.0,False,False,False,False,False,True
2026-07-22 10:38:00,Node B,30.56,6.82,27.9,0.31,0.14,0.4,False,True,False,True,True,False
2026-07-22 10:53:00,Node A,28.35,7.31,5.3,0.15,0.05,-0.1,False,False,False,False,False,True
2026-07-22 10:53:00,Node B,30.61,6.99,28.4,0.05,0.17,0.5,False,True,False,True,True,False
2026-07-22 11:08:00,Node A,28.35,7.33,5.9,0.0,0.02,0.6,False,False,False,False,False,True
2026-07-22 11:08:00,Node B,30.78,7.23,28.0,0.17,0.24,-0.4,False,True,False,True,True,False
2026-07-22 11:23:00,Node A,28.47,7.34,6.9,0.12,0.01,1.0,False,False,False,False,False,True
2026-07-22 11:23:00,Node B,30.97,7.48,27.0,0.19,0.25,-1.0,False,True,False,True,True,False
2026-07-22 11:38:00,Node A,28.53,7.32,7.6,0.06,-0.02,0.7,False,False,False,False,False,True
2026-07-22 11:38:00,Node B,31.22,7.8,26.4,0.25,0.32,-0.6,False,True,False,True,False,False
2026-07-22 15:23:00,Node A,29.11,7.34,5.6,,,,True,False,False,False,False,False
2026-07-22 15:23:00,Node B,31.49,7.2,15.4,,,,True,False,False,False,False,False
2026-07-22 15:38:00,Node A,29.25,7.38,5.5,0.14,0.04,-0.1,False,False,False,False,False,True
2026-07-22 15:38:00,Node B,31.56,7.1,14.9,0.07,-0.1,-0.5,False,False,False,False,False,True
2026-07-22 15:53:00,Node A,29.26,7.41,5.3,0.01,0.03,-0.2,False,False,False,False,False,True
2026-07-22 15:53:00,Node B,31.46,7.12,14.6,-0.1,0.02,-0.3,False,False,False,False,False,True
2026-07-22 16:08:00,Node A,29.2,7.4,5.4,-0.06,-0.01,0.1,False,False,False,False,False,True
2026-07-22 16:08:00,Node B,31.43,7.06,14.8,-0.03,-0.06,0.2,False,False,False,False,True,True
2026-07-22 16:23:00,Node A,29.18,7.38,5.3,-0.02,-0.02,-0.1,False,False,False,False,False,True
2026-07-22 16:23:00,Node B,31.37,7.05,15.3,-0.06,-0.01,0.5,False,False,False,False,True,True
2026-07-22 16:38:00,Node A,29.15,7.39,5.4,-0.03,0.01,0.1,False,False,False,False,False,True
2026-07-22 16:38:00,Node B,31.27,7.07,16.8,-0.1,0.02,1.5,False,False,False,False,True,True
2026-07-22 16:53:00,Node A,29.05,7.41,5.6,-0.1,0.02,0.2,False,False,False,False,False,True
2026-07-22 16:53:00,Node B,31.36,7.04,18.2,0.09,-0.03,1.4,False,False,False,False,True,True
2026-07-22 17:08:00,Node A,28.97,7.44,5.7,-0.08,0.03,0.1,False,False,False,False,False,True
2026-07-22 17:08:00,Node B,31.25,7.64,18.5,-0.11,0.6,0.3,False,False,True,True,False,False
2026-07-22 17:23:00,Node A,28.83,7.42,5.9,-0.14,-0.02,0.2,False,False,False,False,False,True
2026-07-22 17:23:00,Node B,31.0,7.65,18.6,-0.25,0.01,0.1,False,False,False,False,False,True
2026-07-22 17:38:00,Node A,28.82,7.42,5.9,-0.01,0.0,0.0,False,False,False,False,False,True
2026-07-22 17:38:00,Node B,30.6,7.67,18.9,-0.4,0.02,0.3,False,False,False,False,False,True
2026-07-22 17:53:00,Node A,28.69,7.38,5.7,-0.13,-0.04,-0.2,False,False,False,False,False,True
2026-07-22 17:53:00,Node B,30.43,7.63,18.1,-0.17,-0.04,-0.8,False,False,False,False,False,True
2026-07-22 18:08:00,Node A,28.45,7.37,6.2,-0.24,-0.01,0.5,False,False,False,False,False,True
2026-07-22 18:08:00,Node B,30.38,7.59,17.7,-0.05,-0.04,-0.4,False,False,False,False,False,True
2026-07-22 18:23:00,Node A,28.29,7.36,6.3,-0.16,-0.01,0.1,False,False,False,False,False,True
2026-07-22 18:23:00,Node B,30.18,7.43,17.0,-0.2,-0.16,-0.7,False,False,False,False,False,True
2026-07-22 18:38:00,Node A,28.34,7.34,6.2,0.05,-0.02,-0.1,False,False,False,False,False,True
2026-07-22 18:38:00,Node B,29.96,7.27,16.8,-0.22,-0.16,-0.2,False,False,False,False,False,True
2026-07-22 18:53:00,Node A,28.28,7.38,6.0,-0.06,0.04,-0.2,False,False,False,False,False,True
2026-07-22 18:53:00,Node B,29.82,7.24,16.4,-0.14,-0.03,-0.4,False,False,False,False,False,True
2026-07-22 19:08:00,Node A,28.13,7.36,5.7,-0.15,-0.02,-0.3,False,False,False,False,False,True
2026-07-22 19:08:00,Node B,29.67,7.16,15.8,-0.15,-0.08,-0.6,False,False,False,False,False,True
2026-07-22 19:53:00,Node A,27.48,7.35,5.6,,,,True,False,False,False,False,False
2026-07-22 19:53:00,Node B,29.27,7.1,14.6,,,,True,False,False,False,False,False
2026-07-22 20:08:00,Node A,27.39,7.3,6.2,-0.09,-0.05,0.6,False,False,False,False,False,True
2026-07-22 20:08:00,Node B,29.05,7.1,14.6,-0.22,0.0,0.0,False,False,False,False,False,True
2026-07-22 20:23:00,Node A,27.34,7.28,6.1,-0.05,-0.02,-0.1,False,False,False,False,False,True
2026-07-22 20:23:00,Node B,28.92,7.09,14.4,-0.13,-0.01,-0.2,False,False,False,False,False,True
2026-07-22 20:38:00,Node A,27.24,7.28,6.0,-0.1,0.0,-0.1,False,False,False,False,False,True
2026-07-22 20:38:00,Node B,28.82,7.08,14.7,-0.1,-0.01,0.3,False,False,False,False,False,True
2026-07-22 20:53:00,Node A,27.1,7.29,5.9,-0.14,0.01,-0.1,False,False,False,False,False,True
2026-07-22 20:53:00,Node B,28.57,7.06,14.5,-0.25,-0.02,-0.2,False,False,False,False,False,True
2026-07-22 21:08:00,Node A,27.18,7.29,5.9,0.08,0.0,0.0,False,False,False,False,False,True
2026-07-22 21:08:00,Node B,28.34,7.04,14.3,-0.23,-0.02,-0.2,False,False,False,False,False,True
2026-07-22 21:23:00,Node A,27.14,7.28,5.8,-0.04,-0.01,-0.1,False,False,False,False,False,True
2026-07-22 21:23:00,Node B,28.1,7.02,14.2,-0.24,-0.02,-0.1,False,False,False,False,False,True
2026-07-22 21:38:00,Node A,26.99,7.26,6.5,-0.15,-0.02,0.7,False,False,False,False,False,True
2026-07-22 21:38:00,Node B,28.05,6.98,14.3,-0.05,-0.04,0.1,False,False,False,False,False,True
2026-07-22 21:53:00,Node A,26.84,7.23,7.3,-0.15,-0.03,0.8,False,False,False,False,True,True
2026-07-22 21:53:00,Node B,27.89,6.98,14.2,-0.16,0.0,-0.1,False,False,False,False,False,True
2026-07-22 22:08:00,Node A,26.82,7.27,9.0,-0.02,0.04,1.7,False,False,False,False,True,True
2026-07-22 22:08:00,Node B,27.8,6.98,14.7,-0.09,0.0,0.5,False,False,False,False,False,True
2026-07-22 22:23:00,Node A,26.63,7.26,9.3,-0.19,-0.01,0.3,False,False,False,False,True,True
2026-07-22 22:23:00,Node B,27.61,6.97,14.6,-0.19,-0.01,-0.1,False,False,False,False,False,True
2026-07-22 22:38:00,Node A,26.42,7.27,9.0,-0.21,0.01,-0.3,False,False,False,False,True,True
2026-07-22 22:38:00,Node B,27.43,6.97,14.7,-0.18,0.0,0.1,False,False,False,False,False,True
2026-07-22 22:53:00,Node A,26.36,7.87,8.4,-0.06,0.6,-0.6,False,False,True,True,False,False
2026-07-22 22:53:00,Node B,27.22,6.94,14.8,-0.21,-0.03,0.1,False,False,False,False,False,True
2026-07-22 23:08:00,Node A,26.16,7.85,8.8,-0.2,-0.02,0.4,False,False,False,False,False,True
2026-07-22 23:08:00,Node B,27.07,6.96,14.3,-0.15,0.02,-0.5,False,False,False,False,False,True
2026-07-22 23:53:00,Node A,25.84,7.87,8.8,,,,True,False,False,False,True,False
2026-07-22 23:53:00,Node B,26.41,6.94,14.5,,,,True,False,False,False,False,False
2026-07-23 00:08:00,Node A,25.62,7.8,10.2,-0.22,-0.07,1.4,False,False,False,False,True,True
2026-07-23 00:08:00,Node B,26.18,6.96,14.7,-0.23,0.02,0.2,False,False,False,False,False,True
2026-07-23 00:23:00,Node A,25.22,7.68,12.3,-0.4,-0.12,2.1,False,False,False,False,True,True
2026-07-23 00:23:00,Node B,26.1,6.96,14.6,-0.08,0.0,-0.1,False,False,False,False,False,True
2026-07-23 00:38:00,Node A,24.47,7.46,11.8,-0.75,-0.22,-0.5,False,True,False,True,True,False
2026-07-23 00:38:00,Node B,26.07,6.94,14.4,-0.03,-0.02,-0.2,False,False,False,False,False,True
2026-07-23 00:53:00,Node A,23.74,7.02,11.6,-0.73,-0.44,-0.2,False,True,False,True,True,False
2026-07-23 00:53:00,Node B,25.9,6.89,14.6,-0.17,-0.05,0.2,False,False,False,False,False,True
2026-07-23 01:08:00,Node A,23.61,6.52,11.2,-0.13,-0.5,-0.4,False,True,False,True,True,False
2026-07-23 01:08:00,Node B,25.9,6.88,14.6,0.0,-0.01,0.0,False,False,False,False,False,True
2026-07-23 01:23:00,Node A,23.47,6.45,11.5,-0.14,-0.07,0.3,False,True,False,True,True,False
2026-07-23 01:23:00,Node B,25.78,6.87,14.8,-0.12,-0.01,0.2,False,False,False,False,False,True
2026-07-23 01:38:00,Node A,23.45,6.36,11.7,-0.02,-0.09,0.2,False,True,False,True,True,False
2026-07-23 01:38:00,Node B,25.87,6.88,15.0,0.09,0.01,0.2,False,False,False,False,False,True
2026-07-23 01:53:00,Node A,23.82,6.27,12.1,0.37,-0.09,0.4,False,True,False,True,True,False
2026-07-23 01:53:00,Node B,25.81,6.86,14.7,-0.06,-0.02,-0.3,False,False,False,False,True,True
2026-07-23 02:08:00,Node A,24.11,6.38,12.3,0.29,0.11,0.2,False,True,False,True,True,False
2026-07-23 02:08:00,Node B,25.92,6.88,15.6,0.11,0.02,0.9,False,False,False,False,True,True
2026-07-23 02:23:00,Node A,24.35,6.55,12.3,0.24,0.17,0.0,False,True,False,True,True,False
2026-07-23 02:23:00,Node B,25.64,6.86,16.8,-0.28,-0.02,1.2,False,False,False,False,True,True
2026-07-23 02:38:00,Node A,24.71,6.76,12.1,0.36,0.21,-0.2,False,True,False,True,True,False
2026-07-23 02:38:00,Node B,25.23,6.85,18.6,-0.41,-0.01,1.8,False,False,False,False,True,True
2026-07-23 02:53:00,Node A,24.94,7.05,12.3,0.23,0.29,0.2,False,True,False,True,False,False
2026-07-23 02:53:00,Node B,24.44,6.85,20.7,-0.79,0.0,2.1,False,True,False,True,True,False
2026-07-23 03:08:00,Node A,25.27,7.35,12.6,0.33,0.3,0.3,False,False,False,False,False,True
2026-07-23 03:08:00,Node B,24.5,6.87,22.4,0.06,0.02,1.7,False,True,False,True,True,False
2026-07-23 03:23:00,Node A,25.75,7.68,12.5,0.48,0.33,-0.1,False,False,False,False,False,True
2026-07-23 03:23:00,Node B,24.61,6.78,22.4,0.11,-0.09,0.0,False,True,False,True,True,False
2026-07-23 03:38:00,Node A,26.03,7.89,12.4,0.28,0.21,-0.1,False,False,False,False,False,True
2026-07-23 03:38:00,Node B,24.38,6.63,22.5,-0.23,-0.15,0.1,False,True,False,True,True,False
2026-07-23 03:53:00,Node A,26.16,8.1,12.1,0.13,0.21,-0.3,False,False,False,False,False,True
2026-07-23 03:53:00,Node B,24.28,6.37,22.6,-0.1,-0.26,0.1,False,True,False,True,True,False
2026-07-23 04:08:00,Node A,26.15,8.09,11.6,-0.01,-0.01,-0.5,False,False,False,False,False,True
2026-07-23 04:08:00,Node B,24.42,6.05,22.5,0.14,-0.32,-0.1,False,True,False,True,True,False
2026-07-23 04:23:00,Node A,26.4,8.1,11.2,0.25,0.01,-0.4,False,False,False,False,False,True
2026-07-23 04:23:00,Node B,24.44,6.09,22.3,0.02,0.04,-0.2,False,True,False,True,True,False
2026-07-23 04:38:00,Node A,26.44,8.09,11.3,0.04,-0.01,0.1,False,False,False,False,False,True
2026-07-23 04:38:00,Node B,24.8,6.08,22.2,0.36,-0.01,-0.1,False,True,False,True,True,False
2026-07-23 05:08:00,Node A,26.67,7.96,11.2,,,,True,False,False,False,False,False
2026-07-23 05:08:00,Node B,25.25,6.05,24.2,,,,True,True,False,True,True,False
2026-07-23 05:23:00,Node A,26.79,7.9,11.4,0.12,-0.06,0.2,False,False,False,False,False,True
2026-07-23 05:23:00,Node B,25.5,6.1,25.7,0.25,0.05,1.5,False,True,False,True,True,False
2026-07-23 05:38:00,Node A,26.83,7.8,11.4,0.04,-0.1,0.0,False,False,False,False,False,True
2026-07-23 05:38:00,Node B,25.65,6.23,26.4,0.15,0.13,0.7,False,True,False,True,True,False
2026-07-23 05:53:00,Node A,26.89,7.73,11.5,0.06,-0.07,0.1,False,False,False,False,False,True
2026-07-23 05:53:00,Node B,25.91,6.37,25.0,0.26,0.14,-1.4,False,True,False,True,True,False
2026-07-23 06:08:00,Node A,26.86,7.69,11.0,-0.03,-0.04,-0.5,False,False,False,False,False,True
2026-07-23 06:08:00,Node B,25.9,7.39,24.7,-0.01,1.02,-0.3,False,False,True,True,False,False
2026-07-23 06:23:00,Node A,26.99,7.65,11.0,0.13,-0.04,0.0,False,False,False,False,False,True
2026-07-23 06:23:00,Node B,26.03,7.54,23.8,0.13,0.15,-0.9,False,False,False,False,False,True
2026-07-23 06:38:00,Node A,27.04,7.6,11.5,0.05,-0.05,0.5,False,False,False,False,False,True
2026-07-23 06:38:00,Node B,26.63,7.68,22.4,0.6,0.14,-1.4,False,False,False,False,False,True
2026-07-23 06:53:00,Node A,27.04,7.54,11.3,0.0,-0.06,-0.2,False,False,False,False,False,True
2026-07-23 06:53:00,Node B,26.72,7.81,20.7,0.09,0.13,-1.7,False,False,False,False,False,True
2026-07-23 07:08:00,Node A,27.1,7.47,10.9,0.06,-0.07,-0.4,False,False,False,False,False,True
2026-07-23 07:08:00,Node B,26.75,7.81,19.4,0.03,0.0,-1.3,False,False,False,False,False,True
2026-07-23 07:23:00,Node A,27.25,7.39,10.6,0.15,-0.08,-0.3,False,False,False,False,False,True
2026-07-23 07:23:00,Node B,27.0,7.72,19.4,0.25,-0.09,0.0,False,False,False,False,False,True
2026-07-23 07:53:00,Node A,27.3,7.26,10.7,,,,True,False,False,False,False,False
2026-07-23 07:53:00,Node B,27.34,7.52,18.7,,,,True,False,False,False,False,False
2026-07-23 08:08:00,Node A,27.34,7.24,10.5,0.04,-0.02,-0.2,False,False,False,False,False,True
2026-07-23 08:08:00,Node B,27.51,7.4,18.3,0.17,-0.12,-0.4,False,False,False,False,False,True
2026-07-23 08:23:00,Node A,27.39,7.26,10.3,0.05,0.02,-0.2,False,False,False,False,False,True
2026-07-23 08:23:00,Node B,27.5,7.3,18.1,-0.01,-0.1,-0.2,False,False,False,False,False,True
2026-07-23 08:38:00,Node A,27.58,7.24,9.9,0.19,-0.02,-0.4,False,False,False,False,False,True
2026-07-23 08:38:00,Node B,27.73,7.22,17.7,0.23,-0.08,-0.4,False,False,False,False,False,True
2026-07-23 08:53:00,Node A,27.44,7.23,9.5,-0.14,-0.01,-0.4,False,False,False,False,False,True
2026-07-23 08:53:00,Node B,27.82,7.13,17.7,0.09,-0.09,0.0,False,False,False,False,False,True
2026-07-23 09:08:00,Node A,27.49,7.24,9.2,0.05,0.01,-0.3,False,False,False,False,False,True
2026-07-23 09:08:00,Node B,28.11,7.04,17.6,0.29,-0.09,-0.1,False,False,False,False,False,True
2026-07-23 09:23:00,Node A,27.63,7.25,9.5,0.14,0.01,0.3,False,False,False,False,False,True
2026-07-23 09:23:00,Node B,28.13,6.93,17.1,0.02,-0.11,-0.5,False,False,False,False,False,True
2026-07-23 09:38:00,Node A,27.89,7.24,9.5,0.26,-0.01,0.0,False,False,False,False,False,True
2026-07-23 09:38:00,Node B,28.29,6.97,16.8,0.16,0.04,-0.3,False,False,False,False,False,True
2026-07-23 09:53:00,Node A,27.85,7.23,9.1,-0.04,-0.01,-0.4,False,False,False,False,False,True
2026-07-23 09:53:00,Node B,28.48,6.96,16.8,0.19,-0.01,0.0,False,False,False,False,False,True
2026-07-23 10:08:00,Node A,28.0,7.25,8.7,0.15,0.02,-0.4,False,False,False,False,False,True
2026-07-23 10:08:00,Node B,28.65,6.96,16.3,0.17,0.0,-0.5,False,False,False,False,False,True
2026-07-23 10:23:00,Node A,28.09,7.24,8.2,0.09,-0.01,-0.5,False,False,False,False,False,True
2026-07-23 10:23:00,Node B,28.64,6.95,15.6,-0.01,-0.01,-0.7,False,False,False,False,False,True
2026-07-23 10:38:00,Node A,28.01,7.25,7.6,-0.08,0.01,-0.6,False,False,False,False,False,True
2026-07-23 10:38:00,Node B,28.78,6.99,15.7,0.14,0.04,0.1,False,False,False,False,False,True
2026-07-23 10:53:00,Node A,28.13,7.28,7.4,0.12,0.03,-0.2,False,False,False,False,False,True
2026-07-23 10:53:00,Node B,28.94,7.01,15.4,0.16,0.02,-0.3,False,False,False,False,False,True
2026-07-23 11:08:00,Node A,28.22,7.27,7.1,0.09,-0.01,-0.3,False,False,False,False,False,True
2026-07-23 11:08:00,Node B,29.14,7.04,15.4,0.2,0.03,0.0,False,False,False,False,False,True
2026-07-23 11:23:00,Node A,28.3,7.26,6.7,0.08,-0.01,-0.4,False,False,False,False,False,True
2026-07-23 11:23:00,Node B,29.32,7.04,15.3,0.18,0.0,-0.1,False,False,False,False,False,True
2026-07-23 11:38:00,Node A,28.43,7.28,6.6,0.13,0.02,-0.1,False,False,False,False,False,True
2026-07-23 11:38:00,Node B,29.42,7.08,15.3,0.1,0.04,0.0,False,False,False,False,False,True
2026-07-23 11:53:00,Node A,28.58,7.3,6.2,0.15,0.02,-0.4,False,False,False,False,False,True
2026-07-23 11:53:00,Node B,29.52,7.06,15.9,0.1,-0.02,0.6,False,False,False,False,False,True
2026-07-23 12:08:00,Node A,28.87,7.3,6.5,0.29,0.0,0.3,False,False,False,False,False,True
2026-07-23 12:08:00,Node B,29.55,7.03,15.9,0.03,-0.03,0.0,False,False,False,False,False,True
2026-07-23 12:23:00,Node A,28.88,7.35,7.0,0.01,0.05,0.5,False,False,False,False,False,True
2026-07-23 12:23:00,Node B,29.72,7.05,15.7,0.17,0.02,-0.2,False,False,False,False,False,True
2026-07-23 12:53:00,Node A,28.99,7.29,7.2,,,,True,False,False,False,False,False
2026-07-23 12:53:00,Node B,29.79,7.05,15.9,,,,True,False,False,False,False,False
2026-07-23 13:08:00,Node A,28.95,7.32,7.5,-0.04,0.03,0.3,False,False,False,False,False,True
2026-07-23 13:08:00,Node B,30.02,7.05,16.3,0.23,0.0,0.4,False,False,False,False,False,True
2026-07-23 13:23:00,Node A,29.04,7.31,7.3,0.09,-0.01,-0.2,False,False,False,False,False,True
2026-07-23 13:23:00,Node B,29.98,7.05,16.1,-0.04,0.0,-0.2,False,False,False,False,False,True
2026-07-23 13:38:00,Node A,29.07,7.32,7.1,0.03,0.01,-0.2,False,False,False,False,False,True
2026-07-23 13:38:00,Node B,30.18,7.08,16.0,0.2,0.03,-0.1,False,False,False,False,False,True
2026-07-23 13:53:00,Node A,29.22,7.34,6.8,0.15,0.02,-0.3,False,False,False,False,False,True
2026-07-23 13:53:00,Node B,30.03,7.09,16.3,-0.15,0.01,0.3,False,False,False,False,False,True
2026-07-23 14:08:00,Node A,29.25,7.33,7.0,0.03,-0.01,0.2,False,False,False,False,False,True
2026-07-23 14:08:00,Node B,30.17,7.09,16.2,0.14,0.0,-0.1,False,False,False,False,False,True
2026-07-23 14:23:00,Node A,29.09,7.33,6.9,-0.16,0.0,-0.1,False,False,False,False,False,True
2026-07-23 14:23:00,Node B,30.17,7.09,16.0,0.0,0.0,-0.2,False,False,False,False,False,True
2026-07-23 14:38:00,Node A,29.07,7.34,6.8,-0.02,0.01,-0.1,False,False,False,False,False,True
2026-07-23 14:38:00,Node B,30.27,7.09,16.1,0.1,0.0,0.1,False,False,False,False,False,True
2026-07-23 14:53:00,Node A,29.09,7.34,6.8,0.02,0.0,0.0,False,False,False,False,False,True
2026-07-23 14:53:00,Node B,30.31,7.13,16.2,0.04,0.04,0.1,False,False,False,False,False,True
2026-07-23 15:08:00,Node A,28.92,7.3,7.0,-0.17,-0.04,0.2,False,False,False,False,False,True
2026-07-23 15:08:00,Node B,30.44,7.08,15.9,0.13,-0.05,-0.3,False,False,False,False,False,True
2026-07-23 15:38:00,Node A,29.01,7.3,7.0,,,,True,False,False,False,False,False
2026-07-23 15:38:00,Node B,30.28,7.07,16.0,,,,True,False,False,False,False,False
2026-07-23 15:53:00,Node A,29.03,7.3,7.1,0.02,0.0,0.1,False,False,False,False,False,True
2026-07-23 15:53:00,Node B,30.18,7.07,15.9,-0.1,0.0,-0.1,False,False,False,False,False,True
2026-07-23 16:08:00,Node A,28.94,7.33,7.5,-0.09,0.03,0.4,False,False,False,False,False,True
2026-07-23 16:08:00,Node B,30.26,7.1,15.7,0.08,0.03,-0.2,False,False,False,False,False,True
2026-07-23 16:23:00,Node A,28.87,7.32,7.4,-0.07,-0.01,-0.1,False,False,False,False,False,True
2026-07-23 16:23:00,Node B,30.01,7.1,16.1,-0.25,0.0,0.4,False,False,False,False,False,True
2026-07-23 16:38:00,Node A,28.87,7.3,7.9,0.0,-0.02,0.5,False,False,False,False,False,True
2026-07-23 16:38:00,Node B,29.95,7.1,16.0,-0.06,0.0,-0.1,False,False,False,False,False,True
2026-07-23 16:53:00,Node A,28.92,7.31,7.8,0.05,0.01,-0.1,False,False,False,False,False,True
2026-07-23 16:53:00,Node B,29.78,7.11,15.7,-0.17,0.01,-0.3,False,False,False,False,False,True
2026-07-23 17:08:00,Node A,29.09,7.3,8.1,0.17,-0.01,0.3,False,False,False,False,False,True
2026-07-23 17:08:00,Node B,29.61,7.09,15.4,-0.17,-0.02,-0.3,False,False,False,False,False,True
2026-07-23 17:23:00,Node A,29.03,7.33,8.2,-0.06,0.03,0.1,False,False,False,False,False,True
2026-07-23 17:23:00,Node B,29.49,7.06,15.6,-0.12,-0.03,0.2,False,False,False,False,False,True
2026-07-23 17:38:00,Node A,28.71,7.32,8.2,-0.32,-0.01,0.0,False,False,False,False,False,True
2026-07-23 17:38:00,Node B,29.47,7.08,15.9,-0.02,0.02,0.3,False,False,False,False,False,True
2026-07-23 17:53:00,Node A,28.62,7.36,7.6,-0.09,0.04,-0.6,False,False,False,False,False,True
2026-07-23 17:53:00,Node B,29.37,7.04,16.0,-0.1,-0.04,0.1,False,False,False,False,False,True
2026-07-23 18:08:00,Node A,28.48,7.37,7.1,-0.14,0.01,-0.5,False,False,False,False,False,True
2026-07-23 18:08:00,Node B,29.33,7.1,16.0,-0.04,0.06,0.0,False,False,False,False,False,True
2026-07-23 18:23:00,Node A,28.54,7.37,7.3,0.06,0.0,0.2,False,False,False,False,False,True
2026-07-23 18:23:00,Node B,29.42,7.07,16.0,0.09,-0.03,0.0,False,False,False,False,False,True
2026-07-23 18:38:00,Node A,28.3,7.36,7.4,-0.24,-0.01,0.1,False,False,False,False,False,True
2026-07-23 18:38:00,Node B,29.2,7.04,16.4,-0.22,-0.03,0.4,False,False,False,False,False,True
2026-07-23 18:53:00,Node A,28.28,7.38,7.3,-0.02,0.02,-0.1,False,False,False,False,False,True
2026-07-23 18:53:00,Node B,28.93,7.06,16.3,-0.27,0.02,-0.1,False,False,False,False,False,True
2026-07-23 19:08:00,Node A,28.3,7.39,6.9,0.02,0.01,-0.4,False,False,False,False,False,True
2026-07-23 19:08:00,Node B,28.87,7.02,16.3,-0.06,-0.04,0.0,False,False,False,False,False,True
2026-07-23 19:38:00,Node A,28.1,7.32,7.3,,,,True,False,False,False,False,False
2026-07-23 19:38:00,Node B,28.6,7.06,15.9,,,,True,False,False,False,False,False
2026-07-23 19:53:00,Node A,27.83,7.28,7.9,-0.27,-0.04,0.6,False,False,False,False,False,True
2026-07-23 19:53:00,Node B,28.51,7.03,16.3,-0.09,-0.03,0.4,False,False,False,False,False,True
2026-07-23 20:08:00,Node A,27.72,7.3,8.0,-0.11,0.02,0.1,False,False,False,False,False,True
2026-07-23 20:08:00,Node B,28.29,7.04,16.7,-0.22,0.01,0.4,False,False,False,False,False,True
2026-07-23 20:23:00,Node A,27.58,7.25,7.5,-0.14,-0.05,-0.5,False,False,False,False,False,True
2026-07-23 20:23:00,Node B,28.09,7.0,16.9,-0.2,-0.04,0.2,False,False,False,False,False,True
2026-07-23 20:38:00,Node A,27.45,7.25,7.4,-0.13,0.0,-0.1,False,False,False,False,False,True
2026-07-23 20:38:00,Node B,28.06,6.99,17.0,-0.03,-0.01,0.1,False,False,False,False,False,True
2026-07-23 20:53:00,Node A,27.23,7.24,7.3,-0.22,-0.01,-0.1,False,False,False,False,False,True
2026-07-23 20:53:00,Node B,27.93,7.01,16.7,-0.13,0.02,-0.3,False,False,False,False,False,True
2026-07-23 21:08:00,Node A,27.19,7.25,7.7,-0.04,0.01,0.4,False,False,False,False,False,True
2026-07-23 21:08:00,Node B,27.93,7.02,16.8,0.0,0.01,0.1,False,False,False,False,False,True
2026-07-23 21:23:00,Node A,27.07,7.27,7.5,-0.12,0.02,-0.2,False,False,False,False,True,True
2026-07-23 21:23:00,Node B,27.63,7.03,17.1,-0.3,0.01,0.3,False,False,False,False,False,True
2026-07-23 21:38:00,Node A,26.88,7.26,7.9,-0.19,-0.01,0.4,False,False,False,False,True,True
2026-07-23 21:38:00,Node B,27.47,7.03,17.4,-0.16,0.0,0.3,False,False,False,False,False,True
2026-07-23 21:53:00,Node A,26.73,7.25,8.9,-0.15,-0.01,1.0,False,False,False,False,True,True
2026-07-23 21:53:00,Node B,27.29,7.0,17.5,-0.18,-0.03,0.1,False,False,False,False,False,True
2026-07-23 22:08:00,Node A,26.65,7.25,10.4,-0.08,0.0,1.5,False,False,False,False,True,True
2026-07-23 22:08:00,Node B,27.2,7.0,17.3,-0.09,0.0,-0.2,False,False,False,False,False,True
2026-07-23 22:23:00,Node A,26.36,8.11,11.9,-0.29,0.86,1.5,False,False,True,True,False,False
2026-07-23 22:23:00,Node B,27.07,6.99,17.0,-0.13,-0.01,-0.3,False,False,False,False,False,True
2026-07-23 22:38:00,Node A,26.15,8.06,11.7,-0.21,-0.05,-0.2,False,False,False,False,False,True
2026-07-23 22:38:00,Node B,26.93,6.99,17.0,-0.14,0.0,0.0,False,False,False,False,True,True
2026-07-23 22:53:00,Node A,26.27,8.06,11.8,0.12,0.0,0.1,False,False,False,False,False,True
2026-07-23 22:53:00,Node B,26.82,6.99,17.1,-0.11,0.0,0.1,False,False,False,False,True,True
2026-07-23 23:08:00,Node A,26.21,8.05,11.4,-0.06,-0.01,-0.4,False,False,False,False,False,True
2026-07-23 23:08:00,Node B,26.44,6.99,18.8,-0.38,0.0,1.7,False,False,False,False,True,True
2026-07-23 23:23:00,Node A,26.19,8.03,12.0,-0.02,-0.02,0.6,False,False,False,False,False,True
2026-07-23 23:23:00,Node B,25.74,7.01,21.4,-0.7,0.02,2.6,False,False,False,False,True,True
2026-07-23 23:38:00,Node A,26.21,7.85,11.8,0.02,-0.18,-0.2,False,False,False,False,False,True
2026-07-23 23:38:00,Node B,24.7,6.98,25.2,-1.04,-0.03,3.8,False,True,False,True,True,False
2026-07-23 23:53:00,Node A,25.88,7.69,11.3,-0.33,-0.16,-0.5,False,False,False,False,False,True
2026-07-23 23:53:00,Node B,24.57,6.97,25.5,-0.13,-0.01,0.3,False,True,False,True,True,False
2026-07-24 00:08:00,Node A,25.89,7.53,11.0,0.01,-0.16,-0.3,False,False,False,False,False,True
2026-07-24 00:08:00,Node B,24.33,6.96,27.3,-0.24,-0.01,1.8,False,True,False,True,True,False
2026-07-24 00:23:00,Node A,25.61,7.4,11.0,-0.28,-0.13,0.0,False,False,False,False,False,True
2026-07-24 00:23:00,Node B,23.96,6.82,29.6,-0.37,-0.14,2.3,False,True,False,True,True,False
2026-07-24 00:38:00,Node A,25.47,7.21,10.4,-0.14,-0.19,-0.6,False,False,False,False,False,True
2026-07-24 00:38:00,Node B,23.4,6.57,32.3,-0.56,-0.25,2.7,False,True,False,True,True,False
2026-07-24 00:53:00,Node A,25.52,7.22,10.0,0.05,0.01,-0.4,False,False,False,False,False,True
2026-07-24 00:53:00,Node B,23.2,6.24,32.1,-0.2,-0.33,-0.2,False,True,False,True,True,False
2026-07-24 01:08:00,Node A,25.5,7.2,9.6,-0.02,-0.02,-0.4,False,False,False,False,False,True
2026-07-24 01:08:00,Node B,23.33,5.9,32.5,0.13,-0.34,0.4,False,True,False,True,True,False
2026-07-24 01:38:00,Node A,25.11,7.2,9.0,,,,True,False,False,False,False,False
2026-07-24 01:38:00,Node B,23.41,5.9,31.9,,,,True,True,False,True,True,False
2026-07-24 01:53:00,Node A,25.11,7.2,9.0,0.0,0.0,0.0,False,False,False,False,False,True
2026-07-24 01:53:00,Node B,23.31,5.9,31.5,-0.1,0.0,-0.4,False,True,False,True,True,False
2026-07-24 02:08:00,Node A,25.08,7.21,8.4,-0.03,0.01,-0.6,False,False,False,False,False,True
2026-07-24 02:08:00,Node B,23.46,5.9,29.8,0.15,0.0,-1.7,False,True,False,True,True,False
2026-07-24 02:23:00,Node A,25.18,7.21,8.5,0.1,0.0,0.1,False,False,False,False,False,True
2026-07-24 02:23:00,Node B,23.73,5.9,28.6,0.27,0.0,-1.2,False,True,False,True,True,False
2026-07-24 02:38:00,Node A,25.02,7.24,8.4,-0.16,0.03,-0.1,False,False,False,False,False,True
2026-07-24 02:38:00,Node B,23.98,5.9,27.2,0.25,0.0,-1.4,False,True,False,True,True,False
2026-07-24 02:53:00,Node A,25.16,7.21,8.1,0.14,-0.03,-0.3,False,False,False,False,False,True
2026-07-24 02:53:00,Node B,24.28,5.9,25.8,0.3,0.0,-1.4,False,True,False,True,True,False
2026-07-24 03:08:00,Node A,25.15,7.2,8.4,-0.01,-0.01,0.3,False,False,False,False,False,True
2026-07-24 03:08:00,Node B,24.5,5.9,24.1,0.22,0.0,-1.7,False,True,False,True,True,False
2026-07-24 03:23:00,Node A,25.14,7.18,8.5,-0.01,-0.02,0.1,False,False,False,False,False,True
2026-07-24 03:23:00,Node B,24.79,5.9,22.5,0.29,0.0,-1.6,False,True,False,True,True,False
2026-07-24 03:38:00,Node A,25.16,7.18,8.7,0.02,0.0,0.2,False,False,False,False,False,True
2026-07-24 03:38:00,Node B,25.09,5.9,21.3,0.3,0.0,-1.2,False,True,False,True,True,False
2026-07-24 03:53:00,Node A,25.17,7.19,8.5,0.01,0.01,-0.2,False,False,False,False,False,True
2026-07-24 03:53:00,Node B,25.32,5.9,20.2,0.23,0.0,-1.1,False,True,False,True,True,False
2026-07-24 04:08:00,Node A,25.21,7.18,8.7,0.04,-0.01,0.2,False,False,False,False,False,True
2026-07-24 04:08:00,Node B,25.39,6.18,19.6,0.07,0.28,-0.6,False,True,False,True,True,False
2026-07-24 04:23:00,Node A,25.26,7.16,8.8,0.05,-0.02,0.1,False,False,False,False,False,True
2026-07-24 04:23:00,Node B,25.51,6.32,19.2,0.12,0.14,-0.4,False,True,False,True,True,False
2026-07-24 04:38:00,Node A,25.25,7.16,8.7,-0.01,0.0,-0.1,False,False,False,False,False,True
2026-07-24 04:38:00,Node B,25.55,6.43,18.6,0.04,0.11,-0.6,False,True,False,True,False,False
2026-07-24 04:53:00,Node A,25.55,7.16,8.3,0.3,0.0,-0.4,False,False,False,False,False,True
2026-07-24 04:53:00,Node B,25.67,6.61,17.9,0.12,0.18,-0.7,False,False,False,False,False,True
2026-07-24 05:08:00,Node A,25.95,7.16,8.3,0.4,0.0,0.0,False,False,False,False,False,True
2026-07-24 05:08:00,Node B,25.97,6.76,17.2,0.3,0.15,-0.7,False,False,False,False,False,True
2026-07-24 05:23:00,Node A,25.95,7.19,7.6,0.0,0.03,-0.7,False,False,False,False,False,True
2026-07-24 05:23:00,Node B,26.26,6.91,17.3,0.29,0.15,0.1,False,False,False,False,False,True
2026-07-24 05:38:00,Node A,25.9,7.18,7.6,-0.05,-0.01,0.0,False,False,False,False,False,True
2026-07-24 05:38:00,Node B,26.18,6.89,17.5,-0.08,-0.02,0.2,False,False,False,False,False,True
2026-07-24 05:53:00,Node A,25.99,7.18,7.6,0.09,0.0,0.0,False,False,False,False,False,True
2026-07-24 05:53:00,Node B,26.19,6.94,17.5,0.01,0.05,0.0,False,False,False,False,False,True
2026-07-24 06:08:00,Node A,26.2,7.19,7.8,0.21,0.01,0.2,False,False,False,False,False,True
2026-07-24 06:08:00,Node B,26.36,6.92,17.6,0.17,-0.02,0.1,False,False,False,False,False,True
2026-07-24 06:23:00,Node A,26.2,7.17,7.9,0.0,-0.02,0.1,False,False,False,False,False,True
2026-07-24 06:23:00,Node B,26.49,6.91,16.8,0.13,-0.01,-0.8,False,False,False,False,False,True
2026-07-24 06:38:00,Node A,26.19,7.17,8.2,-0.01,0.0,0.3,False,False,False,False,False,True
2026-07-24 06:38:00,Node B,26.48,6.91,17.5,-0.01,0.0,0.7,False,False,False,False,False,True
2026-07-24 06:53:00,Node A,26.19,7.19,8.1,0.0,0.02,-0.1,False,False,False,False,False,True
2026-07-24 06:53:00,Node B,26.57,6.91,17.3,0.09,0.0,-0.2,False,False,False,False,False,True
2026-07-24 07:08:00,Node A,26.16,7.14,8.1,-0.03,-0.05,0.0,False,False,False,False,False,True
2026-07-24 07:08:00,Node B,26.88,6.89,17.4,0.31,-0.02,0.1,False,False,False,False,False,True
2026-07-24 07:23:00,Node A,26.34,7.14,8.0,0.18,0.0,-0.1,False,False,False,False,False,True
2026-07-24 07:23:00,Node B,26.89,6.89,17.8,0.01,0.0,0.4,False,False,False,False,False,True
2026-07-24 07:53:00,Node A,26.58,7.21,8.6,,,,True,False,False,False,False,False
2026-07-24 07:53:00,Node B,27.24,6.92,17.5,,,,True,False,False,False,False,False
2026-07-24 08:08:00,Node A,26.74,7.2,8.5,0.16,-0.01,-0.1,False,False,False,False,False,True
2026-07-24 08:08:00,Node B,27.4,6.92,17.3,0.16,0.0,-0.2,False,False,False,False,False,True
2026-07-24 08:23:00,Node A,26.93,7.2,8.7,0.19,0.0,0.2,False,False,False,False,False,True
2026-07-24 08:23:00,Node B,27.49,6.91,17.4,0.09,-0.01,0.1,False,False,False,False,False,True
2026-07-24 08:38:00,Node A,27.05,7.24,8.6,0.12,0.04,-0.1,False,False,False,False,False,True
2026-07-24 08:38:00,Node B,27.61,6.9,17.3,0.12,-0.01,-0.1,False,False,False,False,False,True
2026-07-24 08:53:00,Node A,26.85,7.22,8.3,-0.2,-0.02,-0.3,False,False,False,False,False,True
2026-07-24 08:53:00,Node B,27.78,6.94,17.4,0.17,0.04,0.1,False,False,False,False,False,True
2026-07-24 09:08:00,Node A,26.91,7.26,8.4,0.06,0.04,0.1,False,False,False,False,False,True
2026-07-24 09:08:00,Node B,27.83,6.96,17.4,0.05,0.02,0.0,False,False,False,False,False,True
2026-07-24 09:23:00,Node A,27.09,7.25,8.5,0.18,-0.01,0.1,False,False,False,False,False,True
2026-07-24 09:23:00,Node B,27.88,6.95,17.7,0.05,-0.01,0.3,False,False,False,False,False,True
2026-07-24 09:38:00,Node A,27.33,7.23,8.5,0.24,-0.02,0.0,False,False,False,False,False,True
2026-07-24 09:38:00,Node B,28.11,6.93,20.1,0.23,-0.02,2.4,False,False,False,False,False,True
2026-07-24 09:53:00,Node A,27.46,7.22,8.4,0.13,-0.01,-0.1,False,False,False,False,False,True
2026-07-24 09:53:00,Node B,28.24,6.95,21.6,0.13,0.02,1.5,False,False,False,False,True,True
2026-07-24 10:08:00,Node A,27.74,7.23,8.5,0.28,0.01,0.1,False,False,False,False,False,True
2026-07-24 10:08:00,Node B,28.23,6.98,21.4,-0.01,0.03,-0.2,False,False,False,False,True,True
2026-07-24 10:23:00,Node A,27.98,7.27,8.6,0.24,0.04,0.1,False,False,False,False,False,True
2026-07-24 10:23:00,Node B,28.39,7.02,21.7,0.16,0.04,0.3,False,False,False,False,True,True
2026-07-24 10:38:00,Node A,27.99,7.3,8.2,0.01,0.03,-0.4,False,False,False,False,False,True
2026-07-24 10:38:00,Node B,28.54,7.03,22.1,0.15,0.01,0.4,False,False,False,False,True,True
2026-07-24 10:53:00,Node A,28.22,7.34,8.1,0.23,0.04,-0.1,False,False,False,False,False,True
2026-07-24 10:53:00,Node B,28.87,6.43,22.0,0.33,-0.6,-0.1,False,True,False,True,True,False
2026-07-24 11:08:00,Node A,28.21,7.34,8.1,-0.01,0.0,0.0,False,False,False,False,False,True
2026-07-24 11:08:00,Node B,29.11,6.48,22.2,0.24,0.05,0.2,False,True,False,True,False,False
2026-07-24 11:23:00,Node A,28.23,7.28,8.6,0.02,-0.06,0.5,False,False,False,False,False,True
2026-07-24 11:23:00,Node B,29.27,6.52,22.0,0.16,0.04,-0.2,False,False,False,False,False,True
2026-07-24 11:38:00,Node A,28.29,7.31,8.4,0.06,0.03,-0.2,False,False,False,False,False,True
2026-07-24 11:38:00,Node B,29.38,6.6,21.7,0.11,0.08,-0.3,False,False,False,False,False,True
2026-07-24 11:53:00,Node A,28.44,7.32,8.3,0.15,0.01,-0.1,False,False,False,False,False,True
2026-07-24 11:53:00,Node B,29.59,6.64,20.8,0.21,0.04,-0.9,False,False,False,False,False,True
2026-07-24 12:08:00,Node A,28.45,7.33,8.1,0.01,0.01,-0.2,False,False,False,False,False,True
2026-07-24 12:08:00,Node B,29.63,6.68,20.3,0.04,0.04,-0.5,False,False,False,False,False,True
2026-07-24 12:23:00,Node A,28.69,7.32,8.1,0.24,-0.01,0.0,False,False,False,False,False,True
2026-07-24 12:23:00,Node B,29.57,6.77,19.8,-0.06,0.09,-0.5,False,False,False,False,False,True
2026-07-24 12:38:00,Node A,28.91,7.29,8.2,0.22,-0.03,0.1,False,False,False,False,False,True
2026-07-24 12:38:00,Node B,29.68,6.85,19.5,0.11,0.08,-0.3,False,False,False,False,False,True
2026-07-24 12:53:00,Node A,28.98,7.28,8.4,0.07,-0.01,0.2,False,False,False,False,False,True
2026-07-24 12:53:00,Node B,29.75,6.9,18.9,0.07,0.05,-0.6,False,False,False,False,False,True
2026-07-24 13:08:00,Node A,29.05,7.3,9.0,0.07,0.02,0.6,False,False,False,False,False,True
2026-07-24 13:08:00,Node B,29.88,6.97,18.5,0.13,0.07,-0.4,False,False,False,False,False,True
2026-07-24 13:23:00,Node A,29.22,7.34,9.1,0.17,0.04,0.1,False,False,False,False,True,True
2026-07-24 13:23:00,Node B,29.84,7.05,18.3,-0.04,0.08,-0.2,False,False,False,False,False,True
2026-07-24 13:38:00,Node A,29.35,7.34,9.6,0.13,0.0,0.5,False,False,False,False,True,True
2026-07-24 13:38:00,Node B,29.95,7.05,17.6,0.11,0.0,-0.7,False,False,False,False,False,True
2026-07-24 13:53:00,Node A,29.46,7.62,10.2,0.11,0.28,0.6,False,False,False,False,True,True
2026-07-24 13:53:00,Node B,29.93,7.03,16.9,-0.02,-0.02,-0.7,False,False,False,False,False,True
2026-07-24 14:08:00,Node A,29.79,8.07,10.4,0.33,0.45,0.2,False,False,False,False,True,True
2026-07-24 14:08:00,Node B,30.07,7.03,16.1,0.14,0.0,-0.8,False,False,False,False,False,True
2026-07-24 14:23:00,Node A,30.02,8.74,10.7,0.23,0.67,0.3,False,True,False,True,True,False
2026-07-24 14:23:00,Node B,30.12,7.04,15.7,0.05,0.01,-0.4,False,False,False,False,False,True
2026-07-24 14:38:00,Node A,30.4,8.72,11.2,0.38,-0.02,0.5,False,True,False,True,True,False
2026-07-24 14:38:00,Node B,30.19,7.07,15.6,0.07,0.03,-0.1,False,False,False,False,False,True
2026-07-24 14:53:00,Node A,30.4,8.71,11.3,0.0,-0.01,0.1,False,True,False,True,True,False
2026-07-24 14:53:00,Node B,30.12,7.07,16.1,-0.07,0.0,0.5,False,False,False,False,False,True
2026-07-24 15:08:00,Node A,30.44,8.71,11.1,0.04,0.0,-0.2,False,True,False,True,True,False
2026-07-24 15:08:00,Node B,30.05,7.08,16.0,-0.07,0.01,-0.1,False,False,False,False,False,True
2026-07-24 15:23:00,Node A,30.43,8.72,11.0,-0.01,0.01,-0.1,False,True,False,True,True,False
2026-07-24 15:23:00,Node B,30.01,7.06,15.9,-0.04,-0.02,-0.1,False,False,False,False,False,True
2026-07-24 15:38:00,Node A,30.52,8.73,11.4,0.09,0.01,0.4,False,True,False,True,True,False
2026-07-24 15:38:00,Node B,30.08,7.06,16.0,0.07,0.0,0.1,False,False,False,False,False,True
2026-07-24 15:53:00,Node A,30.31,8.72,11.7,-0.21,-0.01,0.3,False,True,False,True,True,False
2026-07-24 15:53:00,Node B,29.98,7.06,15.8,-0.1,0.0,-0.2,False,False,False,False,False,True
2026-07-24 16:08:00,Node A,30.22,8.61,11.4,-0.09,-0.11,-0.3,False,True,False,True,True,False
2026-07-24 16:08:00,Node B,29.92,7.05,15.8,-0.06,-0.01,0.0,False,False,False,False,False,True
2026-07-24 16:23:00,Node A,30.21,8.52,11.2,-0.01,-0.09,-0.2,False,True,False,True,False,False
2026-07-24 16:23:00,Node B,29.83,7.05,15.8,-0.09,0.0,0.0,False,False,False,False,False,True
2026-07-24 16:38:00,Node A,30.15,8.4,11.3,-0.06,-0.12,0.1,False,False,False,False,False,True
2026-07-24 16:38:00,Node B,29.81,7.06,15.9,-0.02,0.01,0.1,False,False,False,False,False,True
2026-07-24 16:53:00,Node A,30.05,8.28,11.3,-0.1,-0.12,0.0,False,False,False,False,False,True
2026-07-24 16:53:00,Node B,29.77,7.08,16.1,-0.04,0.02,0.2,False,False,False,False,False,True
2026-07-24 17:08:00,Node A,30.09,8.18,11.3,0.04,-0.1,0.0,False,False,False,False,False,True
2026-07-24 17:08:00,Node B,29.7,7.09,15.7,-0.07,0.01,-0.4,False,False,False,False,False,True
2026-07-24 17:23:00,Node A,30.14,8.12,11.2,0.05,-0.06,-0.1,False,False,False,False,False,True
2026-07-24 17:23:00,Node B,29.52,7.08,16.0,-0.18,-0.01,0.3,False,False,False,False,False,True
2026-07-24 17:38:00,Node A,30.0,8.04,11.1,-0.14,-0.08,-0.1,False,False,False,False,False,True
2026-07-24 17:38:00,Node B,29.49,7.07,15.8,-0.03,-0.01,-0.2,False,False,False,False,False,True
2026-07-24 17:53:00,Node A,29.8,7.93,10.9,-0.2,-0.11,-0.2,False,False,False,False,False,True
2026-07-24 17:53:00,Node B,29.46,7.09,15.6,-0.03,0.02,-0.2,False,False,False,False,False,True
2026-07-24 18:38:00,Node A,29.28,7.62,10.4,,,,True,False,False,False,False,False
2026-07-24 18:38:00,Node B,29.12,7.04,16.2,,,,True,False,False,False,False,False
2026-07-24 20:23:00,Node A,27.8,7.32,8.7,,,,True,False,False,False,False,False
2026-07-24 20:23:00,Node B,28.19,7.08,16.0,,,,True,False,False,False,False,False
2026-07-24 20:38:00,Node A,27.54,7.29,8.7,-0.26,-0.03,0.0,False,False,False,False,False,True
2026-07-24 20:38:00,Node B,28.14,7.08,16.4,-0.05,0.0,0.4,False,False,False,False,True,True
2026-07-24 20:53:00,Node A,27.39,7.27,8.7,-0.15,-0.02,0.0,False,False,False,False,False,True
2026-07-24 20:53:00,Node B,27.96,7.06,18.5,-0.18,-0.02,2.1,False,False,False,False,True,True
2026-07-24 21:08:00,Node A,27.16,7.25,9.0,-0.23,-0.02,0.3,False,False,False,False,False,True
2026-07-24 21:08:00,Node B,27.89,7.04,22.7,-0.07,-0.02,4.2,False,False,False,False,True,True
2026-07-24 21:23:00,Node A,26.87,7.26,8.9,-0.29,0.01,-0.1,False,False,False,False,False,True
2026-07-24 21:23:00,Node B,27.56,7.0,22.8,-0.33,-0.04,0.1,False,False,False,False,True,True
2026-07-24 21:38:00,Node A,26.81,7.3,8.8,-0.06,0.04,-0.1,False,False,False,False,False,True
2026-07-24 21:38:00,Node B,27.38,7.71,22.7,-0.18,0.71,-0.1,False,False,True,True,True,False
2026-07-24 21:53:00,Node A,26.76,7.27,8.7,-0.05,-0.03,-0.1,False,False,False,False,False,True
2026-07-24 21:53:00,Node B,27.1,7.71,22.7,-0.28,0.0,0.0,False,False,False,False,True,True
2026-07-24 22:08:00,Node A,26.67,7.29,8.5,-0.09,0.02,-0.2,False,False,False,False,False,True
2026-07-24 22:08:00,Node B,26.97,7.7,22.8,-0.13,-0.01,0.1,False,False,False,False,True,True
2026-07-24 22:23:00,Node A,26.48,7.28,8.8,-0.19,-0.01,0.3,False,False,False,False,False,True
2026-07-24 22:23:00,Node B,26.74,7.64,24.6,-0.23,-0.06,1.8,False,False,False,False,True,True
2026-07-24 22:38:00,Node A,26.32,7.28,9.2,-0.16,0.0,0.4,False,False,False,False,False,True
2026-07-24 22:38:00,Node B,26.66,7.54,26.2,-0.08,-0.1,1.6,False,True,False,True,True,False
2026-07-24 22:53:00,Node A,26.3,7.26,9.5,-0.02,-0.02,0.3,False,False,False,False,False,True
2026-07-24 22:53:00,Node B,26.63,7.43,27.6,-0.03,-0.11,1.4,False,True,False,True,True,False
2026-07-24 23:08:00,Node A,26.23,7.27,9.4,-0.07,0.01,-0.1,False,False,False,False,False,True
2026-07-24 23:08:00,Node B,26.5,6.42,27.2,-0.13,-1.01,-0.4,False,True,False,True,True,False
2026-07-24 23:23:00,Node A,26.13,7.25,9.2,-0.1,-0.02,-0.2,False,False,False,False,False,True
2026-07-24 23:23:00,Node B,26.28,6.3,26.4,-0.22,-0.12,-0.8,False,True,False,True,True,False
2026-07-24 23:38:00,Node A,26.12,7.27,9.5,-0.01,0.02,0.3,False,False,False,False,False,True
2026-07-24 23:38:00,Node B,26.17,6.2,25.7,-0.11,-0.1,-0.7,False,True,False,True,True,False
2026-07-24 23:53:00,Node A,25.95,7.28,9.1,-0.17,0.01,-0.4,False,False,False,False,False,True
2026-07-24 23:53:00,Node B,26.14,6.09,25.6,-0.03,-0.11,-0.1,False,True,False,True,True,False
2026-07-25 00:08:00,Node A,25.82,7.29,9.3,-0.13,0.01,0.2,False,False,False,False,False,True
2026-07-25 00:08:00,Node B,26.0,6.08,25.3,-0.14,-0.01,-0.3,False,True,False,True,False,False
2026-07-25 00:53:00,Node A,25.45,7.25,9.1,,,,True,False,False,False,False,False
2026-07-25 00:53:00,Node B,25.73,6.69,23.1,,,,True,False,False,False,False,False
2026-07-25 01:08:00,Node A,25.38,7.24,8.9,-0.07,-0.01,-0.2,False,False,False,False,True,True
2026-07-25 01:08:00,Node B,25.65,6.89,20.4,-0.08,0.2,-2.7,False,False,False,False,False,True
2026-07-25 01:23:00,Node A,25.38,7.22,9.1,0.0,-0.02,0.2,False,False,False,False,True,True
2026-07-25 01:23:00,Node B,25.7,6.9,19.4,0.05,0.01,-1.0,False,False,False,False,False,True
2026-07-25 01:38:00,Node A,25.28,7.22,10.1,-0.1,0.0,1.0,False,False,False,False,True,True
2026-07-25 01:38:00,Node B,25.79,6.9,18.3,0.09,0.0,-1.1,False,False,False,False,False,True
2026-07-25 01:53:00,Node A,25.31,7.17,11.6,0.03,-0.05,1.5,False,False,False,False,True,True
2026-07-25 01:53:00,Node B,25.67,6.9,17.1,-0.12,0.0,-1.2,False,False,False,False,False,True
2026-07-25 02:08:00,Node A,24.92,7.18,14.1,-0.39,0.01,2.5,False,True,False,True,True,False
2026-07-25 02:08:00,Node B,25.65,6.91,16.4,-0.02,0.01,-0.7,False,False,False,False,False,True
2026-07-25 02:23:00,Node A,24.38,7.17,16.7,-0.54,-0.01,2.6,False,True,False,True,True,False
2026-07-25 02:23:00,Node B,25.62,6.91,17.1,-0.03,0.0,0.7,False,False,False,False,True,True
2026-07-25 02:38:00,Node A,23.45,7.14,16.6,-0.93,-0.03,-0.1,False,True,False,True,True,False
2026-07-25 02:38:00,Node B,25.62,6.89,17.4,0.0,-0.02,0.3,False,False,False,False,True,True
2026-07-25 02:53:00,Node A,23.34,6.92,16.7,-0.11,-0.22,0.1,False,True,False,True,True,False
2026-07-25 02:53:00,Node B,25.69,6.86,17.8,0.07,-0.03,0.4,False,False,False,False,True,True
2026-07-25 03:08:00,Node A,23.52,6.49,16.8,0.18,-0.43,0.1,False,True,False,True,True,False
2026-07-25 03:08:00,Node B,25.71,6.9,19.3,0.02,0.04,1.5,False,False,False,False,True,True
2026-07-25 03:23:00,Node A,23.44,5.9,16.6,-0.08,-0.59,-0.2,False,True,False,True,True,False
2026-07-25 03:23:00,Node B,25.79,7.49,18.7,0.08,0.59,-0.6,False,False,True,True,False,False
2026-07-25 03:38:00,Node A,23.54,5.9,16.9,0.1,0.0,0.3,False,True,False,True,True,False
2026-07-25 03:38:00,Node B,25.76,7.51,18.6,-0.03,0.02,-0.1,False,False,False,False,False,True
2026-07-25 03:53:00,Node A,23.7,5.9,17.0,0.16,0.0,0.1,False,True,False,True,True,False
2026-07-25 03:53:00,Node B,25.84,7.51,18.3,0.08,0.0,-0.3,False,False,False,False,False,True
2026-07-25 04:08:00,Node A,23.97,5.9,17.2,0.27,0.0,0.2,False,True,False,True,True,False
2026-07-25 04:08:00,Node B,25.65,7.49,18.7,-0.19,-0.02,0.4,False,False,False,False,False,True
2026-07-25 04:23:00,Node A,24.38,5.9,17.2,0.41,0.0,0.0,False,True,False,True,True,False
2026-07-25 04:23:00,Node B,25.71,7.45,18.5,0.06,-0.04,-0.2,False,False,False,False,False,True
2026-07-25 04:38:00,Node A,24.61,5.9,17.3,0.23,0.0,0.1,False,True,False,True,True,False
2026-07-25 04:38:00,Node B,25.82,7.35,18.1,0.11,-0.1,-0.4,False,False,False,False,False,True
2026-07-25 05:08:00,Node A,25.22,6.14,14.8,,,,True,True,False,True,True,False
2026-07-25 05:08:00,Node B,25.59,7.26,17.7,,,,True,False,False,False,False,False
2026-07-25 05:23:00,Node A,25.45,6.33,13.5,0.23,0.19,-1.3,False,True,False,True,True,False
2026-07-25 05:23:00,Node B,25.75,7.23,17.4,0.16,-0.03,-0.3,False,False,False,False,False,True
2026-07-25 05:38:00,Node A,25.7,6.48,12.7,0.25,0.15,-0.8,False,True,False,True,False,False
2026-07-25 05:38:00,Node B,25.94,7.18,16.9,0.19,-0.05,-0.5,False,False,False,False,False,True
2026-07-25 05:53:00,Node A,25.57,6.61,11.9,-0.13,0.13,-0.8,False,False,False,False,False,True
2026-07-25 05:53:00,Node B,26.03,7.09,16.6,0.09,-0.09,-0.3,False,False,False,False,False,True
2026-07-25 06:08:00,Node A,25.63,6.77,11.5,0.06,0.16,-0.4,False,False,False,False,False,True
2026-07-25 06:08:00,Node B,26.25,7.05,16.4,0.22,-0.04,-0.2,False,False,False,False,False,True
2026-07-25 06:23:00,Node A,25.8,6.94,10.6,0.17,0.17,-0.9,False,False,False,False,False,True
2026-07-25 06:23:00,Node B,26.28,6.98,15.9,0.03,-0.07,-0.5,False,False,False,False,False,True
2026-07-25 06:38:00,Node A,25.9,7.05,9.5,0.1,0.11,-1.1,False,False,False,False,False,True
2026-07-25 06:38:00,Node B,26.34,6.94,15.9,0.06,-0.04,0.0,False,False,False,False,False,True
2026-07-25 06:53:00,Node A,26.02,7.19,9.5,0.12,0.14,0.0,False,False,False,False,False,True
2026-07-25 06:53:00,Node B,26.43,6.89,15.6,0.09,-0.05,-0.3,False,False,False,False,False,True
2026-07-25 07:08:00,Node A,26.09,7.18,9.9,0.07,-0.01,0.4,False,False,False,False,False,True
2026-07-25 07:08:00,Node B,26.64,6.88,15.1,0.21,-0.01,-0.5,False,False,False,False,False,True
2026-07-25 07:38:00,Node A,26.45,7.22,10.1,,,,True,False,False,False,False,False
2026-07-25 07:38:00,Node B,27.0,6.89,14.2,,,,True,False,False,False,False,False
2026-07-25 07:53:00,Node A,26.65,7.21,10.0,0.2,-0.01,-0.1,False,False,False,False,False,True
2026-07-25 07:53:00,Node B,27.27,6.91,14.5,0.27,0.02,0.3,False,False,False,False,False,True
2026-07-25 08:08:00,Node A,26.73,7.2,10.8,0.08,-0.01,0.8,False,False,False,False,False,True
2026-07-25 08:08:00,Node B,27.39,6.94,14.6,0.12,0.03,0.1,False,False,False,False,False,True
2026-07-25 08:23:00,Node A,26.82,7.22,13.2,0.09,0.02,2.4,False,False,False,False,True,True
2026-07-25 08:23:00,Node B,27.44,6.95,14.8,0.05,0.01,0.2,False,False,False,False,False,True
2026-07-25 08:38:00,Node A,26.61,7.28,15.5,-0.21,0.06,2.3,False,False,False,False,True,True
2026-07-25 08:38:00,Node B,27.64,6.98,14.6,0.2,0.03,-0.2,False,False,False,False,False,True
2026-07-25 08:53:00,Node A,26.22,7.25,15.6,-0.39,-0.03,0.1,False,False,False,False,True,True
2026-07-25 08:53:00,Node B,27.7,6.95,14.3,0.06,-0.03,-0.3,False,False,False,False,False,True
2026-07-25 09:08:00,Node A,25.99,6.96,15.9,-0.23,-0.29,0.3,False,False,False,False,True,True
2026-07-25 09:08:00,Node B,27.71,6.96,14.5,0.01,0.01,0.2,False,False,False,False,False,True
2026-07-25 09:23:00,Node A,26.1,6.38,15.9,0.11,-0.58,0.0,False,True,False,True,True,False
2026-07-25 09:23:00,Node B,27.82,6.96,14.5,0.11,0.0,0.0,False,False,False,False,False,True
2026-07-25 09:38:00,Node A,26.28,6.44,15.6,0.18,0.06,-0.3,False,True,False,True,True,False
2026-07-25 09:38:00,Node B,28.01,7.0,14.2,0.19,0.04,-0.3,False,False,False,False,False,True
2026-07-25 09:53:00,Node A,26.41,6.46,15.7,0.13,0.02,0.1,False,True,False,True,True,False
2026-07-25 09:53:00,Node B,28.15,7.03,14.4,0.14,0.03,0.2,False,False,False,False,False,True
2026-07-25 10:08:00,Node A,26.47,6.44,15.5,0.06,-0.02,-0.2,False,True,False,True,True,False
2026-07-25 10:08:00,Node B,28.38,7.02,14.8,0.23,-0.01,0.4,False,False,False,False,False,True
2026-07-25 10:23:00,Node A,26.68,6.45,15.5,0.21,0.01,0.0,False,True,False,True,True,False
2026-07-25 10:23:00,Node B,28.55,7.04,15.4,0.17,0.02,0.6,False,False,False,False,False,True
2026-07-25 10:38:00,Node A,26.92,6.45,15.5,0.24,0.0,0.0,False,True,False,True,False,False
2026-07-25 10:38:00,Node B,28.86,7.02,15.5,0.31,-0.02,0.1,False,False,False,False,False,True
2026-07-25 10:53:00,Node A,27.05,6.53,14.9,0.13,0.08,-0.6,False,False,False,False,False,True
2026-07-25 10:53:00,Node B,28.83,7.02,15.3,-0.03,0.0,-0.2,False,False,False,False,False,True
2026-07-25 11:08:00,Node A,27.1,6.66,14.6,0.05,0.13,-0.3,False,False,False,False,False,True
2026-07-25 11:08:00,Node B,29.14,7.01,15.1,0.31,-0.01,-0.2,False,False,False,False,False,True
2026-07-25 11:23:00,Node A,27.33,6.76,14.2,0.23,0.1,-0.4,False,False,False,False,False,True
2026-07-25 11:23:00,Node B,29.1,7.02,15.2,-0.04,0.01,0.1,False,False,False,False,False,True
2026-07-25 11:38:00,Node A,27.45,6.83,14.0,0.12,0.07,-0.2,False,False,False,False,False,True
2026-07-25 11:38:00,Node B,29.24,7.02,15.2,0.14,0.0,0.0,False,False,False,False,False,True
2026-07-25 11:53:00,Node A,27.61,6.88,13.4,0.16,0.05,-0.6,False,False,False,False,False,True
2026-07-25 11:53:00,Node B,29.4,7.04,15.4,0.16,0.02,0.2,False,False,False,False,False,True
2026-07-25 12:08:00,Node A,27.89,6.94,12.8,0.28,0.06,-0.6,False,False,False,False,False,True
2026-07-25 12:08:00,Node B,29.4,7.03,15.1,0.0,-0.01,-0.3,False,False,False,False,False,True
2026-07-25 12:23:00,Node A,27.91,7.06,12.4,0.02,0.12,-0.4,False,False,False,False,False,True
2026-07-25 12:23:00,Node B,29.57,7.01,15.2,0.17,-0.02,0.1,False,False,False,False,False,True
2026-07-25 12:38:00,Node A,28.09,7.11,12.3,0.18,0.05,-0.1,False,False,False,False,False,True
2026-07-25 12:38:00,Node B,29.75,7.04,15.1,0.18,0.03,-0.1,False,False,False,False,False,True
2026-07-25 12:53:00,Node A,28.51,7.19,11.9,0.42,0.08,-0.4,False,False,False,False,False,True
2026-07-25 12:53:00,Node B,29.89,7.08,15.3,0.14,0.04,0.2,False,False,False,False,False,True
2026-07-25 13:08:00,Node A,28.7,7.31,11.1,0.19,0.12,-0.8,False,False,False,False,False,True
2026-07-25 13:08:00,Node B,29.84,7.09,15.6,-0.05,0.01,0.3,False,False,False,False,False,True
2026-07-25 13:23:00,Node A,28.82,7.36,10.6,0.12,0.05,-0.5,False,False,False,False,False,True
2026-07-25 13:23:00,Node B,30.04,7.05,15.9,0.2,-0.04,0.3,False,False,False,False,False,True
2026-07-25 13:38:00,Node A,28.94,7.38,9.9,0.12,0.02,-0.7,False,False,False,False,False,True
2026-07-25 13:38:00,Node B,30.03,7.05,15.7,-0.01,0.0,-0.2,False,False,False,False,False,True
2026-07-25 13:53:00,Node A,28.89,7.38,10.2,-0.05,0.0,0.3,False,False,False,False,False,True
2026-07-25 13:53:00,Node B,30.0,7.08,15.6,-0.03,0.03,-0.1,False,False,False,False,False,True
2026-07-25 14:08:00,Node A,28.92,7.37,9.6,0.03,-0.01,-0.6,False,False,False,False,False,True
2026-07-25 14:08:00,Node B,29.98,7.07,15.5,-0.02,-0.01,-0.1,False,False,False,False,False,True
2026-07-25 14:23:00,Node A,29.15,7.34,10.0,0.23,-0.03,0.4,False,False,False,False,False,True
2026-07-25 14:23:00,Node B,29.9,7.07,15.5,-0.08,0.0,0.0,False,False,False,False,False,True
2026-07-25 14:38:00,Node A,29.1,7.37,10.2,-0.05,0.03,0.2,False,False,False,False,False,True
2026-07-25 14:38:00,Node B,29.73,7.08,15.4,-0.17,0.01,-0.1,False,False,False,False,False,True
2026-07-25 14:53:00,Node A,29.16,7.35,10.3,0.06,-0.02,0.1,False,False,False,False,False,True
2026-07-25 14:53:00,Node B,29.88,7.09,15.3,0.15,0.01,-0.1,False,False,False,False,False,True
2026-07-25 15:08:00,Node A,29.18,7.36,10.2,0.02,0.01,-0.1,False,False,False,False,False,True
2026-07-25 15:08:00,Node B,29.96,7.12,15.3,0.08,0.03,0.0,False,False,False,False,False,True
2026-07-25 15:23:00,Node A,29.04,7.32,10.0,-0.14,-0.04,-0.2,False,False,False,False,False,True
2026-07-25 15:23:00,Node B,30.06,7.12,15.8,0.1,0.0,0.5,False,False,False,False,False,True
2026-07-25 15:38:00,Node A,28.93,7.32,10.1,-0.11,0.0,0.1,False,False,False,False,False,True
2026-07-25 15:38:00,Node B,29.99,7.11,15.9,-0.07,-0.01,0.1,False,False,False,False,False,True
2026-07-25 16:08:00,Node A,28.73,7.35,9.9,,,,True,False,False,False,False,False
2026-07-25 16:08:00,Node B,29.96,7.13,15.4,,,,True,False,False,False,True,False
2026-07-25 16:23:00,Node A,28.91,7.37,9.9,0.18,0.02,0.0,False,False,False,False,False,True
2026-07-25 16:23:00,Node B,30.04,7.11,15.6,0.08,-0.02,0.2,False,False,False,False,True,True
2026-07-25 16:38:00,Node A,28.86,7.39,10.3,-0.05,0.02,0.4,False,False,False,False,False,True
2026-07-25 16:38:00,Node B,29.97,7.1,16.5,-0.07,-0.01,0.9,False,False,False,False,True,True
2026-07-25 17:53:00,Node A,29.3,8.02,12.7,,,,True,False,False,False,False,False
2026-07-25 17:53:00,Node B,29.61,6.4,19.9,,,,True,True,False,True,True,False
2026-07-25 18:08:00,Node A,29.29,8.25,12.7,-0.01,0.23,0.0,False,False,False,False,False,True
2026-07-25 18:08:00,Node B,29.52,6.42,19.7,-0.09,0.02,-0.2,False,True,False,True,True,False
2026-07-25 18:23:00,Node A,29.29,8.25,13.3,0.0,0.0,0.6,False,False,False,False,False,True
2026-07-25 18:23:00,Node B,29.34,6.45,20.0,-0.18,0.03,0.3,False,True,False,True,True,False
2026-07-25 18:38:00,Node A,29.3,8.23,13.6,0.01,-0.02,0.3,False,False,False,False,False,True
2026-07-25 18:38:00,Node B,29.19,6.47,20.3,-0.15,0.02,0.3,False,True,False,True,False,False
2026-07-25 18:53:00,Node A,29.37,8.22,13.4,0.07,-0.01,-0.2,False,False,False,False,False,True
2026-07-25 18:53:00,Node B,29.24,6.53,20.0,0.05,0.06,-0.3,False,False,False,False,False,True
2026-07-25 19:23:00,Node A,29.32,8.12,13.4,,,,True,False,False,False,False,False
2026-07-25 19:23:00,Node B,28.95,6.63,19.2,,,,True,False,False,False,False,False
2026-07-25 19:38:00,Node A,29.19,8.01,13.5,-0.13,-0.11,0.1,False,False,False,False,False,True
2026-07-25 19:38:00,Node B,28.92,6.7,19.0,-0.03,0.07,-0.2,False,False,False,False,False,True
2026-07-25 19:53:00,Node A,28.88,7.9,13.0,-0.31,-0.11,-0.5,False,False,False,False,False,True
2026-07-25 19:53:00,Node B,28.69,6.75,18.4,-0.23,0.05,-0.6,False,False,False,False,False,True
2026-07-25 20:08:00,Node A,28.78,7.8,13.6,-0.1,-0.1,0.6,False,False,False,False,False,True
2026-07-25 20:08:00,Node B,28.41,6.82,18.2,-0.28,0.07,-0.2,False,False,False,False,False,True
2026-07-25 20:23:00,Node A,28.63,7.67,13.5,-0.15,-0.13,-0.1,False,False,False,False,False,True
2026-07-25 20:23:00,Node B,28.27,6.87,17.8,-0.14,0.05,-0.4,False,False,False,False,False,True
2026-07-25 20:38:00,Node A,28.53,7.59,13.5,-0.1,-0.08,0.0,False,False,False,False,False,True
2026-07-25 20:38:00,Node B,28.2,6.95,17.2,-0.07,0.08,-0.6,False,False,False,False,False,True
2026-07-25 21:08:00,Node A,28.36,7.38,13.4,,,,True,False,False,False,False,False
2026-07-25 21:08:00,Node B,27.94,7.06,16.1,,,,True,False,False,False,False,False
2026-07-25 21:23:00,Node A,28.23,7.24,13.9,-0.13,-0.14,0.5,False,False,False,False,False,True
2026-07-25 21:23:00,Node B,27.72,7.02,15.9,-0.22,-0.04,-0.2,False,False,False,False,False,True
2026-07-25 21:38:00,Node A,28.19,7.26,13.7,-0.04,0.02,-0.2,False,False,False,False,False,True
2026-07-25 21:38:00,Node B,27.59,6.98,16.2,-0.13,-0.04,0.3,False,False,False,False,False,True
2026-07-25 21:53:00,Node A,28.16,7.23,13.6,-0.03,-0.03,-0.1,False,False,False,False,False,True
2026-07-25 21:53:00,Node B,27.29,6.98,16.0,-0.3,0.0,-0.2,False,False,False,False,False,True
2026-07-25 22:08:00,Node A,28.12,7.2,14.4,-0.04,-0.03,0.8,False,False,False,False,False,True
2026-07-25 22:08:00,Node B,27.15,6.96,15.7,-0.14,-0.02,-0.3,False,False,False,False,False,True
2026-07-25 22:23:00,Node A,28.07,7.21,14.9,-0.05,0.01,0.5,False,False,False,False,False,True
2026-07-25 22:23:00,Node B,26.97,6.95,15.6,-0.18,-0.01,-0.1,False,False,False,False,False,True
2026-07-25 22:53:00,Node A,28.37,7.33,16.2,,,,True,False,False,False,True,False
2026-07-25 22:53:00,Node B,26.66,6.95,15.7,,,,True,False,False,False,False,False
2026-07-25 23:08:00,Node A,28.36,7.56,16.0,-0.01,0.23,-0.2,False,False,False,False,True,True
2026-07-25 23:08:00,Node B,26.69,6.91,15.7,0.03,-0.04,0.0,False,False,False,False,False,True
2026-07-25 23:38:00,Node A,28.35,8.16,15.6,,,,True,False,False,False,True,False
2026-07-25 23:38:00,Node B,26.4,6.96,16.0,,,,True,False,False,False,False,False
2026-07-25 23:53:00,Node A,28.37,8.52,15.5,0.02,0.36,-0.1,False,True,False,True,False,False
2026-07-25 23:53:00,Node B,26.2,6.94,16.8,-0.2,-0.02,0.8,False,False,False,False,False,True
2026-07-26 00:08:00,Node A,28.15,8.49,15.2,-0.22,-0.03,-0.3,False,False,False,False,False,True
2026-07-26 00:08:00,Node B,26.11,6.95,17.7,-0.09,0.01,0.9,False,False,False,False,False,True
2026-07-26 00:23:00,Node A,28.06,8.5,15.1,-0.09,0.01,-0.1,False,False,False,False,False,True
2026-07-26 00:23:00,Node B,26.16,6.93,18.8,0.05,-0.02,1.1,False,False,False,False,False,True
2026-07-26 00:38:00,Node A,27.92,8.49,14.4,-0.14,-0.01,-0.7,False,False,False,False,False,True
2026-07-26 00:38:00,Node B,26.1,6.92,20.1,-0.06,-0.01,1.3,False,False,False,False,False,True
2026-07-26 00:53:00,Node A,27.89,8.39,13.8,-0.03,-0.1,-0.6,False,False,False,False,False,True
2026-07-26 00:53:00,Node B,26.12,7.11,21.1,0.02,0.19,1.0,False,False,False,False,False,True
2026-07-26 01:08:00,Node A,27.74,8.31,13.6,-0.15,-0.08,-0.2,False,False,False,False,False,True
2026-07-26 01:08:00,Node B,26.07,7.47,20.2,-0.05,0.36,-0.9,False,False,False,False,False,True
2026-07-26 01:23:00,Node A,27.66,8.19,13.0,-0.08,-0.12,-0.6,False,False,False,False,False,True
2026-07-26 01:23:00,Node B,25.98,7.93,20.1,-0.09,0.46,-0.1,False,False,False,False,False,True
2026-07-26 01:38:00,Node A,27.85,8.08,12.7,0.19,-0.11,-0.3,False,False,False,False,False,True
2026-07-26 01:38:00,Node B,26.16,7.93,20.4,0.18,0.0,0.3,False,False,False,False,False,True
2026-07-26 01:53:00,Node A,27.79,7.99,12.6,-0.06,-0.09,-0.1,False,False,False,False,False,True
2026-07-26 01:53:00,Node B,26.21,7.93,20.8,0.05,0.0,0.4,False,False,False,False,False,True
2026-07-26 02:08:00,Node A,27.68,7.86,12.3,-0.11,-0.13,-0.3,False,False,False,False,False,True
2026-07-26 02:08:00,Node B,26.36,7.93,21.3,0.15,0.0,0.5,False,False,False,False,False,True
2026-07-26 02:23:00,Node A,27.55,7.74,12.1,-0.13,-0.12,-0.2,False,False,False,False,False,True
2026-07-26 02:23:00,Node B,26.48,7.92,21.9,0.12,-0.01,0.6,False,False,False,False,False,True
2026-07-26 02:38:00,Node A,27.52,7.64,11.8,-0.03,-0.1,-0.3,False,False,False,False,False,True
2026-07-26 02:38:00,Node B,26.63,7.91,23.0,0.15,-0.01,1.1,False,False,False,False,False,True
2026-07-26 02:53:00,Node A,27.48,7.55,11.6,-0.04,-0.09,-0.2,False,False,False,False,False,True
2026-07-26 02:53:00,Node B,26.73,7.82,24.4,0.1,-0.09,1.4,False,False,False,False,True,True
2026-07-26 03:38:00,Node A,27.68,7.27,10.9,,,,True,False,False,False,False,False
2026-07-26 03:38:00,Node B,27.56,8.35,23.7,,,,True,False,False,False,True,False
2026-07-26 03:53:00,Node A,27.53,7.14,11.2,-0.15,-0.13,0.3,False,False,False,False,False,True
2026-07-26 03:53:00,Node B,27.65,8.94,24.1,0.09,0.59,0.4,False,True,False,True,True,False
2026-07-26 04:08:00,Node A,27.65,7.17,11.4,0.12,0.03,0.2,False,False,False,False,False,True
2026-07-26 04:08:00,Node B,27.8,8.87,23.8,0.15,-0.07,-0.3,False,True,False,True,True,False
2026-07-26 04:38:00,Node A,27.89,7.16,10.8,,,,True,False,False,False,False,False
2026-07-26 04:38:00,Node B,28.06,8.7,22.4,,,,True,True,False,True,True,False
2026-07-26 04:53:00,Node A,27.87,7.15,11.0,-0.02,-0.01,0.2,False,False,False,False,False,True
2026-07-26 04:53:00,Node B,28.28,8.63,22.1,0.22,-0.07,-0.3,False,True,False,True,True,False
2026-07-26 05:08:00,Node A,27.87,7.12,10.7,0.0,-0.03,-0.3,False,False,False,False,False,True
2026-07-26 05:08:00,Node B,28.52,8.55,21.6,0.24,-0.08,-0.5,False,True,False,True,False,False
2026-07-26 05:23:00,Node A,27.89,7.12,10.6,0.02,0.0,-0.1,False,False,False,False,False,True
2026-07-26 05:23:00,Node B,28.63,8.49,21.1,0.11,-0.06,-0.5,False,False,False,False,False,True
2026-07-26 05:38:00,Node A,28.0,7.14,10.5,0.11,0.02,-0.1,False,False,False,False,False,True
2026-07-26 05:38:00,Node B,28.8,8.26,20.9,0.17,-0.23,-0.2,False,False,False,False,False,True
2026-07-26 05:53:00,Node A,28.11,7.15,11.3,0.11,0.01,0.8,False,False,False,False,False,True
2026-07-26 05:53:00,Node B,28.8,8.07,18.7,0.0,-0.19,-2.2,False,False,False,False,False,True
2026-07-26 06:08:00,Node A,28.01,7.2,11.1,-0.1,0.05,-0.2,False,False,False,False,False,True
2026-07-26 06:08:00,Node B,29.01,7.97,18.4,0.21,-0.1,-0.3,False,False,False,False,False,True
2026-07-26 06:23:00,Node A,28.04,7.18,11.3,0.03,-0.02,0.2,False,False,False,False,False,True
2026-07-26 06:23:00,Node B,29.26,7.84,18.7,0.25,-0.13,0.3,False,False,False,False,False,True
2026-07-26 06:38:00,Node A,28.25,7.21,11.1,0.21,0.03,-0.2,False,False,False,False,False,True
2026-07-26 06:38:00,Node B,29.3,7.72,19.8,0.04,-0.12,1.1,False,False,False,False,False,True
2026-07-26 06:53:00,Node A,28.4,7.22,10.9,0.15,0.01,-0.2,False,False,False,False,False,True
2026-07-26 06:53:00,Node B,29.33,7.58,21.7,0.03,-0.14,1.9,False,False,False,False,False,True
2026-07-26 07:08:00,Node A,28.39,7.21,10.9,-0.01,-0.01,0.0,False,False,False,False,False,True
2026-07-26 07:08:00,Node B,29.1,7.45,23.9,-0.23,-0.13,2.2,False,False,False,False,True,True
2026-07-26 07:23:00,Node A,28.38,7.19,10.9,-0.01,-0.02,0.0,False,False,False,False,False,True
2026-07-26 07:23:00,Node B,28.92,7.38,23.7,-0.18,-0.07,-0.2,False,False,False,False,True,True
2026-07-26 07:38:00,Node A,28.37,7.2,10.7,-0.01,0.01,-0.2,False,False,False,False,False,True
2026-07-26 07:38:00,Node B,28.67,7.14,23.4,-0.25,-0.24,-0.3,False,False,False,False,True,True
2026-07-26 07:53:00,Node A,28.27,7.18,11.1,-0.1,-0.02,0.4,False,False,False,False,False,True
2026-07-26 07:53:00,Node B,28.71,6.72,23.0,0.04,-0.42,-0.4,False,False,False,False,True,True
2026-07-26 08:08:00,Node A,28.4,7.2,11.0,0.13,0.02,-0.1,False,False,False,False,False,True
2026-07-26 08:08:00,Node B,28.69,6.19,23.0,-0.02,-0.53,0.0,False,True,False,True,True,False
2026-07-26 08:23:00,Node A,28.48,7.19,11.2,0.08,-0.01,0.2,False,False,False,False,False,True
2026-07-26 08:23:00,Node B,28.7,5.9,22.8,0.01,-0.29,-0.2,False,True,False,True,True,False
2026-07-26 08:38:00,Node A,28.66,7.18,11.2,0.18,-0.01,0.0,False,False,False,False,False,True
2026-07-26 08:38:00,Node B,28.89,5.9,22.6,0.19,0.0,-0.2,False,True,False,True,True,False
2026-07-26 08:53:00,Node A,28.83,7.21,10.9,0.17,0.03,-0.3,False,False,False,False,False,True
2026-07-26 08:53:00,Node B,29.16,5.9,22.0,0.27,0.0,-0.6,False,True,False,True,True,False
2026-07-26 09:08:00,Node A,28.83,7.21,10.9,0.0,0.0,0.0,False,False,False,False,False,True
2026-07-26 09:08:00,Node B,29.28,5.9,20.9,0.12,0.0,-1.1,False,True,False,True,True,False
2026-07-26 09:23:00,Node A,28.97,7.23,11.1,0.14,0.02,0.2,False,False,False,False,False,True
2026-07-26 09:23:00,Node B,29.37,5.9,19.7,0.09,0.0,-1.2,False,True,False,True,True,False
2026-07-26 09:38:00,Node A,29.09,7.25,11.4,0.12,0.02,0.3,False,False,False,False,False,True
2026-07-26 09:38:00,Node B,29.6,6.06,19.0,0.23,0.16,-0.7,False,True,False,True,True,False
2026-07-26 09:53:00,Node A,29.27,7.25,11.3,0.18,0.0,-0.1,False,False,False,False,False,True
2026-07-26 09:53:00,Node B,29.66,6.32,18.0,0.06,0.26,-1.0,False,True,False,True,False,False
2026-07-26 10:08:00,Node A,29.34,7.27,12.1,0.07,0.02,0.8,False,False,False,False,False,True
2026-07-26 10:08:00,Node B,29.86,6.57,16.9,0.2,0.25,-1.1,False,False,False,False,False,True
2026-07-26 10:23:00,Node A,29.52,7.27,12.6,0.18,0.0,0.5,False,False,False,False,False,True
2026-07-26 10:23:00,Node B,29.98,6.78,16.1,0.12,0.21,-0.8,False,False,False,False,False,True
2026-07-26 10:38:00,Node A,29.73,7.36,12.9,0.21,0.09,0.3,False,False,False,False,False,True
2026-07-26 10:38:00,Node B,30.16,6.99,15.4,0.18,0.21,-0.7,False,False,False,False,False,True
2026-07-26 10:53:00,Node A,30.07,7.52,13.3,0.34,0.16,0.4,False,False,False,False,True,True
2026-07-26 10:53:00,Node B,30.25,7.0,14.4,0.09,0.01,-1.0,False,False,False,False,False,True
2026-07-26 11:08:00,Node A,30.32,7.76,14.0,0.25,0.24,0.7,False,False,False,False,True,True
2026-07-26 11:08:00,Node B,30.46,7.01,14.5,0.21,0.01,0.1,False,False,False,False,False,True
2026-07-26 11:23:00,Node A,30.55,8.02,14.8,0.23,0.26,0.8,False,False,False,False,True,True
2026-07-26 11:23:00,Node B,30.39,7.02,14.6,-0.07,0.01,0.1,False,False,False,False,False,True
2026-07-26 11:38:00,Node A,30.76,8.28,15.2,0.21,0.26,0.4,False,False,False,False,True,True
2026-07-26 11:38:00,Node B,30.48,7.02,14.4,0.09,0.0,-0.2,False,False,False,False,False,True
2026-07-26 11:53:00,Node A,30.95,8.58,15.6,0.19,0.3,0.4,False,True,False,True,True,False
2026-07-26 11:53:00,Node B,30.49,7.02,14.1,0.01,0.0,-0.3,False,False,False,False,False,True
2026-07-26 12:08:00,Node A,31.08,8.6,15.2,0.13,0.02,-0.4,False,True,False,True,True,False
2026-07-26 12:08:00,Node B,30.5,7.03,13.8,0.01,0.01,-0.3,False,False,False,False,False,True
2026-07-26 12:23:00,Node A,30.87,8.59,15.1,-0.21,-0.01,-0.1,False,True,False,True,True,False
2026-07-26 12:23:00,Node B,30.46,7.0,13.8,-0.04,-0.03,0.0,False,False,False,False,False,True
2026-07-26 12:38:00,Node A,31.13,8.56,15.4,0.26,-0.03,0.3,False,True,False,True,False,False
2026-07-26 12:38:00,Node B,30.41,7.02,13.7,-0.05,0.02,-0.1,False,False,False,False,False,True
2026-07-26 13:08:00,Node A,29.84,8.49,17.3,,,,True,False,False,False,True,False
2026-07-26 13:08:00,Node B,30.47,7.04,13.9,,,,True,False,False,False,False,False
2026-07-26 13:23:00,Node A,29.68,8.38,18.4,-0.16,-0.11,1.1,False,False,False,False,True,True
2026-07-26 13:23:00,Node B,30.39,7.04,14.2,-0.08,0.0,0.3,False,False,False,False,False,True
2026-07-26 13:38:00,Node A,29.73,8.12,18.7,0.05,-0.26,0.3,False,False,False,False,True,True
2026-07-26 13:38:00,Node B,30.48,7.03,14.2,0.09,-0.01,0.0,False,False,False,False,False,True
2026-07-26 13:53:00,Node A,29.89,7.67,18.7,0.16,-0.45,0.0,False,False,False,False,True,True
2026-07-26 13:53:00,Node B,30.57,7.02,14.5,0.09,-0.01,0.3,False,False,False,False,False,True
2026-07-26 14:08:00,Node A,29.99,7.13,18.6,0.1,-0.54,-0.1,False,False,True,True,False,False
2026-07-26 14:08:00,Node B,30.52,7.02,14.2,-0.05,0.0,-0.3,False,False,False,False,False,True
2026-07-26 14:23:00,Node A,30.02,7.06,18.1,0.03,-0.07,-0.5,False,False,False,False,False,True
2026-07-26 14:23:00,Node B,30.49,7.03,14.7,-0.03,0.01,0.5,False,False,False,False,False,True
2026-07-26 14:38:00,Node A,30.14,6.97,18.3,0.12,-0.09,0.2,False,False,False,False,False,True
2026-07-26 14:38:00,Node B,30.52,7.02,14.9,0.03,-0.01,0.2,False,False,False,False,False,True
2026-07-26 14:53:00,Node A,30.18,6.89,18.3,0.04,-0.08,0.0,False,False,False,False,False,True
2026-07-26 14:53:00,Node B,30.53,7.04,14.9,0.01,0.02,0.0,False,False,False,False,False,True
2026-07-26 15:08:00,Node A,30.15,6.8,18.3,-0.03,-0.09,0.0,False,False,False,False,False,True
2026-07-26 15:08:00,Node B,30.4,7.04,14.6,-0.13,0.0,-0.3,False,False,False,False,False,True
2026-07-26 15:38:00,Node A,30.09,7.09,18.2,,,,True,False,False,False,False,False
2026-07-26 15:38:00,Node B,30.16,7.03,14.5,,,,True,False,False,False,False,False
2026-07-26 15:53:00,Node A,30.09,7.22,17.7,0.0,0.13,-0.5,False,False,False,False,False,True
2026-07-26 15:53:00,Node B,30.05,7.03,14.1,-0.11,0.0,-0.4,False,False,False,False,False,True
2026-07-26 16:08:00,Node A,30.09,7.34,17.0,0.0,0.12,-0.7,False,False,False,False,False,True
2026-07-26 16:08:00,Node B,29.92,7.0,13.9,-0.13,-0.03,-0.2,False,False,False,False,False,True
2026-07-26 16:23:00,Node A,30.08,7.42,16.3,-0.01,0.08,-0.7,False,False,False,False,False,True
2026-07-26 16:23:00,Node B,29.86,7.0,13.9,-0.06,0.0,0.0,False,False,False,False,False,True
2026-07-26 16:38:00,Node A,30.21,7.34,15.4,0.13,-0.08,-0.9,False,False,False,False,False,True
2026-07-26 16:38:00,Node B,29.57,7.02,14.3,-0.29,0.02,0.4,False,False,False,False,False,True
2026-07-26 16:53:00,Node A,30.37,7.36,14.9,0.16,0.02,-0.5,False,False,False,False,False,True
2026-07-26 16:53:00,Node B,29.72,7.07,14.4,0.15,0.05,0.1,False,False,False,False,False,True
2026-07-26 17:08:00,Node A,30.22,7.35,14.5,-0.15,-0.01,-0.4,False,False,False,False,False,True
2026-07-26 17:08:00,Node B,29.78,7.06,14.6,0.06,-0.01,0.2,False,False,False,False,False,True
2026-07-26 17:23:00,Node A,30.35,7.32,13.9,0.13,-0.03,-0.6,False,False,False,False,False,True
2026-07-26 17:23:00,Node B,29.64,7.05,14.3,-0.14,-0.01,-0.3,False,False,False,False,False,True
2026-07-26 17:38:00,Node A,30.37,7.32,13.4,0.02,0.0,-0.5,False,False,False,False,False,True
2026-07-26 17:38:00,Node B,29.48,7.06,14.5,-0.16,0.01,0.2,False,False,False,False,False,True
2026-07-26 17:53:00,Node A,30.16,7.33,12.8,-0.21,0.01,-0.6,False,False,False,False,False,True
2026-07-26 17:53:00,Node B,29.32,7.06,14.8,-0.16,0.0,0.3,False,False,False,False,False,True
2026-07-26 18:08:00,Node A,29.97,7.31,11.9,-0.19,-0.02,-0.9,False,False,False,False,False,True
2026-07-26 18:08:00,Node B,29.33,7.06,14.7,0.01,0.0,-0.1,False,False,False,False,False,True
2026-07-26 18:23:00,Node A,29.94,7.35,12.0,-0.03,0.04,0.1,False,False,False,False,False,True
2026-07-26 18:23:00,Node B,29.27,7.07,14.8,-0.06,0.01,0.1,False,False,False,False,False,True
2026-07-26 18:38:00,Node A,29.9,7.39,12.1,-0.04,0.04,0.1,False,False,False,False,False,True
2026-07-26 18:38:00,Node B,29.13,7.05,14.9,-0.14,-0.02,0.1,False,False,False,False,False,True
2026-07-26 18:53:00,Node A,29.61,7.36,11.9,-0.29,-0.03,-0.2,False,False,False,False,False,True
2026-07-26 18:53:00,Node B,28.87,7.02,14.9,-0.26,-0.03,0.0,False,False,False,False,False,True
2026-07-26 19:08:00,Node A,29.37,7.35,11.9,-0.24,-0.01,0.0,False,False,False,False,False,True
2026-07-26 19:08:00,Node B,28.69,7.04,14.7,-0.18,0.02,-0.2,False,False,False,False,False,True
2026-07-26 19:23:00,Node A,29.24,7.34,11.7,-0.13,-0.01,-0.2,False,False,False,False,False,True
2026-07-26 19:23:00,Node B,28.53,7.01,14.6,-0.16,-0.03,-0.1,False,False,False,False,False,True
2026-07-26 19:38:00,Node A,29.18,7.32,11.6,-0.06,-0.02,-0.1,False,False,False,False,False,True
2026-07-26 19:38:00,Node B,28.34,6.97,14.4,-0.19,-0.04,-0.2,False,False,False,False,False,True
2026-07-26 19:53:00,Node A,28.95,7.3,11.6,-0.23,-0.02,0.0,False,False,False,False,False,True
2026-07-26 19:53:00,Node B,28.36,6.96,14.3,0.02,-0.01,-0.1,False,False,False,False,False,True
2026-07-26 20:08:00,Node A,28.87,7.26,11.9,-0.08,-0.04,0.3,False,False,False,False,False,True
2026-07-26 20:08:00,Node B,28.35,6.98,14.9,-0.01,0.02,0.6,False,False,False,False,False,True
2026-07-26 20:23:00,Node A,28.78,7.26,11.6,-0.09,0.0,-0.3,False,False,False,False,False,True
2026-07-26 20:23:00,Node B,28.29,7.03,14.6,-0.06,0.05,-0.3,False,False,False,False,False,True
2026-07-26 20:38:00,Node A,28.6,7.23,11.6,-0.18,-0.03,0.0,False,False,False,False,False,True
2026-07-26 20:38:00,Node B,28.24,7.04,14.6,-0.05,0.01,0.0,False,False,False,False,False,True
2026-07-26 20:53:00,Node A,28.29,7.22,11.6,-0.31,-0.01,0.0,False,False,False,False,False,True
2026-07-26 20:53:00,Node B,28.05,7.03,14.7,-0.19,-0.01,0.1,False,False,False,False,False,True
2026-07-26 21:08:00,Node A,28.0,7.2,11.6,-0.29,-0.02,0.0,False,False,False,False,False,True
2026-07-26 21:08:00,Node B,27.97,7.04,14.8,-0.08,0.01,0.1,False,False,False,False,False,True
2026-07-26 21:23:00,Node A,27.71,7.19,12.0,-0.29,-0.01,0.4,False,False,False,False,False,True
2026-07-26 21:23:00,Node B,27.76,7.03,14.9,-0.21,-0.01,0.1,False,False,False,False,False,True
2026-07-26 21:38:00,Node A,27.56,7.21,11.7,-0.15,0.02,-0.3,False,False,False,False,False,True
2026-07-26 21:38:00,Node B,27.45,7.03,14.7,-0.31,0.0,-0.2,False,False,False,False,False,True
2026-07-26 21:53:00,Node A,27.51,7.21,11.9,-0.05,0.0,0.2,False,False,False,False,False,True
2026-07-26 21:53:00,Node B,27.27,7.0,14.8,-0.18,-0.03,0.1,False,False,False,False,False,True
2026-07-26 22:08:00,Node A,27.42,7.19,11.8,-0.09,-0.02,-0.1,False,False,False,False,False,True
2026-07-26 22:08:00,Node B,27.19,6.99,14.9,-0.08,-0.01,0.1,False,False,False,False,False,True
2026-07-26 22:23:00,Node A,27.26,7.21,11.7,-0.16,0.02,-0.1,False,False,False,False,False,True
2026-07-26 22:23:00,Node B,26.99,7.0,15.1,-0.2,0.01,0.2,False,False,False,False,False,True
2026-07-26 22:38:00,Node A,27.09,7.24,12.3,-0.17,0.03,0.6,False,False,False,False,False,True
2026-07-26 22:38:00,Node B,26.76,7.02,15.4,-0.23,0.02,0.3,False,False,False,False,False,True
2026-07-26 22:53:00,Node A,26.86,7.23,12.3,-0.23,-0.01,0.0,False,False,False,False,False,True
2026-07-26 22:53:00,Node B,26.6,6.99,15.1,-0.16,-0.03,-0.3,False,False,False,False,False,True
2026-07-26 23:08:00,Node A,26.54,7.27,12.1,-0.32,0.04,-0.2,False,False,False,False,False,True
2026-07-26 23:08:00,Node B,26.39,6.95,14.7,-0.21,-0.04,-0.4,False,False,False,False,False,True
2026-07-26 23:23:00,Node A,26.43,7.26,12.2,-0.11,-0.01,0.1,False,False,False,False,False,True
2026-07-26 23:23:00,Node B,26.21,6.94,15.1,-0.18,-0.01,0.4,False,False,False,False,False,True
2026-07-26 23:38:00,Node A,26.34,7.23,12.2,-0.09,-0.03,0.0,False,False,False,False,False,True
2026-07-26 23:38:00,Node B,26.16,6.94,14.3,-0.05,0.0,-0.8,False,False,False,False,False,True
2026-07-26 23:53:00,Node A,26.06,7.26,12.1,-0.28,0.03,-0.1,False,False,False,False,False,True
2026-07-26 23:53:00,Node B,26.13,6.93,14.4,-0.03,-0.01,0.1,False,False,False,False,False,True
2026-07-27 00:08:00,Node A,25.91,7.23,12.5,-0.15,-0.03,0.4,False,False,False,False,False,True
2026-07-27 00:08:00,Node B,26.02,6.92,14.3,-0.11,-0.01,-0.1,False,False,False,False,False,True
2026-07-27 00:23:00,Node A,25.66,7.26,12.0,-0.25,0.03,-0.5,False,False,False,False,False,True
2026-07-27 00:23:00,Node B,26.12,6.92,14.5,0.1,0.0,0.2,False,False,False,False,False,True
2026-07-27 00:38:00,Node A,25.6,7.25,12.5,-0.06,-0.01,0.5,False,False,False,False,False,True
2026-07-27 00:38:00,Node B,25.93,6.93,14.6,-0.19,0.01,0.1,False,False,False,False,False,True
2026-07-27 00:53:00,Node A,25.53,7.23,12.5,-0.07,-0.02,0.0,False,False,False,False,False,True
2026-07-27 00:53:00,Node B,25.72,6.92,14.7,-0.21,-0.01,0.1,False,False,False,False,False,True
2026-07-27 01:08:00,Node A,25.48,7.18,12.3,-0.05,-0.05,-0.2,False,False,False,False,False,True
2026-07-27 01:08:00,Node B,25.78,6.91,14.7,0.06,-0.01,0.0,False,False,False,False,False,True
2026-07-27 01:23:00,Node A,25.53,7.17,12.4,0.05,-0.01,0.1,False,False,False,False,False,True
2026-07-27 01:23:00,Node B,25.71,6.91,15.0,-0.07,0.0,0.3,False,False,False,False,False,True
2026-07-27 01:38:00,Node A,25.33,7.18,12.3,-0.2,0.01,-0.1,False,False,False,False,False,True
2026-07-27 01:38:00,Node B,25.83,6.89,15.0,0.12,-0.02,0.0,False,False,False,False,False,True
2026-07-27 01:53:00,Node A,25.26,7.19,11.9,-0.07,0.01,-0.4,False,False,False,False,False,True
2026-07-27 01:53:00,Node B,25.71,6.89,15.2,-0.12,0.0,0.2,False,False,False,False,False,True
2026-07-27 02:08:00,Node A,25.23,7.21,12.0,-0.03,0.02,0.1,False,False,False,False,False,True
2026-07-27 02:08:00,Node B,25.61,6.88,15.3,-0.1,-0.01,0.1,False,False,False,False,False,True
2026-07-27 02:23:00,Node A,25.13,7.19,12.3,-0.1,-0.02,0.3,False,False,False,False,False,True
2026-07-27 02:23:00,Node B,25.44,6.87,15.3,-0.17,-0.01,0.0,False,False,False,False,False,True
2026-07-27 02:38:00,Node A,25.15,7.18,11.8,0.02,-0.01,-0.5,False,False,False,False,False,True
2026-07-27 02:38:00,Node B,25.53,6.85,15.2,0.09,-0.02,-0.1,False,False,False,False,False,True
2026-07-27 02:53:00,Node A,25.13,7.15,11.7,-0.02,-0.03,-0.1,False,False,False,False,False,True
2026-07-27 02:53:00,Node B,25.48,6.84,15.4,-0.05,-0.01,0.2,False,False,False,False,False,True
2026-07-27 03:08:00,Node A,25.11,7.18,12.1,-0.02,0.03,0.4,False,False,False,False,True,True
2026-07-27 03:08:00,Node B,25.54,6.83,15.3,0.06,-0.01,-0.1,False,False,False,False,False,True
2026-07-27 03:38:00,Node A,25.14,7.17,12.8,,,,True,False,False,False,True,False
2026-07-27 03:38:00,Node B,25.58,6.83,14.8,,,,True,False,False,False,True,False
2026-07-27 03:53:00,Node A,25.15,7.22,14.1,0.01,0.05,1.3,False,False,False,False,True,True
2026-07-27 03:53:00,Node B,25.55,6.83,16.0,-0.03,0.0,1.2,False,False,False,False,True,True
2026-07-27 04:08:00,Node A,24.97,7.22,16.0,-0.18,0.0,1.9,False,True,False,True,True,False
2026-07-27 04:08:00,Node B,25.29,6.84,18.0,-0.26,0.01,2.0,False,False,False,False,True,True
2026-07-27 04:38:00,Node A,24.36,7.18,19.8,,,,True,True,False,True,True,False
2026-07-27 04:38:00,Node B,24.52,6.81,22.8,,,,True,True,False,True,True,False
2026-07-27 04:53:00,Node A,24.04,7.05,19.9,-0.32,-0.13,0.1,False,True,False,True,True,False
2026-07-27 04:53:00,Node B,24.06,6.47,22.7,-0.46,-0.34,-0.1,False,True,False,True,True,False
2026-07-27 05:08:00,Node A,24.11,6.78,19.8,0.07,-0.27,-0.1,False,True,False,True,True,False
2026-07-27 05:08:00,Node B,24.27,5.9,22.6,0.21,-0.57,-0.1,False,True,False,True,True,False
2026-07-27 05:23:00,Node A,24.17,6.47,19.6,0.06,-0.31,-0.2,False,True,False,True,True,False
2026-07-27 05:23:00,Node B,24.32,5.9,22.8,0.05,0.0,0.2,False,True,False,True,True,False
2026-07-27 05:38:00,Node A,24.12,6.1,20.0,-0.05,-0.37,0.4,False,True,False,True,True,False
2026-07-27 05:38:00,Node B,24.31,5.9,22.7,-0.01,0.0,-0.1,False,True,False,True,True,False
2026-07-27 05:53:00,Node A,24.29,6.11,20.0,0.17,0.01,0.0,False,True,False,True,True,False
2026-07-27 05:53:00,Node B,24.64,5.9,22.4,0.33,0.0,-0.3,False,True,False,True,True,False
2026-07-27 06:08:00,Node A,24.29,6.11,20.0,0.0,0.0,0.0,False,True,False,True,True,False
2026-07-27 06:08:00,Node B,24.99,5.9,22.7,0.35,0.0,0.3,False,True,False,True,True,False
2026-07-27 06:23:00,Node A,24.34,6.12,19.9,0.05,0.01,-0.1,False,True,False,True,True,False
2026-07-27 06:23:00,Node B,25.1,5.9,22.6,0.11,0.0,-0.1,False,True,False,True,True,False
2026-07-27 06:38:00,Node A,24.6,6.12,20.8,0.26,0.0,0.9,False,True,False,True,True,False
2026-07-27 06:38:00,Node B,25.36,5.9,21.8,0.26,0.0,-0.8,False,True,False,True,True,False
2026-07-27 06:53:00,Node A,24.75,6.23,20.9,0.15,0.11,0.1,False,True,False,True,True,False
2026-07-27 06:53:00,Node B,25.59,6.05,21.4,0.23,0.15,-0.4,False,True,False,True,True,False
2026-07-27 07:08:00,Node A,25.16,6.36,21.8,0.41,0.13,0.9,False,True,False,True,True,False
2026-07-27 07:08:00,Node B,25.72,6.14,21.0,0.13,0.09,-0.4,False,True,False,True,True,False
2026-07-27 07:23:00,Node A,25.47,6.5,20.5,0.31,0.14,-1.3,False,False,False,False,True,True
2026-07-27 07:23:00,Node B,26.0,6.26,20.6,0.28,0.12,-0.4,False,True,False,True,True,False
2026-07-27 07:38:00,Node A,25.75,6.66,19.7,0.28,0.16,-0.8,False,False,False,False,True,True
2026-07-27 07:38:00,Node B,26.36,6.35,20.3,0.36,0.09,-0.3,False,True,False,True,True,False
2026-07-27 07:53:00,Node A,26.25,5.95,18.8,0.5,-0.71,-0.9,False,True,False,True,True,False
2026-07-27 07:53:00,Node B,26.73,6.47,19.9,0.37,0.12,-0.4,False,True,False,True,False,False
2026-07-27 08:08:00,Node A,26.49,6.12,18.0,0.24,0.17,-0.8,False,True,False,True,True,False
2026-07-27 08:08:00,Node B,26.88,6.6,18.9,0.15,0.13,-1.0,False,False,False,False,False,True
2026-07-27 08:23:00,Node A,26.68,6.24,17.0,0.19,0.12,-1.0,False,True,False,True,True,False
2026-07-27 08:23:00,Node B,27.21,6.73,18.3,0.33,0.13,-0.6,False,False,False,False,False,True
2026-07-27 08:38:00,Node A,27.1,6.46,15.9,0.42,0.22,-1.1,False,True,False,True,False,False
2026-07-27 08:38:00,Node B,27.42,6.85,18.0,0.21,0.12,-0.3,False,False,False,False,True,True
2026-07-27 08:53:00,Node A,27.29,6.53,14.9,0.19,0.07,-1.0,False,False,False,False,False,True
2026-07-27 08:53:00,Node B,27.52,6.95,20.5,0.1,0.1,2.5,False,False,False,False,True,True
2026-07-27 09:23:00,Node A,27.63,6.71,14.4,,,,True,False,False,False,False,False
2026-07-27 09:23:00,Node B,28.08,6.98,24.8,,,,True,False,False,False,True,False
2026-07-27 09:38:00,Node A,27.72,6.85,14.0,0.09,0.14,-0.4,False,False,False,False,False,True
2026-07-27 09:38:00,Node B,28.2,7.68,24.0,0.12,0.7,-0.8,False,False,True,True,False,False
2026-07-27 09:53:00,Node A,27.81,6.93,13.8,0.09,0.08,-0.2,False,False,False,False,False,True
2026-07-27 09:53:00,Node B,28.43,7.71,21.0,0.23,0.03,-3.0,False,False,False,False,False,True
2026-07-27 10:08:00,Node A,27.79,7.06,13.4,-0.02,0.13,-0.4,False,False,False,False,False,True
2026-07-27 10:08:00,Node B,28.56,7.71,20.7,0.13,0.0,-0.3,False,False,False,False,False,True
2026-07-27 10:23:00,Node A,28.02,7.18,13.2,0.23,0.12,-0.2,False,False,False,False,False,True
2026-07-27 10:23:00,Node B,28.62,7.71,20.5,0.06,0.0,-0.2,False,False,False,False,False,True
2026-07-27 10:38:00,Node A,28.17,7.28,12.8,0.15,0.1,-0.4,False,False,False,False,False,True
2026-07-27 10:38:00,Node B,28.77,7.6,20.3,0.15,-0.11,-0.2,False,False,False,False,False,True
2026-07-27 10:53:00,Node A,28.09,7.3,12.6,-0.08,0.02,-0.2,False,False,False,False,False,True
2026-07-27 10:53:00,Node B,29.02,7.47,19.9,0.25,-0.13,-0.4,False,False,False,False,False,True
2026-07-27 11:08:00,Node A,28.13,7.33,12.9,0.04,0.03,0.3,False,False,False,False,False,True
2026-07-27 11:08:00,Node B,29.08,7.37,19.4,0.06,-0.1,-0.5,False,False,False,False,False,True
2026-07-27 11:23:00,Node A,28.36,7.36,13.0,0.23,0.03,0.1,False,False,False,False,False,True
2026-07-27 11:23:00,Node B,29.1,7.28,19.0,0.02,-0.09,-0.4,False,False,False,False,False,True
2026-07-27 11:38:00,Node A,28.47,7.33,13.0,0.11,-0.03,0.0,False,False,False,False,False,True
2026-07-27 11:38:00,Node B,29.21,7.13,18.7,0.11,-0.15,-0.3,False,False,False,False,False,True
2026-07-27 11:53:00,Node A,28.45,7.31,12.8,-0.02,-0.02,-0.2,False,False,False,False,False,True
2026-07-27 11:53:00,Node B,29.35,7.01,17.8,0.14,-0.12,-0.9,False,False,False,False,False,True
2026-07-27 12:08:00,Node A,28.47,7.3,12.7,0.02,-0.01,-0.1,False,False,False,False,False,True
2026-07-27 12:08:00,Node B,29.45,6.99,17.3,0.1,-0.02,-0.5,False,False,False,False,False,True
2026-07-27 12:23:00,Node A,28.7,7.28,12.9,0.23,-0.02,0.2,False,False,False,False,False,True
2026-07-27 12:23:00,Node B,29.67,7.01,17.3,0.22,0.02,0.0,False,False,False,False,False,True
2026-07-27 12:38:00,Node A,28.68,7.31,13.3,-0.02,0.03,0.4,False,False,False,False,False,True
2026-07-27 12:38:00,Node B,29.6,7.03,17.2,-0.07,0.02,-0.1,False,False,False,False,False,True
2026-07-27 12:53:00,Node A,28.76,7.34,13.2,0.08,0.03,-0.1,False,False,False,False,False,True
2026-07-27 12:53:00,Node B,29.6,7.04,16.7,0.0,0.01,-0.5,False,False,False,False,False,True
2026-07-27 13:38:00,Node A,28.98,7.36,13.5,,,,True,False,False,False,False,False
2026-07-27 13:38:00,Node B,29.73,7.05,14.9,,,,True,False,False,False,False,False
2026-07-27 14:08:00,Node A,28.99,7.41,12.9,,,,True,False,False,False,False,False
2026-07-27 14:08:00,Node B,29.99,7.06,14.5,,,,True,False,False,False,False,False
2026-07-27 14:23:00,Node A,29.0,7.4,12.7,0.01,-0.01,-0.2,False,False,False,False,False,True
2026-07-27 14:23:00,Node B,30.03,7.11,14.0,0.04,0.05,-0.5,False,False,False,False,False,True
2026-07-27 14:38:00,Node A,28.97,7.43,13.0,-0.03,0.03,0.3,False,False,False,False,False,True
2026-07-27 14:38:00,Node B,30.15,7.09,13.7,0.12,-0.02,-0.3,False,False,False,False,False,True
2026-07-27 14:53:00,Node A,29.11,7.42,13.0,0.14,-0.01,0.0,False,False,False,False,False,True
2026-07-27 14:53:00,Node B,30.18,7.12,13.4,0.03,0.03,-0.3,False,False,False,False,False,True
2026-07-27 15:08:00,Node A,29.11,7.44,13.1,0.0,0.02,0.1,False,False,False,False,False,True
2026-07-27 15:08:00,Node B,30.13,7.11,13.5,-0.05,-0.01,0.1,False,False,False,False,False,True
2026-07-27 15:53:00,Node A,29.02,7.36,12.9,,,,True,False,False,False,False,False
2026-07-27 15:53:00,Node B,29.9,7.14,13.7,,,,True,False,False,False,False,False
2026-07-27 16:08:00,Node A,28.93,7.36,13.1,-0.09,0.0,0.2,False,False,False,False,False,True
2026-07-27 16:08:00,Node B,30.03,7.13,13.8,0.13,-0.01,0.1,False,False,False,False,False,True
2026-07-27 16:23:00,Node A,28.9,7.37,13.6,-0.03,0.01,0.5,False,False,False,False,False,True
2026-07-27 16:23:00,Node B,29.99,7.1,13.6,-0.04,-0.03,-0.2,False,False,False,False,False,True
2026-07-27 16:38:00,Node A,28.81,7.36,13.5,-0.09,-0.01,-0.1,False,False,False,False,False,True
2026-07-27 16:38:00,Node B,29.91,7.09,13.5,-0.08,-0.01,-0.1,False,False,False,False,False,True
2026-07-27 16:53:00,Node A,28.75,7.39,13.9,-0.06,0.03,0.4,False,False,False,False,False,True
2026-07-27 16:53:00,Node B,29.78,7.08,13.8,-0.13,-0.01,0.3,False,False,False,False,False,True
2026-07-27 17:08:00,Node A,28.87,7.37,14.5,0.12,-0.02,0.6,False,False,False,False,False,True
2026-07-27 17:08:00,Node B,29.51,7.07,13.8,-0.27,-0.01,0.0,False,False,False,False,False,True
2026-07-27 17:23:00,Node A,28.82,7.35,15.0,-0.05,-0.02,0.5,False,False,False,False,False,True
2026-07-27 17:23:00,Node B,29.54,7.01,14.1,0.03,-0.06,0.3,False,False,False,False,False,True
2026-07-27 17:38:00,Node A,28.87,7.34,16.0,0.05,-0.01,1.0,False,False,False,False,True,True
2026-07-27 17:38:00,Node B,29.59,7.04,14.2,0.05,0.03,0.1,False,False,False,False,False,True
2026-07-27 17:53:00,Node A,28.87,7.35,16.2,0.0,0.01,0.2,False,False,False,False,True,True
2026-07-27 17:53:00,Node B,29.57,7.04,14.3,-0.02,0.0,0.1,False,False,False,False,False,True
2026-07-27 18:08:00,Node A,28.85,7.6,16.5,-0.02,0.25,0.3,False,False,False,False,True,True
2026-07-27 18:08:00,Node B,29.48,7.05,14.1,-0.09,0.01,-0.2,False,False,False,False,False,True
2026-07-27 18:23:00,Node A,28.82,7.98,16.4,-0.03,0.38,-0.1,False,False,False,False,True,True
2026-07-27 18:23:00,Node B,29.32,7.04,13.9,-0.16,-0.01,-0.2,False,False,False,False,False,True
2026-07-27 18:38:00,Node A,28.83,8.54,16.4,0.01,0.56,0.0,False,True,False,True,True,False
2026-07-27 18:38:00,Node B,29.12,7.03,13.8,-0.2,-0.01,-0.1,False,False,False,False,False,True
2026-07-27 18:53:00,Node A,28.92,8.55,16.3,0.09,0.01,-0.1,False,True,False,True,True,False
2026-07-27 18:53:00,Node B,29.05,7.0,13.9,-0.07,-0.03,0.1,False,False,False,False,False,True
2026-07-27 19:08:00,Node A,28.99,8.55,16.2,0.07,0.0,-0.1,False,True,False,True,True,False
2026-07-27 19:08:00,Node B,28.82,6.98,13.8,-0.23,-0.02,-0.1,False,False,False,False,False,True
2026-07-27 19:23:00,Node A,28.94,8.54,15.9,-0.05,-0.01,-0.3,False,True,False,True,True,False
2026-07-27 19:23:00,Node B,28.73,6.96,14.2,-0.09,-0.02,0.4,False,False,False,False,False,True
2026-07-27 19:38:00,Node A,28.88,8.51,16.3,-0.06,-0.03,0.4,False,True,False,True,True,False
2026-07-27 19:38:00,Node B,28.5,6.99,14.4,-0.23,0.03,0.2,False,False,False,False,False,True
2026-07-27 19:53:00,Node A,28.58,8.52,16.9,-0.3,0.01,0.6,False,True,False,True,True,False
2026-07-27 19:53:00,Node B,28.62,7.0,14.3,0.12,0.01,-0.1,False,False,False,False,False,True
2026-07-27 20:08:00,Node A,28.49,8.53,17.1,-0.09,0.01,0.2,False,True,False,True,True,False
2026-07-27 20:08:00,Node B,28.4,6.99,14.5,-0.22,-0.01,0.2,False,False,False,False,False,True
2026-07-27 20:23:00,Node A,28.46,8.45,17.3,-0.03,-0.08,0.2,False,False,False,False,True,True
2026-07-27 20:23:00,Node B,28.28,6.97,14.9,-0.12,-0.02,0.4,False,False,False,False,False,True
2026-07-27 20:38:00,Node A,28.33,8.48,17.8,-0.13,0.03,0.5,False,False,False,False,True,True
2026-07-27 20:38:00,Node B,28.1,6.96,14.8,-0.18,-0.01,-0.1,False,False,False,False,False,True
2026-07-27 20:53:00,Node A,28.25,8.56,18.6,-0.08,0.08,0.8,False,True,False,True,True,False
2026-07-27 20:53:00,Node B,27.77,6.94,15.0,-0.33,-0.02,0.2,False,False,False,False,False,True
2026-07-27 21:08:00,Node A,28.29,8.72,18.4,0.04,0.16,-0.2,False,True,False,True,True,False
2026-07-27 21:08:00,Node B,27.61,6.94,14.7,-0.16,0.0,-0.3,False,False,False,False,False,True
2026-07-27 21:23:00,Node A,28.15,8.94,18.6,-0.14,0.22,0.2,False,True,False,True,True,False
2026-07-27 21:23:00,Node B,27.68,7.0,14.4,0.07,0.06,-0.3,False,False,False,False,False,True
2026-07-27 21:38:00,Node A,27.95,8.86,19.6,-0.2,-0.08,1.0,False,True,False,True,True,False
2026-07-27 21:38:00,Node B,27.27,6.96,14.5,-0.41,-0.04,0.1,False,False,False,False,False,True
2026-07-27 21:53:00,Node A,27.75,8.76,22.3,-0.2,-0.1,2.7,False,True,False,True,True,False
2026-07-27 21:53:00,Node B,27.12,6.98,14.2,-0.15,0.02,-0.3,False,False,False,False,False,True
2026-07-27 22:08:00,Node A,27.57,8.66,15.7,-0.18,-0.1,-6.6,False,True,False,True,True,False
2026-07-27 22:08:00,Node B,27.14,6.96,14.3,0.02,-0.02,0.1,False,False,False,False,False,True
2026-07-27 22:23:00,Node A,27.66,8.59,17.1,0.09,-0.07,1.4,False,True,False,True,True,False
2026-07-27 22:23:00,Node B,27.04,6.97,14.5,-0.1,0.01,0.2,False,False,False,False,False,True
2026-07-27 22:38:00,Node A,27.54,9.23,17.1,-0.12,0.64,0.0,False,True,False,True,True,False
2026-07-27 22:38:00,Node B,26.89,6.97,14.5,-0.15,0.0,0.0,False,False,False,False,False,True
2026-07-27 22:53:00,Node A,27.45,8.47,16.7,-0.09,-0.76,-0.4,False,False,True,True,False,False
2026-07-27 22:53:00,Node B,26.67,6.96,14.7,-0.22,-0.01,0.2,False,False,False,False,False,True
2026-07-27 23:08:00,Node A,27.51,8.31,16.1,0.06,-0.16,-0.6,False,False,False,False,False,True
2026-07-27 23:08:00,Node B,26.51,6.94,14.4,-0.16,-0.02,-0.3,False,False,False,False,False,True
2026-07-27 23:23:00,Node A,27.55,8.13,15.8,0.04,-0.18,-0.3,False,False,False,False,False,True
2026-07-27 23:23:00,Node B,26.48,6.9,14.3,-0.03,-0.04,-0.1,False,False,False,False,False,True
2026-07-27 23:38:00,Node A,27.55,8.04,15.5,0.0,-0.09,-0.3,False,False,False,False,False,True
2026-07-27 23:38:00,Node B,26.4,6.9,14.5,-0.08,0.0,0.2,False,False,False,False,False,True
2026-07-27 23:53:00,Node A,27.48,7.9,14.4,-0.07,-0.14,-1.1,False,False,False,False,False,True
2026-07-27 23:53:00,Node B,26.28,6.9,14.3,-0.12,0.0,-0.2,False,False,False,False,False,True
2026-07-28 00:08:00,Node A,27.5,7.68,13.5,0.02,-0.22,-0.9,False,False,False,False,False,True
2026-07-28 00:08:00,Node B,26.3,6.89,14.5,0.02,-0.01,0.2,False,False,False,False,False,True
2026-07-28 00:23:00,Node A,27.29,7.55,12.5,-0.21,-0.13,-1.0,False,False,False,False,False,True
2026-07-28 00:23:00,Node B,25.95,6.9,15.0,-0.35,0.01,0.5,False,False,False,False,False,True
2026-07-28 00:38:00,Node A,27.19,7.34,11.4,-0.1,-0.21,-1.1,False,False,False,False,False,True
2026-07-28 00:38:00,Node B,25.72,6.85,14.9,-0.23,-0.05,-0.1,False,False,False,False,False,True
2026-07-28 00:53:00,Node A,26.99,7.19,10.1,-0.2,-0.15,-1.3,False,False,False,False,False,True
2026-07-28 00:53:00,Node B,25.74,6.85,14.8,0.02,0.0,-0.1,False,False,False,False,False,True
2026-07-28 01:08:00,Node A,26.89,7.21,8.8,-0.1,0.02,-1.3,False,False,False,False,False,True
2026-07-28 01:08:00,Node B,25.67,6.85,14.9,-0.07,0.0,0.1,False,False,False,False,False,True
2026-07-28 01:23:00,Node A,26.81,7.22,7.7,-0.08,0.01,-1.1,False,False,False,False,False,True
2026-07-28 01:23:00,Node B,25.59,6.83,14.6,-0.08,-0.02,-0.3,False,False,False,False,False,True
2026-07-28 01:38:00,Node A,26.72,7.21,6.6,-0.09,-0.01,-1.1,False,False,False,False,False,True
2026-07-28 01:38:00,Node B,25.41,6.86,14.6,-0.18,0.03,0.0,False,False,False,False,True,True
2026-07-28 01:53:00,Node A,26.68,7.21,6.1,-0.04,0.0,-0.5,False,False,False,False,False,True
2026-07-28 01:53:00,Node B,25.34,6.85,14.5,-0.07,-0.01,-0.1,False,False,False,False,True,True
2026-07-28 02:08:00,Node A,26.52,7.19,4.9,-0.16,-0.02,-1.2,False,False,False,False,False,True
2026-07-28 02:08:00,Node B,25.36,6.86,14.5,0.02,0.01,0.0,False,False,False,False,True,True
2026-07-28 02:23:00,Node A,26.42,7.19,4.7,-0.1,0.0,-0.2,False,False,False,False,False,True
2026-07-28 02:23:00,Node B,25.42,6.86,15.8,0.06,0.0,1.3,False,False,False,False,True,True
2026-07-28 02:38:00,Node A,26.45,7.19,5.0,0.03,0.0,0.3,False,False,False,False,False,True
2026-07-28 02:38:00,Node B,24.94,6.89,17.5,-0.48,0.03,1.7,False,True,False,True,True,False
2026-07-28 02:53:00,Node A,26.44,7.2,4.8,-0.01,0.01,-0.2,False,False,False,False,False,True
2026-07-28 02:53:00,Node B,24.26,6.89,19.6,-0.68,0.0,2.1,False,True,False,True,True,False
2026-07-28 03:38:00,Node A,26.35,7.17,3.9,,,,True,False,False,False,False,False
2026-07-28 03:38:00,Node B,24.3,6.65,24.7,,,,True,True,False,True,True,False
2026-07-28 04:23:00,Node A,26.39,7.16,3.8,,,,True,False,False,False,False,False
2026-07-28 04:23:00,Node B,24.23,6.11,30.7,,,,True,True,False,True,True,False
2026-07-28 04:38:00,Node A,26.38,7.18,3.8,-0.01,0.02,0.0,False,False,False,False,False,True
2026-07-28 04:38:00,Node B,24.29,6.11,35.8,0.06,0.0,5.1,False,True,False,True,True,False
2026-07-28 04:53:00,Node A,26.54,7.16,3.7,0.16,-0.02,-0.1,False,False,False,False,False,True
2026-07-28 04:53:00,Node B,23.95,5.94,35.3,-0.34,-0.17,-0.5,False,True,False,True,True,False
2026-07-28 05:38:00,Node A,26.67,7.2,3.6,,,,True,False,False,False,False,False
2026-07-28 05:38:00,Node B,24.33,5.9,33.6,,,,True,True,False,True,True,False
2026-07-28 05:53:00,Node A,26.86,7.18,3.9,0.19,-0.02,0.3,False,False,False,False,False,True
2026-07-28 05:53:00,Node B,24.73,5.9,32.1,0.4,0.0,-1.5,False,True,False,True,True,False
2026-07-28 06:08:00,Node A,26.81,7.19,3.7,-0.05,0.01,-0.2,False,False,False,False,False,True
2026-07-28 06:08:00,Node B,25.0,5.9,30.3,0.27,0.0,-1.8,False,True,False,True,True,False
2026-07-28 06:23:00,Node A,26.74,7.19,3.4,-0.07,0.0,-0.3,False,False,False,False,False,True
2026-07-28 06:23:00,Node B,25.09,5.9,28.8,0.09,0.0,-1.5,False,True,False,True,True,False
2026-07-28 06:38:00,Node A,26.69,7.22,3.3,-0.05,0.03,-0.1,False,False,False,False,False,True
2026-07-28 06:38:00,Node B,25.29,5.9,27.0,0.2,0.0,-1.8,False,True,False,True,True,False
2026-07-28 06:53:00,Node A,26.89,7.22,3.5,0.2,0.0,0.2,False,False,False,False,False,True
2026-07-28 06:53:00,Node B,25.34,5.9,25.3,0.05,0.0,-1.7,False,True,False,True,True,False
2026-07-28 07:08:00,Node A,27.04,7.21,4.2,0.15,-0.01,0.7,False,False,False,False,False,True
2026-07-28 07:08:00,Node B,25.46,6.03,23.4,0.12,0.13,-1.9,False,True,False,True,True,False
2026-07-28 07:23:00,Node A,27.17,7.26,4.7,0.13,0.05,0.5,False,False,False,False,False,True
2026-07-28 07:23:00,Node B,25.82,6.21,21.6,0.36,0.18,-1.8,False,True,False,True,True,False
2026-07-28 07:38:00,Node A,27.37,7.26,5.2,0.2,0.0,0.5,False,False,False,False,False,True
2026-07-28 07:38:00,Node B,26.07,6.39,20.0,0.25,0.18,-1.6,False,True,False,True,False,False
2026-07-28 07:53:00,Node A,27.51,7.31,5.9,0.14,0.05,0.7,False,False,False,False,False,True
2026-07-28 07:53:00,Node B,26.41,6.55,18.5,0.34,0.16,-1.5,False,False,False,False,False,True
2026-07-28 08:23:00,Node A,27.93,7.59,6.2,,,,True,False,False,False,False,False
2026-07-28 08:23:00,Node B,27.16,6.92,15.8,,,,True,False,False,False,False,False
2026-07-28 08:38:00,Node A,28.07,7.82,6.3,0.14,0.23,0.1,False,False,False,False,False,True
2026-07-28 08:38:00,Node B,27.33,6.92,15.2,0.17,0.0,-0.6,False,False,False,False,False,True
2026-07-28 08:53:00,Node A,28.35,8.03,6.5,0.28,0.21,0.2,False,False,False,False,False,True
2026-07-28 08:53:00,Node B,27.69,6.93,15.7,0.36,0.01,0.5,False,False,False,False,False,True
2026-07-28 09:08:00,Node A,28.68,8.06,6.4,0.33,0.03,-0.1,False,False,False,False,False,True
2026-07-28 09:08:00,Node B,28.0,6.92,15.7,0.31,-0.01,0.0,False,False,False,False,False,True
2026-07-28 09:23:00,Node A,28.9,8.07,6.6,0.22,0.01,0.2,False,False,False,False,False,True
2026-07-28 09:23:00,Node B,28.01,6.93,15.7,0.01,0.01,0.0,False,False,False,False,False,True
2026-07-28 09:38:00,Node A,29.06,8.07,6.6,0.16,0.0,0.0,False,False,False,False,False,True
2026-07-28 09:38:00,Node B,28.12,6.93,15.7,0.11,0.0,0.0,False,False,False,False,False,True
2026-07-28 09:53:00,Node A,29.09,8.03,6.9,0.03,-0.04,0.3,False,False,False,False,False,True
2026-07-28 09:53:00,Node B,28.24,6.95,15.2,0.12,0.02,-0.5,False,False,False,False,False,True
2026-07-28 10:08:00,Node A,29.28,7.98,6.8,0.19,-0.05,-0.1,False,False,False,False,False,True
2026-07-28 10:08:00,Node B,28.35,6.98,15.4,0.11,0.03,0.2,False,False,False,False,False,True
2026-07-28 10:23:00,Node A,29.18,7.94,6.6,-0.1,-0.04,-0.2,False,False,False,False,False,True
2026-07-28 10:23:00,Node B,28.48,6.96,15.6,0.13,-0.02,0.2,False,False,False,False,False,True
2026-07-28 10:38:00,Node A,29.41,7.9,6.7,0.23,-0.04,0.1,False,False,False,False,False,True
2026-07-28 10:38:00,Node B,28.69,6.98,15.4,0.21,0.02,-0.2,False,False,False,False,False,True
2026-07-28 10:53:00,Node A,29.53,7.85,6.2,0.12,-0.05,-0.5,False,False,False,False,False,True
2026-07-28 10:53:00,Node B,28.66,6.95,15.6,-0.03,-0.03,0.2,False,False,False,False,False,True
2026-07-28 11:08:00,Node A,29.64,7.82,7.2,0.11,-0.03,1.0,False,False,False,False,False,True
2026-07-28 11:08:00,Node B,28.88,6.96,15.5,0.22,0.01,-0.1,False,False,False,False,False,True
2026-07-28 11:23:00,Node A,29.76,7.76,9.5,0.12,-0.06,2.3,False,False,False,False,True,True
2026-07-28 11:23:00,Node B,28.95,6.99,15.7,0.07,0.03,0.2,False,False,False,False,False,True
2026-07-28 11:38:00,Node A,29.75,7.7,9.1,-0.01,-0.06,-0.4,False,False,False,False,True,True
2026-07-28 11:38:00,Node B,29.09,6.99,15.6,0.14,0.0,-0.1,False,False,False,False,False,True
2026-07-28 11:53:00,Node A,29.84,7.68,8.9,0.09,-0.02,-0.2,False,False,False,False,True,True
2026-07-28 11:53:00,Node B,29.46,7.0,15.5,0.37,0.01,-0.1,False,False,False,False,False,True
2026-07-28 12:08:00,Node A,29.99,7.65,8.7,0.15,-0.03,-0.2,False,False,False,False,True,True
2026-07-28 12:08:00,Node B,29.59,7.01,15.5,0.13,0.01,0.0,False,False,False,False,False,True
2026-07-28 12:23:00,Node A,30.16,6.79,8.8,0.17,-0.86,0.1,False,False,True,True,False,False
2026-07-28 12:23:00,Node B,29.75,7.02,15.3,0.16,0.01,-0.2,False,False,False,False,False,True
2026-07-28 12:38:00,Node A,30.2,6.77,8.4,0.04,-0.02,-0.4,False,False,False,False,False,True
2026-07-28 12:38:00,Node B,29.85,7.01,15.5,0.1,-0.01,0.2,False,False,False,False,False,True
2026-07-28 12:53:00,Node A,30.18,6.69,8.2,-0.02,-0.08,-0.2,False,False,False,False,False,True
2026-07-28 12:53:00,Node B,29.97,7.02,15.5,0.12,0.01,0.0,False,False,False,False,False,True
2026-07-28 13:08:00,Node A,30.16,6.8,7.8,-0.02,0.11,-0.4,False,False,False,False,False,True
2026-07-28 13:08:00,Node B,29.82,7.04,15.5,-0.15,0.02,0.0,False,False,False,False,False,True
2026-07-28 13:23:00,Node A,30.01,6.9,7.7,-0.15,0.1,-0.1,False,False,False,False,False,True
2026-07-28 13:23:00,Node B,29.59,7.05,15.7,-0.23,0.01,0.2,False,False,False,False,False,True
2026-07-28 13:38:00,Node A,30.1,6.95,7.2,0.09,0.05,-0.5,False,False,False,False,False,True
2026-07-28 13:38:00,Node B,29.73,7.07,15.8,0.14,0.02,0.1,False,False,False,False,False,True
2026-07-28 13:53:00,Node A,30.19,7.12,6.7,0.09,0.17,-0.5,False,False,False,False,False,True
2026-07-28 13:53:00,Node B,29.68,7.06,15.8,-0.05,-0.01,0.0,False,False,False,False,False,True
2026-07-28 14:08:00,Node A,30.1,7.26,6.0,-0.09,0.14,-0.7,False,False,False,False,False,True
2026-07-28 14:08:00,Node B,29.72,7.05,15.9,0.04,-0.01,0.1,False,False,False,False,False,True
2026-07-28 14:23:00,Node A,30.08,7.36,6.4,-0.02,0.1,0.4,False,False,False,False,False,True
2026-07-28 14:23:00,Node B,29.93,7.03,15.9,0.21,-0.02,0.0,False,False,False,False,False,True
2026-07-28 14:38:00,Node A,29.99,7.34,6.9,-0.09,-0.02,0.5,False,False,False,False,False,True
2026-07-28 14:38:00,Node B,29.89,7.04,15.4,-0.04,0.01,-0.5,False,False,False,False,False,True
2026-07-28 14:53:00,Node A,29.6,7.36,7.2,-0.39,0.02,0.3,False,False,False,False,False,True
2026-07-28 14:53:00,Node B,30.03,7.07,15.5,0.14,0.03,0.1,False,False,False,False,False,True
2026-07-28 15:08:00,Node A,29.07,7.33,8.2,-0.53,-0.03,1.0,False,False,False,False,True,True
2026-07-28 15:08:00,Node B,30.05,7.1,15.6,0.02,0.03,0.1,False,False,False,False,False,True
2026-07-28 15:23:00,Node A,28.6,7.21,9.5,-0.47,-0.12,1.3,False,False,False,False,True,True
2026-07-28 15:23:00,Node B,29.77,7.11,15.8,-0.28,0.01,0.2,False,False,False,False,False,True
2026-07-28 15:38:00,Node A,27.92,6.96,9.9,-0.68,-0.25,0.4,False,False,False,False,True,True
2026-07-28 15:38:00,Node B,29.8,7.13,15.7,0.03,0.02,-0.1,False,False,False,False,False,True
2026-07-28 15:53:00,Node A,27.85,6.61,10.0,-0.07,-0.35,0.1,False,False,False,False,True,True
2026-07-28 15:53:00,Node B,29.87,7.12,15.7,0.07,-0.01,0.0,False,False,False,False,False,True
2026-07-28 16:08:00,Node A,27.66,6.23,10.2,-0.19,-0.38,0.2,False,True,False,True,True,False
2026-07-28 16:08:00,Node B,29.89,7.09,16.1,0.02,-0.03,0.4,False,False,False,False,False,True
2026-07-28 16:23:00,Node A,27.63,6.23,10.2,-0.03,0.0,0.0,False,True,False,True,True,False
2026-07-28 16:23:00,Node B,30.0,7.09,15.7,0.11,0.0,-0.4,False,False,False,False,False,True
2026-07-28 16:38:00,Node A,27.51,6.23,10.1,-0.12,0.0,-0.1,False,True,False,True,True,False
2026-07-28 16:38:00,Node B,29.96,7.07,15.9,-0.04,-0.02,0.2,False,False,False,False,True,True
2026-07-28 16:53:00,Node A,27.67,6.22,9.6,0.16,-0.01,-0.5,False,True,False,True,True,False
2026-07-28 16:53:00,Node B,29.8,7.06,17.3,-0.16,-0.01,1.4,False,False,False,False,True,True
2026-07-28 17:08:00,Node A,27.68,6.21,8.5,0.01,-0.01,-1.1,False,True,False,True,True,False
2026-07-28 17:08:00,Node B,29.6,7.05,19.7,-0.2,-0.01,2.4,False,False,False,False,True,True
2026-07-28 17:23:00,Node A,27.8,6.21,8.1,0.12,0.0,-0.4,False,True,False,True,True,False
2026-07-28 17:23:00,Node B,29.62,7.04,23.1,0.02,-0.01,3.4,False,False,False,False,True,True
2026-07-28 17:38:00,Node A,27.96,6.31,7.0,0.16,0.1,-1.1,False,True,False,True,True,False
2026-07-28 17:38:00,Node B,29.38,7.8,23.0,-0.24,0.76,-0.1,False,False,True,True,False,False
2026-07-28 17:53:00,Node A,28.0,6.44,6.5,0.04,0.13,-0.5,False,True,False,True,False,False
2026-07-28 17:53:00,Node B,29.38,7.77,22.7,0.0,-0.03,-0.3,False,False,False,False,False,True
2026-07-28 18:08:00,Node A,28.0,6.56,6.2,0.0,0.12,-0.3,False,False,False,False,False,True
2026-07-28 18:08:00,Node B,29.31,7.78,23.0,-0.07,0.01,0.3,False,False,False,False,False,True
2026-07-28 18:23:00,Node A,28.06,6.71,5.3,0.06,0.15,-0.9,False,False,False,False,False,True
2026-07-28 18:23:00,Node B,29.13,7.74,23.3,-0.18,-0.04,0.3,False,False,False,False,False,True
2026-07-28 18:38:00,Node A,28.24,6.86,4.8,0.18,0.15,-0.5,False,False,False,False,False,True
2026-07-28 18:38:00,Node B,29.06,7.65,23.0,-0.07,-0.09,-0.3,False,False,False,False,False,True
2026-07-28 18:53:00,Node A,27.99,6.96,4.3,-0.25,0.1,-0.5,False,False,False,False,False,True
2026-07-28 18:53:00,Node B,29.06,7.55,22.6,0.0,-0.1,-0.4,False,False,False,False,False,True
2026-07-28 19:08:00,Node A,27.91,7.03,4.5,-0.08,0.07,0.2,False,False,False,False,False,True
2026-07-28 19:08:00,Node B,29.06,7.48,22.4,0.0,-0.07,-0.2,False,False,False,False,False,True
2026-07-28 19:23:00,Node A,27.79,7.17,4.5,-0.12,0.14,0.0,False,False,False,False,False,True
2026-07-28 19:23:00,Node B,28.86,7.35,22.0,-0.2,-0.13,-0.4,False,False,False,False,False,True
2026-07-28 19:38:00,Node A,27.68,7.3,4.4,-0.11,0.13,-0.1,False,False,False,False,False,True
2026-07-28 19:38:00,Node B,28.71,7.26,21.8,-0.15,-0.09,-0.2,False,False,False,False,False,True
2026-07-28 19:53:00,Node A,27.74,7.27,4.4,0.06,-0.03,0.0,False,False,False,False,False,True
2026-07-28 19:53:00,Node B,28.52,7.16,21.3,-0.19,-0.1,-0.5,False,False,False,False,False,True
2026-07-28 20:08:00,Node A,27.62,7.28,4.4,-0.12,0.01,0.0,False,False,False,False,False,True
2026-07-28 20:08:00,Node B,28.2,7.08,21.1,-0.32,-0.08,-0.2,False,False,False,False,False,True
2026-07-28 20:23:00,Node A,27.49,7.29,4.2,-0.13,0.01,-0.2,False,False,False,False,False,True
2026-07-28 20:23:00,Node B,28.19,7.08,21.0,-0.01,0.0,-0.1,False,False,False,False,False,True
2026-07-28 20:38:00,Node A,27.41,7.28,4.3,-0.08,-0.01,0.1,False,False,False,False,False,True
2026-07-28 20:38:00,Node B,28.04,7.03,20.3,-0.15,-0.05,-0.7,False,False,False,False,False,True
2026-07-28 20:53:00,Node A,27.3,7.26,4.1,-0.11,-0.02,-0.2,False,False,False,False,False,True
2026-07-28 20:53:00,Node B,27.96,6.97,20.1,-0.08,-0.06,-0.2,False,False,False,False,False,True
2026-07-28 21:08:00,Node A,27.18,7.26,4.0,-0.12,0.0,-0.1,False,False,False,False,False,True
2026-07-28 21:08:00,Node B,27.79,6.97,19.6,-0.17,0.0,-0.5,False,False,False,False,False,True
2026-07-28 21:23:00,Node A,27.0,7.25,3.9,-0.18,-0.01,-0.1,False,False,False,False,False,True
2026-07-28 21:23:00,Node B,27.75,6.98,18.8,-0.04,0.01,-0.8,False,False,False,False,False,True
2026-07-28 21:38:00,Node A,26.76,7.25,4.3,-0.24,0.0,0.4,False,False,False,False,False,True
2026-07-28 21:38:00,Node B,27.67,6.97,18.3,-0.08,-0.01,-0.5,False,False,False,False,False,True
2026-07-28 22:08:00,Node A,26.49,7.22,4.2,,,,True,False,False,False,False,False
2026-07-28 22:08:00,Node B,27.39,6.99,17.1,,,,True,False,False,False,False,False
2026-07-28 22:23:00,Node A,26.36,7.22,4.5,-0.13,0.0,0.3,False,False,False,False,False,True
2026-07-28 22:23:00,Node B,27.26,6.95,16.5,-0.13,-0.04,-0.6,False,False,False,False,False,True
2026-07-28 22:38:00,Node A,26.44,7.23,4.8,0.08,0.01,0.3,False,False,False,False,False,True
2026-07-28 22:38:00,Node B,27.02,6.97,16.0,-0.24,0.02,-0.5,False,False,False,False,False,True
2026-07-28 22:53:00,Node A,26.42,7.25,4.7,-0.02,0.02,-0.1,False,False,False,False,False,True
2026-07-28 22:53:00,Node B,26.72,6.99,16.1,-0.3,0.02,0.1,False,False,False,False,False,True
2026-07-28 23:08:00,Node A,26.21,7.26,4.8,-0.21,0.01,0.1,False,False,False,False,False,True
2026-07-28 23:08:00,Node B,26.65,6.98,16.0,-0.07,-0.01,-0.1,False,False,False,False,False,True
2026-07-28 23:23:00,Node A,26.09,7.25,4.7,-0.12,-0.01,-0.1,False,False,False,False,False,True
2026-07-28 23:23:00,Node B,26.4,6.97,15.9,-0.25,-0.01,-0.1,False,False,False,False,False,True
2026-07-28 23:38:00,Node A,26.13,7.22,4.5,0.04,-0.03,-0.2,False,False,False,False,False,True
2026-07-28 23:38:00,Node B,26.27,6.95,16.0,-0.13,-0.02,0.1,False,False,False,False,False,True
2026-07-28 23:53:00,Node A,26.0,7.17,4.4,-0.13,-0.05,-0.1,False,False,False,False,False,True
2026-07-28 23:53:00,Node B,26.19,6.96,16.5,-0.08,0.01,0.5,False,False,False,False,False,True
2026-07-29 00:08:00,Node A,25.97,7.16,4.6,-0.03,-0.01,0.2,False,False,False,False,False,True
2026-07-29 00:08:00,Node B,25.93,6.92,16.4,-0.26,-0.04,-0.1,False,False,False,False,False,True
2026-07-29 00:23:00,Node A,25.9,7.14,4.6,-0.07,-0.02,0.0,False,False,False,False,False,True
2026-07-29 00:23:00,Node B,25.74,6.9,16.9,-0.19,-0.02,0.5,False,False,False,False,False,True
2026-07-29 00:38:00,Node A,25.84,7.15,4.7,-0.06,0.01,0.1,False,False,False,False,False,True
2026-07-29 00:38:00,Node B,25.71,6.89,17.3,-0.03,-0.01,0.4,False,False,False,False,False,True
2026-07-29 00:53:00,Node A,25.77,7.18,6.0,-0.07,0.03,1.3,False,False,False,False,False,True
2026-07-29 00:53:00,Node B,25.64,6.9,17.5,-0.07,0.01,0.2,False,False,False,False,False,True
2026-07-29 01:08:00,Node A,25.65,7.17,7.9,-0.12,-0.01,1.9,False,False,False,False,True,True
2026-07-29 01:08:00,Node B,25.77,6.89,17.6,0.13,-0.01,0.1,False,False,False,False,False,True
2026-07-29 01:23:00,Node A,25.54,7.15,8.0,-0.11,-0.02,0.1,False,False,False,False,True,True
2026-07-29 01:23:00,Node B,25.62,6.88,17.6,-0.15,-0.01,0.0,False,False,False,False,False,True
2026-07-29 01:38:00,Node A,25.54,7.13,8.2,0.0,-0.02,0.2,False,False,False,False,True,True
2026-07-29 01:38:00,Node B,25.45,6.9,17.5,-0.17,0.02,-0.1,False,False,False,False,False,True
2026-07-29 01:53:00,Node A,25.55,7.15,8.1,0.01,0.02,-0.1,False,False,False,False,True,True
2026-07-29 01:53:00,Node B,25.42,6.88,17.2,-0.03,-0.02,-0.3,False,False,False,False,False,True
2026-07-29 02:08:00,Node A,25.58,6.35,8.0,0.03,-0.8,-0.1,False,True,False,True,True,False
2026-07-29 02:08:00,Node B,25.4,6.87,17.0,-0.02,-0.01,-0.2,False,False,False,False,False,True
2026-07-29 02:23:00,Node A,25.59,6.37,8.2,0.01,0.02,0.2,False,True,False,True,True,False
2026-07-29 02:23:00,Node B,25.47,6.86,17.1,0.07,-0.01,0.1,False,False,False,False,False,True
2026-07-29 02:38:00,Node A,25.49,6.37,8.0,-0.1,0.0,-0.2,False,True,False,True,True,False
2026-07-29 02:38:00,Node B,25.43,6.88,17.0,-0.04,0.02,-0.1,False,False,False,False,False,True
2026-07-29 02:53:00,Node A,25.51,6.38,7.9,0.02,0.01,-0.1,False,True,False,True,False,False
2026-07-29 02:53:00,Node B,25.57,6.85,16.9,0.14,-0.03,-0.1,False,False,False,False,False,True
2026-07-29 03:08:00,Node A,25.56,6.53,7.8,0.05,0.15,-0.1,False,False,False,False,False,True
2026-07-29 03:08:00,Node B,25.55,6.89,16.8,-0.02,0.04,-0.1,False,False,False,False,False,True
2026-07-29 03:23:00,Node A,25.61,6.65,7.5,0.05,0.12,-0.3,False,False,False,False,False,True
2026-07-29 03:23:00,Node B,25.49,6.86,16.9,-0.06,-0.03,0.1,False,False,False,False,False,True
2026-07-29 03:38:00,Node A,25.66,6.82,7.4,0.05,0.17,-0.1,False,False,False,False,False,True
2026-07-29 03:38:00,Node B,25.55,6.87,16.8,0.06,0.01,-0.1,False,False,False,False,False,True
2026-07-29 03:53:00,Node A,25.61,6.96,6.9,-0.05,0.14,-0.5,False,False,False,False,False,True
2026-07-29 03:53:00,Node B,25.52,6.88,16.9,-0.03,0.01,0.1,False,False,False,False,False,True
2026-07-29 04:08:00,Node A,25.82,7.04,6.4,0.21,0.08,-0.5,False,False,False,False,True,True
2026-07-29 04:08:00,Node B,25.57,6.93,17.2,0.05,0.05,0.3,False,False,False,False,False,True
2026-07-29 04:23:00,Node A,25.87,7.17,6.1,0.05,0.13,-0.3,False,False,False,False,True,True
2026-07-29 04:23:00,Node B,25.54,6.9,17.0,-0.03,-0.03,-0.2,False,False,False,False,False,True
2026-07-29 04:38:00,Node A,25.92,7.16,6.0,0.05,-0.01,-0.1,False,False,False,False,True,True
2026-07-29 04:38:00,Node B,25.61,6.91,16.7,0.07,0.01,-0.3,False,False,False,False,False,True
2026-07-29 04:53:00,Node A,25.95,7.16,6.7,0.03,0.0,0.7,False,False,False,False,True,True
2026-07-29 04:53:00,Node B,25.8,6.89,16.5,0.19,-0.02,-0.2,False,False,False,False,False,True
2026-07-29 06:23:00,Node A,24.93,6.46,14.4,,,,True,True,False,True,False,False
2026-07-29 06:23:00,Node B,26.39,6.9,17.0,,,,True,False,False,False,False,False
2026-07-29 07:53:00,Node A,25.81,7.09,16.7,,,,True,False,False,False,False,False
2026-07-29 07:53:00,Node B,26.95,6.95,17.4,,,,True,False,False,False,False,False
2026-07-29 08:08:00,Node A,26.05,7.08,16.0,0.24,-0.01,-0.7,False,False,False,False,False,True
2026-07-29 08:08:00,Node B,27.03,6.93,17.8,0.08,-0.02,0.4,False,False,False,False,False,True
2026-07-29 08:23:00,Node A,26.27,7.05,15.1,0.22,-0.03,-0.9,False,False,False,False,False,True
2026-07-29 08:23:00,Node B,27.24,6.95,18.1,0.21,0.02,0.3,False,False,False,False,False,True
2026-07-29 08:38:00,Node A,26.59,7.06,13.6,0.32,0.01,-1.5,False,False,False,False,False,True
2026-07-29 08:38:00,Node B,27.57,6.99,18.1,0.33,0.04,0.0,False,False,False,False,False,True
2026-07-29 08:53:00,Node A,26.91,7.03,12.7,0.32,-0.03,-0.9,False,False,False,False,False,True
2026-07-29 08:53:00,Node B,27.69,6.98,17.8,0.12,-0.01,-0.3,False,False,False,False,False,True
2026-07-29 09:08:00,Node A,27.19,7.03,11.9,0.28,0.0,-0.8,False,False,False,False,False,True
2026-07-29 09:08:00,Node B,27.94,6.97,17.7,0.25,-0.01,-0.1,False,False,False,False,False,True
2026-07-29 09:23:00,Node A,27.55,7.03,11.0,0.36,0.0,-0.9,False,False,False,False,False,True
2026-07-29 09:23:00,Node B,28.13,7.0,17.5,0.19,0.03,-0.2,False,False,False,False,True,True
2026-07-29 09:38:00,Node A,27.76,7.01,10.0,0.21,-0.02,-1.0,False,False,False,False,False,True
2026-07-29 09:38:00,Node B,28.3,7.02,18.6,0.17,0.02,1.1,False,False,False,False,True,True
2026-07-29 09:53:00,Node A,28.01,7.08,9.0,0.25,0.07,-1.0,False,False,False,False,False,True
2026-07-29 09:53:00,Node B,27.85,7.03,20.2,-0.45,0.01,1.6,False,False,False,False,True,True
2026-07-29 10:08:00,Node A,28.16,7.17,7.8,0.15,0.09,-1.2,False,False,False,False,False,True
2026-07-29 10:08:00,Node B,27.04,7.06,22.5,-0.81,0.03,2.3,False,False,False,False,True,True
2026-07-29 10:23:00,Node A,28.36,7.23,6.9,0.2,0.06,-0.9,False,False,False,False,False,True
2026-07-29 10:23:00,Node B,27.31,7.03,25.6,0.27,-0.03,3.1,False,True,False,True,True,False
2026-07-29 10:38:00,Node A,28.63,7.3,5.9,0.27,0.07,-1.0,False,False,False,False,False,True
2026-07-29 10:38:00,Node B,27.38,6.84,28.6,0.07,-0.19,3.0,False,True,False,True,True,False
2026-07-29 10:53:00,Node A,28.88,7.31,6.0,0.25,0.01,0.1,False,False,False,False,False,True
2026-07-29 10:53:00,Node B,27.59,6.44,28.5,0.21,-0.4,-0.1,False,True,False,True,True,False
2026-07-29 11:08:00,Node A,29.06,7.32,5.4,0.18,0.01,-0.6,False,False,False,False,False,True
2026-07-29 11:08:00,Node B,27.86,5.93,28.7,0.27,-0.51,0.2,False,True,False,True,True,False
2026-07-29 11:23:00,Node A,29.12,7.31,5.5,0.06,-0.01,0.1,False,False,False,False,False,True
2026-07-29 11:23:00,Node B,27.86,5.93,28.9,0.0,0.0,0.2,False,True,False,True,True,False
2026-07-29 11:38:00,Node A,29.29,7.31,5.3,0.17,0.0,-0.2,False,False,False,False,False,True
2026-07-29 11:38:00,Node B,28.06,5.91,28.7,0.2,-0.02,-0.2,False,True,False,True,True,False
2026-07-29 12:08:00,Node A,29.52,7.33,4.8,,,,True,False,False,False,False,False
2026-07-29 12:08:00,Node B,28.51,6.08,27.9,,,,True,True,False,True,True,False
2026-07-29 12:23:00,Node A,29.64,7.33,4.8,0.12,0.0,0.0,False,False,False,False,False,True
2026-07-29 12:23:00,Node B,28.63,6.25,26.7,0.12,0.17,-1.2,False,True,False,True,True,False
2026-07-29 12:38:00,Node A,29.73,7.31,5.1,0.09,-0.02,0.3,False,False,False,False,False,True
2026-07-29 12:38:00,Node B,28.95,6.43,25.6,0.32,0.18,-1.1,False,True,False,True,False,False
2026-07-29 12:53:00,Node A,29.69,7.33,5.2,-0.04,0.02,0.1,False,False,False,False,False,True
2026-07-29 12:53:00,Node B,29.09,6.59,24.7,0.14,0.16,-0.9,False,False,False,False,False,True
2026-07-29 13:08:00,Node A,29.82,7.34,5.0,0.13,0.01,-0.2,False,False,False,False,False,True
2026-07-29 13:08:00,Node B,29.44,6.71,23.6,0.35,0.12,-1.1,False,False,False,False,False,True
2026-07-29 13:23:00,Node A,29.68,7.35,5.4,-0.14,0.01,0.4,False,False,False,False,False,True
2026-07-29 13:23:00,Node B,29.57,6.89,22.3,0.13,0.18,-1.3,False,False,False,False,False,True
2026-07-29 13:38:00,Node A,29.88,7.33,5.6,0.2,-0.02,0.2,False,False,False,False,False,True
2026-07-29 13:38:00,Node B,29.84,7.03,21.7,0.27,0.14,-0.6,False,False,False,False,False,True
2026-07-29 13:53:00,Node A,29.93,7.33,5.8,0.05,0.0,0.2,False,False,False,False,False,True
2026-07-29 13:53:00,Node B,30.09,7.04,20.4,0.25,0.01,-1.3,False,False,False,False,False,True
2026-07-29 14:08:00,Node A,29.97,7.34,5.6,0.04,0.01,-0.2,False,False,False,False,False,True
2026-07-29 14:08:00,Node B,30.38,7.05,20.4,0.29,0.01,0.0,False,False,False,False,True,True
2026-07-29 14:23:00,Node A,30.02,7.34,5.8,0.05,0.0,0.2,False,False,False,False,False,True
2026-07-29 14:23:00,Node B,30.29,7.02,20.7,-0.09,-0.03,0.3,False,False,False,False,True,True
2026-07-29 14:38:00,Node A,30.15,7.34,5.8,0.13,0.0,0.0,False,False,False,False,False,True
2026-07-29 14:38:00,Node B,30.02,7.04,22.6,-0.27,0.02,1.9,False,False,False,False,True,True
2026-07-29 14:53:00,Node A,30.05,7.36,6.0,-0.1,0.02,0.2,False,False,False,False,False,True
2026-07-29 14:53:00,Node B,29.79,7.09,24.7,-0.23,0.05,2.1,False,False,False,False,True,True
2026-07-29 15:08:00,Node A,30.08,7.37,6.3,0.03,0.01,0.3,False,False,False,False,False,True
2026-07-29 15:08:00,Node B,29.36,7.07,27.4,-0.43,-0.02,2.7,False,True,False,True,True,False
2026-07-29 15:23:00,Node A,29.98,7.36,6.2,-0.1,-0.01,-0.1,False,False,False,False,False,True
2026-07-29 15:23:00,Node B,29.14,6.94,27.3,-0.22,-0.13,-0.1,False,True,False,True,True,False
2026-07-29 17:08:00,Node A,29.82,7.36,6.1,,,,True,False,False,False,False,False
2026-07-29 17:08:00,Node B,29.05,5.99,26.2,,,,True,True,False,True,True,False
2026-07-29 17:23:00,Node A,29.56,7.39,5.6,-0.26,0.03,-0.5,False,False,False,False,False,True
2026-07-29 17:23:00,Node B,29.03,6.12,25.6,-0.02,0.13,-0.6,False,True,False,True,True,False
2026-07-29 17:38:00,Node A,29.58,7.37,5.3,0.02,-0.02,-0.3,False,False,False,False,False,True
2026-07-29 17:38:00,Node B,29.05,6.26,25.2,0.02,0.14,-0.4,False,True,False,True,True,False
2026-07-29 17:53:00,Node A,29.48,7.35,5.6,-0.1,-0.02,0.3,False,False,False,False,False,True
2026-07-29 17:53:00,Node B,29.04,6.39,19.5,-0.01,0.13,-5.7,False,True,False,True,False,False
2026-07-29 18:08:00,Node A,29.33,7.37,5.8,-0.15,0.02,0.2,False,False,False,False,False,True
2026-07-29 18:08:00,Node B,28.87,6.55,18.6,-0.17,0.16,-0.9,False,False,False,False,False,True
2026-07-29 18:23:00,Node A,29.19,7.35,5.8,-0.14,-0.02,0.0,False,False,False,False,False,True
2026-07-29 18:23:00,Node B,28.78,6.67,18.0,-0.09,0.12,-0.6,False,False,False,False,False,True
2026-07-29 18:38:00,Node A,28.94,7.34,6.0,-0.25,-0.01,0.2,False,False,False,False,False,True
2026-07-29 18:38:00,Node B,28.69,6.83,17.6,-0.09,0.16,-0.4,False,False,False,False,False,True
2026-07-29 18:53:00,Node A,28.87,7.35,6.1,-0.07,0.01,0.1,False,False,False,False,False,True
2026-07-29 18:53:00,Node B,28.74,6.95,17.2,0.05,0.12,-0.4,False,False,False,False,False,True
2026-07-29 19:08:00,Node A,28.78,7.33,5.9,-0.09,-0.02,-0.2,False,False,False,False,False,True
2026-07-29 19:08:00,Node B,28.52,7.02,16.9,-0.22,0.07,-0.3,False,False,False,False,False,True
2026-07-29 19:23:00,Node A,28.71,7.34,5.8,-0.07,0.01,-0.1,False,False,False,False,False,True
2026-07-29 19:23:00,Node B,28.45,7.03,16.3,-0.07,0.01,-0.6,False,False,False,False,False,True
2026-07-29 19:38:00,Node A,28.52,7.29,5.3,-0.19,-0.05,-0.5,False,False,False,False,False,True
2026-07-29 19:38:00,Node B,28.48,7.02,15.9,0.03,-0.01,-0.4,False,False,False,False,False,True
2026-07-29 19:53:00,Node A,28.47,7.3,5.3,-0.05,0.01,0.0,False,False,False,False,False,True
2026-07-29 19:53:00,Node B,28.36,7.03,15.6,-0.12,0.01,-0.3,False,False,False,False,False,True
2026-07-29 20:08:00,Node A,28.27,7.33,5.8,-0.2,0.03,0.5,False,False,False,False,False,True
2026-07-29 20:08:00,Node B,28.26,7.0,14.9,-0.1,-0.03,-0.7,False,False,False,False,False,True
2026-07-29 20:23:00,Node A,28.28,7.27,6.0,0.01,-0.06,0.2,False,False,False,False,False,True
2026-07-29 20:23:00,Node B,28.09,7.01,14.7,-0.17,0.01,-0.2,False,False,False,False,False,True
2026-07-29 20:38:00,Node A,28.13,7.28,6.2,-0.15,0.01,0.2,False,False,False,False,False,True
2026-07-29 20:38:00,Node B,27.9,7.0,14.0,-0.19,-0.01,-0.7,False,False,False,False,False,True
2026-07-29 20:53:00,Node A,27.92,7.27,6.0,-0.21,-0.01,-0.2,False,False,False,False,False,True
2026-07-29 20:53:00,Node B,27.72,7.02,13.4,-0.18,0.02,-0.6,False,False,False,False,False,True
2026-07-29 21:08:00,Node A,27.77,7.29,6.0,-0.15,0.02,0.0,False,False,False,False,False,True
2026-07-29 21:08:00,Node B,27.67,7.03,13.4,-0.05,0.01,0.0,False,False,False,False,False,True
2026-07-29 21:23:00,Node A,27.76,7.24,6.3,-0.01,-0.05,0.3,False,False,False,False,False,True
2026-07-29 21:23:00,Node B,27.7,7.0,13.4,0.03,-0.03,0.0,False,False,False,False,False,True
2026-07-29 21:38:00,Node A,27.44,7.21,6.5,-0.32,-0.03,0.2,False,False,False,False,False,True
2026-07-29 21:38:00,Node B,27.48,7.02,13.3,-0.22,0.02,-0.1,False,False,False,False,False,True
2026-07-29 21:53:00,Node A,27.33,7.19,6.4,-0.11,-0.02,-0.1,False,False,False,False,False,True
2026-07-29 21:53:00,Node B,27.46,7.01,13.4,-0.02,-0.01,0.1,False,False,False,False,False,True
2026-07-29 22:08:00,Node A,27.13,7.23,6.7,-0.2,0.04,0.3,False,False,False,False,False,True
2026-07-29 22:08:00,Node B,27.21,7.02,13.9,-0.25,0.01,0.5,False,False,False,False,False,True
2026-07-29 22:38:00,Node A,26.83,7.21,6.0,,,,True,False,False,False,False,False
2026-07-29 22:38:00,Node B,26.81,6.98,16.6,,,,True,False,False,False,True,False
2026-07-29 22:53:00,Node A,26.55,7.22,5.9,-0.28,0.01,-0.1,False,False,False,False,False,True
2026-07-29 22:53:00,Node B,26.68,6.98,18.1,-0.13,0.0,1.5,False,False,False,False,True,True
2026-07-29 23:08:00,Node A,26.5,7.25,6.1,-0.05,0.03,0.2,False,False,False,False,False,True
2026-07-29 23:08:00,Node B,26.53,6.98,18.1,-0.15,0.0,0.0,False,False,False,False,True,True
2026-07-29 23:23:00,Node A,26.51,7.22,6.4,0.01,-0.03,0.3,False,False,False,False,False,True
2026-07-29 23:23:00,Node B,26.38,6.17,18.1,-0.15,-0.81,0.0,False,True,False,True,True,False
2026-07-29 23:38:00,Node A,26.42,7.24,6.3,-0.09,0.02,-0.1,False,False,False,False,False,True
2026-07-29 23:38:00,Node B,26.32,6.17,17.9,-0.06,0.0,-0.2,False,True,False,True,True,False
2026-07-29 23:53:00,Node A,26.32,7.22,6.2,-0.1,-0.02,-0.1,False,False,False,False,False,True
2026-07-29 23:53:00,Node B,26.29,6.15,18.0,-0.03,-0.02,0.1,False,True,False,True,True,False
2026-07-30 00:08:00,Node A,26.27,7.22,6.0,-0.05,0.0,-0.2,False,False,False,False,False,True
2026-07-30 00:08:00,Node B,26.1,6.34,17.4,-0.19,0.19,-0.6,False,True,False,True,False,False
2026-07-30 00:23:00,Node A,26.22,7.18,6.0,-0.05,-0.04,0.0,False,False,False,False,False,True
2026-07-30 00:23:00,Node B,26.01,6.51,17.6,-0.09,0.17,0.2,False,False,False,False,False,True
2026-07-30 00:38:00,Node A,26.15,7.19,5.9,-0.07,0.01,-0.1,False,False,False,False,False,True
2026-07-30 00:38:00,Node B,25.83,6.71,17.2,-0.18,0.2,-0.4,False,False,False,False,False,True
2026-07-30 02:53:00,Node A,25.4,7.18,6.1,,,,True,False,False,False,False,False
2026-07-30 02:53:00,Node B,25.67,6.91,15.1,,,,True,False,False,False,False,False
2026-07-30 03:08:00,Node A,25.49,7.22,6.1,0.09,0.04,0.0,False,False,False,False,False,True
2026-07-30 03:08:00,Node B,25.65,6.91,15.0,-0.02,0.0,-0.1,False,False,False,False,False,True
2026-07-30 03:53:00,Node A,25.49,7.19,7.0,,,,True,False,False,False,False,False
2026-07-30 03:53:00,Node B,25.49,6.9,14.5,,,,True,False,False,False,False,False
2026-07-30 04:08:00,Node A,25.47,7.18,8.0,-0.02,-0.01,1.0,False,False,False,False,False,True
2026-07-30 04:08:00,Node B,25.52,6.88,14.1,0.03,-0.02,-0.4,False,False,False,False,False,True
2026-07-30 04:23:00,Node A,25.6,7.18,8.6,0.13,0.0,0.6,False,False,False,False,False,True
2026-07-30 04:23:00,Node B,25.55,6.89,14.5,0.03,0.01,0.4,False,False,False,False,False,True
2026-07-30 04:38:00,Node A,25.85,7.27,8.9,0.25,0.09,0.3,False,False,False,False,False,True
2026-07-30 04:38:00,Node B,25.58,6.9,14.3,0.03,0.01,-0.2,False,False,False,False,False,True
2026-07-30 04:53:00,Node A,25.84,7.43,9.3,-0.01,0.16,0.4,False,False,False,False,True,True
2026-07-30 04:53:00,Node B,25.67,6.92,14.2,0.09,0.02,-0.1,False,False,False,False,False,True
2026-07-30 05:08:00,Node A,25.95,7.63,9.8,0.11,0.2,0.5,False,False,False,False,True,True
2026-07-30 05:08:00,Node B,25.7,6.93,14.3,0.03,0.01,0.1,False,False,False,False,False,True
2026-07-30 05:23:00,Node A,26.16,7.91,12.0,0.21,0.28,2.2,False,False,False,False,True,True
2026-07-30 05:23:00,Node B,25.86,6.89,14.4,0.16,-0.04,0.1,False,False,False,False,False,True
2026-07-30 05:38:00,Node A,26.28,8.21,14.5,0.12,0.3,2.5,False,False,False,False,True,True
2026-07-30 05:38:00,Node B,26.01,6.94,14.1,0.15,0.05,-0.3,False,False,False,False,False,True
2026-07-30 05:53:00,Node A,26.19,8.52,17.5,-0.09,0.31,3.0,False,True,False,True,True,False
2026-07-30 05:53:00,Node B,26.27,6.93,14.2,0.26,-0.01,0.1,False,False,False,False,False,True
2026-07-30 06:08:00,Node A,26.03,8.1,18.1,-0.16,-0.42,0.6,False,False,False,False,True,True
2026-07-30 06:08:00,Node B,26.23,6.96,13.7,-0.04,0.03,-0.5,False,False,False,False,False,True
2026-07-30 06:23:00,Node A,25.94,7.18,18.2,-0.09,-0.92,0.1,False,False,True,True,False,False
2026-07-30 06:23:00,Node B,26.32,6.98,13.7,0.09,0.02,0.0,False,False,False,False,False,True
2026-07-30 06:38:00,Node A,25.66,7.2,18.2,-0.28,0.02,0.0,False,False,False,False,False,True
2026-07-30 06:38:00,Node B,26.54,6.94,14.1,0.22,-0.04,0.4,False,False,False,False,False,True
2026-07-30 08:23:00,Node A,26.75,7.27,17.1,,,,True,False,False,False,False,False
2026-07-30 08:23:00,Node B,27.68,6.95,15.1,,,,True,False,False,False,False,False
2026-07-30 08:38:00,Node A,26.78,7.32,16.9,0.03,0.05,-0.2,False,False,False,False,False,True
2026-07-30 08:38:00,Node B,27.76,6.94,15.0,0.08,-0.01,-0.1,False,False,False,False,False,True
2026-07-30 08:53:00,Node A,27.21,7.35,16.9,0.43,0.03,0.0,False,False,False,False,False,True
2026-07-30 08:53:00,Node B,27.88,6.99,14.5,0.12,0.05,-0.5,False,False,False,False,False,True
2026-07-30 09:08:00,Node A,27.47,7.16,16.4,0.26,-0.19,-0.5,False,False,False,False,False,True
2026-07-30 09:08:00,Node B,28.07,7.01,14.1,0.19,0.02,-0.4,False,False,False,False,False,True
2026-07-30 10:23:00,Node A,28.75,7.25,17.8,,,,True,False,False,False,False,False
2026-07-30 10:23:00,Node B,28.8,6.98,14.9,,,,True,False,False,False,False,False
2026-07-30 12:08:00,Node A,29.48,7.74,11.1,,,,True,False,False,False,False,False
2026-07-30 12:08:00,Node B,29.55,7.05,21.2,,,,True,False,False,False,True,False
2026-07-30 12:23:00,Node A,29.37,7.64,10.7,-0.11,-0.1,-0.4,False,False,False,False,False,True
2026-07-30 12:23:00,Node B,29.59,7.06,22.4,0.04,0.01,1.2,False,False,False,False,True,True
2026-07-30 12:38:00,Node A,29.53,7.54,10.6,0.16,-0.1,-0.1,False,False,False,False,False,True
2026-07-30 12:38:00,Node B,29.71,7.06,24.4,0.12,0.0,2.0,False,False,False,False,True,True
2026-07-30 12:53:00,Node A,29.57,7.46,10.2,0.04,-0.08,-0.4,False,False,False,False,False,True
2026-07-30 12:53:00,Node B,29.76,7.08,26.3,0.05,0.02,1.9,False,True,False,True,True,False
2026-07-30 13:08:00,Node A,29.66,7.33,9.8,0.09,-0.13,-0.4,False,False,False,False,False,True
2026-07-30 13:08:00,Node B,29.9,7.72,28.8,0.14,0.64,2.5,False,True,False,True,True,False
2026-07-30 13:23:00,Node A,29.63,7.3,9.3,-0.03,-0.03,-0.5,False,False,False,False,False,True
2026-07-30 13:23:00,Node B,29.84,7.7,28.7,-0.06,-0.02,-0.1,False,True,False,True,True,False
2026-07-30 13:38:00,Node A,29.76,7.34,8.8,0.13,0.04,-0.5,False,False,False,False,False,True
2026-07-30 13:38:00,Node B,29.85,8.49,28.0,0.01,0.79,-0.7,False,True,False,True,True,False
2026-07-30 13:53:00,Node A,29.68,7.35,8.1,-0.08,0.01,-0.7,False,False,False,False,False,True
2026-07-30 13:53:00,Node B,30.05,8.52,27.4,0.2,0.03,-0.6,False,True,False,True,True,False
2026-07-30 14:08:00,Node A,29.68,7.35,8.3,0.0,0.0,0.2,False,False,False,False,False,True
2026-07-30 14:08:00,Node B,30.01,8.5,26.8,-0.04,-0.02,-0.6,False,True,False,True,True,False
2026-07-30 14:23:00,Node A,29.57,7.37,7.6,-0.11,0.02,-0.7,False,False,False,False,False,True
2026-07-30 14:23:00,Node B,29.96,8.45,24.4,-0.05,-0.05,-2.4,False,False,False,False,True,True
2026-07-30 14:38:00,Node A,29.5,7.34,7.5,-0.07,-0.03,-0.1,False,False,False,False,False,True
2026-07-30 14:38:00,Node B,30.08,8.35,25.7,0.12,-0.1,1.3,False,True,False,True,True,False
2026-07-30 14:53:00,Node A,29.65,7.36,7.4,0.15,0.02,-0.1,False,False,False,False,False,True
2026-07-30 14:53:00,Node B,30.03,8.13,27.9,-0.05,-0.22,2.2,False,True,False,True,True,False
2026-07-30 15:08:00,Node A,29.79,7.34,7.7,0.14,-0.02,0.3,False,False,False,False,False,True
2026-07-30 15:08:00,Node B,30.04,7.92,26.6,0.01,-0.21,-1.3,False,True,False,True,True,False
2026-07-30 15:23:00,Node A,29.77,7.34,7.6,-0.02,0.0,-0.1,False,False,False,False,False,True
2026-07-30 15:23:00,Node B,30.02,7.71,26.0,-0.02,-0.21,-0.6,False,True,False,True,True,False
2026-07-30 15:38:00,Node A,29.65,7.32,7.4,-0.12,-0.02,-0.2,False,False,False,False,False,True
2026-07-30 15:38:00,Node B,30.11,8.3,25.5,0.09,0.59,-0.5,False,True,False,True,False,False
2026-07-30 15:53:00,Node A,29.57,7.32,7.5,-0.08,0.0,0.1,False,False,False,False,False,True
2026-07-30 15:53:00,Node B,30.13,8.08,24.3,0.02,-0.22,-1.2,False,False,False,False,False,True
2026-07-30 16:08:00,Node A,29.53,7.3,7.6,-0.04,-0.02,0.1,False,False,False,False,True,True
2026-07-30 16:08:00,Node B,30.2,8.0,23.1,0.07,-0.08,-1.2,False,False,False,False,False,True
2026-07-30 16:23:00,Node A,29.46,7.28,8.7,-0.07,-0.02,1.1,False,False,False,False,True,True
2026-07-30 16:23:00,Node B,30.18,7.93,22.0,-0.02,-0.07,-1.1,False,False,False,False,False,True
2026-07-30 16:38:00,Node A,29.33,7.32,10.2,-0.13,0.04,1.5,False,False,False,False,True,True
2026-07-30 16:38:00,Node B,30.08,7.76,20.6,-0.1,-0.17,-1.4,False,False,False,False,False,True
2026-07-30 16:53:00,Node A,29.19,7.3,12.1,-0.14,-0.02,1.9,False,False,False,False,True,True
2026-07-30 16:53:00,Node B,29.89,7.56,19.3,-0.19,-0.2,-1.3,False,False,False,False,False,True
2026-07-30 17:08:00,Node A,28.94,6.64,11.8,-0.25,-0.66,-0.3,False,False,True,True,False,False
2026-07-30 17:08:00,Node B,29.83,7.4,18.6,-0.06,-0.16,-0.7,False,False,False,False,False,True
2026-07-30 17:23:00,Node A,28.86,6.61,11.6,-0.08,-0.03,-0.2,False,False,False,False,False,True
2026-07-30 17:23:00,Node B,29.78,7.18,17.4,-0.05,-0.22,-1.2,False,False,False,False,False,True
2026-07-30 17:38:00,Node A,28.86,6.63,12.0,0.0,0.02,0.4,False,False,False,False,False,True
2026-07-30 17:38:00,Node B,29.66,7.01,16.1,-0.12,-0.17,-1.3,False,False,False,False,False,True
2026-07-30 17:53:00,Node A,28.61,6.73,11.4,-0.25,0.1,-0.6,False,False,False,False,False,True
2026-07-30 17:53:00,Node B,29.55,7.03,15.0,-0.11,0.02,-1.1,False,False,False,False,False,True
2026-07-30 18:08:00,Node A,28.49,6.84,11.2,-0.12,0.11,-0.2,False,False,False,False,False,True
2026-07-30 18:08:00,Node B,29.54,7.05,14.5,-0.01,0.02,-0.5,False,False,False,False,False,True
2026-07-30 18:23:00,Node A,28.35,6.93,10.9,-0.14,0.09,-0.3,False,False,False,False,False,True
2026-07-30 18:23:00,Node B,29.5,7.05,14.2,-0.04,0.0,-0.3,False,False,False,False,False,True
2026-07-30 18:38:00,Node A,28.39,7.02,10.2,0.04,0.09,-0.7,False,False,False,False,False,True
2026-07-30 18:38:00,Node B,29.35,7.05,14.3,-0.15,0.0,0.1,False,False,False,False,False,True
2026-07-30 18:53:00,Node A,28.17,7.13,9.6,-0.22,0.11,-0.6,False,False,False,False,False,True
2026-07-30 18:53:00,Node B,29.33,7.03,14.1,-0.02,-0.02,-0.2,False,False,False,False,False,True
2026-07-30 19:08:00,Node A,27.9,7.22,9.5,-0.27,0.09,-0.1,False,False,False,False,False,True
2026-07-30 19:08:00,Node B,29.25,7.03,14.0,-0.08,0.0,-0.1,False,False,False,False,False,True
2026-07-30 19:23:00,Node A,27.98,7.27,8.9,0.08,0.05,-0.6,False,False,False,False,False,True
2026-07-30 19:23:00,Node B,29.1,7.04,13.9,-0.15,0.01,-0.1,False,False,False,False,False,True
2026-07-30 19:38:00,Node A,27.93,7.27,8.4,-0.05,0.0,-0.5,False,False,False,False,False,True
2026-07-30 19:38:00,Node B,28.8,7.07,14.3,-0.3,0.03,0.4,False,False,False,False,False,True
2026-07-30 19:53:00,Node A,27.67,7.29,7.9,-0.26,0.02,-0.5,False,False,False,False,False,True
2026-07-30 19:53:00,Node B,28.63,7.06,14.4,-0.17,-0.01,0.1,False,False,False,False,False,True
2026-07-30 20:08:00,Node A,27.63,7.31,7.5,-0.04,0.02,-0.4,False,False,False,False,False,True
2026-07-30 20:08:00,Node B,28.33,7.06,14.6,-0.3,0.0,0.2,False,False,False,False,False,True
2026-07-30 20:23:00,Node A,27.55,7.34,7.8,-0.08,0.03,0.3,False,False,False,False,False,True
2026-07-30 20:23:00,Node B,28.08,7.03,14.2,-0.25,-0.03,-0.4,False,False,False,False,False,True
2026-07-30 20:38:00,Node A,27.36,7.33,8.2,-0.19,-0.01,0.4,False,False,False,False,False,True
2026-07-30 20:38:00,Node B,27.96,7.02,14.1,-0.12,-0.01,-0.1,False,False,False,False,False,True
2026-07-30 20:53:00,Node A,27.23,7.34,8.1,-0.13,0.01,-0.1,False,False,False,False,False,True
2026-07-30 20:53:00,Node B,27.79,6.98,14.0,-0.17,-0.04,-0.1,False,False,False,False,False,True
2026-07-30 21:08:00,Node A,27.2,7.34,7.9,-0.03,0.0,-0.2,False,False,False,False,False,True
2026-07-30 21:08:00,Node B,27.82,6.98,14.3,0.03,0.0,0.3,False,False,False,False,False,True
2026-07-30 21:23:00,Node A,26.86,7.32,7.8,-0.34,-0.02,-0.1,False,False,False,False,False,True
2026-07-30 21:23:00,Node B,27.71,7.01,14.7,-0.11,0.03,0.4,False,False,False,False,False,True
2026-07-30 21:38:00,Node A,26.73,7.29,7.5,-0.13,-0.03,-0.3,False,False,False,False,False,True
2026-07-30 21:38:00,Node B,27.67,6.98,14.9,-0.04,-0.03,0.2,False,False,False,False,False,True
2026-07-30 21:53:00,Node A,26.47,7.24,7.7,-0.26,-0.05,0.2,False,False,False,False,False,True
2026-07-30 21:53:00,Node B,27.34,6.93,14.8,-0.33,-0.05,-0.1,False,False,False,False,False,True
2026-07-30 22:08:00,Node A,26.43,7.23,7.8,-0.04,-0.01,0.1,False,False,False,False,False,True
2026-07-30 22:08:00,Node B,27.26,6.93,14.6,-0.08,0.0,-0.2,False,False,False,False,False,True
2026-07-30 22:23:00,Node A,26.39,7.19,7.6,-0.04,-0.04,-0.2,False,False,False,False,False,True
2026-07-30 22:23:00,Node B,27.14,6.95,14.3,-0.12,0.02,-0.3,False,False,False,False,False,True
2026-07-30 22:38:00,Node A,26.3,7.18,7.9,-0.09,-0.01,0.3,False,False,False,False,False,True
2026-07-30 22:38:00,Node B,26.96,6.95,14.8,-0.18,0.0,0.5,False,False,False,False,False,True
2026-07-30 23:08:00,Node A,26.18,7.17,7.4,,,,True,False,False,False,False,False
2026-07-30 23:08:00,Node B,26.64,6.97,14.7,,,,True,False,False,False,False,False
2026-07-30 23:23:00,Node A,25.99,7.19,7.2,-0.19,0.02,-0.2,False,False,False,False,False,True
2026-07-30 23:23:00,Node B,26.5,6.96,14.9,-0.14,-0.01,0.2,False,False,False,False,False,True
2026-07-30 23:38:00,Node A,25.91,7.21,7.4,-0.08,0.02,0.2,False,False,False,False,False,True
2026-07-30 23:38:00,Node B,26.43,6.97,15.0,-0.07,0.01,0.1,False,False,False,False,False,True
2026-07-30 23:53:00,Node A,25.94,7.2,7.7,0.03,-0.01,0.3,False,False,False,False,False,True
2026-07-30 23:53:00,Node B,26.23,6.95,14.9,-0.2,-0.02,-0.1,False,False,False,False,False,True
2026-07-31 00:08:00,Node A,25.83,7.2,7.6,-0.11,0.0,-0.1,False,False,False,False,False,True
2026-07-31 00:08:00,Node B,26.16,6.95,15.4,-0.07,0.0,0.5,False,False,False,False,False,True
2026-07-31 00:23:00,Node A,25.86,7.21,7.7,0.03,0.01,0.1,False,False,False,False,False,True
2026-07-31 00:23:00,Node B,25.91,6.92,15.2,-0.25,-0.03,-0.2,False,False,False,False,False,True
2026-07-31 00:38:00,Node A,25.7,7.22,7.9,-0.16,0.01,0.2,False,False,False,False,False,True
2026-07-31 00:38:00,Node B,25.79,6.88,15.2,-0.12,-0.04,0.0,False,False,False,False,False,True
2026-07-31 00:53:00,Node A,25.71,7.23,7.7,0.01,0.01,-0.2,False,False,False,False,False,True
2026-07-31 00:53:00,Node B,25.9,6.87,15.1,0.11,-0.01,-0.1,False,False,False,False,False,True
2026-07-31 01:08:00,Node A,25.61,7.2,8.2,-0.1,-0.03,0.5,False,False,False,False,False,True
2026-07-31 01:08:00,Node B,25.94,6.86,15.1,0.04,-0.01,0.0,False,False,False,False,False,True
2026-07-31 01:23:00,Node A,25.53,7.19,8.7,-0.08,-0.01,0.5,False,False,False,False,False,True
2026-07-31 01:23:00,Node B,25.8,6.85,15.5,-0.14,-0.01,0.4,False,False,False,False,False,True
2026-07-31 01:38:00,Node A,25.57,7.17,8.9,0.04,-0.02,0.2,False,False,False,False,False,True
2026-07-31 01:38:00,Node B,25.89,6.84,15.3,0.09,-0.01,-0.2,False,False,False,False,False,True
2026-07-31 01:53:00,Node A,25.6,7.14,8.6,0.03,-0.03,-0.3,False,False,False,False,False,True
2026-07-31 01:53:00,Node B,25.87,6.88,15.0,-0.02,0.04,-0.3,False,False,False,False,False,True
2026-07-31 02:08:00,Node A,25.31,7.12,8.6,-0.29,-0.02,0.0,False,False,False,False,False,True
2026-07-31 02:08:00,Node B,25.79,6.88,15.1,-0.08,0.0,0.1,False,False,False,False,False,True
2026-07-31 02:23:00,Node A,25.36,7.14,9.0,0.05,0.02,0.4,False,False,False,False,False,True
2026-07-31 02:23:00,Node B,25.72,6.91,15.0,-0.07,0.03,-0.1,False,False,False,False,False,True
2026-07-31 03:08:00,Node A,25.55,7.16,8.2,,,,True,False,False,False,False,False
2026-07-31 03:08:00,Node B,25.53,6.88,14.8,,,,True,False,False,False,False,False
2026-07-31 03:23:00,Node A,25.5,7.16,8.0,-0.05,0.0,-0.2,False,False,False,False,False,True
2026-07-31 03:23:00,Node B,25.5,6.83,15.0,-0.03,-0.05,0.2,False,False,False,False,False,True
2026-07-31 03:38:00,Node A,25.37,7.19,8.0,-0.13,0.03,0.0,False,False,False,False,False,True
2026-07-31 03:38:00,Node B,25.61,6.86,14.6,0.11,0.03,-0.4,False,False,False,False,False,True
2026-07-31 03:53:00,Node A,25.31,7.17,7.7,-0.06,-0.02,-0.3,False,False,False,False,False,True
2026-07-31 03:53:00,Node B,25.52,6.87,14.9,-0.09,0.01,0.3,False,False,False,False,False,True
2026-07-31 04:08:00,Node A,25.37,7.21,7.8,0.06,0.04,0.1,False,False,False,False,False,True
2026-07-31 04:08:00,Node B,25.64,6.88,14.9,0.12,0.01,0.0,False,False,False,False,False,True
2026-07-31 04:23:00,Node A,25.41,7.18,7.8,0.04,-0.03,0.0,False,False,False,False,False,True
2026-07-31 04:23:00,Node B,25.82,6.88,15.1,0.18,0.0,0.2,False,False,False,False,False,True
2026-07-31 04:38:00,Node A,25.4,7.17,7.9,-0.01,-0.01,0.1,False,False,False,False,False,True
2026-07-31 04:38:00,Node B,25.93,6.86,15.2,0.11,-0.02,0.1,False,False,False,False,False,True
2026-07-31 04:53:00,Node A,25.45,7.16,7.6,0.05,-0.01,-0.3,False,False,False,False,False,True
2026-07-31 04:53:00,Node B,25.91,6.88,15.5,-0.02,0.02,0.3,False,False,False,False,False,True
2026-07-31 05:38:00,Node A,25.75,7.15,8.4,,,,True,False,False,False,False,False
2026-07-31 05:38:00,Node B,25.99,6.87,15.3,,,,True,False,False,False,False,False
2026-07-31 05:53:00,Node A,25.76,7.14,8.2,0.01,-0.01,-0.2,False,False,False,False,False,True
2026-07-31 05:53:00,Node B,26.13,6.86,15.2,0.14,-0.01,-0.1,False,False,False,False,False,True
2026-07-31 06:08:00,Node A,25.79,7.15,8.3,0.03,0.01,0.1,False,False,False,False,False,True
2026-07-31 06:08:00,Node B,26.34,6.87,15.0,0.21,0.01,-0.2,False,False,False,False,False,True
2026-07-31 06:23:00,Node A,25.82,7.15,8.3,0.03,0.0,0.0,False,False,False,False,False,True
2026-07-31 06:23:00,Node B,26.44,6.9,15.0,0.1,0.03,0.0,False,False,False,False,False,True
2026-07-31 06:38:00,Node A,25.86,7.16,8.5,0.04,0.01,0.2,False,False,False,False,False,True
2026-07-31 06:38:00,Node B,26.73,6.91,15.2,0.29,0.01,0.2,False,False,False,False,False,True
2026-07-31 06:53:00,Node A,26.04,7.19,8.3,0.18,0.03,-0.2,False,False,False,False,False,True
2026-07-31 06:53:00,Node B,26.78,6.89,15.5,0.05,-0.02,0.3,False,False,False,False,False,True
2026-07-31 07:08:00,Node A,26.23,7.21,8.0,0.19,0.02,-0.3,False,False,False,False,False,True
2026-07-31 07:08:00,Node B,26.92,6.91,15.8,0.14,0.02,0.3,False,False,False,False,False,True
2026-07-31 07:23:00,Node A,26.28,7.21,8.0,0.05,0.0,0.0,False,False,False,False,False,True
2026-07-31 07:23:00,Node B,26.88,6.96,15.7,-0.04,0.05,-0.1,False,False,False,False,False,True
2026-07-31 07:38:00,Node A,26.44,7.22,8.0,0.16,0.01,0.0,False,False,False,False,False,True
2026-07-31 07:38:00,Node B,27.15,6.98,15.4,0.27,0.02,-0.3,False,False,False,False,False,True
2026-07-31 07:53:00,Node A,26.59,7.19,8.2,0.15,-0.03,0.2,False,False,False,False,False,True
2026-07-31 07:53:00,Node B,27.17,6.93,15.3,0.02,-0.05,-0.1,False,False,False,False,False,True
2026-07-31 08:08:00,Node A,26.78,7.23,8.7,0.19,0.04,0.5,False,False,False,False,False,True
2026-07-31 08:08:00,Node B,27.16,6.95,15.5,-0.01,0.02,0.2,False,False,False,False,False,True
2026-07-31 08:23:00,Node A,26.91,7.26,9.0,0.13,0.03,0.3,False,False,False,False,False,True
2026-07-31 08:23:00,Node B,27.33,6.95,15.3,0.17,0.0,-0.2,False,False,False,False,False,True
2026-07-31 08:38:00,Node A,27.07,7.29,8.8,0.16,0.03,-0.2,False,False,False,False,False,True
2026-07-31 08:38:00,Node B,27.47,6.98,15.5,0.14,0.03,0.2,False,False,False,False,False,True
2026-07-31 08:53:00,Node A,27.21,7.29,9.9,0.14,0.0,1.1,False,False,False,False,False,True
2026-07-31 08:53:00,Node B,27.64,6.96,15.7,0.17,-0.02,0.2,False,False,False,False,False,True
2026-07-31 09:08:00,Node A,27.33,7.29,10.7,0.12,0.0,0.8,False,False,False,False,True,True
2026-07-31 09:08:00,Node B,27.84,6.96,15.7,0.2,0.0,0.0,False,False,False,False,False,True
2026-07-31 09:23:00,Node A,27.42,7.3,11.9,0.09,0.01,1.2,False,False,False,False,True,True
2026-07-31 09:23:00,Node B,27.94,6.95,15.8,0.1,-0.01,0.1,False,False,False,False,False,True
2026-07-31 09:38:00,Node A,27.55,7.29,12.9,0.13,-0.01,1.0,False,False,False,False,True,True
2026-07-31 09:38:00,Node B,28.09,7.0,15.5,0.15,0.05,-0.3,False,False,False,False,False,True
2026-07-31 09:53:00,Node A,27.66,7.3,12.9,0.11,0.01,0.0,False,False,False,False,True,True
2026-07-31 09:53:00,Node B,28.35,7.0,15.6,0.26,0.0,0.1,False,False,False,False,False,True
2026-07-31 10:08:00,Node A,27.83,6.67,13.2,0.17,-0.63,0.3,False,False,True,True,False,False
2026-07-31 10:08:00,Node B,28.58,7.01,16.1,0.23,0.01,0.5,False,False,False,False,False,True
2026-07-31 10:23:00,Node A,27.99,6.68,12.8,0.16,0.01,-0.4,False,False,False,False,False,True
2026-07-31 10:23:00,Node B,28.64,7.01,15.6,0.06,0.0,-0.5,False,False,False,False,False,True
2026-07-31 10:38:00,Node A,28.09,6.65,12.9,0.1,-0.03,0.1,False,False,False,False,False,True
2026-07-31 10:38:00,Node B,28.68,7.0,15.2,0.04,-0.01,-0.4,False,False,False,False,False,True
2026-07-31 11:38:00,Node A,28.41,7.07,12.1,,,,True,False,False,False,False,False
2026-07-31 11:38:00,Node B,29.17,7.03,15.3,,,,True,False,False,False,False,False
2026-07-31 11:53:00,Node A,28.52,7.22,11.8,0.11,0.15,-0.3,False,False,False,False,False,True
2026-07-31 11:53:00,Node B,29.24,7.03,15.5,0.07,0.0,0.2,False,False,False,False,False,True
2026-07-31 12:08:00,Node A,28.6,7.34,11.6,0.08,0.12,-0.2,False,False,False,False,False,True
2026-07-31 12:08:00,Node B,29.37,7.05,15.4,0.13,0.02,-0.1,False,False,False,False,False,True
2026-07-31 12:23:00,Node A,28.76,7.34,11.1,0.16,0.0,-0.5,False,False,False,False,False,True
2026-07-31 12:23:00,Node B,29.5,7.05,15.5,0.13,0.0,0.1,False,False,False,False,False,True
2026-07-31 12:38:00,Node A,29.01,7.32,10.7,0.25,-0.02,-0.4,False,False,False,False,False,True
2026-07-31 12:38:00,Node B,29.7,7.04,15.5,0.2,-0.01,0.0,False,False,False,False,False,True
2026-07-31 12:53:00,Node A,29.13,7.35,10.7,0.12,0.03,0.0,False,False,False,False,False,True
2026-07-31 12:53:00,Node B,29.87,7.04,15.5,0.17,0.0,0.0,False,False,False,False,False,True
2026-07-31 13:08:00,Node A,29.02,7.35,10.4,-0.11,0.0,-0.3,False,False,False,False,False,True
2026-07-31 13:08:00,Node B,29.96,7.02,16.3,0.09,-0.02,0.8,False,False,False,False,False,True
2026-07-31 13:23:00,Node A,28.99,7.31,10.0,-0.03,-0.04,-0.4,False,False,False,False,False,True
2026-07-31 13:23:00,Node B,30.14,7.05,16.2,0.18,0.03,-0.1,False,False,False,False,False,True
2026-07-31 13:38:00,Node A,29.06,7.3,9.5,0.07,-0.01,-0.5,False,False,False,False,False,True
2026-07-31 13:38:00,Node B,30.2,7.06,16.0,0.06,0.01,-0.2,False,False,False,False,False,True
2026-07-31 13:53:00,Node A,29.04,7.31,9.8,-0.02,0.01,0.3,False,False,False,False,False,True
2026-07-31 13:53:00,Node B,30.19,7.03,15.9,-0.01,-0.03,-0.1,False,False,False,False,False,True
2026-07-31 14:08:00,Node A,29.04,7.33,10.6,0.0,0.02,0.8,False,False,False,False,False,True
2026-07-31 14:08:00,Node B,30.08,7.03,15.9,-0.11,0.0,0.0,False,False,False,False,False,True
2026-07-31 14:23:00,Node A,29.37,7.39,11.3,0.33,0.06,0.7,False,False,False,False,False,True
2026-07-31 14:23:00,Node B,30.07,7.03,16.1,-0.01,0.0,0.2,False,False,False,False,False,True
2026-07-31 14:38:00,Node A,29.46,7.38,12.4,0.09,-0.01,1.1,False,False,False,False,False,True
2026-07-31 14:38:00,Node B,30.12,7.04,16.3,0.05,0.01,0.2,False,False,False,False,False,True
2026-07-31 14:53:00,Node A,29.6,7.41,13.4,0.14,0.03,1.0,False,False,False,False,False,True
2026-07-31 14:53:00,Node B,30.13,7.05,16.3,0.01,0.01,0.0,False,False,False,False,False,True
2026-07-31 15:08:00,Node A,29.81,7.42,13.4,0.21,0.01,0.0,False,False,False,False,False,True
2026-07-31 15:08:00,Node B,30.02,7.08,16.1,-0.11,0.03,-0.2,False,False,False,False,False,True
2026-07-31 15:23:00,Node A,29.95,7.6,13.7,0.14,0.18,0.3,False,False,False,False,False,True
2026-07-31 15:23:00,Node B,30.0,7.08,16.0,-0.02,0.0,-0.1,False,False,False,False,False,True
2026-07-31 15:38:00,Node A,30.03,7.89,13.7,0.08,0.29,0.0,False,False,False,False,False,True
2026-07-31 15:38:00,Node B,30.11,7.07,15.7,0.11,-0.01,-0.3,False,False,False,False,False,True
2026-07-31 15:53:00,Node A,30.24,8.31,14.2,0.21,0.42,0.5,False,False,False,False,False,True
2026-07-31 15:53:00,Node B,30.0,7.05,15.4,-0.11,-0.02,-0.3,False,False,False,False,False,True
2026-07-31 16:08:00,Node A,30.44,8.3,14.1,0.2,-0.01,-0.1,False,False,False,False,False,True
2026-07-31 16:08:00,Node B,30.16,7.06,15.7,0.16,0.01,0.3,False,False,False,False,False,True
2026-07-31 16:38:00,Node A,30.65,8.26,14.3,,,,True,False,False,False,False,False
2026-07-31 16:38:00,Node B,29.92,7.07,15.9,,,,True,False,False,False,True,False
2026-07-31 17:08:00,Node A,30.54,8.24,14.1,,,,True,False,False,False,False,False
2026-07-31 17:08:00,Node B,30.02,7.11,22.1,,,,True,False,False,False,True,False
2026-07-31 17:23:00,Node A,30.45,8.19,13.6,-0.09,-0.05,-0.5,False,False,False,False,False,True
2026-07-31 17:23:00,Node B,29.9,7.08,22.1,-0.12,-0.03,0.0,False,False,False,False,True,True
2026-07-31 18:08:00,Node A,30.24,8.03,12.2,,,,True,False,False,False,False,False
2026-07-31 18:08:00,Node B,29.47,6.24,22.8,,,,True,True,False,True,True,False
2026-07-31 18:23:00,Node A,29.97,7.96,12.1,-0.27,-0.07,-0.1,False,False,False,False,False,True
2026-07-31 18:23:00,Node B,29.18,6.27,22.4,-0.29,0.03,-0.4,False,True,False,True,True,False
2026-07-31 18:38:00,Node A,29.87,7.87,12.0,-0.1,-0.09,-0.1,False,False,False,False,False,True
2026-07-31 18:38:00,Node B,29.11,6.24,21.8,-0.07,-0.03,-0.6,False,True,False,True,True,False
2026-07-31 18:53:00,Node A,29.76,7.81,11.5,-0.11,-0.06,-0.5,False,False,False,False,False,True
2026-07-31 18:53:00,Node B,29.2,6.25,21.1,0.09,0.01,-0.7,False,True,False,True,True,False
2026-07-31 19:08:00,Node A,29.62,7.75,11.6,-0.14,-0.06,0.1,False,False,False,False,False,True
2026-07-31 19:08:00,Node B,29.18,6.45,20.4,-0.02,0.2,-0.7,False,True,False,True,False,False
2026-07-31 19:23:00,Node A,29.55,7.68,11.1,-0.07,-0.07,-0.5,False,False,False,False,False,True
2026-07-31 19:23:00,Node B,29.0,6.63,19.9,-0.18,0.18,-0.5,False,False,False,False,False,True
2026-07-31 19:38:00,Node A,29.5,7.61,11.2,-0.05,-0.07,0.1,False,False,False,False,False,True
2026-07-31 19:38:00,Node B,28.76,6.82,19.1,-0.24,0.19,-0.8,False,False,False,False,False,True
2026-07-31 19:53:00,Node A,29.46,7.56,10.7,-0.04,-0.05,-0.5,False,False,False,False,False,True
2026-07-31 19:53:00,Node B,28.7,7.03,18.4,-0.06,0.21,-0.7,False,False,False,False,False,True
2026-07-31 20:08:00,Node A,29.42,7.49,10.7,-0.04,-0.07,0.0,False,False,False,False,False,True
2026-07-31 20:08:00,Node B,28.42,7.01,17.9,-0.28,-0.02,-0.5,False,False,False,False,False,True
2026-07-31 20:23:00,Node A,29.22,7.46,10.2,-0.2,-0.03,-0.5,False,False,False,False,False,True
2026-07-31 20:23:00,Node B,28.36,7.0,17.2,-0.06,-0.01,-0.7,False,False,False,False,False,True
2026-07-31 20:38:00,Node A,29.03,7.38,10.0,-0.19,-0.08,-0.2,False,False,False,False,False,True
2026-07-31 20:38:00,Node B,28.28,7.0,16.6,-0.08,0.0,-0.6,False,False,False,False,False,True
2026-07-31 20:53:00,Node A,28.74,7.31,10.3,-0.29,-0.07,0.3,False,False,False,False,False,True
2026-07-31 20:53:00,Node B,28.14,7.02,16.4,-0.14,0.02,-0.2,False,False,False,False,False,True
2026-07-31 21:08:00,Node A,28.65,7.25,9.8,-0.09,-0.06,-0.5,False,False,False,False,False,True
2026-07-31 21:08:00,Node B,28.03,7.0,16.7,-0.11,-0.02,0.3,False,False,False,False,False,True
2026-07-31 21:23:00,Node A,28.56,7.26,9.4,-0.09,0.01,-0.4,False,False,False,False,False,True
2026-07-31 21:23:00,Node B,27.85,6.98,16.5,-0.18,-0.02,-0.2,False,False,False,False,False,True
2026-07-31 21:38:00,Node A,28.36,7.29,8.8,-0.2,0.03,-0.6,False,False,False,False,False,True
2026-07-31 21:38:00,Node B,27.65,6.97,16.6,-0.2,-0.01,0.1,False,False,False,False,False,True
2026-07-31 21:53:00,Node A,28.24,7.23,8.9,-0.12,-0.06,0.1,False,False,False,False,False,True
2026-07-31 21:53:00,Node B,27.44,6.95,16.5,-0.21,-0.02,-0.1,False,False,False,False,False,True
2026-07-31 22:08:00,Node A,28.01,7.25,9.1,-0.23,0.02,0.2,False,False,False,False,False,True
2026-07-31 22:08:00,Node B,27.35,6.93,16.4,-0.09,-0.02,-0.1,False,False,False,False,False,True
2026-07-31 22:23:00,Node A,27.9,7.24,9.4,-0.11,-0.01,0.3,False,False,False,False,False,True
2026-07-31 22:23:00,Node B,27.17,6.93,16.3,-0.18,0.0,-0.1,False,False,False,False,False,True
2026-07-31 22:38:00,Node A,27.71,7.2,9.3,-0.19,-0.04,-0.1,False,False,False,False,False,True
2026-07-31 22:38:00,Node B,27.16,6.97,16.5,-0.01,0.04,0.2,False,False,False,False,False,True
2026-07-31 22:53:00,Node A,27.48,7.2,9.6,-0.23,0.0,0.3,False,False,False,False,False,True
2026-07-31 22:53:00,Node B,26.79,6.98,16.4,-0.37,0.01,-0.1,False,False,False,False,False,True
2026-07-31 23:08:00,Node A,27.51,7.23,9.9,0.03,0.03,0.3,False,False,False,False,False,True
2026-07-31 23:08:00,Node B,26.55,6.97,16.0,-0.24,-0.01,-0.4,False,False,False,False,False,True
2026-07-31 23:23:00,Node A,27.4,7.19,9.6,-0.11,-0.04,-0.3,False,False,False,False,False,True
2026-07-31 23:23:00,Node B,26.27,6.97,16.2,-0.28,0.0,0.2,False,False,False,False,True,True
2026-07-31 23:53:00,Node A,26.99,7.19,9.6,,,,True,False,False,False,False,False
2026-07-31 23:53:00,Node B,26.09,6.94,23.6,,,,True,False,False,False,True,False
2026-08-01 00:08:00,Node A,26.78,7.19,9.6,-0.21,0.0,0.0,False,False,False,False,False,True
2026-08-01 00:08:00,Node B,25.97,6.92,23.6,-0.12,-0.02,0.0,False,False,False,False,True,True
2026-08-01 00:23:00,Node A,26.7,7.17,9.6,-0.08,-0.02,0.0,False,False,False,False,False,True
2026-08-01 00:23:00,Node B,26.01,6.14,23.4,0.04,-0.78,-0.2,False,True,False,True,True,False
2026-08-01 00:38:00,Node A,26.57,7.2,9.8,-0.13,0.03,0.2,False,False,False,False,False,True
2026-08-01 00:38:00,Node B,25.99,6.13,23.8,-0.02,-0.01,0.4,False,True,False,True,True,False
2026-08-01 00:53:00,Node A,26.36,7.2,10.0,-0.21,0.0,0.2,False,False,False,False,False,True
2026-08-01 00:53:00,Node B,25.92,6.12,23.8,-0.07,-0.01,0.0,False,True,False,True,True,False
2026-08-01 01:08:00,Node A,26.49,7.18,9.9,0.13,-0.02,-0.1,False,False,False,False,False,True
2026-08-01 01:08:00,Node B,25.81,6.13,23.9,-0.11,0.01,0.1,False,True,False,True,True,False
2026-08-01 01:23:00,Node A,26.24,7.21,9.8,-0.25,0.03,-0.1,False,False,False,False,False,True
2026-08-01 01:23:00,Node B,25.67,6.14,23.6,-0.14,0.01,-0.3,False,True,False,True,True,False
2026-08-01 01:38:00,Node A,25.99,7.21,9.7,-0.25,0.0,-0.1,False,False,False,False,False,True
2026-08-01 01:38:00,Node B,25.67,6.26,23.5,0.0,0.12,-0.1,False,True,False,True,True,False
2026-08-01 01:53:00,Node A,25.73,7.19,9.8,-0.26,-0.02,0.1,False,False,False,False,False,True
2026-08-01 01:53:00,Node B,25.71,6.35,22.5,0.04,0.09,-1.0,False,True,False,True,True,False
2026-08-01 02:08:00,Node A,25.66,7.2,9.8,-0.07,0.01,0.0,False,False,False,False,False,True
2026-08-01 02:08:00,Node B,25.69,6.46,22.3,-0.02,0.11,-0.2,False,True,False,True,False,False
2026-08-01 02:23:00,Node A,25.68,7.19,10.0,0.02,-0.01,0.2,False,False,False,False,False,True
2026-08-01 02:23:00,Node B,25.67,6.54,21.8,-0.02,0.08,-0.5,False,False,False,False,True,True
2026-08-01 02:38:00,Node A,25.57,7.17,9.7,-0.11,-0.02,-0.3,False,False,False,False,False,True
2026-08-01 02:38:00,Node B,25.64,6.66,21.9,-0.03,0.12,0.1,False,False,False,False,True,True
2026-08-01 02:53:00,Node A,25.59,7.19,10.1,0.02,0.02,0.4,False,False,False,False,False,True
2026-08-01 02:53:00,Node B,25.57,6.78,23.0,-0.07,0.12,1.1,False,False,False,False,True,True
2026-08-01 03:08:00,Node A,25.56,7.17,10.4,-0.03,-0.02,0.3,False,False,False,False,False,True
2026-08-01 03:08:00,Node B,25.42,6.87,24.8,-0.15,0.09,1.8,False,False,False,False,True,True
2026-08-01 03:23:00,Node A,25.57,7.15,9.9,0.01,-0.02,-0.5,False,False,False,False,False,True
2026-08-01 03:23:00,Node B,25.0,6.77,27.0,-0.42,-0.1,2.2,False,True,False,True,True,False
2026-08-01 03:38:00,Node A,25.36,7.14,10.0,-0.21,-0.01,0.1,False,False,False,False,False,True
2026-08-01 03:38:00,Node B,24.67,6.48,29.6,-0.33,-0.29,2.6,False,True,False,True,True,False
2026-08-01 03:53:00,Node A,25.42,7.16,10.3,0.06,0.02,0.3,False,False,False,False,False,True
2026-08-01 03:53:00,Node B,24.29,6.1,29.3,-0.38,-0.38,-0.3,False,True,False,True,True,False
2026-08-01 04:08:00,Node A,25.46,7.15,9.7,0.04,-0.01,-0.6,False,False,False,False,False,True
2026-08-01 04:08:00,Node B,24.31,6.11,28.7,0.02,0.01,-0.6,False,True,False,True,True,False
2026-08-01 04:23:00,Node A,25.39,7.13,9.8,-0.07,-0.02,0.1,False,False,False,False,False,True
2026-08-01 04:23:00,Node B,24.26,6.06,28.9,-0.05,-0.05,0.2,False,True,False,True,True,False
2026-08-01 04:53:00,Node A,25.47,7.16,9.7,,,,True,False,False,False,False,False
2026-08-01 04:53:00,Node B,24.59,6.08,29.0,,,,True,True,False,True,True,False
2026-08-01 05:08:00,Node A,25.54,7.18,9.7,0.07,0.02,0.0,False,False,False,False,False,True
2026-08-01 05:08:00,Node B,24.83,6.07,28.7,0.24,-0.01,-0.3,False,True,False,True,True,False
2026-08-01 05:23:00,Node A,25.71,7.18,9.6,0.17,0.0,-0.1,False,False,False,False,False,True
2026-08-01 05:23:00,Node B,25.0,6.14,28.5,0.17,0.07,-0.2,False,True,False,True,True,False
2026-08-01 05:38:00,Node A,25.65,7.19,9.4,-0.06,0.01,-0.2,False,False,False,False,False,True
2026-08-01 05:38:00,Node B,25.16,6.22,28.9,0.16,0.08,0.4,False,True,False,True,True,False
2026-08-01 05:53:00,Node A,25.76,7.19,9.4,0.11,0.0,0.0,False,False,False,False,False,True
2026-08-01 05:53:00,Node B,25.39,6.29,28.3,0.23,0.07,-0.6,False,True,False,True,True,False
2026-08-01 06:08:00,Node A,25.9,7.15,9.7,0.14,-0.04,0.3,False,False,False,False,False,True
2026-08-01 06:08:00,Node B,25.67,6.34,27.8,0.28,0.05,-0.5,False,True,False,True,True,False
2026-08-01 06:23:00,Node A,26.09,7.18,9.8,0.19,0.03,0.1,False,False,False,False,True,True
2026-08-01 06:23:00,Node B,25.82,6.44,23.0,0.15,0.1,-4.8,False,True,False,True,False,False
2026-08-01 06:38:00,Node A,26.17,7.18,10.1,0.08,0.0,0.3,False,False,False,False,True,True
2026-08-01 06:38:00,Node B,25.97,6.52,21.7,0.15,0.08,-1.3,False,False,False,False,False,True
2026-08-01 06:53:00,Node A,26.26,7.22,11.2,0.09,0.04,1.1,False,False,False,False,True,True
2026-08-01 06:53:00,Node B,26.24,6.6,21.4,0.27,0.08,-0.3,False,False,False,False,False,True
2026-08-01 07:08:00,Node A,26.36,7.21,12.1,0.1,-0.01,0.9,False,False,False,False,True,True
2026-08-01 07:08:00,Node B,26.52,6.7,20.5,0.28,0.1,-0.9,False,False,False,False,False,True
2026-08-01 07:23:00,Node A,26.49,6.35,14.0,0.13,-0.86,1.9,False,True,False,True,True,False
2026-08-01 07:23:00,Node B,26.84,6.74,19.9,0.32,0.04,-0.6,False,False,False,False,False,True
2026-08-01 07:38:00,Node A,26.51,6.35,13.9,0.02,0.0,-0.1,False,True,False,True,True,False
2026-08-01 07:38:00,Node B,27.11,6.81,18.6,0.27,0.07,-1.3,False,False,False,False,False,True
2026-08-01 07:53:00,Node A,26.69,6.37,13.7,0.18,0.02,-0.2,False,True,False,True,False,False
2026-08-01 07:53:00,Node B,27.32,6.88,18.0,0.21,0.07,-0.6,False,False,False,False,False,True
2026-08-01 08:08:00,Node A,26.71,6.59,13.7,0.02,0.22,0.0,False,False,False,False,False,True
2026-08-01 08:08:00,Node B,27.59,6.93,17.0,0.27,0.05,-1.0,False,False,False,False,False,True
2026-08-01 08:23:00,Node A,26.74,6.79,13.8,0.03,0.2,0.1,False,False,False,False,False,True
2026-08-01 08:23:00,Node B,27.79,6.95,16.4,0.2,0.02,-0.6,False,False,False,False,False,True
2026-08-01 08:38:00,Node A,26.97,7.03,13.8,0.23,0.24,0.0,False,False,False,False,False,True
2026-08-01 08:38:00,Node B,27.98,6.96,15.6,0.19,0.01,-0.8,False,False,False,False,False,True
2026-08-01 08:53:00,Node A,27.17,7.21,13.6,0.2,0.18,-0.2,False,False,False,False,False,True
2026-08-01 08:53:00,Node B,28.31,6.98,14.7,0.33,0.02,-0.9,False,False,False,False,False,True
2026-08-01 09:08:00,Node A,27.17,7.22,13.2,0.0,0.01,-0.4,False,False,False,False,False,True
2026-08-01 09:08:00,Node B,28.36,6.96,13.9,0.05,-0.02,-0.8,False,False,False,False,False,True
2026-08-01 09:23:00,Node A,27.19,7.24,13.3,0.02,0.02,0.1,False,False,False,False,False,True
2026-08-01 09:23:00,Node B,28.56,7.02,13.9,0.2,0.06,0.0,False,False,False,False,False,True
2026-08-01 09:38:00,Node A,27.36,7.28,13.0,0.17,0.04,-0.3,False,False,False,False,False,True
2026-08-01 09:38:00,Node B,28.78,6.99,13.8,0.22,-0.03,-0.1,False,False,False,False,False,True
2026-08-01 09:53:00,Node A,27.51,7.28,12.7,0.15,0.0,-0.3,False,False,False,False,False,True
2026-08-01 09:53:00,Node B,29.02,7.02,13.7,0.24,0.03,-0.1,False,False,False,False,False,True
2026-08-01 10:08:00,Node A,27.74,7.31,12.2,0.23,0.03,-0.5,False,False,False,False,False,True
2026-08-01 10:08:00,Node B,29.12,7.03,13.7,0.1,0.01,0.0,False,False,False,False,False,True
2026-08-01 10:23:00,Node A,27.86,7.27,12.1,0.12,-0.04,-0.1,False,False,False,False,False,True
2026-08-01 10:23:00,Node B,29.35,7.04,13.8,0.23,0.01,0.1,False,False,False,False,False,True
2026-08-01 10:38:00,Node A,27.94,7.24,11.9,0.08,-0.03,-0.2,False,False,False,False,False,True
2026-08-01 10:38:00,Node B,29.47,7.03,13.9,0.12,-0.01,0.1,False,False,False,False,False,True
2026-08-01 10:53:00,Node A,28.12,7.27,11.5,0.18,0.03,-0.4,False,False,False,False,False,True
2026-08-01 10:53:00,Node B,29.65,7.03,14.1,0.18,0.0,0.2,False,False,False,False,False,True
2026-08-01 11:08:00,Node A,28.17,7.28,11.3,0.05,0.01,-0.2,False,False,False,False,False,True
2026-08-01 11:08:00,Node B,29.87,7.05,14.0,0.22,0.02,-0.1,False,False,False,False,False,True
2026-08-01 11:23:00,Node A,28.3,7.32,11.2,0.13,0.04,-0.1,False,False,False,False,False,True
2026-08-01 11:23:00,Node B,29.9,7.03,14.2,0.03,-0.02,0.2,False,False,False,False,False,True
2026-08-01 11:38:00,Node A,28.39,7.33,10.5,0.09,0.01,-0.7,False,False,False,False,False,True
2026-08-01 11:38:00,Node B,29.94,7.0,14.1,0.04,-0.03,-0.1,False,False,False,False,False,True
2026-08-01 11:53:00,Node A,28.65,7.31,10.2,0.26,-0.02,-0.3,False,False,False,False,False,True
2026-08-01 11:53:00,Node B,30.07,6.99,14.3,0.13,-0.01,0.2,False,False,False,False,False,True
2026-08-01 12:08:00,Node A,28.88,7.29,10.1,0.23,-0.02,-0.1,False,False,False,False,False,True
2026-08-01 12:08:00,Node B,30.27,7.0,14.5,0.2,0.01,0.2,False,False,False,False,False,True
2026-08-01 12:23:00,Node A,28.99,7.31,10.1,0.11,0.02,0.0,False,False,False,False,False,True
2026-08-01 12:23:00,Node B,30.42,7.0,14.5,0.15,0.0,0.0,False,False,False,False,False,True
2026-08-01 12:38:00,Node A,28.88,7.35,10.3,-0.11,0.04,0.2,False,False,False,False,False,True
2026-08-01 12:38:00,Node B,30.56,7.01,14.2,0.14,0.01,-0.3,False,False,False,False,False,True
2026-08-01 12:53:00,Node A,28.9,7.34,10.6,0.02,-0.01,0.3,False,False,False,False,False,True
2026-08-01 12:53:00,Node B,30.61,7.02,14.4,0.05,0.01,0.2,False,False,False,False,False,True
2026-08-01 13:08:00,Node A,29.1,7.33,10.5,0.2,-0.01,-0.1,False,False,False,False,False,True
2026-08-01 13:08:00,Node B,30.84,7.03,14.5,0.23,0.01,0.1,False,False,False,False,False,True
2026-08-01 13:38:00,Node A,29.24,7.35,10.2,,,,True,False,False,False,False,False
2026-08-01 13:38:00,Node B,30.74,7.08,18.2,,,,True,False,False,False,True,False
2026-08-01 13:53:00,Node A,29.4,7.36,10.5,0.16,0.01,0.3,False,False,False,False,False,True
2026-08-01 13:53:00,Node B,30.52,7.07,20.7,-0.22,-0.01,2.5,False,False,False,False,True,True
2026-08-01 14:08:00,Node A,29.52,7.4,10.0,0.12,0.04,-0.5,False,False,False,False,False,True
2026-08-01 14:08:00,Node B,30.06,7.06,20.9,-0.46,-0.01,0.2,False,False,False,False,True,True
2026-08-01 14:23:00,Node A,29.5,7.39,10.2,-0.02,-0.01,0.2,False,False,False,False,False,True
2026-08-01 14:23:00,Node B,30.12,6.78,20.7,0.06,-0.28,-0.2,False,False,False,False,True,True
2026-08-01 14:38:00,Node A,29.53,7.42,10.4,0.03,0.03,0.2,False,False,False,False,False,True
2026-08-01 14:38:00,Node B,30.17,6.24,20.8,0.05,-0.54,0.1,False,True,False,True,True,False
2026-08-01 14:53:00,Node A,29.55,7.41,10.4,0.02,-0.01,0.0,False,False,False,False,False,True
2026-08-01 14:53:00,Node B,30.16,6.25,20.7,-0.01,0.01,-0.1,False,True,False,True,True,False
2026-08-01 15:08:00,Node A,29.61,7.38,10.4,0.06,-0.03,0.0,False,False,False,False,False,True
2026-08-01 15:08:00,Node B,30.26,6.23,21.0,0.1,-0.02,0.3,False,True,False,True,True,False
2026-08-01 15:23:00,Node A,29.53,7.37,10.1,-0.08,-0.01,-0.3,False,False,False,False,False,True
2026-08-01 15:23:00,Node B,30.28,6.23,21.3,0.02,0.0,0.3,False,True,False,True,True,False
2026-08-01 15:38:00,Node A,29.57,7.37,10.3,0.04,0.0,0.2,False,False,False,False,False,True
2026-08-01 15:38:00,Node B,30.3,6.24,21.8,0.02,0.01,0.5,False,True,False,True,True,False
2026-08-01 15:53:00,Node A,29.56,7.35,10.6,-0.01,-0.02,0.3,False,False,False,False,True,True
2026-08-01 15:53:00,Node B,30.64,6.22,22.6,0.34,-0.02,0.8,False,True,False,True,True,False
2026-08-01 16:08:00,Node A,29.51,7.36,11.5,-0.05,0.01,0.9,False,False,False,False,True,True
2026-08-01 16:08:00,Node B,30.69,6.3,23.0,0.05,0.08,0.4,False,True,False,True,True,False
2026-08-01 16:23:00,Node A,29.52,7.35,13.0,0.01,-0.01,1.5,False,False,False,False,True,True
2026-08-01 16:23:00,Node B,30.94,6.45,23.6,0.25,0.15,0.6,False,True,False,True,False,False
2026-08-01 16:38:00,Node A,29.51,7.37,15.2,-0.01,0.02,2.2,False,False,False,False,True,True
2026-08-01 16:38:00,Node B,31.24,6.68,24.1,0.3,0.23,0.5,False,False,False,False,False,True
2026-08-01 16:53:00,Node A,29.51,8.02,15.8,0.0,0.65,0.6,False,False,True,True,False,False
2026-08-01 16:53:00,Node B,31.42,6.97,23.5,0.18,0.29,-0.6,False,False,False,False,False,True
2026-08-01 17:08:00,Node A,29.42,8.01,15.6,-0.09,-0.01,-0.2,False,False,False,False,False,True
2026-08-01 17:08:00,Node B,31.51,7.28,23.1,0.09,0.31,-0.4,False,False,False,False,False,True
2026-08-01 17:23:00,Node A,29.52,8.01,15.6,0.1,0.0,0.0,False,False,False,False,False,True
2026-08-01 17:23:00,Node B,31.73,7.63,22.8,0.22,0.35,-0.3,False,False,False,False,False,True
2026-08-01 17:38:00,Node A,29.57,7.98,15.8,0.05,-0.03,0.2,False,False,False,False,False,True
2026-08-01 17:38:00,Node B,31.91,7.73,22.2,0.18,0.1,-0.6,False,False,False,False,False,True
2026-08-01 17:53:00,Node A,29.5,7.92,16.7,-0.07,-0.06,0.9,False,False,False,False,False,True
2026-08-01 17:53:00,Node B,31.74,7.77,22.2,-0.17,0.04,0.0,False,False,False,False,False,True
2026-08-01 18:08:00,Node A,29.25,7.85,17.8,-0.25,-0.07,1.1,False,False,False,False,False,True
2026-08-01 18:08:00,Node B,31.75,7.84,21.9,0.01,0.07,-0.3,False,False,False,False,False,True
2026-08-01 18:23:00,Node A,28.7,7.8,19.4,-0.55,-0.05,1.6,False,False,False,False,True,True
2026-08-01 18:23:00,Node B,31.78,7.91,21.8,0.03,0.07,-0.1,False,False,False,False,False,True
2026-08-01 18:38:00,Node A,28.07,7.72,19.0,-0.63,-0.08,-0.4,False,False,False,False,True,True
2026-08-01 18:38:00,Node B,31.68,7.89,21.1,-0.1,-0.02,-0.7,False,False,False,False,False,True
2026-08-01 18:53:00,Node A,27.6,7.46,18.4,-0.47,-0.26,-0.6,False,False,False,False,True,True
2026-08-01 18:53:00,Node B,31.53,7.9,20.6,-0.15,0.01,-0.5,False,False,False,False,False,True
2026-08-01 19:08:00,Node A,27.5,7.06,18.2,-0.1,-0.4,-0.2,False,False,False,False,True,True
2026-08-01 19:08:00,Node B,31.2,7.84,20.3,-0.33,-0.06,-0.3,False,False,False,False,False,True
2026-08-01 19:23:00,Node A,27.44,6.53,18.2,-0.06,-0.53,0.0,False,False,True,True,True,False
2026-08-01 19:23:00,Node B,31.08,7.75,20.1,-0.12,-0.09,-0.2,False,False,False,False,False,True
2026-08-01 19:38:00,Node A,27.46,6.43,17.3,0.02,-0.1,-0.9,False,True,False,True,True,False
2026-08-01 19:38:00,Node B,30.95,7.64,19.9,-0.13,-0.11,-0.2,False,False,False,False,False,True
2026-08-01 19:53:00,Node A,27.56,6.36,16.3,0.1,-0.07,-1.0,False,True,False,True,True,False
2026-08-01 19:53:00,Node B,30.94,7.54,19.4,-0.01,-0.1,-0.5,False,False,False,False,False,True
2026-08-01 20:08:00,Node A,27.46,6.29,15.5,-0.1,-0.07,-0.8,False,True,False,True,True,False
2026-08-01 20:08:00,Node B,30.77,7.5,19.1,-0.17,-0.04,-0.3,False,False,False,False,False,True
2026-08-01 20:23:00,Node A,27.32,6.31,14.6,-0.14,0.02,-0.9,False,True,False,True,False,False
2026-08-01 20:23:00,Node B,30.68,7.45,19.1,-0.09,-0.05,0.0,False,False,False,False,False,True
2026-08-01 20:53:00,Node A,27.35,6.72,13.1,,,,True,False,False,False,False,False
2026-08-01 20:53:00,Node B,30.52,7.32,18.4,,,,True,False,False,False,False,False
2026-08-01 21:08:00,Node A,27.26,6.91,12.0,-0.09,0.19,-1.1,False,False,False,False,False,True
2026-08-01 21:08:00,Node B,30.24,7.21,18.2,-0.28,-0.11,-0.2,False,False,False,False,False,True
2026-08-01 22:08:00,Node A,27.76,7.3,10.4,,,,True,False,False,False,False,False
2026-08-01 22:08:00,Node B,29.15,7.02,17.2,,,,True,False,False,False,False,False
2026-08-01 22:23:00,Node A,27.7,7.29,10.6,-0.06,-0.01,0.2,False,False,False,False,False,True
2026-08-01 22:23:00,Node B,28.93,7.02,16.8,-0.22,0.0,-0.4,False,False,False,False,False,True
2026-08-01 22:38:00,Node A,27.66,7.25,11.2,-0.04,-0.04,0.6,False,False,False,False,False,True
2026-08-01 22:38:00,Node B,28.8,6.99,16.8,-0.13,-0.03,0.0,False,False,False,False,False,True
2026-08-01 22:53:00,Node A,27.72,7.28,11.0,0.06,0.03,-0.2,False,False,False,False,False,True
2026-08-01 22:53:00,Node B,28.53,6.97,16.6,-0.27,-0.02,-0.2,False,False,False,False,False,True
2026-08-01 23:08:00,Node A,27.69,7.26,11.1,-0.03,-0.02,0.1,False,False,False,False,False,True
2026-08-01 23:08:00,Node B,28.41,6.98,16.0,-0.12,0.01,-0.6,False,False,False,False,False,True
2026-08-01 23:23:00,Node A,27.79,7.24,10.8,0.1,-0.02,-0.3,False,False,False,False,False,True
2026-08-01 23:23:00,Node B,28.15,6.94,15.4,-0.26,-0.04,-0.6,False,False,False,False,False,True
2026-08-01 23:38:00,Node A,27.79,7.25,11.2,0.0,0.01,0.4,False,False,False,False,False,True
2026-08-01 23:38:00,Node B,28.08,6.91,15.2,-0.07,-0.03,-0.2,False,False,False,False,False,True
2026-08-01 23:53:00,Node A,27.99,7.24,11.1,0.2,-0.01,-0.1,False,False,False,False,False,True
2026-08-01 23:53:00,Node B,27.78,6.9,15.3,-0.3,-0.01,0.1,False,False,False,False,False,True
2026-08-02 00:08:00,Node A,28.02,7.21,11.6,0.03,-0.03,0.5,False,False,False,False,True,True
2026-08-02 00:08:00,Node B,27.71,6.9,15.0,-0.07,0.0,-0.3,False,False,False,False,False,True
2026-08-02 00:23:00,Node A,28.42,7.2,12.7,0.4,-0.01,1.1,False,False,False,False,True,True
2026-08-02 00:23:00,Node B,27.37,6.88,14.7,-0.34,-0.02,-0.3,False,False,False,False,False,True
2026-08-02 00:53:00,Node A,28.29,7.23,14.7,,,,True,False,False,False,True,False
2026-08-02 00:53:00,Node B,27.04,6.88,15.4,,,,True,False,False,False,False,False
2026-08-02 01:08:00,Node A,28.24,7.98,14.5,-0.05,0.75,-0.2,False,False,True,True,False,False
2026-08-02 01:08:00,Node B,26.99,6.9,18.1,-0.05,0.02,2.7,False,False,False,False,True,True
2026-08-02 01:23:00,Node A,28.26,7.96,14.3,0.02,-0.02,-0.2,False,False,False,False,False,True
2026-08-02 01:23:00,Node B,26.8,6.92,22.3,-0.19,0.02,4.2,False,False,False,False,True,True
2026-08-02 01:38:00,Node A,28.25,7.93,14.4,-0.01,-0.03,0.1,False,False,False,False,False,True
2026-08-02 01:38:00,Node B,26.73,6.89,22.3,-0.07,-0.03,0.0,False,False,False,False,True,True
2026-08-02 01:53:00,Node A,28.29,7.91,14.6,0.04,-0.02,0.2,False,False,False,False,False,True
2026-08-02 01:53:00,Node B,26.66,6.91,22.4,-0.07,0.02,0.1,False,False,False,False,True,True
2026-08-02 02:08:00,Node A,28.32,7.93,14.6,0.03,0.02,0.0,False,False,False,False,False,True
2026-08-02 02:08:00,Node B,26.5,6.26,23.0,-0.16,-0.65,0.6,False,True,False,True,True,False
2026-08-02 02:23:00,Node A,28.55,7.78,14.9,0.23,-0.15,0.3,False,False,False,False,False,True
2026-08-02 02:23:00,Node B,26.4,6.23,22.3,-0.1,-0.03,-0.7,False,True,False,True,True,False
2026-08-02 02:38:00,Node A,28.4,7.61,14.7,-0.15,-0.17,-0.2,False,False,False,False,False,True
2026-08-02 02:38:00,Node B,26.17,6.22,21.6,-0.23,-0.01,-0.7,False,True,False,True,True,False
2026-08-02 02:53:00,Node A,28.35,7.46,14.4,-0.05,-0.15,-0.3,False,False,False,False,False,True
2026-08-02 02:53:00,Node B,26.13,6.21,21.1,-0.04,-0.01,-0.5,False,True,False,True,True,False
2026-08-02 03:08:00,Node A,28.38,7.31,14.4,0.03,-0.15,0.0,False,False,False,False,False,True
2026-08-02 03:08:00,Node B,26.04,6.21,20.3,-0.09,0.0,-0.8,False,True,False,True,True,False
2026-08-02 03:23:00,Node A,28.29,7.15,13.5,-0.09,-0.16,-0.9,False,False,False,False,False,True
2026-08-02 03:23:00,Node B,25.98,6.35,19.8,-0.06,0.14,-0.5,False,True,False,True,True,False
2026-08-02 03:38:00,Node A,28.24,7.14,13.0,-0.05,-0.01,-0.5,False,False,False,False,False,True
2026-08-02 03:38:00,Node B,25.88,6.45,19.1,-0.1,0.1,-0.7,False,True,False,True,False,False
2026-08-02 03:53:00,Node A,28.23,7.16,12.8,-0.01,0.02,-0.2,False,False,False,False,False,True
2026-08-02 03:53:00,Node B,25.87,6.61,18.6,-0.01,0.16,-0.5,False,False,False,False,False,True
2026-08-02 04:08:00,Node A,28.34,7.14,12.1,0.11,-0.02,-0.7,False,False,False,False,False,True
2026-08-02 04:08:00,Node B,25.91,6.68,17.9,0.04,0.07,-0.7,False,False,False,False,True,True
2026-08-02 04:23:00,Node A,28.37,7.17,12.0,0.03,0.03,-0.1,False,False,False,False,False,True
2026-08-02 04:23:00,Node B,25.84,6.81,17.2,-0.07,0.13,-0.7,False,False,False,False,True,True
2026-08-02 04:38:00,Node A,28.39,7.19,11.8,0.02,0.02,-0.2,False,False,False,False,False,True
2026-08-02 04:38:00,Node B,25.84,6.81,18.0,0.0,0.0,0.8,False,False,False,False,True,True
2026-08-02 04:53:00,Node A,28.41,7.16,11.6,0.02,-0.03,-0.2,False,False,False,False,False,True
2026-08-02 04:53:00,Node B,26.06,6.83,21.2,0.22,0.02,3.2,False,False,False,False,True,True
2026-08-02 05:08:00,Node A,28.62,7.17,11.7,0.21,0.01,0.1,False,False,False,False,False,True
2026-08-02 05:08:00,Node B,26.29,6.83,26.3,0.23,0.0,5.1,False,True,False,True,True,False
2026-08-02 05:23:00,Node A,28.76,7.16,11.7,0.14,-0.01,0.0,False,False,False,False,False,True
2026-08-02 05:23:00,Node B,26.35,6.83,29.1,0.06,0.0,2.8,False,True,False,True,True,False
2026-08-02 05:38:00,Node A,28.93,7.21,12.0,0.17,0.05,0.3,False,False,False,False,False,True
2026-08-02 05:38:00,Node B,26.27,6.04,29.2,-0.08,-0.79,0.1,False,True,False,True,True,False
2026-08-02 05:53:00,Node A,29.1,7.21,11.8,0.17,0.0,-0.2,False,False,False,False,False,True
2026-08-02 05:53:00,Node B,26.41,6.89,28.7,0.14,0.85,-0.5,False,True,False,True,True,False
2026-08-02 06:08:00,Node A,29.22,7.18,12.0,0.12,-0.03,0.2,False,False,False,False,False,True
2026-08-02 06:08:00,Node B,26.47,6.87,27.6,0.06,-0.02,-1.1,False,True,False,True,True,False
2026-08-02 06:23:00,Node A,29.33,7.19,11.8,0.11,0.01,-0.2,False,False,False,False,False,True
2026-08-02 06:23:00,Node B,26.62,6.87,27.4,0.15,0.0,-0.2,False,True,False,True,True,False
2026-08-02 06:38:00,Node A,29.35,7.21,11.8,0.02,0.02,0.0,False,False,False,False,False,True
2026-08-02 06:38:00,Node B,26.66,7.06,26.5,0.04,0.19,-0.9,False,True,False,True,True,False
2026-08-02 06:53:00,Node A,29.27,7.22,11.4,-0.08,0.01,-0.4,False,False,False,False,False,True
2026-08-02 06:53:00,Node B,26.8,7.25,25.9,0.14,0.19,-0.6,False,True,False,True,True,False
2026-08-02 07:08:00,Node A,29.15,7.25,11.9,-0.12,0.03,0.5,False,False,False,False,False,True
2026-08-02 07:08:00,Node B,26.98,7.35,25.7,0.18,0.1,-0.2,False,True,False,True,False,False
2026-08-02 07:23:00,Node A,29.07,7.26,11.6,-0.08,0.01,-0.3,False,False,False,False,False,True
2026-08-02 07:23:00,Node B,27.05,7.43,24.8,0.07,0.08,-0.9,False,False,False,False,False,True
2026-08-02 07:38:00,Node A,29.27,7.25,11.3,0.2,-0.01,-0.3,False,False,False,False,False,True
2026-08-02 07:38:00,Node B,27.08,7.34,23.6,0.03,-0.09,-1.2,False,False,False,False,False,True
2026-08-02 07:53:00,Node A,29.42,7.26,11.3,0.15,0.01,0.0,False,False,False,False,False,True
2026-08-02 07:53:00,Node B,27.22,7.24,23.0,0.14,-0.1,-0.6,False,False,False,False,False,True
2026-08-02 08:08:00,Node A,29.53,7.27,10.9,0.11,0.01,-0.4,False,False,False,False,False,True
2026-08-02 08:08:00,Node B,27.47,7.13,22.3,0.25,-0.11,-0.7,False,False,False,False,False,True
2026-08-02 08:23:00,Node A,29.68,7.25,10.7,0.15,-0.02,-0.2,False,False,False,False,False,True
2026-08-02 08:23:00,Node B,27.54,7.01,21.6,0.07,-0.12,-0.7,False,False,False,False,False,True
2026-08-02 08:38:00,Node A,29.69,7.25,10.8,0.01,0.0,0.1,False,False,False,False,False,True
2026-08-02 08:38:00,Node B,27.69,6.92,21.1,0.15,-0.09,-0.5,False,False,False,False,False,True
2026-08-02 08:53:00,Node A,29.77,7.24,10.8,0.08,-0.01,0.0,False,False,False,False,False,True
2026-08-02 08:53:00,Node B,27.81,6.93,20.4,0.12,0.01,-0.7,False,False,False,False,False,True
2026-08-02 09:08:00,Node A,29.92,7.26,11.4,0.15,0.02,0.6,False,False,False,False,False,True
2026-08-02 09:08:00,Node B,27.98,6.93,19.4,0.17,0.0,-1.0,False,False,False,False,False,True
2026-08-02 09:23:00,Node A,29.98,7.22,11.2,0.06,-0.04,-0.2,False,False,False,False,False,True
2026-08-02 09:23:00,Node B,28.13,6.95,18.5,0.15,0.02,-0.9,False,False,False,False,False,True
2026-08-02 09:38:00,Node A,30.17,7.26,11.6,0.19,0.04,0.4,False,False,False,False,False,True
2026-08-02 09:38:00,Node B,28.28,6.96,17.4,0.15,0.01,-1.1,False,False,False,False,False,True
2026-08-02 09:53:00,Node A,30.17,7.27,12.2,0.0,0.01,0.6,False,False,False,False,False,True
2026-08-02 09:53:00,Node B,28.44,6.94,16.9,0.16,-0.02,-0.5,False,False,False,False,False,True
2026-08-02 10:08:00,Node A,30.24,7.25,12.3,0.07,-0.02,0.1,False,False,False,False,False,True
2026-08-02 10:08:00,Node B,28.64,6.95,16.6,0.2,0.01,-0.3,False,False,False,False,False,True
2026-08-02 10:23:00,Node A,30.36,7.28,11.7,0.12,0.03,-0.6,False,False,False,False,False,True
2026-08-02 10:23:00,Node B,28.61,6.96,16.4,-0.03,0.01,-0.2,False,False,False,False,False,True
2026-08-02 10:38:00,Node A,30.53,7.27,11.9,0.17,-0.01,0.2,False,False,False,False,False,True
2026-08-02 10:38:00,Node B,28.74,6.98,16.1,0.13,0.02,-0.3,False,False,False,False,False,True
2026-08-02 10:53:00,Node A,30.54,7.27,12.2,0.01,0.0,0.3,False,False,False,False,False,True
2026-08-02 10:53:00,Node B,28.82,7.01,15.9,0.08,0.03,-0.2,False,False,False,False,False,True
2026-08-02 11:08:00,Node A,30.52,7.28,12.4,-0.02,0.01,0.2,False,False,False,False,False,True
2026-08-02 11:08:00,Node B,29.08,7.02,16.0,0.26,0.01,0.1,False,False,False,False,False,True
2026-08-02 11:23:00,Node A,30.62,7.3,12.3,0.1,0.02,-0.1,False,False,False,False,False,True
2026-08-02 11:23:00,Node B,29.28,7.0,15.5,0.2,-0.02,-0.5,False,False,False,False,False,True
2026-08-02 11:38:00,Node A,30.76,7.31,12.1,0.14,0.01,-0.2,False,False,False,False,False,True
2026-08-02 11:38:00,Node B,29.29,6.98,15.3,0.01,-0.02,-0.2,False,False,False,False,False,True
2026-08-02 11:53:00,Node A,30.73,7.32,12.2,-0.03,0.01,0.1,False,False,False,False,False,True
2026-08-02 11:53:00,Node B,29.21,7.03,15.5,-0.08,0.05,0.2,False,False,False,False,False,True
2026-08-02 12:08:00,Node A,31.03,7.31,12.1,0.3,-0.01,-0.1,False,False,False,False,False,True
2026-08-02 12:08:00,Node B,29.24,7.01,15.4,0.03,-0.02,-0.1,False,False,False,False,False,True
2026-08-02 12:23:00,Node A,31.14,7.32,12.1,0.11,0.01,0.0,False,False,False,False,False,True
2026-08-02 12:23:00,Node B,29.56,7.02,15.4,0.32,0.01,0.0,False,False,False,False,False,True
2026-08-02 12:38:00,Node A,31.21,7.31,12.2,0.07,-0.01,0.1,False,False,False,False,False,True
2026-08-02 12:38:00,Node B,29.49,7.02,15.1,-0.07,0.0,-0.3,False,False,False,False,False,True
2026-08-02 12:53:00,Node A,31.28,7.32,12.0,0.07,0.01,-0.2,False,False,False,False,False,True
2026-08-02 12:53:00,Node B,29.61,7.02,15.4,0.12,0.0,0.3,False,False,False,False,False,True
2026-08-02 13:08:00,Node A,31.4,7.31,11.7,0.12,-0.01,-0.3,False,False,False,False,False,True
2026-08-02 13:08:00,Node B,29.82,7.04,15.4,0.21,0.02,0.0,False,False,False,False,False,True
2026-08-02 13:23:00,Node A,31.37,7.32,11.7,-0.03,0.01,0.0,False,False,False,False,False,True
2026-08-02 13:23:00,Node B,30.01,7.02,15.4,0.19,-0.02,0.0,False,False,False,False,False,True
2026-08-02 13:38:00,Node A,31.42,7.35,11.7,0.05,0.03,0.0,False,False,False,False,False,True
2026-08-02 13:38:00,Node B,30.15,7.01,15.3,0.14,-0.01,-0.1,False,False,False,False,False,True
2026-08-02 13:53:00,Node A,31.34,7.37,11.9,-0.08,0.02,0.2,False,False,False,False,False,True
2026-08-02 13:53:00,Node B,30.14,7.0,15.4,-0.01,-0.01,0.1,False,False,False,False,False,True
2026-08-02 14:08:00,Node A,31.36,7.35,11.8,0.02,-0.02,-0.1,False,False,False,False,False,True
2026-08-02 14:08:00,Node B,30.22,7.03,15.6,0.08,0.03,0.2,False,False,False,False,False,True
2026-08-02 14:23:00,Node A,31.25,7.34,11.9,-0.11,-0.01,0.1,False,False,False,False,False,True
2026-08-02 14:23:00,Node B,30.05,7.05,15.7,-0.17,0.02,0.1,False,False,False,False,False,True
2026-08-02 14:38:00,Node A,31.1,7.35,12.2,-0.15,0.01,0.3,False,False,False,False,False,True
2026-08-02 14:38:00,Node B,30.23,7.04,15.8,0.18,-0.01,0.1,False,False,False,False,False,True
2026-08-02 14:53:00,Node A,31.05,7.34,11.9,-0.05,-0.01,-0.3,False,False,False,False,False,True
2026-08-02 14:53:00,Node B,30.13,7.05,15.7,-0.1,0.01,-0.1,False,False,False,False,False,True
2026-08-02 15:08:00,Node A,30.89,7.35,11.7,-0.16,0.01,-0.2,False,False,False,False,False,True
2026-08-02 15:08:00,Node B,30.16,7.03,15.7,0.03,-0.02,0.0,False,False,False,False,False,True
2026-08-02 15:23:00,Node A,30.85,7.35,12.0,-0.04,0.0,0.3,False,False,False,False,False,True
2026-08-02 15:23:00,Node B,30.4,7.01,15.6,0.24,-0.02,-0.1,False,False,False,False,False,True
2026-08-02 15:38:00,Node A,30.69,7.38,11.9,-0.16,0.03,-0.1,False,False,False,False,False,True
2026-08-02 15:38:00,Node B,30.44,7.01,16.0,0.04,0.0,0.4,False,False,False,False,False,True
2026-08-02 15:53:00,Node A,30.63,7.41,11.7,-0.06,0.03,-0.2,False,False,False,False,False,True
2026-08-02 15:53:00,Node B,30.38,7.0,15.9,-0.06,-0.01,-0.1,False,False,False,False,False,True
2026-08-02 16:08:00,Node A,30.5,7.41,11.9,-0.13,0.0,0.2,False,False,False,False,False,True
2026-08-02 16:08:00,Node B,30.23,7.02,16.1,-0.15,0.02,0.2,False,False,False,False,False,True
2026-08-02 16:23:00,Node A,30.52,7.37,11.6,0.02,-0.04,-0.3,False,False,False,False,False,True
2026-08-02 16:23:00,Node B,30.25,7.04,15.8,0.02,0.02,-0.3,False,False,False,False,False,True
2026-08-02 16:38:00,Node A,30.26,7.4,11.9,-0.26,0.03,0.3,False,False,False,False,False,True
2026-08-02 16:38:00,Node B,30.15,7.05,15.7,-0.1,0.01,-0.1,False,False,False,False,False,True
2026-08-02 16:53:00,Node A,30.26,7.41,12.1,0.0,0.01,0.2,False,False,False,False,False,True
2026-08-02 16:53:00,Node B,30.01,7.07,15.8,-0.14,0.02,0.1,False,False,False,False,False,True
2026-08-02 17:08:00,Node A,30.15,7.38,12.1,-0.11,-0.03,0.0,False,False,False,False,False,True
2026-08-02 17:08:00,Node B,30.01,7.04,15.6,0.0,-0.03,-0.2,False,False,False,False,False,True
2026-08-02 17:23:00,Node A,29.95,7.37,12.4,-0.2,-0.01,0.3,False,False,False,False,False,True
2026-08-02 17:23:00,Node B,29.91,7.06,15.6,-0.1,0.02,0.0,False,False,False,False,False,True
2026-08-02 17:38:00,Node A,29.94,7.35,12.8,-0.01,-0.02,0.4,False,False,False,False,False,True
2026-08-02 17:38:00,Node B,29.76,7.03,15.8,-0.15,-0.03,0.2,False,False,False,False,False,True
2026-08-02 17:53:00,Node A,29.81,7.34,12.6,-0.13,-0.01,-0.2,False,False,False,False,False,True
2026-08-02 17:53:00,Node B,29.78,7.06,15.9,0.02,0.03,0.1,False,False,False,False,False,True
2026-08-02 18:08:00,Node A,29.54,7.35,12.7,-0.27,0.01,0.1,False,False,False,False,False,True
2026-08-02 18:08:00,Node B,29.44,7.03,16.4,-0.34,-0.03,0.5,False,False,False,False,False,True
2026-08-02 18:23:00,Node A,29.5,7.35,12.7,-0.04,0.0,0.0,False,False,False,False,False,True
2026-08-02 18:23:00,Node B,29.2,7.02,16.2,-0.24,-0.01,-0.2,False,False,False,False,False,True
2026-08-02 18:38:00,Node A,29.52,7.37,12.9,0.02,0.02,0.2,False,False,False,False,False,True
2026-08-02 18:38:00,Node B,29.05,7.04,15.8,-0.15,0.02,-0.4,False,False,False,False,False,True
2026-08-02 18:53:00,Node A,29.26,7.34,12.4,-0.26,-0.03,-0.5,False,False,False,False,False,True
2026-08-02 18:53:00,Node B,29.04,7.01,16.2,-0.01,-0.03,0.4,False,False,False,False,False,True
2026-08-02 19:08:00,Node A,29.02,7.32,12.3,-0.24,-0.02,-0.1,False,False,False,False,False,True
2026-08-02 19:08:00,Node B,28.91,7.0,16.0,-0.13,-0.01,-0.2,False,False,False,False,False,True
2026-08-02 19:23:00,Node A,28.81,7.31,12.2,-0.21,-0.01,-0.1,False,False,False,False,False,True
2026-08-02 19:23:00,Node B,28.82,7.01,16.0,-0.09,0.01,0.0,False,False,False,False,False,True
2026-08-02 19:38:00,Node A,28.51,7.27,12.0,-0.3,-0.04,-0.2,False,False,False,False,False,True
2026-08-02 19:38:00,Node B,28.75,7.0,15.9,-0.07,-0.01,-0.1,False,False,False,False,False,True
2026-08-02 19:53:00,Node A,28.3,7.27,12.3,-0.21,0.0,0.3,False,False,False,False,False,True
2026-08-02 19:53:00,Node B,28.46,6.97,16.0,-0.29,-0.03,0.1,False,False,False,False,False,True
2026-08-02 20:08:00,Node A,28.35,7.29,12.2,0.05,0.02,-0.1,False,False,False,False,False,True
2026-08-02 20:08:00,Node B,28.35,7.01,15.7,-0.11,0.04,-0.3,False,False,False,False,False,True
2026-08-02 20:23:00,Node A,28.11,7.3,12.2,-0.24,0.01,0.0,False,False,False,False,False,True
2026-08-02 20:23:00,Node B,28.29,7.01,15.7,-0.06,0.0,0.0,False,False,False,False,False,True
2026-08-02 20:53:00,Node A,27.94,7.29,12.5,,,,True,False,False,False,False,False
2026-08-02 20:53:00,Node B,27.94,7.01,15.6,,,,True,False,False,False,False,False
2026-08-02 21:08:00,Node A,27.67,7.26,12.2,-0.27,-0.03,-0.3,False,False,False,False,False,True
2026-08-02 21:08:00,Node B,27.91,7.04,15.8,-0.03,0.03,0.2,False,False,False,False,False,True
2026-08-02 21:53:00,Node A,27.19,7.25,12.4,,,,True,False,False,False,False,False
2026-08-02 21:53:00,Node B,27.47,7.02,16.9,,,,True,False,False,False,False,False
2026-08-02 22:08:00,Node A,27.04,7.24,12.3,-0.15,-0.01,-0.1,False,False,False,False,False,True
2026-08-02 22:08:00,Node B,27.31,6.99,16.8,-0.16,-0.03,-0.1,False,False,False,False,False,True
2026-08-02 22:23:00,Node A,26.89,7.25,12.1,-0.15,0.01,-0.2,False,False,False,False,False,True
2026-08-02 22:23:00,Node B,27.37,6.97,17.1,0.06,-0.02,0.3,False,False,False,False,False,True
2026-08-02 22:38:00,Node A,26.81,7.22,11.7,-0.08,-0.03,-0.4,False,False,False,False,False,True
2026-08-02 22:38:00,Node B,27.22,6.93,17.0,-0.15,-0.04,-0.1,False,False,False,False,False,True
2026-08-02 22:53:00,Node A,26.7,7.2,11.8,-0.11,-0.02,0.1,False,False,False,False,False,True
2026-08-02 22:53:00,Node B,27.07,6.9,16.5,-0.15,-0.03,-0.5,False,False,False,False,False,True
2026-08-02 23:08:00,Node A,26.45,7.25,12.3,-0.25,0.05,0.5,False,False,False,False,False,True
2026-08-02 23:08:00,Node B,26.95,6.9,16.6,-0.12,0.0,0.1,False,False,False,False,False,True
2026-08-02 23:23:00,Node A,26.29,7.24,12.2,-0.16,-0.01,-0.1,False,False,False,False,False,True
2026-08-02 23:23:00,Node B,26.78,6.9,16.9,-0.17,0.0,0.3,False,False,False,False,False,True
2026-08-02 23:38:00,Node A,26.19,7.21,12.5,-0.1,-0.03,0.3,False,False,False,False,False,True
2026-08-02 23:38:00,Node B,26.72,6.9,16.9,-0.06,0.0,0.0,False,False,False,False,False,True
2026-08-02 23:53:00,Node A,26.01,7.21,11.8,-0.18,0.0,-0.7,False,False,False,False,False,True
2026-08-02 23:53:00,Node B,26.49,6.91,17.3,-0.23,0.01,0.4,False,False,False,False,False,True
2026-08-03 00:08:00,Node A,26.05,7.21,12.5,0.04,0.0,0.7,False,False,False,False,False,True
2026-08-03 00:08:00,Node B,26.57,6.9,19.5,0.08,-0.01,2.2,False,False,False,False,True,True
2026-08-03 00:23:00,Node A,25.89,7.18,12.3,-0.16,-0.03,-0.2,False,False,False,False,False,True
2026-08-03 00:23:00,Node B,26.53,6.92,23.1,-0.04,0.02,3.6,False,False,False,False,True,True
2026-08-03 00:38:00,Node A,25.75,7.17,12.0,-0.14,-0.01,-0.3,False,False,False,False,False,True
2026-08-03 00:38:00,Node B,26.38,6.94,23.0,-0.15,0.02,-0.1,False,False,False,False,True,True
2026-08-03 00:53:00,Node A,25.59,7.16,12.1,-0.16,-0.01,0.1,False,False,False,False,False,True
2026-08-03 00:53:00,Node B,26.26,6.95,23.1,-0.12,0.01,0.1,False,False,False,False,True,True
2026-08-03 01:08:00,Node A,25.51,7.17,12.3,-0.08,0.01,0.2,False,False,False,False,False,True
2026-08-03 01:08:00,Node B,26.1,7.57,23.4,-0.16,0.62,0.3,False,False,True,True,False,False
2026-08-03 01:23:00,Node A,25.54,7.19,12.4,0.03,0.02,0.1,False,False,False,False,False,True
2026-08-03 01:23:00,Node B,25.92,7.57,23.3,-0.18,0.0,-0.1,False,False,False,False,False,True
2026-08-03 01:38:00,Node A,25.51,7.2,12.1,-0.03,0.01,-0.3,False,False,False,False,False,True
2026-08-03 01:38:00,Node B,25.89,7.57,23.2,-0.03,0.0,-0.1,False,False,False,False,False,True
2026-08-03 02:08:00,Node A,25.44,7.19,11.9,,,,True,False,False,False,False,False
2026-08-03 02:08:00,Node B,25.62,7.56,22.2,,,,True,False,False,False,False,False
2026-08-03 02:23:00,Node A,25.37,7.18,12.3,-0.07,-0.01,0.4,False,False,False,False,False,True
2026-08-03 02:23:00,Node B,25.54,7.47,18.5,-0.08,-0.09,-3.7,False,False,False,False,False,True
2026-08-03 02:38:00,Node A,25.42,7.17,12.4,0.05,-0.01,0.1,False,False,False,False,False,True
2026-08-03 02:38:00,Node B,25.4,7.37,18.0,-0.14,-0.1,-0.5,False,False,False,False,False,True
2026-08-03 02:53:00,Node A,25.42,7.18,12.6,0.0,0.01,0.2,False,False,False,False,False,True
2026-08-03 02:53:00,Node B,25.53,7.31,17.4,0.13,-0.06,-0.6,False,False,False,False,False,True
2026-08-03 03:08:00,Node A,25.36,7.17,12.3,-0.06,-0.01,-0.3,False,False,False,False,False,True
2026-08-03 03:08:00,Node B,25.57,7.21,16.6,0.04,-0.1,-0.8,False,False,False,False,False,True
2026-08-03 06:23:00,Node A,25.9,7.18,12.7,,,,True,False,False,False,False,False
2026-08-03 06:23:00,Node B,26.43,6.89,13.8,,,,True,False,False,False,False,False
2026-08-03 06:38:00,Node A,25.87,7.16,12.7,-0.03,-0.02,0.0,False,False,False,False,False,True
2026-08-03 06:38:00,Node B,26.54,6.92,14.0,0.11,0.03,0.2,False,False,False,False,False,True
2026-08-03 06:53:00,Node A,26.12,7.2,12.8,0.25,0.04,0.1,False,False,False,False,False,True
2026-08-03 06:53:00,Node B,26.77,6.92,13.9,0.23,0.0,-0.1,False,False,False,False,False,True
2026-08-03 07:08:00,Node A,26.22,7.21,12.3,0.1,0.01,-0.5,False,False,False,False,False,True
2026-08-03 07:08:00,Node B,26.79,6.94,14.0,0.02,0.02,0.1,False,False,False,False,False,True
2026-08-03 07:23:00,Node A,26.39,7.19,12.6,0.17,-0.02,0.3,False,False,False,False,False,True
2026-08-03 07:23:00,Node B,27.1,6.92,13.5,0.31,-0.02,-0.5,False,False,False,False,False,True
2026-08-03 07:38:00,Node A,26.64,7.23,12.5,0.25,0.04,-0.1,False,False,False,False,False,True
2026-08-03 07:38:00,Node B,27.24,6.92,13.1,0.14,0.0,-0.4,False,False,False,False,False,True
2026-08-03 07:53:00,Node A,26.65,7.24,13.1,0.01,0.01,0.6,False,False,False,False,False,True
2026-08-03 07:53:00,Node B,27.43,6.95,13.4,0.19,0.03,0.3,False,False,False,False,False,True
2026-08-03 08:08:00,Node A,26.76,7.21,13.1,0.11,-0.03,0.0,False,False,False,False,False,True
2026-08-03 08:08:00,Node B,27.42,6.92,13.5,-0.01,-0.03,0.1,False,False,False,False,False,True
2026-08-03 08:23:00,Node A,26.86,7.22,13.6,0.1,0.01,0.5,False,False,False,False,False,True
2026-08-03 08:23:00,Node B,27.5,6.95,13.8,0.08,0.03,0.3,False,False,False,False,False,True
2026-08-03 08:38:00,Node A,27.07,7.24,13.6,0.21,0.02,0.0,False,False,False,False,False,True
2026-08-03 08:38:00,Node B,27.77,6.94,14.4,0.27,-0.01,0.6,False,False,False,False,False,True
2026-08-03 09:08:00,Node A,27.53,7.23,13.7,,,,True,False,False,False,False,False
2026-08-03 09:08:00,Node B,28.11,6.94,14.4,,,,True,False,False,False,False,False
2026-08-03 09:23:00,Node A,27.54,7.19,13.4,0.01,-0.04,-0.3,False,False,False,False,False,True
2026-08-03 09:23:00,Node B,28.21,6.96,14.5,0.1,0.02,0.1,False,False,False,False,False,True
2026-08-03 09:38:00,Node A,27.87,7.2,13.2,0.33,0.01,-0.2,False,False,False,False,False,True
2026-08-03 09:38:00,Node B,28.34,6.99,14.4,0.13,0.03,-0.1,False,False,False,False,False,True
2026-08-03 09:53:00,Node A,27.87,7.25,12.9,0.0,0.05,-0.3,False,False,False,False,False,True
2026-08-03 09:53:00,Node B,28.62,7.02,14.5,0.28,0.03,0.1,False,False,False,False,False,True
2026-08-03 10:08:00,Node A,27.92,7.25,12.8,0.05,0.0,-0.1,False,False,False,False,False,True
2026-08-03 10:08:00,Node B,28.69,6.98,14.7,0.07,-0.04,0.2,False,False,False,False,False,True
2026-08-03 10:23:00,Node A,28.08,7.27,12.9,0.16,0.02,0.1,False,False,False,False,False,True
2026-08-03 10:23:00,Node B,28.74,7.01,14.6,0.05,0.03,-0.1,False,False,False,False,False,True
2026-08-03 10:38:00,Node A,28.29,7.26,13.0,0.21,-0.01,0.1,False,False,False,False,False,True
2026-08-03 10:38:00,Node B,28.88,7.0,14.6,0.14,-0.01,0.0,False,False,False,False,False,True
2026-08-03 10:53:00,Node A,28.3,7.3,13.3,0.01,0.04,0.3,False,False,False,False,False,True
2026-08-03 10:53:00,Node B,29.1,6.96,14.7,0.22,-0.04,0.1,False,False,False,False,False,True
2026-08-03 11:08:00,Node A,28.36,7.31,13.5,0.06,0.01,0.2,False,False,False,False,False,True
2026-08-03 11:08:00,Node B,29.25,7.0,14.8,0.15,0.04,0.1,False,False,False,False,False,True
2026-08-03 11:23:00,Node A,28.37,7.33,13.4,0.01,0.02,-0.1,False,False,False,False,False,True
2026-08-03 11:23:00,Node B,29.36,7.0,14.7,0.11,0.0,-0.1,False,False,False,False,False,True
2026-08-03 11:38:00,Node A,28.52,7.33,13.4,0.15,0.0,0.0,False,False,False,False,False,True
2026-08-03 11:38:00,Node B,29.51,7.02,14.9,0.15,0.02,0.2,False,False,False,False,False,True
2026-08-03 11:53:00,Node A,28.49,7.32,13.1,-0.03,-0.01,-0.3,False,False,False,False,False,True
2026-08-03 11:53:00,Node B,29.67,7.06,14.7,0.16,0.04,-0.2,False,False,False,False,False,True
2026-08-03 12:08:00,Node A,28.67,7.33,13.4,0.18,0.01,0.3,False,False,False,False,False,True
2026-08-03 12:08:00,Node B,29.73,7.07,15.2,0.06,0.01,0.5,False,False,False,False,False,True
2026-08-03 12:23:00,Node A,28.73,7.34,13.4,0.06,0.01,0.0,False,False,False,False,False,True
2026-08-03 12:23:00,Node B,29.8,7.05,15.4,0.07,-0.02,0.2,False,False,False,False,False,True
2026-08-03 12:53:00,Node A,28.95,7.33,13.5,,,,True,False,False,False,False,False
2026-08-03 12:53:00,Node B,30.03,7.01,15.1,,,,True,False,False,False,False,False
2026-08-03 13:08:00,Node A,29.03,7.36,13.3,0.08,0.03,-0.2,False,False,False,False,False,True
2026-08-03 13:08:00,Node B,30.07,7.01,14.8,0.04,0.0,-0.3,False,False,False,False,False,True
2026-08-03 13:23:00,Node A,29.12,7.37,13.4,0.09,0.01,0.1,False,False,False,False,False,True
2026-08-03 13:23:00,Node B,30.1,7.03,15.0,0.03,0.02,0.2,False,False,False,False,False,True
2026-08-03 13:38:00,Node A,29.35,7.36,13.7,0.23,-0.01,0.3,False,False,False,False,False,True
2026-08-03 13:38:00,Node B,30.13,7.04,14.9,0.03,0.01,-0.1,False,False,False,False,False,True
2026-08-03 13:53:00,Node A,29.29,7.36,13.7,-0.06,0.0,0.0,False,False,False,False,False,True
2026-08-03 13:53:00,Node B,30.21,7.07,14.9,0.08,0.03,0.0,False,False,False,False,False,True
2026-08-03 14:08:00,Node A,29.3,7.33,13.6,0.01,-0.03,-0.1,False,False,False,False,False,True
2026-08-03 14:08:00,Node B,30.21,7.08,15.0,0.0,0.01,0.1,False,False,False,False,False,True
2026-08-03 14:23:00,Node A,29.36,7.33,13.7,0.06,0.0,0.1,False,False,False,False,False,True
2026-08-03 14:23:00,Node B,30.03,7.06,15.1,-0.18,-0.02,0.1,False,False,False,False,False,True
2026-08-03 14:38:00,Node A,29.2,7.35,13.8,-0.16,0.02,0.1,False,False,False,False,False,True
2026-08-03 14:38:00,Node B,30.24,7.06,14.9,0.21,0.0,-0.2,False,False,False,False,False,True
2026-08-03 14:53:00,Node A,29.38,7.35,13.7,0.18,0.0,-0.1,False,False,False,False,False,True
2026-08-03 14:53:00,Node B,30.32,7.04,14.9,0.08,-0.02,0.0,False,False,False,False,False,True
2026-08-03 15:08:00,Node A,29.5,7.37,13.5,0.12,0.02,-0.2,False,False,False,False,False,True
2026-08-03 15:08:00,Node B,30.34,7.07,14.6,0.02,0.03,-0.3,False,False,False,False,False,True
2026-08-03 15:23:00,Node A,29.43,7.37,13.4,-0.07,0.0,-0.1,False,False,False,False,False,True
2026-08-03 15:23:00,Node B,30.32,7.08,14.3,-0.02,0.01,-0.3,False,False,False,False,False,True
2026-08-03 15:38:00,Node A,29.39,7.35,12.9,-0.04,-0.02,-0.5,False,False,False,False,False,True
2026-08-03 15:38:00,Node B,30.31,7.08,14.4,-0.01,0.0,0.1,False,False,False,False,False,True
2026-08-03 15:53:00,Node A,29.49,7.34,13.1,0.1,-0.01,0.2,False,False,False,False,False,True
2026-08-03 15:53:00,Node B,30.31,7.04,14.7,0.0,-0.04,0.3,False,False,False,False,False,True
2026-08-03 16:08:00,Node A,29.35,7.36,13.3,-0.14,0.02,0.2,False,False,False,False,False,True
2026-08-03 16:08:00,Node B,30.32,7.06,14.6,0.01,0.02,-0.1,False,False,False,False,False,True
2026-08-03 16:23:00,Node A,29.22,7.36,13.1,-0.13,0.0,-0.2,False,False,False,False,False,True
2026-08-03 16:23:00,Node B,30.36,7.08,14.8,0.04,0.02,0.2,False,False,False,False,False,True
2026-08-03 16:38:00,Node A,29.05,7.33,13.3,-0.17,-0.03,0.2,False,False,False,False,False,True
2026-08-03 16:38:00,Node B,30.2,7.08,14.9,-0.16,0.0,0.1,False,False,False,False,False,True
2026-08-03 16:53:00,Node A,28.96,7.31,13.5,-0.09,-0.02,0.2,False,False,False,False,False,True
2026-08-03 16:53:00,Node B,30.12,7.08,14.7,-0.08,0.0,-0.2,False,False,False,False,False,True
2026-08-03 17:08:00,Node A,28.9,7.31,13.6,-0.06,0.0,0.1,False,False,False,False,False,True
2026-08-03 17:08:00,Node B,30.02,7.07,15.2,-0.1,-0.01,0.5,False,False,False,False,False,True
2026-08-03 17:23:00,Node A,28.79,7.32,13.5,-0.11,0.01,-0.1,False,False,False,False,False,True
2026-08-03 17:23:00,Node B,29.85,7.06,15.3,-0.17,-0.01,0.1,False,False,False,False,False,True
2026-08-03 17:38:00,Node A,28.67,7.34,13.7,-0.12,0.02,0.2,False,False,False,False,False,True
2026-08-03 17:38:00,Node B,29.85,7.07,15.9,0.0,0.01,0.6,False,False,False,False,False,True
2026-08-03 17:53:00,Node A,28.64,7.35,13.4,-0.03,0.01,-0.3,False,False,False,False,False,True
2026-08-03 17:53:00,Node B,29.82,7.08,16.0,-0.03,0.01,0.1,False,False,False,False,False,True
2026-08-03 18:08:00,Node A,28.67,7.34,13.2,0.03,-0.01,-0.2,False,False,False,False,False,True
2026-08-03 18:08:00,Node B,29.58,7.1,15.7,-0.24,0.02,-0.3,False,False,False,False,False,True
2026-08-03 18:23:00,Node A,28.55,7.31,13.4,-0.12,-0.03,0.2,False,False,False,False,False,True
2026-08-03 18:23:00,Node B,29.34,7.11,15.7,-0.24,0.01,0.0,False,False,False,False,False,True
2026-08-03 18:38:00,Node A,28.35,7.32,13.6,-0.2,0.01,0.2,False,False,False,False,False,True
2026-08-03 18:38:00,Node B,29.25,7.09,15.6,-0.09,-0.02,-0.1,False,False,False,False,False,True
2026-08-03 18:53:00,Node A,28.42,7.32,13.6,0.07,0.0,0.0,False,False,False,False,False,True
2026-08-03 18:53:00,Node B,29.22,7.1,15.7,-0.03,0.01,0.1,False,False,False,False,False,True
2026-08-03 19:08:00,Node A,28.35,7.35,13.3,-0.07,0.03,-0.3,False,False,False,False,False,True
2026-08-03 19:08:00,Node B,29.13,7.07,15.6,-0.09,-0.03,-0.1,False,False,False,False,False,True
2026-08-03 19:23:00,Node A,28.29,7.37,13.4,-0.06,0.02,0.1,False,False,False,False,False,True
2026-08-03 19:23:00,Node B,29.03,7.05,15.7,-0.1,-0.02,0.1,False,False,False,False,False,True
2026-08-03 19:38:00,Node A,28.18,7.35,13.5,-0.11,-0.02,0.1,False,False,False,False,False,True
2026-08-03 19:38:00,Node B,28.88,7.08,15.8,-0.15,0.03,0.1,False,False,False,False,False,True
2026-08-03 19:53:00,Node A,28.02,7.34,13.6,-0.16,-0.01,0.1,False,False,False,False,False,True
2026-08-03 19:53:00,Node B,28.72,7.03,15.4,-0.16,-0.05,-0.4,False,False,False,False,False,True
2026-08-03 20:08:00,Node A,27.79,7.31,13.7,-0.23,-0.03,0.1,False,False,False,False,False,True
2026-08-03 20:08:00,Node B,28.53,7.01,15.3,-0.19,-0.02,-0.1,False,False,False,False,False,True
2026-08-03 20:23:00,Node A,27.73,7.33,13.6,-0.06,0.02,-0.1,False,False,False,False,False,True
2026-08-03 20:23:00,Node B,28.42,6.98,15.3,-0.11,-0.03,0.0,False,False,False,False,False,True
2026-08-03 20:38:00,Node A,27.6,7.35,13.5,-0.13,0.02,-0.1,False,False,False,False,False,True
2026-08-03 20:38:00,Node B,28.3,7.0,15.1,-0.12,0.02,-0.2,False,False,False,False,False,True
2026-08-03 20:53:00,Node A,27.51,7.31,13.6,-0.09,-0.04,0.1,False,False,False,False,False,True
2026-08-03 20:53:00,Node B,28.26,6.98,15.6,-0.04,-0.02,0.5,False,False,False,False,False,True
2026-08-03 21:08:00,Node A,27.24,7.31,13.3,-0.27,0.0,-0.3,False,False,False,False,False,True
2026-08-03 21:08:00,Node B,27.92,7.02,15.4,-0.34,0.04,-0.2,False,False,False,False,False,True
2026-08-03 21:23:00,Node A,27.05,7.28,13.3,-0.19,-0.03,0.0,False,False,False,False,False,True
2026-08-03 21:23:00,Node B,27.6,7.04,15.5,-0.32,0.02,0.1,False,False,False,False,False,True
2026-08-03 21:53:00,Node A,26.94,7.23,13.3,,,,True,False,False,False,False,False
2026-08-03 21:53:00,Node B,27.4,7.03,15.4,,,,True,False,False,False,False,False
2026-08-03 22:08:00,Node A,26.84,7.24,13.3,-0.1,0.01,0.0,False,False,False,False,False,True
2026-08-03 22:08:00,Node B,27.28,6.98,15.5,-0.12,-0.05,0.1,False,False,False,False,False,True
2026-08-03 22:23:00,Node A,26.73,7.23,13.7,-0.11,-0.01,0.4,False,False,False,False,False,True
2026-08-03 22:23:00,Node B,27.22,6.98,15.5,-0.06,0.0,0.0,False,False,False,False,False,True
2026-08-03 22:38:00,Node A,26.62,7.23,13.7,-0.11,0.0,0.0,False,False,False,False,False,True
2026-08-03 22:38:00,Node B,27.1,6.93,15.6,-0.12,-0.05,0.1,False,False,False,False,False,True
2026-08-03 22:53:00,Node A,26.6,7.23,14.1,-0.02,0.0,0.4,False,False,False,False,False,True
2026-08-03 22:53:00,Node B,27.0,6.96,15.8,-0.1,0.03,0.2,False,False,False,False,False,True
2026-08-03 23:08:00,Node A,26.42,7.2,14.3,-0.18,-0.03,0.2,False,False,False,False,False,True
2026-08-03 23:08:00,Node B,26.99,6.92,16.1,-0.01,-0.04,0.3,False,False,False,False,False,True
2026-08-03 23:23:00,Node A,26.24,7.22,14.1,-0.18,0.02,-0.2,False,False,False,False,False,True
2026-08-03 23:23:00,Node B,27.02,6.95,16.3,0.03,0.03,0.2,False,False,False,False,False,True
2026-08-03 23:38:00,Node A,26.15,7.27,14.0,-0.09,0.05,-0.1,False,False,False,False,False,True
2026-08-03 23:38:00,Node B,26.79,6.94,16.1,-0.23,-0.01,-0.2,False,False,False,False,False,True
2026-08-03 23:53:00,Node A,26.0,7.28,14.1,-0.15,0.01,0.1,False,False,False,False,False,True
2026-08-03 23:53:00,Node B,26.59,6.95,16.5,-0.2,0.01,0.4,False,False,False,False,False,True
2026-08-04 00:08:00,Node A,25.87,7.27,13.8,-0.13,-0.01,-0.3,False,False,False,False,False,True
2026-08-04 00:08:00,Node B,26.37,6.94,16.2,-0.22,-0.01,-0.3,False,False,False,False,False,True
2026-08-04 00:23:00,Node A,25.88,7.24,13.8,0.01,-0.03,0.0,False,False,False,False,False,True
2026-08-04 00:23:00,Node B,26.15,6.94,15.5,-0.22,0.0,-0.7,False,False,False,False,False,True
2026-08-04 00:38:00,Node A,25.98,7.23,13.9,0.1,-0.01,0.1,False,False,False,False,False,True
2026-08-04 00:38:00,Node B,26.06,6.95,15.1,-0.09,0.01,-0.4,False,False,False,False,False,True
2026-08-04 00:53:00,Node A,26.01,7.19,13.9,0.03,-0.04,0.0,False,False,False,False,False,True
2026-08-04 00:53:00,Node B,25.94,6.93,15.1,-0.12,-0.02,0.0,False,False,False,False,False,True
2026-08-04 01:23:00,Node A,25.78,7.22,14.3,,,,True,False,False,False,False,False
2026-08-04 01:23:00,Node B,25.71,6.93,15.6,,,,True,False,False,False,False,False
2026-08-04 01:38:00,Node A,25.63,7.21,14.5,-0.15,-0.01,0.2,False,False,False,False,False,True
2026-08-04 01:38:00,Node B,25.7,6.94,15.8,-0.01,0.01,0.2,False,False,False,False,False,True
2026-08-04 01:53:00,Node A,25.5,7.2,14.4,-0.13,-0.01,-0.1,False,False,False,False,False,True
2026-08-04 01:53:00,Node B,25.76,6.94,15.8,0.06,0.0,0.0,False,False,False,False,False,True
2026-08-04 02:23:00,Node A,25.47,7.24,14.1,,,,True,False,False,False,False,False
2026-08-04 02:23:00,Node B,25.7,6.94,16.0,,,,True,False,False,False,False,False
2026-08-04 02:38:00,Node A,25.26,7.23,14.1,-0.21,-0.01,0.0,False,False,False,False,False,True
2026-08-04 02:38:00,Node B,25.84,6.91,16.2,0.14,-0.03,0.2,False,False,False,False,False,True
2026-08-04 02:53:00,Node A,25.25,7.21,14.1,-0.01,-0.02,0.0,False,False,False,False,False,True
2026-08-04 02:53:00,Node B,25.92,6.91,15.9,0.08,0.0,-0.3,False,False,False,False,False,True
2026-08-04 03:08:00,Node A,25.28,7.2,14.2,0.03,-0.01,0.1,False,False,False,False,False,True
2026-08-04 03:08:00,Node B,25.94,6.91,16.1,0.02,0.0,0.2,False,False,False,False,False,True
2026-08-04 03:23:00,Node A,25.09,7.22,14.4,-0.19,0.02,0.2,False,False,False,False,False,True
2026-08-04 03:23:00,Node B,25.84,6.92,16.7,-0.1,0.01,0.6,False,False,False,False,False,True
2026-08-04 03:38:00,Node A,25.14,7.22,14.4,0.05,0.0,0.0,False,False,False,False,False,True
2026-08-04 03:38:00,Node B,25.77,6.86,16.7,-0.07,-0.06,0.0,False,False,False,False,False,True
2026-08-04 03:53:00,Node A,25.31,7.18,14.2,0.17,-0.04,-0.2,False,False,False,False,False,True
2026-08-04 03:53:00,Node B,25.68,6.82,16.4,-0.09,-0.04,-0.3,False,False,False,False,False,True
2026-08-04 04:08:00,Node A,25.32,7.17,14.2,0.01,-0.01,0.0,False,False,False,False,False,True
2026-08-04 04:08:00,Node B,25.72,6.8,15.9,0.04,-0.02,-0.5,False,False,False,False,False,True
2026-08-04 04:23:00,Node A,25.2,7.13,14.2,-0.12,-0.04,0.0,False,False,False,False,False,True
2026-08-04 04:23:00,Node B,25.63,6.81,15.9,-0.09,0.01,0.0,False,False,False,False,False,True
2026-08-04 04:38:00,Node A,25.42,7.14,14.2,0.22,0.01,0.0,False,False,False,False,False,True
2026-08-04 04:38:00,Node B,25.68,6.83,16.4,0.05,0.02,0.5,False,False,False,False,False,True
2026-08-04 04:53:00,Node A,25.5,7.13,14.2,0.08,-0.01,0.0,False,False,False,False,False,True
2026-08-04 04:53:00,Node B,25.79,6.86,16.6,0.11,0.03,0.2,False,False,False,False,False,True
2026-08-04 05:08:00,Node A,25.72,7.16,13.9,0.22,0.03,-0.3,False,False,False,False,False,True
2026-08-04 05:08:00,Node B,25.86,6.89,16.4,0.07,0.03,-0.2,False,False,False,False,False,True
2026-08-04 05:23:00,Node A,25.73,7.19,13.9,0.01,0.03,0.0,False,False,False,False,False,True
2026-08-04 05:23:00,Node B,26.04,6.89,16.2,0.18,0.0,-0.2,False,False,False,False,False,True
2026-08-04 05:38:00,Node A,25.77,7.15,14.0,0.04,-0.04,0.1,False,False,False,False,False,True
2026-08-04 05:38:00,Node B,26.1,6.91,16.0,0.06,0.02,-0.2,False,False,False,False,False,True
2026-08-04 06:23:00,Node A,26.11,7.2,14.7,,,,True,False,False,False,False,False
2026-08-04 06:23:00,Node B,26.65,6.91,16.3,,,,True,False,False,False,False,False
2026-08-04 06:38:00,Node A,26.23,7.19,14.6,0.12,-0.01,-0.1,False,False,False,False,False,True
2026-08-04 06:38:00,Node B,26.69,6.94,16.3,0.04,0.03,0.0,False,False,False,False,False,True
2026-08-04 06:53:00,Node A,26.28,7.18,14.5,0.05,-0.01,-0.1,False,False,False,False,False,True
2026-08-04 06:53:00,Node B,26.85,6.97,16.5,0.16,0.03,0.2,False,False,False,False,False,True
2026-08-04 07:08:00,Node A,26.5,7.21,14.6,0.22,0.03,0.1,False,False,False,False,False,True
2026-08-04 07:08:00,Node B,27.06,6.95,16.2,0.21,-0.02,-0.3,False,False,False,False,False,True
2026-08-04 07:23:00,Node A,26.53,7.19,14.8,0.03,-0.02,0.2,False,False,False,False,False,True
2026-08-04 07:23:00,Node B,27.08,6.91,16.1,0.02,-0.04,-0.1,False,False,False,False,False,True
2026-08-04 07:38:00,Node A,26.56,7.24,14.4,0.03,0.05,-0.4,False,False,False,False,False,True
2026-08-04 07:38:00,Node B,27.09,6.9,15.8,0.01,-0.01,-0.3,False,False,False,False,False,True
2026-08-04 07:53:00,Node A,26.68,7.23,14.9,0.12,-0.01,0.5,False,False,False,False,False,True
2026-08-04 07:53:00,Node B,27.29,6.88,15.8,0.2,-0.02,0.0,False,False,False,False,False,True
2026-08-04 08:08:00,Node A,26.75,7.22,15.1,0.07,-0.01,0.2,False,False,False,False,False,True
2026-08-04 08:08:00,Node B,27.5,6.9,15.9,0.21,0.02,0.1,False,False,False,False,False,True
2026-08-04 09:08:00,Node A,27.44,7.25,15.0,,,,True,False,False,False,False,False
2026-08-04 09:08:00,Node B,28.15,6.96,16.9,,,,True,False,False,False,False,False
2026-08-04 09:53:00,Node A,27.69,7.26,14.9,,,,True,False,False,False,False,False
2026-08-04 09:53:00,Node B,28.49,6.93,16.5,,,,True,False,False,False,False,False
2026-08-04 10:08:00,Node A,27.75,7.3,15.0,0.06,0.04,0.1,False,False,False,False,False,True
2026-08-04 10:08:00,Node B,28.7,6.92,16.9,0.21,-0.01,0.4,False,False,False,False,False,True
2026-08-04 10:23:00,Node A,27.87,7.28,14.9,0.12,-0.02,-0.1,False,False,False,False,False,True
2026-08-04 10:23:00,Node B,28.78,6.95,17.0,0.08,0.03,0.1,False,False,False,False,False,True
2026-08-04 10:38:00,Node A,28.12,7.28,15.0,0.25,0.0,0.1,False,False,False,False,False,True
2026-08-04 10:38:00,Node B,29.0,6.99,16.9,0.22,0.04,-0.1,False,False,False,False,False,True
2026-08-04 10:53:00,Node A,28.27,7.3,14.7,0.15,0.02,-0.3,False,False,False,False,False,True
2026-08-04 10:53:00,Node B,29.26,7.01,16.7,0.26,0.02,-0.2,False,False,False,False,False,True
2026-08-04 11:08:00,Node A,28.25,7.31,14.8,-0.02,0.01,0.1,False,False,False,False,False,True
2026-08-04 11:08:00,Node B,29.36,6.99,16.7,0.1,-0.02,0.0,False,False,False,False,False,True
2026-08-04 11:23:00,Node A,28.29,7.32,14.6,0.04,0.01,-0.2,False,False,False,False,False,True
2026-08-04 11:23:00,Node B,29.38,6.96,16.8,0.02,-0.03,0.1,False,False,False,False,False,True
2026-08-04 11:38:00,Node A,28.58,7.29,14.8,0.29,-0.03,0.2,False,False,False,False,False,True
2026-08-04 11:38:00,Node B,29.57,7.01,16.9,0.19,0.05,0.1,False,False,False,False,False,True
2026-08-04 11:53:00,Node A,28.79,7.3,14.8,0.21,0.01,0.0,False,False,False,False,False,True
2026-08-04 11:53:00,Node B,29.68,7.02,17.1,0.11,0.01,0.2,False,False,False,False,False,True
2026-08-04 12:08:00,Node A,28.81,7.31,15.1,0.02,0.01,0.3,False,False,False,False,False,True
2026-08-04 12:08:00,Node B,29.61,7.06,17.5,-0.07,0.04,0.4,False,False,False,False,False,True
2026-08-04 12:23:00,Node A,28.88,7.3,14.6,0.07,-0.01,-0.5,False,False,False,False,False,True
2026-08-04 12:23:00,Node B,29.78,7.06,17.5,0.17,0.0,0.0,False,False,False,False,False,True
2026-08-04 12:38:00,Node A,28.86,7.3,14.6,-0.02,0.0,0.0,False,False,False,False,False,True
2026-08-04 12:38:00,Node B,29.95,7.06,17.2,0.17,0.0,-0.3,False,False,False,False,False,True
2026-08-04 13:08:00,Node A,29.03,7.33,14.5,,,,True,False,False,False,False,False
2026-08-04 13:08:00,Node B,29.99,7.07,17.0,,,,True,False,False,False,False,False
2026-08-04 13:38:00,Node A,29.33,7.29,14.5,,,,True,False,False,False,False,False
2026-08-04 13:38:00,Node B,30.02,7.1,16.9,,,,True,False,False,False,False,False
2026-08-04 13:53:00,Node A,29.42,7.31,14.9,0.09,0.02,0.4,False,False,False,False,False,True
2026-08-04 13:53:00,Node B,30.18,7.1,17.3,0.16,0.0,0.4,False,False,False,False,False,True
2026-08-04 14:08:00,Node A,29.52,7.35,14.7,0.1,0.04,-0.2,False,False,False,False,False,True
2026-08-04 14:08:00,Node B,30.17,7.1,17.0,-0.01,0.0,-0.3,False,False,False,False,False,True
2026-08-04 14:23:00,Node A,29.62,7.36,15.0,0.1,0.01,0.3,False,False,False,False,False,True
2026-08-04 14:23:00,Node B,30.26,7.11,17.0,0.09,0.01,0.0,False,False,False,False,False,True
2026-08-04 14:38:00,Node A,29.58,7.39,15.2,-0.04,0.03,0.2,False,False,False,False,False,True
2026-08-04 14:38:00,Node B,30.3,7.1,16.7,0.04,-0.01,-0.3,False,False,False,False,False,True
2026-08-04 14:53:00,Node A,29.64,7.35,15.2,0.06,-0.04,0.0,False,False,False,False,False,True
2026-08-04 14:53:00,Node B,30.31,7.12,16.7,0.01,0.02,0.0,False,False,False,False,False,True
2026-08-04 15:08:00,Node A,29.77,7.36,15.4,0.13,0.01,0.2,False,False,False,False,False,True
2026-08-04 15:08:00,Node B,30.26,7.12,16.9,-0.05,0.0,0.2,False,False,False,False,False,True
2026-08-04 15:38:00,Node A,29.61,7.33,15.4,,,,True,False,False,False,False,False
2026-08-04 15:38:00,Node B,30.33,7.12,16.9,,,,True,False,False,False,False,False
2026-08-04 15:53:00,Node A,29.56,7.34,15.4,-0.05,0.01,0.0,False,False,False,False,False,True
2026-08-04 15:53:00,Node B,30.32,7.11,17.0,-0.01,-0.01,0.1,False,False,False,False,False,True
2026-08-04 16:08:00,Node A,29.5,7.35,15.2,-0.06,0.01,-0.2,False,False,False,False,False,True
2026-08-04 16:08:00,Node B,30.09,7.08,16.7,-0.23,-0.03,-0.3,False,False,False,False,False,True
2026-08-04 16:23:00,Node A,29.19,7.36,15.3,-0.31,0.01,0.1,False,False,False,False,False,True
2026-08-04 16:23:00,Node B,30.08,7.04,16.9,-0.01,-0.04,0.2,False,False,False,False,False,True
2026-08-04 16:38:00,Node A,29.09,7.36,15.2,-0.1,0.0,-0.1,False,False,False,False,False,True
2026-08-04 16:38:00,Node B,30.12,7.09,17.3,0.04,0.05,0.4,False,False,False,False,False,True
2026-08-04 16:53:00,Node A,29.14,7.37,15.1,0.05,0.01,-0.1,False,False,False,False,False,True
2026-08-04 16:53:00,Node B,29.99,7.05,17.3,-0.13,-0.04,0.0,False,False,False,False,False,True
2026-08-04 17:08:00,Node A,29.06,7.35,15.2,-0.08,-0.02,0.1,False,False,False,False,False,True
2026-08-04 17:08:00,Node B,29.95,7.07,17.4,-0.04,0.02,0.1,False,False,False,False,False,True
2026-08-04 17:23:00,Node A,29.02,7.35,14.9,-0.04,0.0,-0.3,False,False,False,False,False,True
2026-08-04 17:23:00,Node B,29.98,7.04,17.4,0.03,-0.03,0.0,False,False,False,False,False,True
2026-08-04 17:38:00,Node A,28.99,7.35,14.7,-0.03,0.0,-0.2,False,False,False,False,False,True
2026-08-04 17:38:00,Node B,29.84,7.05,17.6,-0.14,0.01,0.2,False,False,False,False,False,True
2026-08-04 17:53:00,Node A,28.76,7.37,14.8,-0.23,0.02,0.1,False,False,False,False,False,True
2026-08-04 17:53:00,Node B,29.73,7.04,17.4,-0.11,-0.01,-0.2,False,False,False,False,False,True
2026-08-04 18:08:00,Node A,28.64,7.36,14.9,-0.12,-0.01,0.1,False,False,False,False,False,True
2026-08-04 18:08:00,Node B,29.55,7.06,17.3,-0.18,0.02,-0.1,False,False,False,False,False,True
2026-08-04 18:23:00,Node A,28.59,7.37,14.9,-0.05,0.01,0.0,False,False,False,False,False,True
2026-08-04 18:23:00,Node B,29.28,7.09,17.1,-0.27,0.03,-0.2,False,False,False,False,False,True
2026-08-04 19:08:00,Node A,28.28,7.32,15.1,,,,True,False,False,False,False,False
2026-08-04 19:08:00,Node B,28.93,7.08,17.8,,,,True,False,False,False,False,False
2026-08-04 19:23:00,Node A,28.21,7.32,15.5,-0.07,0.0,0.4,False,False,False,False,False,True
2026-08-04 19:23:00,Node B,28.89,7.09,17.2,-0.04,0.01,-0.6,False,False,False,False,False,True
2026-08-04 19:38:00,Node A,28.24,7.33,15.3,0.03,0.01,-0.2,False,False,False,False,False,True
2026-08-04 19:38:00,Node B,28.77,7.11,17.4,-0.12,0.02,0.2,False,False,False,False,False,True
2026-08-04 19:53:00,Node A,28.14,7.3,15.3,-0.1,-0.03,0.0,False,False,False,False,False,True
2026-08-04 19:53:00,Node B,28.73,7.06,17.1,-0.04,-0.05,-0.3,False,False,False,False,False,True
2026-08-04 20:08:00,Node A,27.96,7.29,15.3,-0.18,-0.01,0.0,False,False,False,False,False,True
2026-08-04 20:08:00,Node B,28.52,7.03,17.2,-0.21,-0.03,0.1,False,False,False,False,False,True
2026-08-04 20:23:00,Node A,27.83,7.28,15.4,-0.13,-0.01,0.1,False,False,False,False,False,True
2026-08-04 20:23:00,Node B,28.41,7.08,17.7,-0.11,0.05,0.5,False,False,False,False,False,True
2026-08-04 20:38:00,Node A,27.67,7.29,15.2,-0.16,0.01,-0.2,False,False,False,False,False,True
2026-08-04 20:38:00,Node B,28.15,7.08,17.0,-0.26,0.0,-0.7,False,False,False,False,False,True
2026-08-04 20:53:00,Node A,27.5,7.28,14.7,-0.17,-0.01,-0.5,False,False,False,False,False,True
2026-08-04 20:53:00,Node B,27.85,7.05,16.9,-0.3,-0.03,-0.1,False,False,False,False,False,True
2026-08-04 22:08:00,Node A,26.72,7.26,15.4,,,,True,False,False,False,False,False
2026-08-04 22:08:00,Node B,27.39,7.07,17.6,,,,True,False,False,False,False,False
2026-08-04 22:23:00,Node A,26.68,7.28,15.6,-0.04,0.02,0.2,False,False,False,False,False,True
2026-08-04 22:23:00,Node B,27.16,7.05,17.9,-0.23,-0.02,0.3,False,False,False,False,False,True
2026-08-04 22:38:00,Node A,26.34,7.26,15.3,-0.34,-0.02,-0.3,False,False,False,False,False,True
2026-08-04 22:38:00,Node B,27.11,7.0,17.9,-0.05,-0.05,0.0,False,False,False,False,False,True
2026-08-04 22:53:00,Node A,26.18,7.26,15.3,-0.16,0.0,0.0,False,False,False,False,False,True
2026-08-04 22:53:00,Node B,27.14,7.01,18.0,0.03,0.01,0.1,False,False,False,False,False,True
2026-08-04 23:08:00,Node A,26.15,7.25,15.6,-0.03,-0.01,0.3,False,False,False,False,False,True
2026-08-04 23:08:00,Node B,26.97,6.99,18.1,-0.17,-0.02,0.1,False,False,False,False,False,True
2026-08-04 23:23:00,Node A,26.19,7.25,15.7,0.04,0.0,0.1,False,False,False,False,False,True
2026-08-04 23:23:00,Node B,26.72,6.99,18.1,-0.25,0.0,0.0,False,False,False,False,False,True
2026-08-04 23:38:00,Node A,26.04,7.25,15.9,-0.15,0.0,0.2,False,False,False,False,False,True
2026-08-04 23:38:00,Node B,26.64,6.96,18.1,-0.08,-0.03,0.0,False,False,False,False,False,True
2026-08-04 23:53:00,Node A,25.84,7.26,16.0,-0.2,0.01,0.1,False,False,False,False,False,True
2026-08-04 23:53:00,Node B,26.45,6.97,18.3,-0.19,0.01,0.2,False,False,False,False,False,True
2026-08-05 00:08:00,Node A,25.89,7.27,15.3,0.05,0.01,-0.7,False,False,False,False,False,True
2026-08-05 00:08:00,Node B,26.42,6.97,17.9,-0.03,0.0,-0.4,False,False,False,False,False,True
2026-08-05 00:23:00,Node A,25.86,7.26,15.4,-0.03,-0.01,0.1,False,False,False,False,False,True
2026-08-05 00:23:00,Node B,26.42,6.95,18.3,0.0,-0.02,0.4,False,False,False,False,False,True
2026-08-05 00:38:00,Node A,25.75,7.23,15.7,-0.11,-0.03,0.3,False,False,False,False,False,True
2026-08-05 00:38:00,Node B,26.21,6.93,18.3,-0.21,-0.02,0.0,False,False,False,False,False,True
2026-08-05 00:53:00,Node A,25.68,7.23,15.3,-0.07,0.0,-0.4,False,False,False,False,False,True
2026-08-05 00:53:00,Node B,26.19,6.91,18.1,-0.02,-0.02,-0.2,False,False,False,False,False,True
2026-08-05 01:08:00,Node A,25.7,7.23,15.4,0.02,0.0,0.1,False,False,False,False,False,True
2026-08-05 01:08:00,Node B,26.16,6.91,18.3,-0.03,0.0,0.2,False,False,False,False,False,True
2026-08-05 01:23:00,Node A,25.6,7.22,15.1,-0.1,-0.01,-0.3,False,False,False,False,False,True
2026-08-05 01:23:00,Node B,26.18,6.92,18.0,0.02,0.01,-0.3,False,False,False,False,False,True
2026-08-05 01:38:00,Node A,25.44,7.22,15.1,-0.16,0.0,0.0,False,False,False,False,False,True
2026-08-05 01:38:00,Node B,25.95,6.9,18.3,-0.23,-0.02,0.3,False,False,False,False,False,True
2026-08-05 01:53:00,Node A,25.49,7.19,15.5,0.05,-0.03,0.4,False,False,False,False,False,True
2026-08-05 01:53:00,Node B,25.86,6.88,18.4,-0.09,-0.02,0.1,False,False,False,False,False,True
2026-08-05 02:08:00,Node A,25.45,7.23,15.0,-0.04,0.04,-0.5,False,False,False,False,False,True
2026-08-05 02:08:00,Node B,26.01,6.9,18.2,0.15,0.02,-0.2,False,False,False,False,False,True
2026-08-05 02:23:00,Node A,25.5,7.22,15.5,0.05,-0.01,0.5,False,False,False,False,False,True
2026-08-05 02:23:00,Node B,26.02,6.91,18.2,0.01,0.01,0.0,False,False,False,False,False,True
2026-08-05 02:38:00,Node A,25.49,7.25,15.2,-0.01,0.03,-0.3,False,False,False,False,False,True
2026-08-05 02:38:00,Node B,25.99,6.92,17.7,-0.03,0.01,-0.5,False,False,False,False,False,True
2026-08-05 02:53:00,Node A,25.54,7.21,15.4,0.05,-0.04,0.2,False,False,False,False,False,True
2026-08-05 02:53:00,Node B,25.95,6.88,17.6,-0.04,-0.04,-0.1,False,False,False,False,False,True
2026-08-05 03:08:00,Node A,25.56,7.19,15.7,0.02,-0.02,0.3,False,False,False,False,False,True
2026-08-05 03:08:00,Node B,25.87,6.88,17.9,-0.08,0.0,0.3,False,False,False,False,False,True
2026-08-05 03:23:00,Node A,25.48,7.18,15.5,-0.08,-0.01,-0.2,False,False,False,False,False,True
2026-08-05 03:23:00,Node B,25.81,6.9,17.6,-0.06,0.02,-0.3,False,False,False,False,False,True
2026-08-05 03:38:00,Node A,25.51,7.17,15.2,0.03,-0.01,-0.3,False,False,False,False,False,True
2026-08-05 03:38:00,Node B,25.79,6.92,18.0,-0.02,0.02,0.4,False,False,False,False,False,True
2026-08-05 03:53:00,Node A,25.46,7.15,15.0,-0.05,-0.02,-0.2,False,False,False,False,False,True
2026-08-05 03:53:00,Node B,25.9,6.94,18.3,0.11,0.02,0.3,False,False,False,False,False,True
2026-08-05 04:08:00,Node A,25.63,7.22,15.0,0.17,0.07,0.0,False,False,False,False,False,True
2026-08-05 04:08:00,Node B,25.76,6.94,18.2,-0.14,0.0,-0.1,False,False,False,False,False,True
2026-08-05 04:23:00,Node A,25.76,7.23,15.2,0.13,0.01,0.2,False,False,False,False,False,True
2026-08-05 04:23:00,Node B,25.95,6.92,18.6,0.19,-0.02,0.4,False,False,False,False,False,True
2026-08-05 04:38:00,Node A,25.66,7.22,15.7,-0.1,-0.01,0.5,False,False,False,False,False,True
2026-08-05 04:38:00,Node B,26.0,6.89,18.5,0.05,-0.03,-0.1,False,False,False,False,False,True
2026-08-05 04:53:00,Node A,25.57,7.21,15.8,-0.09,-0.01,0.1,False,False,False,False,False,True
2026-08-05 04:53:00,Node B,25.95,6.89,18.7,-0.05,0.0,0.2,False,False,False,False,False,True
2026-08-05 05:08:00,Node A,25.66,7.19,16.1,0.09,-0.02,0.3,False,False,False,False,False,True
2026-08-05 05:08:00,Node B,26.15,6.93,18.9,0.2,0.04,0.2,False,False,False,False,False,True
2026-08-05 05:23:00,Node A,25.73,7.18,15.9,0.07,-0.01,-0.2,False,False,False,False,False,True
2026-08-05 05:23:00,Node B,26.23,6.94,18.9,0.08,0.01,0.0,False,False,False,False,False,True
2026-08-05 05:38:00,Node A,25.71,7.19,16.1,-0.02,0.01,0.2,False,False,False,False,False,True
2026-08-05 05:38:00,Node B,26.27,6.89,18.7,0.04,-0.05,-0.2,False,False,False,False,False,True
2026-08-05 05:53:00,Node A,25.88,7.2,15.7,0.17,0.01,-0.4,False,False,False,False,False,False
2026-08-05 05:53:00,Node B,26.32,6.9,18.2,0.05,0.01,-0.5,False,False,False,False,False,False
2026-08-05 06:08:00,Node A,26.11,7.19,15.6,0.23,-0.01,-0.1,False,False,False,False,False,False
2026-08-05 06:08:00,Node B,26.44,6.9,18.6,0.12,0.0,0.4,False,False,False,False,False,False
2026-08-05 06:23:00,Node A,26.15,7.18,15.1,0.04,-0.01,-0.5,False,False,False,False,False,False
2026-08-05 06:23:00,Node B,26.63,6.9,18.2,0.19,0.0,-0.4,False,False,False,False,False,False
2026-08-05 06:38:00,Node A,26.27,7.14,15.4,0.12,-0.04,0.3,False,False,False,False,False,False
2026-08-05 06:38:00,Node B,26.84,6.9,18.0,0.21,0.0,-0.2,False,False,False,False,False,False
